{"type":"FeatureCollection","features":[{"type":"Feature","geometry":{"type":"LineString","coordinates":[[12.53486,55.65736],[12.53472,55.6573]]},"properties":{"type":"Skybrudsledning","project":null,"catchment":null}},{"type":"Feature","geometry":{"type":"LineString","coordinates":[[12.5348,55.65734],[12.53489,55.65726],[12.53487,55.65715],[12.53474,55.65707],[12.53448,55.65664],[12.53406,55.65652]]},"properties":{"type":"Skybrudsledning","project":null,"catchment":null}},{"type":"Feature","geometry":{"type":"LineString","coordinates":[[12.53496,55.68018],[12.53513,55.68077]]},"properties":{"type":"Grønne veje","project":null,"catchment":null}},{"type":"Feature","geometry":{"type":"LineString","coordinates":[[12.54403,55.67599],[12.54514,55.67759]]},"properties":{"type":"Grønne veje","project":null,"catchment":null}},{"type":"Feature","geometry":{"type":"LineString","coordinates":[[12.51698,55.67109],[12.51639,55.67122],[12.51228,55.67128],[12.51213,55.6708]]},"properties":{"type":"Grønne veje","project":null,"catchment":null}},{"type":"Feature","geometry":{"type":"LineString","coordinates":[[12.5369,55.67319],[12.53719,55.67403]]},"properties":{"type":"Grønne veje","project":null,"catchment":null}},{"type":"Feature","geometry":{"type":"LineString","coordinates":[[12.48852,55.68764],[12.48262,55.68663],[12.48213,55.68801]]},"properties":{"type":"Forsinkelsesveje","project":"Vanløse Byvej","catchment":"København Vest"}},{"type":"Feature","geometry":{"type":"LineString","coordinates":[[12.56907,55.68563],[12.56666,55.68343]]},"properties":{"type":"Skybrudsveje","project":"Supplerende mindre skybrudsveje Assistens Kirkegården ","catchment":"Vesterbro-ladegaardså"}},{"type":"Feature","geometry":{"type":"LineString","coordinates":[[12.48178,55.68898],[12.48213,55.68801],[12.47267,55.68691],[12.47174,55.68694]]},"properties":{"type":"Forsinkelsesveje","project":"Vanløse Byvej","catchment":"København Vest"}},{"type":"Feature","geometry":{"type":"LineString","coordinates":[[12.4927,55.66004],[12.48871,55.66177]]},"properties":{"type":"Skybrudsledning","project":"Danshøjvej","catchment":"København Vest"}},{"type":"Feature","geometry":{"type":"LineString","coordinates":[[12.52745,55.68974],[12.52181,55.69141],[12.52148,55.69099],[12.51946,55.69149],[12.51908,55.69105],[12.51799,55.69132]]},"properties":{"type":"Skybrudsveje","project":null,"catchment":null}},{"type":"Feature","geometry":{"type":"LineString","coordinates":[[12.58973,55.65358],[12.59022,55.65488],[12.58259,55.65452]]},"properties":{"type":"Skybrudsledning","project":"Amager Fælled","catchment":"Amager"}},{"type":"Feature","geometry":{"type":"LineString","coordinates":[[12.48217,55.71831],[12.48146,55.71737]]},"properties":{"type":"Skybrudsveje","project":"Tingbjerg ","catchment":"Bispebjerg"}},{"type":"Feature","geometry":{"type":"LineString","coordinates":[[12.57148,55.69071],[12.57095,55.69038],[12.57019,55.69046]]},"properties":{"type":"Skybrudsledning","project":"Kartoffelrækkerne","catchment":"Nørrebro"}},{"type":"Feature","geometry":{"type":"LineString","coordinates":[[12.54006,55.67658],[12.53902,55.67432]]},"properties":{"type":"Grønne veje","project":null,"catchment":null}},{"type":"Feature","geometry":{"type":"LineString","coordinates":[[12.54236,55.67261],[12.54243,55.67347]]},"properties":{"type":"Grønne veje","project":null,"catchment":null}},{"type":"Feature","geometry":{"type":"LineString","coordinates":[[12.52101,55.68761],[12.51452,55.68649]]},"properties":{"type":"Skybrudsledning","project":null,"catchment":null}},{"type":"Feature","geometry":{"type":"LineString","coordinates":[[12.52412,55.69414],[12.52495,55.6945],[12.52668,55.69487],[12.52709,55.69475],[12.52767,55.6953]]},"properties":{"type":"Grønne veje","project":null,"catchment":null}},{"type":"Feature","geometry":{"type":"LineString","coordinates":[[12.51788,55.6883],[12.51707,55.68966],[12.5158,55.69053]]},"properties":{"type":"Skybrudsveje","project":null,"catchment":null}},{"type":"Feature","geometry":{"type":"LineString","coordinates":[[12.61183,55.65672],[12.61255,55.65686]]},"properties":{"type":"Skybrudsveje","project":"Kirkegårdsvej, Kastrupvej og Sundby Kirkegård","catchment":"Amager"}},{"type":"Feature","geometry":{"type":"LineString","coordinates":[[12.51744,55.67768],[12.51532,55.67757],[12.51486,55.67642]]},"properties":{"type":"Grønne veje","project":null,"catchment":null}},{"type":"Feature","geometry":{"type":"LineString","coordinates":[[12.50739,55.68615],[12.51336,55.68739]]},"properties":{"type":"Grønne veje","project":null,"catchment":null}},{"type":"Feature","geometry":{"type":"LineString","coordinates":[[12.52605,55.68819],[12.52943,55.69172],[12.53134,55.69387]]},"properties":{"type":"Grønne veje","project":null,"catchment":null}},{"type":"Feature","geometry":{"type":"LineString","coordinates":[[12.52618,55.69046],[12.52782,55.69222],[12.53005,55.69426]]},"properties":{"type":"Grønne veje","project":null,"catchment":null}},{"type":"Feature","geometry":{"type":"LineString","coordinates":[[12.54609,55.67876],[12.54703,55.67855]]},"properties":{"type":"Grønne veje","project":null,"catchment":null}},{"type":"Feature","geometry":{"type":"LineString","coordinates":[[12.53487,55.69007],[12.53744,55.68931],[12.53907,55.68847]]},"properties":{"type":"Grønne veje","project":null,"catchment":null}},{"type":"Feature","geometry":{"type":"LineString","coordinates":[[12.54058,55.68735],[12.53896,55.68782]]},"properties":{"type":"Grønne veje","project":null,"catchment":null}},{"type":"Feature","geometry":{"type":"LineString","coordinates":[[12.53199,55.69093],[12.53106,55.69123]]},"properties":{"type":"Grønne veje","project":null,"catchment":null}},{"type":"Feature","geometry":{"type":"LineString","coordinates":[[12.53215,55.69087],[12.5327,55.69071]]},"properties":{"type":"Grønne veje","project":null,"catchment":null}},{"type":"Feature","geometry":{"type":"LineString","coordinates":[[12.5319,55.69243],[12.53501,55.69154],[12.53445,55.69264],[12.53432,55.69304]]},"properties":{"type":"Grønne veje","project":null,"catchment":null}},{"type":"Feature","geometry":{"type":"LineString","coordinates":[[12.56868,55.70989],[12.5689,55.7092]]},"properties":{"type":"Forsinkelsesveje","project":"Jagtvej","catchment":"Østerbro"}},{"type":"Feature","geometry":{"type":"LineString","coordinates":[[12.57572,55.71003],[12.57533,55.71036]]},"properties":{"type":"Forsinkelsesveje","project":"Reersøgade m.fl. ","catchment":"Østerbro"}},{"type":"Feature","geometry":{"type":"LineString","coordinates":[[12.50491,55.68218],[12.50005,55.68248]]},"properties":{"type":"mix","project":null,"catchment":null}},{"type":"Feature","geometry":{"type":"LineString","coordinates":[[12.57111,55.70814],[12.5712,55.70796]]},"properties":{"type":"Skybrudsledning","project":"Jagtvej","catchment":"Østerbro"}},{"type":"Feature","geometry":{"type":"LineString","coordinates":[[12.58041,55.66678],[12.58496,55.66523]]},"properties":{"type":"mix","project":"Amagerbanen. Thorshavnsgade - Ørestads Boulevard","catchment":"Amager"}},{"type":"Feature","geometry":{"type":"LineString","coordinates":[[12.51979,55.66477],[12.52127,55.66457]]},"properties":{"type":"Grønne veje","project":"Grønne veje i øvrigt Gåsebækrenden","catchment":"København Vest"}},{"type":"Feature","geometry":{"type":"LineString","coordinates":[[12.52897,55.68352],[12.53165,55.6869]]},"properties":{"type":"Grønne veje","project":null,"catchment":null}},{"type":"Feature","geometry":{"type":"LineString","coordinates":[[12.52566,55.68416],[12.52828,55.68767]]},"properties":{"type":"Grønne veje","project":null,"catchment":null}},{"type":"Feature","geometry":{"type":"LineString","coordinates":[[12.56852,55.70763],[12.56861,55.70747]]},"properties":{"type":"Skybrudsledning","project":"Jagtvej","catchment":"Østerbro"}},{"type":"Feature","geometry":{"type":"LineString","coordinates":[[12.53057,55.69137],[12.52966,55.69164]]},"properties":{"type":"Grønne veje","project":null,"catchment":null}},{"type":"Feature","geometry":{"type":"LineString","coordinates":[[12.5289,55.68537],[12.52794,55.68562],[12.52918,55.68735]]},"properties":{"type":"Grønne veje","project":null,"catchment":null}},{"type":"Feature","geometry":{"type":"LineString","coordinates":[[12.53897,55.68431],[12.53817,55.68462]]},"properties":{"type":"Grønne veje","project":null,"catchment":null}},{"type":"Feature","geometry":{"type":"LineString","coordinates":[[12.51444,55.68662],[12.51329,55.68856]]},"properties":{"type":"Skybrudsveje","project":null,"catchment":null}},{"type":"Feature","geometry":{"type":"LineString","coordinates":[[12.51654,55.68967],[12.51349,55.68906]]},"properties":{"type":"Skybrudsveje","project":null,"catchment":null}},{"type":"Feature","geometry":{"type":"LineString","coordinates":[[12.59814,55.64251],[12.5916,55.64249],[12.59143,55.64231],[12.59122,55.64167],[12.59078,55.64158],[12.58935,55.64112],[12.58917,55.6412],[12.58886,55.64119],[12.58596,55.64046],[12.58496,55.64049]]},"properties":{"type":"mix","project":"Hyttehusvej, Røde Mellemvej m.fl","catchment":"Amager"}},{"type":"Feature","geometry":{"type":"LineString","coordinates":[[12.49747,55.66341],[12.49809,55.66285],[12.49867,55.6625],[12.50002,55.66201],[12.50116,55.66166],[12.50277,55.66125],[12.50324,55.66106]]},"properties":{"type":"Grønne veje","project":"Grønne veje i øvrigt Gåsebækrenden","catchment":"København Vest"}},{"type":"Feature","geometry":{"type":"LineString","coordinates":[[12.53302,55.69211],[12.53392,55.6931]]},"properties":{"type":"Grønne veje","project":null,"catchment":null}},{"type":"Feature","geometry":{"type":"LineString","coordinates":[[12.54003,55.68114],[12.54077,55.68104]]},"properties":{"type":"Grønne veje","project":null,"catchment":null}},{"type":"Feature","geometry":{"type":"LineString","coordinates":[[12.59334,55.65266],[12.59355,55.65322]]},"properties":{"type":"Skybrudsveje","project":"Røde Mellemvej. Peder Lykkes Vej – Vejlands Allé","catchment":"Amager"}},{"type":"Feature","geometry":{"type":"LineString","coordinates":[[12.52181,55.68072],[12.51848,55.68136],[12.51348,55.68167]]},"properties":{"type":"mix","project":null,"catchment":null}},{"type":"Feature","geometry":{"type":"LineString","coordinates":[[12.56267,55.68731],[12.56363,55.68744]]},"properties":{"type":"Skybrudsledning","project":"Nørrebrogade","catchment":"Vesterbro-ladegaardså"}},{"type":"Feature","geometry":{"type":"LineString","coordinates":[[12.54541,55.68945],[12.55193,55.68708],[12.55232,55.68734],[12.55693,55.68556]]},"properties":{"type":"Grønne veje","project":"Korsgade og Hans Tavsens Gade","catchment":"Vesterbro-ladegaardså"}},{"type":"Feature","geometry":{"type":"LineString","coordinates":[[12.57646,55.71274],[12.57725,55.71288]]},"properties":{"type":"Skybrudsledning","project":"Østerbrogade","catchment":"Østerbro"}},{"type":"Feature","geometry":{"type":"LineString","coordinates":[[12.52116,55.67935],[12.51776,55.67909]]},"properties":{"type":"Skybrudsveje","project":null,"catchment":null}},{"type":"Feature","geometry":{"type":"LineString","coordinates":[[12.47468,55.67303],[12.47508,55.67326]]},"properties":{"type":"Skybrudsledning","project":"Ny underføring langs Roskildevej","catchment":"København Vest"}},{"type":"Feature","geometry":{"type":"LineString","coordinates":[[12.4803,55.67296],[12.48018,55.67222]]},"properties":{"type":"Skybrudsledning","project":"Ny underføring langs Roskildevej","catchment":"København Vest"}},{"type":"Feature","geometry":{"type":"LineString","coordinates":[[12.5291,55.68947],[12.53282,55.69344]]},"properties":{"type":"Grønne veje","project":null,"catchment":null}},{"type":"Feature","geometry":{"type":"LineString","coordinates":[[12.49887,55.6635],[12.49885,55.6632],[12.49954,55.66285],[12.50048,55.66255],[12.50113,55.66242],[12.50222,55.6623]]},"properties":{"type":"Grønne veje","project":"Grønne veje i øvrigt Gåsebækrenden","catchment":"København Vest"}},{"type":"Feature","geometry":{"type":"LineString","coordinates":[[12.50256,55.66342],[12.50249,55.66151]]},"properties":{"type":"Grønne veje","project":"Grønne veje i øvrigt Gåsebækrenden","catchment":"København Vest"}},{"type":"Feature","geometry":{"type":"LineString","coordinates":[[12.53804,55.68742],[12.53363,55.68841]]},"properties":{"type":"Grønne veje","project":null,"catchment":null}},{"type":"Feature","geometry":{"type":"LineString","coordinates":[[12.53795,55.68209],[12.53617,55.68249],[12.53596,55.68224],[12.53557,55.68234]]},"properties":{"type":"Grønne veje","project":null,"catchment":null}},{"type":"Feature","geometry":{"type":"LineString","coordinates":[[12.49117,55.66146],[12.49067,55.6611]]},"properties":{"type":"Grønne veje","project":"Grønne veje i øvrigt Gåsebækrenden","catchment":"København Vest"}},{"type":"Feature","geometry":{"type":"LineString","coordinates":[[12.53196,55.68329],[12.53506,55.68255]]},"properties":{"type":"Grønne veje","project":null,"catchment":null}},{"type":"Feature","geometry":{"type":"LineString","coordinates":[[12.53319,55.68444],[12.53436,55.68411],[12.53395,55.68365]]},"properties":{"type":"Grønne veje","project":null,"catchment":null}},{"type":"Feature","geometry":{"type":"LineString","coordinates":[[12.59998,55.65818],[12.59899,55.65858]]},"properties":{"type":"Forsinkelsesveje","project":"Brydes Allé","catchment":"Amager"}},{"type":"Feature","geometry":{"type":"LineString","coordinates":[[12.52405,55.68293],[12.52647,55.68241]]},"properties":{"type":"Grønne veje","project":null,"catchment":null}},{"type":"Feature","geometry":{"type":"LineString","coordinates":[[12.55127,55.67749],[12.5515,55.6778],[12.55162,55.67785]]},"properties":{"type":"Grønne veje","project":null,"catchment":null}},{"type":"Feature","geometry":{"type":"LineString","coordinates":[[12.55256,55.67889],[12.55296,55.67947]]},"properties":{"type":"Grønne veje","project":null,"catchment":null}},{"type":"Feature","geometry":{"type":"LineString","coordinates":[[12.54125,55.68419],[12.54199,55.68403],[12.5411,55.68329],[12.54202,55.68302],[12.54245,55.68344],[12.54302,55.68328]]},"properties":{"type":"Grønne veje","project":null,"catchment":null}},{"type":"Feature","geometry":{"type":"LineString","coordinates":[[12.54073,55.68228],[12.54145,55.68255],[12.54181,55.68288]]},"properties":{"type":"Grønne veje","project":null,"catchment":null}},{"type":"Feature","geometry":{"type":"LineString","coordinates":[[12.54323,55.67944],[12.54556,55.67896]]},"properties":{"type":"Grønne veje","project":null,"catchment":null}},{"type":"Feature","geometry":{"type":"LineString","coordinates":[[12.54894,55.67869],[12.54943,55.6795]]},"properties":{"type":"Grønne veje","project":null,"catchment":null}},{"type":"Feature","geometry":{"type":"LineString","coordinates":[[12.52626,55.68814],[12.52705,55.68797]]},"properties":{"type":"Grønne veje","project":null,"catchment":null}},{"type":"Feature","geometry":{"type":"LineString","coordinates":[[12.57649,55.67259],[12.57584,55.67217]]},"properties":{"type":"Skybrudsveje","project":"H.C. Andersens Boulevard","catchment":"Indre By"}},{"type":"Feature","geometry":{"type":"LineString","coordinates":[[12.58818,55.68482],[12.58901,55.6858]]},"properties":{"type":"Skybrudsledning","project":"Store Kongensgade","catchment":"Indre By"}},{"type":"Feature","geometry":{"type":"LineString","coordinates":[[12.5274,55.65227],[12.52808,55.6497]]},"properties":{"type":"Skybrudsledning","project":"Sjælør Boulevard","catchment":"København Vest"}},{"type":"Feature","geometry":{"type":"LineString","coordinates":[[12.54802,55.6751],[12.54985,55.67814]]},"properties":{"type":"Grønne veje","project":null,"catchment":null}},{"type":"Feature","geometry":{"type":"LineString","coordinates":[[12.60653,55.64593],[12.60548,55.64588],[12.60434,55.64594]]},"properties":{"type":"Skybrudsledning","project":"Sundbyvestervej. Gyldenlakvej – Røde Mellemvej","catchment":"Amager"}},{"type":"Feature","geometry":{"type":"LineString","coordinates":[[12.53873,55.70734],[12.5362,55.70735]]},"properties":{"type":"Forsinkelsesveje","project":"Dortheavej","catchment":"Bispebjerg"}},{"type":"Feature","geometry":{"type":"LineString","coordinates":[[12.57841,55.68262],[12.57907,55.68314]]},"properties":{"type":"Skybrudsledning","project":"Gothersgade","catchment":"Indre By"}},{"type":"Feature","geometry":{"type":"LineString","coordinates":[[12.56437,55.71192],[12.56584,55.71225],[12.56598,55.71222]]},"properties":{"type":"Skybrudsveje","project":"Omøgade","catchment":"Østerbro"}},{"type":"Feature","geometry":{"type":"LineString","coordinates":[[12.58364,55.68395],[12.58226,55.68227]]},"properties":{"type":"Skybrudsledning","project":"Gothersgade","catchment":"Indre By"}},{"type":"Feature","geometry":{"type":"LineString","coordinates":[[12.54766,55.67882],[12.55042,55.6782]]},"properties":{"type":"Grønne veje","project":null,"catchment":null}},{"type":"Feature","geometry":{"type":"LineString","coordinates":[[12.57921,55.68228],[12.58002,55.68288]]},"properties":{"type":"Skybrudsledning","project":"Gothersgade","catchment":"Indre By"}},{"type":"Feature","geometry":{"type":"LineString","coordinates":[[12.52477,55.68095],[12.52715,55.68116],[12.53179,55.68119],[12.53413,55.68115],[12.53464,55.68182]]},"properties":{"type":"Grønne veje","project":null,"catchment":null}},{"type":"Feature","geometry":{"type":"LineString","coordinates":[[12.55096,55.67438],[12.55209,55.67601]]},"properties":{"type":"Grønne veje","project":null,"catchment":null}},{"type":"Feature","geometry":{"type":"LineString","coordinates":[[12.55303,55.67387],[12.55364,55.67473],[12.55358,55.67484],[12.55395,55.67534],[12.5542,55.67539]]},"properties":{"type":"Grønne veje","project":null,"catchment":null}},{"type":"Feature","geometry":{"type":"LineString","coordinates":[[12.54492,55.67549],[12.54404,55.67386]]},"properties":{"type":"Grønne veje","project":null,"catchment":null}},{"type":"Feature","geometry":{"type":"LineString","coordinates":[[12.54388,55.67576],[12.54291,55.67397]]},"properties":{"type":"Grønne veje","project":null,"catchment":null}},{"type":"Feature","geometry":{"type":"LineString","coordinates":[[12.5472,55.67432],[12.54709,55.67363]]},"properties":{"type":"Grønne veje","project":null,"catchment":null}},{"type":"Feature","geometry":{"type":"LineString","coordinates":[[12.51055,55.67856],[12.50947,55.67591],[12.50815,55.67586]]},"properties":{"type":"Grønne veje","project":null,"catchment":null}},{"type":"Feature","geometry":{"type":"LineString","coordinates":[[12.54596,55.67513],[12.54553,55.67437],[12.54526,55.6737]]},"properties":{"type":"Grønne veje","project":null,"catchment":null}},{"type":"Feature","geometry":{"type":"LineString","coordinates":[[12.57286,55.69005],[12.57149,55.69071]]},"properties":{"type":"Skybrudsledning","project":"Kartoffelrækkerne","catchment":"Nørrebro"}},{"type":"Feature","geometry":{"type":"LineString","coordinates":[[12.57988,55.68206],[12.58056,55.68258],[12.58075,55.68268]]},"properties":{"type":"Skybrudsledning","project":"Gothersgade","catchment":"Indre By"}},{"type":"Feature","geometry":{"type":"LineString","coordinates":[[12.50135,55.66301],[12.50232,55.66301]]},"properties":{"type":"Grønne veje","project":"Grønne veje i øvrigt Gåsebækrenden","catchment":"København Vest"}},{"type":"Feature","geometry":{"type":"LineString","coordinates":[[12.50725,55.66332],[12.50722,55.66312],[12.50699,55.66289],[12.50475,55.6613]]},"properties":{"type":"Grønne veje","project":"Grønne veje i øvrigt Gåsebækrenden","catchment":"København Vest"}},{"type":"Feature","geometry":{"type":"LineString","coordinates":[[12.4969,55.66456],[12.50679,55.66447]]},"properties":{"type":"Grønne veje","project":"Grønne veje i øvrigt Gåsebækrenden","catchment":"København Vest"}},{"type":"Feature","geometry":{"type":"LineString","coordinates":[[12.48642,55.66278],[12.4927,55.66004]]},"properties":{"type":"Grønne veje","project":"Grønne veje i øvrigt Gåsebækrenden","catchment":"København Vest"}},{"type":"Feature","geometry":{"type":"LineString","coordinates":[[12.48655,55.66299],[12.48761,55.66288],[12.48854,55.66268],[12.48919,55.66246],[12.49369,55.66047],[12.49474,55.66044],[12.4962,55.65987]]},"properties":{"type":"Grønne veje","project":"Grønne veje i øvrigt Gåsebækrenden","catchment":"København Vest"}},{"type":"Feature","geometry":{"type":"LineString","coordinates":[[12.53923,55.68246],[12.53877,55.68241],[12.53652,55.68309]]},"properties":{"type":"Grønne veje","project":null,"catchment":null}},{"type":"Feature","geometry":{"type":"LineString","coordinates":[[12.58177,55.71214],[12.58181,55.71238]]},"properties":{"type":"Skybrudsledning","project":"Østerbro skybrudstunnel ","catchment":"Østerbro"}},{"type":"Feature","geometry":{"type":"LineString","coordinates":[[12.53177,55.71219],[12.52584,55.71165]]},"properties":{"type":"Grønne veje","project":null,"catchment":null}},{"type":"Feature","geometry":{"type":"LineString","coordinates":[[12.53829,55.71666],[12.53847,55.71658],[12.54368,55.71245],[12.54356,55.71215]]},"properties":{"type":"Skybrudsledning","project":"Tuborgvej","catchment":"Bispebjerg"}},{"type":"Feature","geometry":{"type":"LineString","coordinates":[[12.54748,55.71243],[12.54933,55.71342]]},"properties":{"type":"Skybrudsveje","project":"Lundehus Kirke","catchment":"Bispebjerg"}},{"type":"Feature","geometry":{"type":"LineString","coordinates":[[12.54807,55.7185],[12.5476,55.71776],[12.54777,55.71757]]},"properties":{"type":"Skybrudsveje","project":"Lundehus Skole","catchment":"Bispebjerg"}},{"type":"Feature","geometry":{"type":"LineString","coordinates":[[12.54096,55.71939],[12.54053,55.71913],[12.53841,55.71668]]},"properties":{"type":"Skybrudsveje","project":"Tuborgvej","catchment":"Bispebjerg"}},{"type":"Feature","geometry":{"type":"LineString","coordinates":[[12.54268,55.67839],[12.54627,55.67758]]},"properties":{"type":"Grønne veje","project":null,"catchment":null}},{"type":"Feature","geometry":{"type":"LineString","coordinates":[[12.59825,55.66178],[12.59945,55.66095]]},"properties":{"type":"Forsinkelsesveje","project":"Kornblomstvej","catchment":"Amager"}},{"type":"Feature","geometry":{"type":"LineString","coordinates":[[12.59921,55.66204],[12.6001,55.66129]]},"properties":{"type":"Forsinkelsesveje","project":"Kornblomstvej","catchment":"Amager"}},{"type":"Feature","geometry":{"type":"LineString","coordinates":[[12.54273,55.67631],[12.54385,55.67791]]},"properties":{"type":"Grønne veje","project":null,"catchment":null}},{"type":"Feature","geometry":{"type":"LineString","coordinates":[[12.53809,55.68155],[12.54027,55.682]]},"properties":{"type":"Grønne veje","project":null,"catchment":null}},{"type":"Feature","geometry":{"type":"LineString","coordinates":[[12.58884,55.68245],[12.59368,55.68116]]},"properties":{"type":"Skybrudsveje","project":"Sankt Annæ Plads","catchment":"Indre By"}},{"type":"Feature","geometry":{"type":"LineString","coordinates":[[12.52809,55.71031],[12.52839,55.71017],[12.52908,55.71016]]},"properties":{"type":"Skybrudsledning","project":"Tomsgårdsvej","catchment":"Bispebjerg"}},{"type":"Feature","geometry":{"type":"LineString","coordinates":[[12.48158,55.66031],[12.48202,55.65884]]},"properties":{"type":"Grønne veje","project":"Lykkebovej","catchment":"København Vest"}},{"type":"Feature","geometry":{"type":"LineString","coordinates":[[12.47946,55.66021],[12.4798,55.65845]]},"properties":{"type":"Grønne veje","project":"Lykkebovej","catchment":"København Vest"}},{"type":"Feature","geometry":{"type":"LineString","coordinates":[[12.51452,55.68649],[12.52101,55.68761],[12.52438,55.68857]]},"properties":{"type":"Forsinkelsesveje","project":null,"catchment":null}},{"type":"Feature","geometry":{"type":"LineString","coordinates":[[12.51951,55.67636],[12.51256,55.67606]]},"properties":{"type":"Grønne veje","project":null,"catchment":null}},{"type":"Feature","geometry":{"type":"LineString","coordinates":[[12.5139,55.68031],[12.51336,55.6795],[12.5132,55.67911]]},"properties":{"type":"Grønne veje","project":null,"catchment":null}},{"type":"Feature","geometry":{"type":"LineString","coordinates":[[12.50483,55.68062],[12.50389,55.6789]]},"properties":{"type":"Grønne veje","project":null,"catchment":null}},{"type":"Feature","geometry":{"type":"LineString","coordinates":[[12.50781,55.68116],[12.50694,55.67961],[12.50696,55.67896]]},"properties":{"type":"Grønne veje","project":null,"catchment":null}},{"type":"Feature","geometry":{"type":"LineString","coordinates":[[12.49525,55.68076],[12.49563,55.68052],[12.49598,55.68014],[12.49627,55.67934]]},"properties":{"type":"Grønne veje","project":null,"catchment":null}},{"type":"Feature","geometry":{"type":"LineString","coordinates":[[12.49499,55.68062],[12.49466,55.6802],[12.49454,55.67975],[12.49453,55.67928]]},"properties":{"type":"Grønne veje","project":null,"catchment":null}},{"type":"Feature","geometry":{"type":"LineString","coordinates":[[12.50354,55.68425],[12.50538,55.68295],[12.50541,55.68242]]},"properties":{"type":"Grønne veje","project":null,"catchment":null}},{"type":"Feature","geometry":{"type":"LineString","coordinates":[[12.5091,55.68485],[12.5123,55.68432]]},"properties":{"type":"Grønne veje","project":null,"catchment":null}},{"type":"Feature","geometry":{"type":"LineString","coordinates":[[12.49793,55.68349],[12.49829,55.68305],[12.49832,55.68273]]},"properties":{"type":"Grønne veje","project":null,"catchment":null}},{"type":"Feature","geometry":{"type":"LineString","coordinates":[[12.61223,55.65614],[12.61292,55.65628]]},"properties":{"type":"Skybrudsveje","project":"Kirkegårdsvej, Kastrupvej og Sundby Kirkegård","catchment":"Amager"}},{"type":"Feature","geometry":{"type":"LineString","coordinates":[[12.61133,55.65729],[12.61219,55.65743]]},"properties":{"type":"Skybrudsveje","project":"Kirkegårdsvej, Kastrupvej og Sundby Kirkegård","catchment":"Amager"}},{"type":"Feature","geometry":{"type":"LineString","coordinates":[[12.60537,55.66359],[12.60432,55.66458],[12.60406,55.66471]]},"properties":{"type":"Skybrudsledning","project":"Ålandsgade","catchment":"Amager"}},{"type":"Feature","geometry":{"type":"LineString","coordinates":[[12.54404,55.69735],[12.54312,55.69692],[12.5431,55.69621]]},"properties":{"type":"Skybrudsveje","project":"Nordbanegade m.fl. til Nørrebroparken nord","catchment":"Vesterbro-ladegaardså"}},{"type":"Feature","geometry":{"type":"LineString","coordinates":[[12.54989,55.71367],[12.55261,55.71489],[12.55382,55.7161],[12.5549,55.71691],[12.55516,55.71694]]},"properties":{"type":"Skybrudsveje","project":"Lundehus Kirke","catchment":"Bispebjerg"}},{"type":"Feature","geometry":{"type":"LineString","coordinates":[[12.47721,55.71056],[12.47609,55.71088]]},"properties":{"type":"mix","project":"Korsager allé","catchment":"København Vest"}},{"type":"Feature","geometry":{"type":"LineString","coordinates":[[12.53781,55.7104],[12.53774,55.71037],[12.53907,55.70888],[12.54009,55.70786],[12.54056,55.70801],[12.54085,55.70797],[12.54107,55.708],[12.54172,55.7082],[12.54234,55.70818]]},"properties":{"type":"Skybrudsledning","project":"Lygten Kanal","catchment":"Bispebjerg"}},{"type":"Feature","geometry":{"type":"LineString","coordinates":[[12.52148,55.70944],[12.52175,55.70992],[12.52187,55.70994],[12.52628,55.70908]]},"properties":{"type":"Skybrudsledning","project":"Landsdommervej","catchment":"Bispebjerg"}},{"type":"Feature","geometry":{"type":"LineString","coordinates":[[12.59211,55.65494],[12.59392,55.65493]]},"properties":{"type":"Skybrudsveje","project":"Peder Lykkes Vej","catchment":"Amager"}},{"type":"Feature","geometry":{"type":"LineString","coordinates":[[12.57994,55.68089],[12.57858,55.68051]]},"properties":{"type":"Skybrudsledning","project":"Strøget og Købmagergade","catchment":"Indre By"}},{"type":"Feature","geometry":{"type":"LineString","coordinates":[[12.57762,55.68074],[12.57842,55.68044],[12.57889,55.68013],[12.57928,55.67963],[12.57967,55.67903],[12.57941,55.67886],[12.5798,55.67771],[12.57972,55.67764]]},"properties":{"type":"Skybrudsledning","project":"Strøget og Købmagergade","catchment":"Indre By"}},{"type":"Feature","geometry":{"type":"LineString","coordinates":[[12.56482,55.70557],[12.57614,55.69954]]},"properties":{"type":"Forsinkelsesveje","project":"Øster Allé","catchment":"Nørrebro"}},{"type":"Feature","geometry":{"type":"LineString","coordinates":[[12.5248,55.67122],[12.51895,55.67183]]},"properties":{"type":"Grønne veje","project":null,"catchment":null}},{"type":"Feature","geometry":{"type":"LineString","coordinates":[[12.59374,55.68495],[12.59129,55.68559]]},"properties":{"type":"Skybrudsledning","project":"Bredgade og Fredericiagade","catchment":"Indre By"}},{"type":"Feature","geometry":{"type":"LineString","coordinates":[[12.54156,55.67652],[12.54202,55.67761]]},"properties":{"type":"Grønne veje","project":null,"catchment":null}},{"type":"Feature","geometry":{"type":"LineString","coordinates":[[12.60002,55.657],[12.59913,55.65735],[12.60121,55.65883]]},"properties":{"type":"Forsinkelsesveje","project":"Brydes Allé","catchment":"Amager"}},{"type":"Feature","geometry":{"type":"LineString","coordinates":[[12.60494,55.65891],[12.60417,55.65926]]},"properties":{"type":"Forsinkelsesveje","project":"Tingvej og Skotlands Plads","catchment":"Amager"}},{"type":"Feature","geometry":{"type":"LineString","coordinates":[[12.58354,55.69084],[12.5837,55.6909]]},"properties":{"type":"Skybrudsledning","project":"De Indre Søer","catchment":"Nørrebro"}},{"type":"Feature","geometry":{"type":"LineString","coordinates":[[12.48884,55.72169],[12.48989,55.72144],[12.48994,55.71988],[12.48982,55.71885],[12.48951,55.718],[12.48916,55.71743]]},"properties":{"type":"Skybrudsveje","project":"Tingbjerg ","catchment":"Bispebjerg"}},{"type":"Feature","geometry":{"type":"LineString","coordinates":[[12.4899,55.72102],[12.49079,55.72084]]},"properties":{"type":"Skybrudsveje","project":"Tingbjerg ","catchment":"Bispebjerg"}},{"type":"Feature","geometry":{"type":"LineString","coordinates":[[12.5686,55.68782],[12.56802,55.68808]]},"properties":{"type":"Grønne veje","project":"Kartoffelrækkerne","catchment":"Nørrebro"}},{"type":"Feature","geometry":{"type":"LineString","coordinates":[[12.57045,55.68861],[12.56988,55.68822],[12.56883,55.68864]]},"properties":{"type":"Grønne veje","project":"Kartoffelrækkerne","catchment":"Nørrebro"}},{"type":"Feature","geometry":{"type":"LineString","coordinates":[[12.57422,55.69105],[12.57246,55.6918]]},"properties":{"type":"Skybrudsledning","project":"Kartoffelrækkerne","catchment":"Nørrebro"}},{"type":"Feature","geometry":{"type":"LineString","coordinates":[[12.57207,55.6951],[12.57308,55.69456]]},"properties":{"type":"Skybrudsledning","project":"Helgesensgade","catchment":"Nørrebro"}},{"type":"Feature","geometry":{"type":"LineString","coordinates":[[12.57225,55.6898],[12.57095,55.69038]]},"properties":{"type":"Skybrudsledning","project":"Kartoffelrækkerne","catchment":"Nørrebro"}},{"type":"Feature","geometry":{"type":"LineString","coordinates":[[12.49664,55.6666],[12.4957,55.66851]]},"properties":{"type":"Grønne veje","project":"Grønne veje i øvrigt Gåsebækrenden","catchment":"København Vest"}},{"type":"Feature","geometry":{"type":"LineString","coordinates":[[12.54752,55.67885],[12.54828,55.67994],[12.54855,55.68]]},"properties":{"type":"Grønne veje","project":null,"catchment":null}},{"type":"Feature","geometry":{"type":"LineString","coordinates":[[12.53296,55.68943],[12.5324,55.68868],[12.53308,55.68854]]},"properties":{"type":"Grønne veje","project":null,"catchment":null}},{"type":"Feature","geometry":{"type":"LineString","coordinates":[[12.53297,55.68771],[12.5392,55.68632],[12.5396,55.68618]]},"properties":{"type":"Grønne veje","project":null,"catchment":null}},{"type":"Feature","geometry":{"type":"LineString","coordinates":[[12.53418,55.6892],[12.53872,55.68792],[12.53976,55.68867]]},"properties":{"type":"Grønne veje","project":null,"catchment":null}},{"type":"Feature","geometry":{"type":"LineString","coordinates":[[12.54074,55.68755],[12.53992,55.6881],[12.53957,55.68824]]},"properties":{"type":"Grønne veje","project":null,"catchment":null}},{"type":"Feature","geometry":{"type":"LineString","coordinates":[[12.53466,55.67141],[12.53478,55.67187]]},"properties":{"type":"Grønne veje","project":null,"catchment":null}},{"type":"Feature","geometry":{"type":"LineString","coordinates":[[12.5431,55.69617],[12.54256,55.69616]]},"properties":{"type":"Skybrudsledning","project":"Nordbanegade m.fl. til Nørrebroparken nord","catchment":"Vesterbro-ladegaardså"}},{"type":"Feature","geometry":{"type":"LineString","coordinates":[[12.52514,55.68025],[12.52768,55.68016],[12.52847,55.67977],[12.52823,55.67923]]},"properties":{"type":"Grønne veje","project":null,"catchment":null}},{"type":"Feature","geometry":{"type":"LineString","coordinates":[[12.52309,55.68222],[12.52455,55.68411]]},"properties":{"type":"Grønne veje","project":null,"catchment":null}},{"type":"Feature","geometry":{"type":"LineString","coordinates":[[12.57247,55.70837],[12.57237,55.70818]]},"properties":{"type":"Skybrudsledning","project":"Jagtvej","catchment":"Østerbro"}},{"type":"Feature","geometry":{"type":"LineString","coordinates":[[12.58583,55.69225],[12.5859,55.69226],[12.58619,55.69273],[12.58652,55.69268],[12.58695,55.69294],[12.588,55.69265],[12.5883,55.69266],[12.58858,55.69228],[12.58879,55.69217],[12.58975,55.69269],[12.59037,55.69258],[12.59044,55.69261]]},"properties":{"type":"Skybrudsledning","project":"De Indre Søer","catchment":"Nørrebro"}},{"type":"Feature","geometry":{"type":"LineString","coordinates":[[12.57159,55.69135],[12.57143,55.69113],[12.57168,55.69072],[12.57589,55.68875],[12.57676,55.68894],[12.57771,55.68958],[12.57788,55.68951]]},"properties":{"type":"Skybrudsledning","project":"De Indre Søer","catchment":"Nørrebro"}},{"type":"Feature","geometry":{"type":"LineString","coordinates":[[12.56397,55.68691],[12.56355,55.68662]]},"properties":{"type":"Skybrudsledning","project":"De Indre Søer","catchment":"Nørrebro"}},{"type":"Feature","geometry":{"type":"LineString","coordinates":[[12.60058,55.66382],[12.5997,55.66352],[12.5979,55.66309]]},"properties":{"type":"Skybrudsledning","project":"Kongedybet","catchment":"Amager"}},{"type":"Feature","geometry":{"type":"LineString","coordinates":[[12.59389,55.65405],[12.59413,55.65473]]},"properties":{"type":"Skybrudsveje","project":"Peder Lykkes Vej","catchment":"Amager"}},{"type":"Feature","geometry":{"type":"LineString","coordinates":[[12.60488,55.66016],[12.60336,55.65868]]},"properties":{"type":"Forsinkelsesveje","project":"Tingvej og Skotlands Plads","catchment":"Amager"}},{"type":"Feature","geometry":{"type":"LineString","coordinates":[[12.53785,55.67738],[12.53857,55.67859],[12.53979,55.67831],[12.54002,55.6788]]},"properties":{"type":"Grønne veje","project":null,"catchment":null}},{"type":"Feature","geometry":{"type":"LineString","coordinates":[[12.52997,55.71052],[12.53009,55.71038],[12.53011,55.71016]]},"properties":{"type":"Skybrudsledning","project":"Hovmestervej","catchment":"Bispebjerg"}},{"type":"Feature","geometry":{"type":"LineString","coordinates":[[12.56969,55.70926],[12.56716,55.7087]]},"properties":{"type":"Forsinkelsesveje","project":"Jagtvej","catchment":"Østerbro"}},{"type":"Feature","geometry":{"type":"LineString","coordinates":[[12.54161,55.67629],[12.54054,55.67417]]},"properties":{"type":"Grønne veje","project":null,"catchment":null}},{"type":"Feature","geometry":{"type":"LineString","coordinates":[[12.53525,55.6779],[12.53566,55.67877]]},"properties":{"type":"Grønne veje","project":null,"catchment":null}},{"type":"Feature","geometry":{"type":"LineString","coordinates":[[12.52985,55.67962],[12.53357,55.67914],[12.53819,55.67862]]},"properties":{"type":"Grønne veje","project":null,"catchment":null}},{"type":"Feature","geometry":{"type":"LineString","coordinates":[[12.5379,55.68084],[12.53706,55.67895]]},"properties":{"type":"Grønne veje","project":null,"catchment":null}},{"type":"Feature","geometry":{"type":"LineString","coordinates":[[12.63658,55.64476],[12.63631,55.64512]]},"properties":{"type":"mix","project":"Greisvej. Grækenlandsvej - Engvej Øst","catchment":"Amager"}},{"type":"Feature","geometry":{"type":"LineString","coordinates":[[12.56419,55.70837],[12.56664,55.70889]]},"properties":{"type":"Forsinkelsesveje","project":"Jagtvej","catchment":"Østerbro"}},{"type":"Feature","geometry":{"type":"LineString","coordinates":[[12.52966,55.67961],[12.5294,55.67904]]},"properties":{"type":"Grønne veje","project":null,"catchment":null}},{"type":"Feature","geometry":{"type":"LineString","coordinates":[[12.56476,55.70921],[12.5663,55.70954]]},"properties":{"type":"Forsinkelsesveje","project":"Jagtvej","catchment":"Østerbro"}},{"type":"Feature","geometry":{"type":"LineString","coordinates":[[12.53002,55.67719],[12.53032,55.67804],[12.53241,55.67778]]},"properties":{"type":"Grønne veje","project":null,"catchment":null}},{"type":"Feature","geometry":{"type":"LineString","coordinates":[[12.56749,55.70977],[12.56666,55.70961]]},"properties":{"type":"Forsinkelsesveje","project":"Jagtvej","catchment":"Østerbro"}},{"type":"Feature","geometry":{"type":"LineString","coordinates":[[12.53234,55.67488],[12.53286,55.67669]]},"properties":{"type":"Grønne veje","project":null,"catchment":null}},{"type":"Feature","geometry":{"type":"LineString","coordinates":[[12.52461,55.67772],[12.52564,55.67761],[12.52582,55.67819]]},"properties":{"type":"Grønne veje","project":null,"catchment":null}},{"type":"Feature","geometry":{"type":"LineString","coordinates":[[12.59675,55.66308],[12.59772,55.66305],[12.5979,55.66309]]},"properties":{"type":"Skybrudsledning","project":"Kongedybet","catchment":"Amager"}},{"type":"Feature","geometry":{"type":"LineString","coordinates":[[12.52984,55.67704],[12.5321,55.67678]]},"properties":{"type":"Grønne veje","project":null,"catchment":null}},{"type":"Feature","geometry":{"type":"LineString","coordinates":[[12.53878,55.6793],[12.5401,55.67896],[12.54199,55.67855]]},"properties":{"type":"Grønne veje","project":null,"catchment":null}},{"type":"Feature","geometry":{"type":"LineString","coordinates":[[12.52362,55.67958],[12.53234,55.67855],[12.53266,55.67816]]},"properties":{"type":"Grønne veje","project":null,"catchment":null}},{"type":"Feature","geometry":{"type":"LineString","coordinates":[[12.53689,55.67059],[12.53807,55.67394]]},"properties":{"type":"Grønne veje","project":null,"catchment":null}},{"type":"Feature","geometry":{"type":"LineString","coordinates":[[12.53994,55.67241],[12.54028,55.67375]]},"properties":{"type":"Grønne veje","project":null,"catchment":null}},{"type":"Feature","geometry":{"type":"LineString","coordinates":[[12.54122,55.67266],[12.54138,55.67363]]},"properties":{"type":"Grønne veje","project":null,"catchment":null}},{"type":"Feature","geometry":{"type":"LineString","coordinates":[[12.52764,55.68346],[12.52677,55.68233],[12.52811,55.68205]]},"properties":{"type":"Grønne veje","project":null,"catchment":null}},{"type":"Feature","geometry":{"type":"LineString","coordinates":[[12.59247,55.64918],[12.5933,55.64908]]},"properties":{"type":"mix","project":"Remiseparken og ”Stierne” til Urbanplanen","catchment":"Amager"}},{"type":"Feature","geometry":{"type":"LineString","coordinates":[[12.56763,55.70746],[12.56766,55.70741],[12.56748,55.70726]]},"properties":{"type":"Skybrudsledning","project":"Jagtvej","catchment":"Østerbro"}},{"type":"Feature","geometry":{"type":"LineString","coordinates":[[12.56556,55.69915],[12.56681,55.69922]]},"properties":{"type":"Skybrudsveje","project":"Frederik V's Vej","catchment":"Nørrebro"}},{"type":"Feature","geometry":{"type":"LineString","coordinates":[[12.5262,55.67927],[12.5259,55.67841],[12.52757,55.67848]]},"properties":{"type":"Grønne veje","project":null,"catchment":null}},{"type":"Feature","geometry":{"type":"LineString","coordinates":[[12.53099,55.68713],[12.53152,55.68786]]},"properties":{"type":"Grønne veje","project":null,"catchment":null}},{"type":"Feature","geometry":{"type":"LineString","coordinates":[[12.55121,55.67738],[12.55096,55.67702]]},"properties":{"type":"Grønne veje","project":null,"catchment":null}},{"type":"Feature","geometry":{"type":"LineString","coordinates":[[12.57174,55.6952],[12.56894,55.69337],[12.56881,55.69334]]},"properties":{"type":"Forsinkelsesveje","project":"Ryesgade Nord","catchment":"Nørrebro"}},{"type":"Feature","geometry":{"type":"LineString","coordinates":[[12.57637,55.69905],[12.56763,55.69439]]},"properties":{"type":"Forsinkelsesveje","project":"Blegdamsvej Nord","catchment":"Nørrebro"}},{"type":"Feature","geometry":{"type":"LineString","coordinates":[[12.54226,55.71186],[12.54108,55.71133]]},"properties":{"type":"Skybrudsveje","project":"Bispebjerg Bakke","catchment":"Bispebjerg"}},{"type":"Feature","geometry":{"type":"LineString","coordinates":[[12.53209,55.71102],[12.53208,55.71071]]},"properties":{"type":"Skybrudsveje","project":"Bispeparken Syd","catchment":"Bispebjerg"}},{"type":"Feature","geometry":{"type":"LineString","coordinates":[[12.5338,55.71114],[12.53388,55.71107]]},"properties":{"type":"Skybrudsveje","project":"Bispeparken Syd","catchment":"Bispebjerg"}},{"type":"Feature","geometry":{"type":"LineString","coordinates":[[12.5346,55.71146],[12.53424,55.71145],[12.53401,55.71136]]},"properties":{"type":"Skybrudsveje","project":"Bispeparken Syd","catchment":"Bispebjerg"}},{"type":"Feature","geometry":{"type":"LineString","coordinates":[[12.53334,55.7115],[12.53369,55.71149],[12.53379,55.71154]]},"properties":{"type":"Skybrudsveje","project":"Bispeparken Syd","catchment":"Bispebjerg"}},{"type":"Feature","geometry":{"type":"LineString","coordinates":[[12.53406,55.71035],[12.53407,55.7102]]},"properties":{"type":"Skybrudsledning","project":"Hovmestervej","catchment":"Bispebjerg"}},{"type":"Feature","geometry":{"type":"LineString","coordinates":[[12.53334,55.71077],[12.53377,55.71078],[12.53396,55.71072]]},"properties":{"type":"Skybrudsveje","project":"Bispeparken Syd","catchment":"Bispebjerg"}},{"type":"Feature","geometry":{"type":"LineString","coordinates":[[12.53475,55.68195],[12.53823,55.685]]},"properties":{"type":"Skybrudsveje","project":null,"catchment":null}},{"type":"Feature","geometry":{"type":"LineString","coordinates":[[12.57615,55.71466],[12.57747,55.71475],[12.57737,55.71288]]},"properties":{"type":"Skybrudsledning","project":"Østerbrogade","catchment":"Østerbro"}},{"type":"Feature","geometry":{"type":"LineString","coordinates":[[12.60425,55.66828],[12.60538,55.6687],[12.60706,55.66919],[12.60832,55.6694],[12.60954,55.66953],[12.61064,55.66956],[12.61186,55.66952],[12.61885,55.66884]]},"properties":{"type":"Forsinkelsesveje","project":"Amagerbanen. Vermlandsgade - Prags Boulevard","catchment":"Amager"}},{"type":"Feature","geometry":{"type":"LineString","coordinates":[[12.56602,55.71635],[12.56678,55.71586]]},"properties":{"type":"Skybrudsledning","project":"Rensning Kildevældssøen","catchment":"Østerbro"}},{"type":"Feature","geometry":{"type":"LineString","coordinates":[[12.56712,55.71557],[12.56746,55.7152]]},"properties":{"type":"Skybrudsledning","project":"Rensning Kildevældssøen","catchment":"Østerbro"}},{"type":"Feature","geometry":{"type":"LineString","coordinates":[[12.56408,55.70821],[12.56478,55.707]]},"properties":{"type":"Forsinkelsesveje","project":"Jagtvej","catchment":"Østerbro"}},{"type":"Feature","geometry":{"type":"LineString","coordinates":[[12.57066,55.70984],[12.57111,55.70814]]},"properties":{"type":"Forsinkelsesveje","project":"Jagtvej","catchment":"Østerbro"}},{"type":"Feature","geometry":{"type":"LineString","coordinates":[[12.56633,55.70979],[12.56763,55.70746]]},"properties":{"type":"Forsinkelsesveje","project":"Jagtvej","catchment":"Østerbro"}},{"type":"Feature","geometry":{"type":"LineString","coordinates":[[12.57461,55.70998],[12.57459,55.71075]]},"properties":{"type":"Forsinkelsesveje","project":"Reersøgade m.fl. ","catchment":"Østerbro"}},{"type":"Feature","geometry":{"type":"LineString","coordinates":[[12.48888,55.65889],[12.48888,55.65873],[12.48841,55.6583],[12.48483,55.65824]]},"properties":{"type":"Grønne veje","project":"Gårdstedet","catchment":"København Vest"}},{"type":"Feature","geometry":{"type":"LineString","coordinates":[[12.57089,55.68236],[12.57103,55.68195],[12.57116,55.68132],[12.57117,55.68042],[12.57132,55.68011],[12.57182,55.67948],[12.57198,55.67917],[12.57225,55.67848],[12.57382,55.67723],[12.57414,55.67692],[12.57477,55.67617],[12.57521,55.67583],[12.57585,55.67591]]},"properties":{"type":"Skybrudsledning","project":"Bredgade og Fredericiagade","catchment":"Indre By"}},{"type":"Feature","geometry":{"type":"LineString","coordinates":[[12.52726,55.69578],[12.52848,55.69513],[12.52988,55.69455],[12.53532,55.69287]]},"properties":{"type":"Skybrudsveje","project":null,"catchment":null}},{"type":"Feature","geometry":{"type":"LineString","coordinates":[[12.574,55.67852],[12.57476,55.67864],[12.57577,55.6786],[12.57768,55.67866],[12.5793,55.67883]]},"properties":{"type":"Skybrudsledning","project":"Strøget og Købmagergade","catchment":"Indre By"}},{"type":"Feature","geometry":{"type":"LineString","coordinates":[[12.57514,55.68941],[12.57526,55.6895],[12.58454,55.69289]]},"properties":{"type":"mix","project":"Stockholmsgade","catchment":"Østerbro"}},{"type":"Feature","geometry":{"type":"LineString","coordinates":[[12.54402,55.68125],[12.54832,55.68025],[12.54864,55.6799],[12.54878,55.67982],[12.55256,55.67889],[12.55179,55.67792],[12.55418,55.67744],[12.55446,55.67766],[12.55633,55.67746]]},"properties":{"type":"Skybrudsveje","project":null,"catchment":null}},{"type":"Feature","geometry":{"type":"LineString","coordinates":[[12.53029,55.66843],[12.53226,55.67456]]},"properties":{"type":"Skybrudsveje","project":null,"catchment":null}},{"type":"Feature","geometry":{"type":"LineString","coordinates":[[12.52927,55.68852],[12.52989,55.68929],[12.53141,55.68893],[12.53263,55.69037]]},"properties":{"type":"Skybrudsveje","project":null,"catchment":null}},{"type":"Feature","geometry":{"type":"LineString","coordinates":[[12.52466,55.68427],[12.52743,55.68787],[12.52762,55.68792],[12.5284,55.68875],[12.52874,55.68865]]},"properties":{"type":"Skybrudsveje","project":null,"catchment":null}},{"type":"Feature","geometry":{"type":"LineString","coordinates":[[12.55007,55.67846],[12.55054,55.67922]]},"properties":{"type":"Grønne veje","project":null,"catchment":null}},{"type":"Feature","geometry":{"type":"LineString","coordinates":[[12.55909,55.71544],[12.55826,55.71701],[12.55859,55.71705]]},"properties":{"type":"Skybrudsledning","project":"Ryparken","catchment":"Bispebjerg"}},{"type":"Feature","geometry":{"type":"LineString","coordinates":[[12.58396,55.70477],[12.58493,55.70486],[12.58509,55.70439]]},"properties":{"type":"mix","project":"Rothesgade m.fl.","catchment":"Østerbro"}},{"type":"Feature","geometry":{"type":"LineString","coordinates":[[12.57988,55.70342],[12.5803,55.702]]},"properties":{"type":"Skybrudsveje","project":"Nordre Frihavnsgade m.fl.","catchment":"Østerbro"}},{"type":"Feature","geometry":{"type":"LineString","coordinates":[[12.57766,55.70157],[12.58039,55.70164],[12.58116,55.70159],[12.58212,55.70202],[12.58555,55.7032],[12.58712,55.70335]]},"properties":{"type":"Skybrudsveje","project":"Nordre Frihavnsgade m.fl.","catchment":"Østerbro"}},{"type":"Feature","geometry":{"type":"LineString","coordinates":[[12.56406,55.70847],[12.56489,55.71029]]},"properties":{"type":"mix","project":"Skt. Kjelds Plads og Bryggervangen","catchment":"Østerbro"}},{"type":"Feature","geometry":{"type":"LineString","coordinates":[[12.54475,55.68613],[12.54725,55.68518],[12.55022,55.68507],[12.55691,55.6798],[12.55644,55.67789],[12.55677,55.67755]]},"properties":{"type":"Skybrudsledning","project":"Skybrudsledning fra Åboulevard til Skt. Jørgens Sø ","catchment":"Vesterbro-ladegaardså"}},{"type":"Feature","geometry":{"type":"LineString","coordinates":[[12.57273,55.71005],[12.57267,55.71091],[12.57227,55.7119]]},"properties":{"type":"Forsinkelsesveje","project":"Hesseløgade m.fl.","catchment":"Østerbro"}},{"type":"Feature","geometry":{"type":"LineString","coordinates":[[12.57178,55.71014],[12.57157,55.71135],[12.57135,55.7117]]},"properties":{"type":"Forsinkelsesveje","project":"Hesseløgade m.fl.","catchment":"Østerbro"}},{"type":"Feature","geometry":{"type":"LineString","coordinates":[[12.56629,55.71036],[12.56971,55.71016]]},"properties":{"type":"Forsinkelsesveje","project":"Tåsinge Plads","catchment":"Østerbro"}},{"type":"Feature","geometry":{"type":"LineString","coordinates":[[12.58112,55.7132],[12.58182,55.71315],[12.58178,55.71283],[12.58181,55.71238]]},"properties":{"type":"Skybrudsledning","project":"Østerbro skybrudstunnel ","catchment":"Østerbro"}},{"type":"Feature","geometry":{"type":"LineString","coordinates":[[12.56754,55.71026],[12.5676,55.70984]]},"properties":{"type":"Forsinkelsesveje","project":"Tåsinge Plads","catchment":"Østerbro"}},{"type":"Feature","geometry":{"type":"LineString","coordinates":[[12.57367,55.71109],[12.57326,55.71212]]},"properties":{"type":"Forsinkelsesveje","project":"Hesseløgade m.fl.","catchment":"Østerbro"}},{"type":"Feature","geometry":{"type":"LineString","coordinates":[[12.56704,55.71269],[12.56807,55.71274],[12.57727,55.71354]]},"properties":{"type":"Skybrudsledning","project":"Landskronagade","catchment":"Østerbro"}},{"type":"Feature","geometry":{"type":"LineString","coordinates":[[12.63046,55.65924],[12.63105,55.65789],[12.63163,55.65689]]},"properties":{"type":"mix","project":"Krimsvejområdet Øresundsvej, Krimsvej og Tovelillevej","catchment":"Amager"}},{"type":"Feature","geometry":{"type":"LineString","coordinates":[[12.60362,55.64275],[12.59871,55.64252]]},"properties":{"type":"mix","project":"Vejlands Allé. Englandsvej – Derbyvej","catchment":"Amager"}},{"type":"Feature","geometry":{"type":"LineString","coordinates":[[12.53415,55.66974],[12.53439,55.66944]]},"properties":{"type":"Grønne veje","project":null,"catchment":null}},{"type":"Feature","geometry":{"type":"LineString","coordinates":[[12.5532,55.68016],[12.55303,55.67972]]},"properties":{"type":"Grønne veje","project":null,"catchment":null}},{"type":"Feature","geometry":{"type":"LineString","coordinates":[[12.54486,55.67978],[12.54335,55.68012]]},"properties":{"type":"Grønne veje","project":null,"catchment":null}},{"type":"Feature","geometry":{"type":"LineString","coordinates":[[12.52995,55.68748],[12.5305,55.68826],[12.52985,55.6884]]},"properties":{"type":"Skybrudsveje","project":null,"catchment":null}},{"type":"Feature","geometry":{"type":"LineString","coordinates":[[12.53859,55.68534],[12.54149,55.68466]]},"properties":{"type":"Forsinkelsesveje","project":null,"catchment":null}},{"type":"Feature","geometry":{"type":"LineString","coordinates":[[12.56239,55.71505],[12.56397,55.71539],[12.56456,55.71546]]},"properties":{"type":"Skybrudsveje","project":"Meteorologisk Institut","catchment":"Bispebjerg"}},{"type":"Feature","geometry":{"type":"LineString","coordinates":[[12.57367,55.7109],[12.5737,55.71]]},"properties":{"type":"Forsinkelsesveje","project":"Reersøgade m.fl. ","catchment":"Østerbro"}},{"type":"Feature","geometry":{"type":"LineString","coordinates":[[12.61266,55.64958],[12.6115,55.64941],[12.61211,55.64806],[12.6119,55.64804],[12.61198,55.64646]]},"properties":{"type":"mix","project":"Gyldenlakvej og Funkiavej","catchment":"Amager"}},{"type":"Feature","geometry":{"type":"LineString","coordinates":[[12.54013,55.66642],[12.54052,55.66715],[12.54061,55.66713]]},"properties":{"type":"Skybrudsveje","project":"Ny Carlsberg Vej","catchment":"Vesterbro-ladegaardså"}},{"type":"Feature","geometry":{"type":"LineString","coordinates":[[12.5994,55.63973],[12.59996,55.63807],[12.59905,55.63792],[12.59234,55.638],[12.59185,55.63978],[12.59164,55.64072],[12.59145,55.6413]]},"properties":{"type":"mix","project":"Bygrænsen","catchment":"Amager"}},{"type":"Feature","geometry":{"type":"LineString","coordinates":[[12.5244,55.68005],[12.52446,55.67966]]},"properties":{"type":"Grønne veje","project":null,"catchment":null}},{"type":"Feature","geometry":{"type":"LineString","coordinates":[[12.62677,55.66465],[12.62419,55.66749],[12.62402,55.66761]]},"properties":{"type":"Skybrudsveje","project":"Amagerbanen. Prags Boulevard til Lindgreens Allé","catchment":"Amager"}},{"type":"Feature","geometry":{"type":"LineString","coordinates":[[12.59398,55.6641],[12.59368,55.66422],[12.58772,55.66482],[12.58691,55.66509],[12.58638,55.66564]]},"properties":{"type":"Skybrudsledning","project":"Amagerbanen. Amagerfælledvej – Artillerivej","catchment":"Amager"}},{"type":"Feature","geometry":{"type":"LineString","coordinates":[[12.62968,55.65623],[12.63086,55.65644],[12.63617,55.65713]]},"properties":{"type":"mix","project":"Italiensvej. Kastrupvej – Amager Strandvej","catchment":"Amager"}},{"type":"Feature","geometry":{"type":"LineString","coordinates":[[12.611,55.64076],[12.61523,55.64123],[12.61515,55.64144]]},"properties":{"type":"mix","project":"Gyldenrisvej og P-plads bag Kvickly","catchment":"Amager"}},{"type":"Feature","geometry":{"type":"LineString","coordinates":[[12.58034,55.7068],[12.57994,55.70799]]},"properties":{"type":"Skybrudsledning","project":"Koldinggade","catchment":"Østerbro"}},{"type":"Feature","geometry":{"type":"LineString","coordinates":[[12.6075,55.6413],[12.61054,55.64166],[12.61018,55.64268],[12.61568,55.64331],[12.61542,55.64377],[12.61555,55.6438]]},"properties":{"type":"mix","project":"Oxford Have og Store Krog","catchment":"Amager"}},{"type":"Feature","geometry":{"type":"LineString","coordinates":[[12.61127,55.66722],[12.62485,55.67015]]},"properties":{"type":"mix","project":"Prags Boulevard","catchment":"Amager"}},{"type":"Feature","geometry":{"type":"LineString","coordinates":[[12.62731,55.66044],[12.62938,55.6565]]},"properties":{"type":"Skybrudsveje","project":"Engvej Nord","catchment":"Amager"}},{"type":"Feature","geometry":{"type":"LineString","coordinates":[[12.61583,55.66233],[12.61758,55.66253],[12.62068,55.66336],[12.62325,55.66388],[12.62525,55.66412],[12.63033,55.66456],[12.63422,55.66542]]},"properties":{"type":"Skybrudsledning","project":"Lergravsvej og Lergravsparken. Østrigsgade – Øresund","catchment":"Amager"}},{"type":"Feature","geometry":{"type":"LineString","coordinates":[[12.63428,55.64806],[12.63455,55.64774],[12.63609,55.64542],[12.64313,55.64633]]},"properties":{"type":"mix","project":"Greisvej. Grækenlandsvej - Engvej Øst","catchment":"Amager"}},{"type":"Feature","geometry":{"type":"LineString","coordinates":[[12.57018,55.71171],[12.56987,55.71279]]},"properties":{"type":"Forsinkelsesveje","project":"Vennemindevej m.fl.","catchment":"Østerbro"}},{"type":"Feature","geometry":{"type":"LineString","coordinates":[[12.57045,55.71472],[12.57057,55.71426]]},"properties":{"type":"mix","project":"Vennemindevej m.fl.","catchment":"Østerbro"}},{"type":"Feature","geometry":{"type":"LineString","coordinates":[[12.57301,55.71277],[12.5729,55.71305]]},"properties":{"type":"Forsinkelsesveje","project":"Vennemindevej m.fl.","catchment":"Østerbro"}},{"type":"Feature","geometry":{"type":"LineString","coordinates":[[12.56932,55.71149],[12.56901,55.7127]]},"properties":{"type":"Forsinkelsesveje","project":"Vennemindevej m.fl.","catchment":"Østerbro"}},{"type":"Feature","geometry":{"type":"LineString","coordinates":[[12.56868,55.71388],[12.56892,55.7129]]},"properties":{"type":"Forsinkelsesveje","project":"Vennemindevej m.fl.","catchment":"Østerbro"}},{"type":"Feature","geometry":{"type":"LineString","coordinates":[[12.52491,55.71008],[12.52475,55.71006],[12.52489,55.70935]]},"properties":{"type":"Skybrudsledning","project":"Tomsgårdsvej","catchment":"Bispebjerg"}},{"type":"Feature","geometry":{"type":"LineString","coordinates":[[12.52465,55.70863],[12.52143,55.70937]]},"properties":{"type":"Forsinkelsesveje","project":"Smedetoften m.fl.","catchment":"Bispebjerg"}},{"type":"Feature","geometry":{"type":"LineString","coordinates":[[12.60166,55.6629],[12.59897,55.66214],[12.59807,55.66236],[12.59824,55.6626],[12.59758,55.66356]]},"properties":{"type":"Skybrudsledning","project":"Kongedybet","catchment":"Amager"}},{"type":"Feature","geometry":{"type":"LineString","coordinates":[[12.55614,55.7185],[12.55602,55.71802],[12.55542,55.71751],[12.55475,55.71706],[12.55516,55.71694]]},"properties":{"type":"Skybrudsveje","project":"Lundehus Kirke","catchment":"Bispebjerg"}},{"type":"Feature","geometry":{"type":"LineString","coordinates":[[12.54403,55.71871],[12.54545,55.719],[12.54979,55.71817],[12.54871,55.71637]]},"properties":{"type":"Forsinkelsesveje","project":"Fruebjergvej","catchment":"Bispebjerg"}},{"type":"Feature","geometry":{"type":"LineString","coordinates":[[12.59932,55.65775],[12.59825,55.65819]]},"properties":{"type":"Forsinkelsesveje","project":"Brydes Allé","catchment":"Amager"}},{"type":"Feature","geometry":{"type":"LineString","coordinates":[[12.60054,55.65859],[12.59971,55.65892]]},"properties":{"type":"Forsinkelsesveje","project":"Brydes Allé","catchment":"Amager"}},{"type":"Feature","geometry":{"type":"LineString","coordinates":[[12.56164,55.67073],[12.56074,55.67045],[12.55903,55.66969]]},"properties":{"type":"mix","project":"Sønder Boulevard","catchment":"Vesterbro-ladegaardså"}},{"type":"Feature","geometry":{"type":"LineString","coordinates":[[12.59146,55.69988],[12.59005,55.69958]]},"properties":{"type":"Skybrudsledning","project":"Willemoesgade m.fl.","catchment":"Østerbro"}},{"type":"Feature","geometry":{"type":"LineString","coordinates":[[12.59124,55.70121],[12.59159,55.69904],[12.58547,55.69759],[12.58456,55.69887]]},"properties":{"type":"Skybrudsledning","project":"Willemoesgade m.fl.","catchment":"Østerbro"}},{"type":"Feature","geometry":{"type":"LineString","coordinates":[[12.53428,55.69496],[12.533,55.6936]]},"properties":{"type":"Forsinkelsesveje","project":null,"catchment":null}},{"type":"Feature","geometry":{"type":"LineString","coordinates":[[12.5445,55.71762],[12.54498,55.71698],[12.54578,55.71685]]},"properties":{"type":"Skybrudsveje","project":"Lundehus Skole","catchment":"Bispebjerg"}},{"type":"Feature","geometry":{"type":"LineString","coordinates":[[12.57149,55.69071],[12.57199,55.69107],[12.57177,55.69147]]},"properties":{"type":"Skybrudsledning","project":"Kartoffelrækkerne","catchment":"Nørrebro"}},{"type":"Feature","geometry":{"type":"LineString","coordinates":[[12.552,55.68199],[12.55112,55.68063],[12.55257,55.6803]]},"properties":{"type":"Grønne veje","project":null,"catchment":null}},{"type":"Feature","geometry":{"type":"LineString","coordinates":[[12.52859,55.65282],[12.52836,55.65278]]},"properties":{"type":"Skybrudsveje","project":"Vestre Kirkegård","catchment":"København Vest"}},{"type":"Feature","geometry":{"type":"LineString","coordinates":[[12.58033,55.69562],[12.58485,55.69322]]},"properties":{"type":"mix","project":"Stockholmsgade","catchment":"Østerbro"}},{"type":"Feature","geometry":{"type":"LineString","coordinates":[[12.58964,55.70018],[12.59132,55.70056]]},"properties":{"type":"Skybrudsledning","project":"Willemoesgade m.fl.","catchment":"Østerbro"}},{"type":"Feature","geometry":{"type":"LineString","coordinates":[[12.51316,55.68168],[12.50491,55.68218]]},"properties":{"type":"Forsinkelsesveje","project":null,"catchment":null}},{"type":"Feature","geometry":{"type":"LineString","coordinates":[[12.54959,55.68132],[12.55103,55.68098]]},"properties":{"type":"Grønne veje","project":null,"catchment":null}},{"type":"Feature","geometry":{"type":"LineString","coordinates":[[12.57971,55.70415],[12.57975,55.7039]]},"properties":{"type":"mix","project":"Rothesgade m.fl.","catchment":"Østerbro"}},{"type":"Feature","geometry":{"type":"LineString","coordinates":[[12.5873,55.70427],[12.57735,55.70331]]},"properties":{"type":"Skybrudsledning","project":"Rothesgade m.fl.","catchment":"Østerbro"}},{"type":"Feature","geometry":{"type":"LineString","coordinates":[[12.57971,55.70415],[12.57976,55.70394]]},"properties":{"type":"Skybrudsledning","project":"Rothesgade m.fl.","catchment":"Østerbro"}},{"type":"Feature","geometry":{"type":"LineString","coordinates":[[12.56475,55.69062],[12.56623,55.68991]]},"properties":{"type":"Skybrudsledning","project":"Læssøesgade","catchment":"Nørrebro"}},{"type":"Feature","geometry":{"type":"LineString","coordinates":[[12.49155,55.66626],[12.4906,55.66669]]},"properties":{"type":"Grønne veje","project":"Grønne veje i øvrigt Gåsebækrenden","catchment":"København Vest"}},{"type":"Feature","geometry":{"type":"LineString","coordinates":[[12.48828,55.66761],[12.48986,55.667]]},"properties":{"type":"Grønne veje","project":"Grønne veje i øvrigt Gåsebækrenden","catchment":"København Vest"}},{"type":"Feature","geometry":{"type":"LineString","coordinates":[[12.5778,55.69144],[12.57888,55.69104]]},"properties":{"type":"mix","project":"Stockholmsgade","catchment":"Østerbro"}},{"type":"Feature","geometry":{"type":"LineString","coordinates":[[12.59124,55.70121],[12.59266,55.70274]]},"properties":{"type":"Skybrudsledning","project":"Amerikakaj og DFDS-terminalen","catchment":"Østerbro"}},{"type":"Feature","geometry":{"type":"LineString","coordinates":[[12.48281,55.66353],[12.48297,55.664]]},"properties":{"type":"Skybrudsveje","project":"Nakskovvej","catchment":"København Vest"}},{"type":"Feature","geometry":{"type":"LineString","coordinates":[[12.58224,55.69349],[12.58366,55.69272]]},"properties":{"type":"mix","project":"Stockholmsgade","catchment":"Østerbro"}},{"type":"Feature","geometry":{"type":"LineString","coordinates":[[12.57897,55.69251],[12.58089,55.69231],[12.58144,55.69204]]},"properties":{"type":"mix","project":"Stockholmsgade","catchment":"Østerbro"}},{"type":"Feature","geometry":{"type":"LineString","coordinates":[[12.58177,55.70455],[12.58098,55.70448],[12.5811,55.70406]]},"properties":{"type":"mix","project":"Rothesgade m.fl.","catchment":"Østerbro"}},{"type":"Feature","geometry":{"type":"LineString","coordinates":[[12.5838,55.70794],[12.58475,55.70796]]},"properties":{"type":"Skybrudsveje","project":"Løgstørgade","catchment":"Østerbro"}},{"type":"Feature","geometry":{"type":"LineString","coordinates":[[12.57958,55.69717],[12.58812,55.699]]},"properties":{"type":"Forsinkelsesveje","project":"Willemoesgade m.fl.","catchment":"Østerbro"}},{"type":"Feature","geometry":{"type":"LineString","coordinates":[[12.58257,55.6979],[12.58203,55.6986]]},"properties":{"type":"Forsinkelsesveje","project":"Willemoesgade m.fl.","catchment":"Østerbro"}},{"type":"Feature","geometry":{"type":"LineString","coordinates":[[12.57658,55.70546],[12.57512,55.70621]]},"properties":{"type":"Forsinkelsesveje","project":"Østerfælledtorv","catchment":"Østerbro"}},{"type":"Feature","geometry":{"type":"LineString","coordinates":[[12.52483,55.65058],[12.52475,55.65031],[12.52485,55.65024],[12.52722,55.65021],[12.52794,55.65026]]},"properties":{"type":"Skybrudsledning","project":"Ellebjergvej","catchment":"København Vest"}},{"type":"Feature","geometry":{"type":"LineString","coordinates":[[12.50607,55.66211],[12.50665,55.66183],[12.50674,55.66132]]},"properties":{"type":"Forsinkelsesveje","project":"Vigerslev allé","catchment":"København Vest"}},{"type":"Feature","geometry":{"type":"LineString","coordinates":[[12.57408,55.70564],[12.57615,55.70678]]},"properties":{"type":"Forsinkelsesveje","project":"Østerfælledtorv","catchment":"Østerbro"}},{"type":"Feature","geometry":{"type":"LineString","coordinates":[[12.57853,55.69207],[12.58003,55.69147]]},"properties":{"type":"mix","project":"Stockholmsgade","catchment":"Østerbro"}},{"type":"Feature","geometry":{"type":"LineString","coordinates":[[12.52795,55.65068],[12.52807,55.65029],[12.52794,55.65026]]},"properties":{"type":"Skybrudsledning","project":"Ellebjergvej","catchment":"København Vest"}},{"type":"Feature","geometry":{"type":"LineString","coordinates":[[12.53228,55.70075],[12.53363,55.70026],[12.53643,55.69954],[12.53567,55.69811]]},"properties":{"type":"Skybrudsveje","project":"Supplerende mindre Skybrudsveje Bispeengbuen","catchment":"Vesterbro-ladegaardså"}},{"type":"Feature","geometry":{"type":"LineString","coordinates":[[12.54233,55.66374],[12.54484,55.66415],[12.54788,55.66482],[12.55031,55.66566],[12.55235,55.66642],[12.55481,55.66756],[12.55823,55.66932]]},"properties":{"type":"mix","project":"Sønder Boulevard","catchment":"Vesterbro-ladegaardså"}},{"type":"Feature","geometry":{"type":"LineString","coordinates":[[12.52563,55.69316],[12.52634,55.69272],[12.52672,55.69271],[12.52878,55.69475]]},"properties":{"type":"Grønne veje","project":null,"catchment":null}},{"type":"Feature","geometry":{"type":"LineString","coordinates":[[12.53675,55.64841],[12.53977,55.65146],[12.54188,55.65347]]},"properties":{"type":"mix","project":"Scandiagade del 1","catchment":"København Vest"}},{"type":"Feature","geometry":{"type":"LineString","coordinates":[[12.48575,55.68517],[12.48399,55.68491],[12.48131,55.68465],[12.47992,55.68464],[12.47888,55.68482]]},"properties":{"type":"Skybrudsveje","project":"Hanstholmvej","catchment":"København Vest"}},{"type":"Feature","geometry":{"type":"LineString","coordinates":[[12.48981,55.70172],[12.48776,55.70334],[12.48389,55.70658],[12.48113,55.70879],[12.48115,55.7089]]},"properties":{"type":"Skybrudsveje","project":"Sonnerupvej","catchment":"København Vest"}},{"type":"Feature","geometry":{"type":"LineString","coordinates":[[12.48115,55.68869],[12.47701,55.68823],[12.47616,55.6883],[12.47226,55.6893],[12.47209,55.68939],[12.47083,55.68921]]},"properties":{"type":"Skybrudsveje","project":"Lyngholmvej","catchment":"København Vest"}},{"type":"Feature","geometry":{"type":"LineString","coordinates":[[12.53796,55.67031],[12.53956,55.67018],[12.54002,55.66936],[12.54006,55.66849],[12.54043,55.66847],[12.54119,55.66828],[12.54137,55.66806]]},"properties":{"type":"Skybrudsveje","project":"Supplerende skybrudsveje Sønder Boulevard","catchment":"Vesterbro-ladegaardså"}},{"type":"Feature","geometry":{"type":"LineString","coordinates":[[12.54581,55.66717],[12.54692,55.66717]]},"properties":{"type":"Skybrudsveje","project":"Enghave Plads","catchment":"Vesterbro-ladegaardså"}},{"type":"Feature","geometry":{"type":"LineString","coordinates":[[12.52937,55.64476],[12.53125,55.64219]]},"properties":{"type":"Skybrudsledning","project":"Skybrudsledning til Renden","catchment":"København Vest"}},{"type":"Feature","geometry":{"type":"LineString","coordinates":[[12.5165,55.66955],[12.51195,55.66979],[12.5118,55.6695]]},"properties":{"type":"Grønne veje","project":null,"catchment":null}},{"type":"Feature","geometry":{"type":"LineString","coordinates":[[12.51229,55.68358],[12.51452,55.68649],[12.51329,55.68856],[12.51246,55.68985]]},"properties":{"type":"Skybrudsledning","project":null,"catchment":null}},{"type":"Feature","geometry":{"type":"LineString","coordinates":[[12.54508,55.67222],[12.54548,55.67167],[12.54576,55.6715],[12.54606,55.67081],[12.54561,55.66991]]},"properties":{"type":"Skybrudsveje","project":"Kingosgade–Enghavevej","catchment":"Vesterbro-ladegaardså"}},{"type":"Feature","geometry":{"type":"LineString","coordinates":[[12.4809,55.67252],[12.4786,55.66444]]},"properties":{"type":"Skybrudsveje","project":"Vigerslevparken Nord","catchment":"København Vest"}},{"type":"Feature","geometry":{"type":"LineString","coordinates":[[12.49247,55.70542],[12.49161,55.70558],[12.48999,55.70597],[12.48472,55.70799],[12.4812,55.70926],[12.47778,55.71038]]},"properties":{"type":"mix","project":"Frederikssundsvej","catchment":"København Vest"}},{"type":"Feature","geometry":{"type":"LineString","coordinates":[[12.47917,55.70318],[12.47759,55.70864],[12.47505,55.70804]]},"properties":{"type":"Skybrudsveje","project":"Husumvej","catchment":"København Vest"}},{"type":"Feature","geometry":{"type":"LineString","coordinates":[[12.52035,55.6866],[12.51948,55.68532],[12.51505,55.68637]]},"properties":{"type":"mix","project":null,"catchment":null}},{"type":"Feature","geometry":{"type":"LineString","coordinates":[[12.54159,55.66261],[12.54059,55.66072],[12.53871,55.65744],[12.53792,55.6557],[12.53804,55.65489],[12.53858,55.65374]]},"properties":{"type":"Skybrudsveje","project":"Enghavevej","catchment":"København Vest"}},{"type":"Feature","geometry":{"type":"LineString","coordinates":[[12.53831,55.69799],[12.53735,55.69801],[12.53675,55.69785]]},"properties":{"type":"Skybrudsveje","project":"Supplerende mindre Skybrudsveje Bispeengbuen","catchment":"Vesterbro-ladegaardså"}},{"type":"Feature","geometry":{"type":"LineString","coordinates":[[12.58497,55.70009],[12.5843,55.701],[12.58823,55.70199],[12.58843,55.70197]]},"properties":{"type":"Skybrudsledning","project":"Rosenvængets Hovedvej m.fl.","catchment":"Østerbro"}},{"type":"Feature","geometry":{"type":"LineString","coordinates":[[12.53441,55.65224],[12.53962,55.65361]]},"properties":{"type":"mix","project":"P. Knudsens Gade","catchment":"København Vest"}},{"type":"Feature","geometry":{"type":"LineString","coordinates":[[12.50092,55.66453],[12.5063,55.66447]]},"properties":{"type":"Skybrudsledning","project":"J.P.E. Hartmanns allé","catchment":"København Vest"}},{"type":"Feature","geometry":{"type":"LineString","coordinates":[[12.51482,55.68491],[12.51349,55.68515]]},"properties":{"type":"Skybrudsledning","project":null,"catchment":null}},{"type":"Feature","geometry":{"type":"LineString","coordinates":[[12.58536,55.70797],[12.58673,55.70803],[12.58951,55.70912]]},"properties":{"type":"Skybrudsledning","project":"Vordingborggade","catchment":"Østerbro"}},{"type":"Feature","geometry":{"type":"LineString","coordinates":[[12.58381,55.70797],[12.5777,55.70797]]},"properties":{"type":"Skybrudsledning","project":"Vordingborggade","catchment":"Østerbro"}},{"type":"Feature","geometry":{"type":"LineString","coordinates":[[12.59253,55.70468],[12.5908,55.70457]]},"properties":{"type":"Skybrudsledning","project":"Skybrudstunnel fra Østbanegade til Nordbassinet ","catchment":"Østerbro"}},{"type":"Feature","geometry":{"type":"LineString","coordinates":[[12.47484,55.70251],[12.47193,55.70222],[12.4692,55.70184],[12.46996,55.6999]]},"properties":{"type":"Skybrudsveje","project":"Veksøvej","catchment":"København Vest"}},{"type":"Feature","geometry":{"type":"LineString","coordinates":[[12.52049,55.68956],[12.52141,55.69082]]},"properties":{"type":"Grønne veje","project":null,"catchment":null}},{"type":"Feature","geometry":{"type":"LineString","coordinates":[[12.52282,55.66711],[12.51943,55.66825],[12.51891,55.66865],[12.51773,55.66911],[12.5174,55.66911]]},"properties":{"type":"Grønne veje","project":null,"catchment":null}},{"type":"Feature","geometry":{"type":"LineString","coordinates":[[12.49924,55.68249],[12.49911,55.68163],[12.49927,55.68135],[12.49991,55.68108],[12.50001,55.68072],[12.50069,55.68045],[12.50062,55.68009],[12.50014,55.67972],[12.50004,55.67929],[12.49765,55.67914],[12.49314,55.67901],[12.49219,55.67911]]},"properties":{"type":"Skybrudsveje","project":null,"catchment":null}},{"type":"Feature","geometry":{"type":"LineString","coordinates":[[12.51812,55.67186],[12.5171,55.66968],[12.51718,55.66812]]},"properties":{"type":"Grønne veje","project":null,"catchment":null}},{"type":"Feature","geometry":{"type":"LineString","coordinates":[[12.48048,55.69806],[12.48045,55.69875],[12.47936,55.70266]]},"properties":{"type":"Skybrudsveje","project":"Husumvej","catchment":"København Vest"}},{"type":"Feature","geometry":{"type":"LineString","coordinates":[[12.58016,55.70729],[12.58314,55.70729]]},"properties":{"type":"Skybrudsledning","project":"Koldinggade","catchment":"Østerbro"}},{"type":"Feature","geometry":{"type":"LineString","coordinates":[[12.45439,55.7064],[12.45471,55.70609],[12.45538,55.70524],[12.45574,55.70489],[12.45669,55.70445],[12.45788,55.7041],[12.45872,55.7039],[12.46071,55.70327],[12.46144,55.70317],[12.46319,55.70306],[12.46366,55.70291],[12.46414,55.70254],[12.46424,55.70232],[12.46422,55.70222],[12.46403,55.70188],[12.46391,55.70098]]},"properties":{"type":"Skybrudsveje","project":"Ådalsvej","catchment":"København Vest"}},{"type":"Feature","geometry":{"type":"LineString","coordinates":[[12.48875,55.64895],[12.48925,55.64862],[12.49013,55.64756],[12.4903,55.64715],[12.49038,55.64666],[12.49048,55.64647],[12.49122,55.64607],[12.49224,55.64583],[12.49288,55.64578],[12.49411,55.6455],[12.49431,55.64541],[12.49496,55.64497],[12.49557,55.64445],[12.49711,55.64332],[12.49722,55.64321],[12.49725,55.64303],[12.49779,55.64278],[12.49874,55.64256],[12.50059,55.64154],[12.50101,55.64138],[12.5015,55.64088],[12.50181,55.64037],[12.50177,55.64022],[12.50258,55.63905],[12.50646,55.63595],[12.5066,55.63589],[12.50664,55.63583],[12.50662,55.63577]]},"properties":{"type":"Skybrudsveje","project":"Vigerslevparken Syd","catchment":"København Vest"}},{"type":"Feature","geometry":{"type":"LineString","coordinates":[[12.47861,55.66444],[12.47855,55.664],[12.47826,55.66375],[12.47817,55.66313],[12.47808,55.66156],[12.47773,55.66087],[12.47751,55.66033],[12.4774,55.66002],[12.47735,55.65954],[12.47732,55.65895],[12.47736,55.65844],[12.47752,55.65778],[12.47781,55.65717],[12.47782,55.65707],[12.47842,55.65646],[12.479,55.65598],[12.48162,55.65411],[12.48246,55.65408],[12.48283,55.65399],[12.48354,55.65369],[12.48515,55.65252],[12.48733,55.65131],[12.48768,55.65094],[12.48818,55.64997],[12.48836,55.64984],[12.48842,55.64968],[12.48865,55.64938],[12.48855,55.64917],[12.48875,55.64895]]},"properties":{"type":"Skybrudsveje","project":"Vigerslevparken Midt","catchment":"København Vest"}},{"type":"Feature","geometry":{"type":"LineString","coordinates":[[12.52101,55.68761],[12.52035,55.6866]]},"properties":{"type":"Forsinkelsesveje","project":null,"catchment":null}},{"type":"Feature","geometry":{"type":"LineString","coordinates":[[12.46703,55.69132],[12.4701,55.6889],[12.47151,55.6876],[12.47135,55.68683],[12.47151,55.68483],[12.47184,55.68428],[12.47301,55.68287],[12.47176,55.68143],[12.46978,55.68084],[12.46953,55.68039],[12.47044,55.67904],[12.47218,55.67754],[12.47233,55.67676],[12.47307,55.67584],[12.47332,55.6742],[12.47429,55.67369],[12.47525,55.67357],[12.47677,55.67326],[12.47958,55.67311],[12.47992,55.67287],[12.47941,55.6717]]},"properties":{"type":"Skybrudsveje","project":"Damhusengen","catchment":"København Vest"}},{"type":"Feature","geometry":{"type":"LineString","coordinates":[[12.47677,55.71495],[12.47638,55.71407],[12.47627,55.71347],[12.47628,55.7132],[12.47637,55.71284],[12.47719,55.71283],[12.47873,55.71238],[12.47751,55.71088]]},"properties":{"type":"Skybrudsveje","project":"Korsager allé","catchment":"København Vest"}},{"type":"Feature","geometry":{"type":"LineString","coordinates":[[12.55789,55.66147],[12.55758,55.66115],[12.55729,55.66055],[12.55719,55.65994],[12.55711,55.65885]]},"properties":{"type":"Skybrudsveje","project":"Enghave Brygge","catchment":"København Vest"}},{"type":"Feature","geometry":{"type":"LineString","coordinates":[[12.49426,55.68041],[12.49412,55.67978],[12.49418,55.67918]]},"properties":{"type":"Grønne veje","project":null,"catchment":null}},{"type":"Feature","geometry":{"type":"LineString","coordinates":[[12.49572,55.6831],[12.49681,55.68384],[12.49763,55.68417],[12.49835,55.6842],[12.49894,55.68391],[12.49975,55.68267]]},"properties":{"type":"Grønne veje","project":null,"catchment":null}},{"type":"Feature","geometry":{"type":"LineString","coordinates":[[12.55711,55.65885],[12.5568,55.65835],[12.55659,55.65815],[12.55634,55.65794],[12.55561,55.6576],[12.5546,55.65734],[12.54531,55.65599],[12.54381,55.65554],[12.54289,55.65454]]},"properties":{"type":"mix","project":"Enghave Brygge","catchment":"København Vest"}},{"type":"Feature","geometry":{"type":"LineString","coordinates":[[12.51452,55.68649],[12.51095,55.68183]]},"properties":{"type":"Forsinkelsesveje","project":null,"catchment":null}},{"type":"Feature","geometry":{"type":"LineString","coordinates":[[12.50818,55.65674],[12.50802,55.65313],[12.50905,55.6494],[12.52657,55.64309],[12.53125,55.64219]]},"properties":{"type":"Skybrudsledning","project":"Valby skybrudstunnel ","catchment":"København Vest"}},{"type":"Feature","geometry":{"type":"LineString","coordinates":[[12.48149,55.69782],[12.48227,55.69783]]},"properties":{"type":"Forsinkelsesveje","project":"Slotsherrensvej Øst","catchment":"København Vest"}},{"type":"Feature","geometry":{"type":"LineString","coordinates":[[12.62457,55.65775],[12.62049,55.6588]]},"properties":{"type":"Forsinkelsesveje","project":"Messinavej","catchment":"Amager"}},{"type":"Feature","geometry":{"type":"LineString","coordinates":[[12.62049,55.6588],[12.62213,55.65916]]},"properties":{"type":"Forsinkelsesveje","project":"Messinavej","catchment":"Amager"}},{"type":"Feature","geometry":{"type":"LineString","coordinates":[[12.62223,55.65832],[12.62256,55.65876],[12.62124,55.66008],[12.62062,55.66121]]},"properties":{"type":"Forsinkelsesveje","project":"Messinavej","catchment":"Amager"}},{"type":"Feature","geometry":{"type":"LineString","coordinates":[[12.51212,55.65044],[12.51075,55.65048],[12.50606,55.65077]]},"properties":{"type":"Forsinkelsesveje","project":"Folehaven","catchment":"København Vest"}},{"type":"Feature","geometry":{"type":"LineString","coordinates":[[12.61592,55.6623],[12.61826,55.66277],[12.61858,55.6629],[12.62018,55.66325],[12.62319,55.66384],[12.62972,55.66455],[12.63062,55.6646]]},"properties":{"type":"mix","project":"Lergravsvej og Lergravsparken. Østrigsgade – Øresund","catchment":"Amager"}},{"type":"Feature","geometry":{"type":"LineString","coordinates":[[12.59307,55.67155],[12.59205,55.67208],[12.59166,55.67181],[12.59071,55.67223]]},"properties":{"type":"mix","project":"Christianshavns Torv og Torvegade","catchment":"Amager"}},{"type":"Feature","geometry":{"type":"LineString","coordinates":[[12.62212,55.66474],[12.61916,55.66854]]},"properties":{"type":"mix","project":"Strandlodsvej, Nyrnberggade og Bremensgade","catchment":"Amager"}},{"type":"Feature","geometry":{"type":"LineString","coordinates":[[12.61191,55.66736],[12.61164,55.668],[12.61128,55.66954]]},"properties":{"type":"Forsinkelsesveje","project":"Vermlandsgade. Uplandsgade – Prags Boulevard","catchment":"Amager"}},{"type":"Feature","geometry":{"type":"LineString","coordinates":[[12.6225,55.66421],[12.62262,55.66409]]},"properties":{"type":"mix","project":"Strandlodsvej, Nyrnberggade og Bremensgade","catchment":"Amager"}},{"type":"Feature","geometry":{"type":"LineString","coordinates":[[12.57686,55.66243],[12.5729,55.66408],[12.5721,55.66417]]},"properties":{"type":"Skybrudsveje","project":"Sturlasgade","catchment":"Amager"}},{"type":"Feature","geometry":{"type":"LineString","coordinates":[[12.60425,55.66828],[12.60667,55.66809],[12.61191,55.66736]]},"properties":{"type":"Forsinkelsesveje","project":"Vermlandsgade. Uplandsgade – Prags Boulevard","catchment":"Amager"}},{"type":"Feature","geometry":{"type":"LineString","coordinates":[[12.61605,55.65222],[12.61638,55.65169],[12.61682,55.65059],[12.61757,55.64978],[12.61862,55.64774],[12.61969,55.64631],[12.6204,55.64516]]},"properties":{"type":"Forsinkelsesveje","project":"Grækenslandsgade. Kretavej – Greisvej","catchment":"Amager"}},{"type":"Feature","geometry":{"type":"LineString","coordinates":[[12.5813,55.66769],[12.58591,55.66573]]},"properties":{"type":"Skybrudsveje","project":"Weidekampsgade","catchment":"Amager"}},{"type":"Feature","geometry":{"type":"LineString","coordinates":[[12.60667,55.66809],[12.60771,55.66652]]},"properties":{"type":"Forsinkelsesveje","project":"Vermlandsgade. Uplandsgade – Prags Boulevard","catchment":"Amager"}},{"type":"Feature","geometry":{"type":"LineString","coordinates":[[12.63815,55.65093],[12.63731,55.65088],[12.6361,55.64963],[12.63611,55.64933]]},"properties":{"type":"Skybrudsveje","project":"Hedegaardsvej og Jorisvej","catchment":"Amager"}},{"type":"Feature","geometry":{"type":"LineString","coordinates":[[12.53512,55.68469],[12.53696,55.6842]]},"properties":{"type":"Grønne veje","project":null,"catchment":null}},{"type":"Feature","geometry":{"type":"LineString","coordinates":[[12.61782,55.66384],[12.61619,55.66603],[12.61512,55.66766]]},"properties":{"type":"mix","project":"Strandlodsvej, Nyrnberggade og Bremensgade","catchment":"Amager"}},{"type":"Feature","geometry":{"type":"LineString","coordinates":[[12.61782,55.66384],[12.61829,55.66323]]},"properties":{"type":"mix","project":"Strandlodsvej, Nyrnberggade og Bremensgade","catchment":"Amager"}},{"type":"Feature","geometry":{"type":"LineString","coordinates":[[12.61941,55.66423],[12.6199,55.66357]]},"properties":{"type":"mix","project":"Strandlodsvej, Nyrnberggade og Bremensgade","catchment":"Amager"}},{"type":"Feature","geometry":{"type":"LineString","coordinates":[[12.61233,55.66636],[12.61188,55.66697]]},"properties":{"type":"Skybrudsveje","project":"Strandlodsvej, Nyrnberggade og Bremensgade","catchment":"Amager"}},{"type":"Feature","geometry":{"type":"LineString","coordinates":[[12.61611,55.64393],[12.61798,55.6444],[12.61852,55.64473],[12.62027,55.64506]]},"properties":{"type":"mix","project":"Greisvej. Amagerbrogade - Grækenlandsvej Vest","catchment":"Amager"}},{"type":"Feature","geometry":{"type":"LineString","coordinates":[[12.48704,55.6527],[12.48497,55.65267]]},"properties":{"type":"Forsinkelsesveje","project":"Folehaven","catchment":"København Vest"}},{"type":"Feature","geometry":{"type":"LineString","coordinates":[[12.50616,55.7045],[12.50617,55.70478],[12.50591,55.70536]]},"properties":{"type":"Skybrudsledning","project":"Svenskelejren","catchment":"Bispebjerg"}},{"type":"Feature","geometry":{"type":"LineString","coordinates":[[12.50614,55.70428],[12.50616,55.7045]]},"properties":{"type":"Skybrudsledning","project":"Svenskelejren","catchment":"Bispebjerg"}},{"type":"Feature","geometry":{"type":"LineString","coordinates":[[12.53097,55.72496],[12.5327,55.72491],[12.53273,55.72521]]},"properties":{"type":"Skybrudsledning","project":"Emdrupparken","catchment":"Bispebjerg"}},{"type":"Feature","geometry":{"type":"LineString","coordinates":[[12.54584,55.72289],[12.54618,55.72276]]},"properties":{"type":"Skybrudsledning","project":"Søborghusrenden/Tuborgvej","catchment":"Bispebjerg"}},{"type":"Feature","geometry":{"type":"LineString","coordinates":[[12.53182,55.72201],[12.53171,55.72103],[12.53111,55.72102],[12.53094,55.72096],[12.53133,55.72059],[12.5315,55.72006],[12.52856,55.71989]]},"properties":{"type":"Skybrudsledning","project":"Pragtstjernevej","catchment":"Bispebjerg"}},{"type":"Feature","geometry":{"type":"LineString","coordinates":[[12.5638,55.72974],[12.56332,55.72812]]},"properties":{"type":"Skybrudsveje","project":"Rebekkavej","catchment":"Bispebjerg"}},{"type":"Feature","geometry":{"type":"LineString","coordinates":[[12.51725,55.7156],[12.51753,55.71533],[12.51856,55.71502]]},"properties":{"type":"Skybrudsveje","project":"Ørevadsvej","catchment":"Bispebjerg"}},{"type":"Feature","geometry":{"type":"LineString","coordinates":[[12.53211,55.70687],[12.53211,55.70642],[12.53666,55.70643],[12.54039,55.70574]]},"properties":{"type":"Skybrudsledning","project":"Dortheavej","catchment":"Bispebjerg"}},{"type":"Feature","geometry":{"type":"LineString","coordinates":[[12.53675,55.70235],[12.53748,55.70225],[12.53772,55.70329]]},"properties":{"type":"Skybrudsledning","project":"Lygten","catchment":"Bispebjerg"}},{"type":"Feature","geometry":{"type":"LineString","coordinates":[[12.46481,55.71421],[12.46813,55.71304],[12.47497,55.71119]]},"properties":{"type":"mix","project":"Frederikssundsvej","catchment":"København Vest"}},{"type":"Feature","geometry":{"type":"LineString","coordinates":[[12.53863,55.7191],[12.53823,55.71854]]},"properties":{"type":"Skybrudsveje","project":"Pernillevej","catchment":"Bispebjerg"}},{"type":"Feature","geometry":{"type":"LineString","coordinates":[[12.52519,55.7253],[12.52501,55.72483],[12.52494,55.72423],[12.52496,55.72379],[12.5252,55.72279],[12.52261,55.72256],[12.52254,55.72247]]},"properties":{"type":"Skybrudsveje","project":"Grønnemose Allé","catchment":"Bispebjerg"}},{"type":"Feature","geometry":{"type":"LineString","coordinates":[[12.53755,55.71733],[12.53792,55.71806]]},"properties":{"type":"Skybrudsveje","project":"Pernillevej","catchment":"Bispebjerg"}},{"type":"Feature","geometry":{"type":"LineString","coordinates":[[12.48369,55.71795],[12.48328,55.71719],[12.4836,55.71711],[12.48301,55.71636]]},"properties":{"type":"Skybrudsledning","project":"Ruten Øst ","catchment":"Bispebjerg"}},{"type":"Feature","geometry":{"type":"LineString","coordinates":[[12.48916,55.71743],[12.48936,55.7174],[12.48911,55.71702],[12.48945,55.71667]]},"properties":{"type":"Skybrudsledning","project":"Tingbjerg ","catchment":"Bispebjerg"}},{"type":"Feature","geometry":{"type":"LineString","coordinates":[[12.51941,55.70973],[12.52143,55.70937]]},"properties":{"type":"Forsinkelsesveje","project":"Smedetoften m.fl.","catchment":"Bispebjerg"}},{"type":"Feature","geometry":{"type":"LineString","coordinates":[[12.60713,55.66133],[12.60528,55.66048]]},"properties":{"type":"Forsinkelsesveje","project":"Frankrigsgade","catchment":"Amager"}},{"type":"Feature","geometry":{"type":"LineString","coordinates":[[12.51316,55.68168],[12.51143,55.68142]]},"properties":{"type":"Skybrudsveje","project":null,"catchment":null}},{"type":"Feature","geometry":{"type":"LineString","coordinates":[[12.5177,55.68282],[12.51295,55.68361]]},"properties":{"type":"mix","project":null,"catchment":null}},{"type":"Feature","geometry":{"type":"LineString","coordinates":[[12.50591,55.70536],[12.50723,55.70555]]},"properties":{"type":"Skybrudsledning","project":"Svenskelejren","catchment":"Bispebjerg"}},{"type":"Feature","geometry":{"type":"LineString","coordinates":[[12.61619,55.66646],[12.6206,55.66595]]},"properties":{"type":"mix","project":"Strandlodsvej, Nyrnberggade og Bremensgade","catchment":"Amager"}},{"type":"Feature","geometry":{"type":"LineString","coordinates":[[12.47967,55.68565],[12.47893,55.68542],[12.4781,55.68492],[12.47748,55.68445],[12.47719,55.68405],[12.47704,55.6836],[12.47683,55.68244],[12.4739,55.68186]]},"properties":{"type":"Skybrudsveje","project":"Lønstrupvej","catchment":"København Vest"}},{"type":"Feature","geometry":{"type":"LineString","coordinates":[[12.53792,55.704],[12.53829,55.70581]]},"properties":{"type":"Skybrudsveje","project":"Lygten","catchment":"Bispebjerg"}},{"type":"Feature","geometry":{"type":"LineString","coordinates":[[12.52575,55.70487],[12.52706,55.70434]]},"properties":{"type":"Skybrudsveje","project":"Fuglekvarteret Vest","catchment":"Bispebjerg"}},{"type":"Feature","geometry":{"type":"LineString","coordinates":[[12.52763,55.70793],[12.52817,55.70781],[12.52812,55.70769],[12.52816,55.70755],[12.52832,55.70748],[12.52949,55.70715],[12.52911,55.70673]]},"properties":{"type":"Skybrudsveje","project":"Rentemestervej","catchment":"Bispebjerg"}},{"type":"Feature","geometry":{"type":"LineString","coordinates":[[12.53969,55.71909],[12.53907,55.71838]]},"properties":{"type":"Skybrudsveje","project":"Pernillevej","catchment":"Bispebjerg"}},{"type":"Feature","geometry":{"type":"LineString","coordinates":[[12.52617,55.70311],[12.52514,55.70348],[12.52487,55.70331]]},"properties":{"type":"Skybrudsveje","project":"Fuglekvarteret Vest","catchment":"Bispebjerg"}},{"type":"Feature","geometry":{"type":"LineString","coordinates":[[12.5618,55.72396],[12.56161,55.72248]]},"properties":{"type":"Skybrudsledning","project":"Ryparken Øst","catchment":"Bispebjerg"}},{"type":"Feature","geometry":{"type":"LineString","coordinates":[[12.55862,55.72241],[12.56161,55.72248]]},"properties":{"type":"Skybrudsledning","project":"Ryparken Øst","catchment":"Bispebjerg"}},{"type":"Feature","geometry":{"type":"LineString","coordinates":[[12.58055,55.72033],[12.58049,55.71995],[12.58086,55.71872]]},"properties":{"type":"Skybrudsveje","project":"Vesterled","catchment":"Bispebjerg"}},{"type":"Feature","geometry":{"type":"LineString","coordinates":[[12.5814,55.71691],[12.58104,55.71813]]},"properties":{"type":"Skybrudsveje","project":"Vesterled","catchment":"Bispebjerg"}},{"type":"Feature","geometry":{"type":"LineString","coordinates":[[12.56161,55.72248],[12.56326,55.72198]]},"properties":{"type":"Skybrudsledning","project":"Ryparken Øst","catchment":"Bispebjerg"}},{"type":"Feature","geometry":{"type":"LineString","coordinates":[[12.5784,55.71888],[12.58015,55.71909]]},"properties":{"type":"Skybrudsveje","project":"Vesterled","catchment":"Bispebjerg"}},{"type":"Feature","geometry":{"type":"LineString","coordinates":[[12.50019,55.70161],[12.49997,55.70237],[12.49985,55.70257],[12.49923,55.7031],[12.49909,55.70315]]},"properties":{"type":"Skybrudsveje","project":"Brønshøj Gadekær","catchment":"Bispebjerg"}},{"type":"Feature","geometry":{"type":"LineString","coordinates":[[12.49386,55.70517],[12.49454,55.70509],[12.49473,55.70583],[12.49435,55.7065],[12.4944,55.70702]]},"properties":{"type":"Skybrudsledning","project":"Præstegårds Allé","catchment":"Bispebjerg"}},{"type":"Feature","geometry":{"type":"LineString","coordinates":[[12.51202,55.7087],[12.51249,55.70925],[12.51268,55.7097],[12.51271,55.71037],[12.51259,55.71078],[12.51219,55.71168],[12.5125,55.71196]]},"properties":{"type":"mix","project":"Hyrdevangen","catchment":"Bispebjerg"}},{"type":"Feature","geometry":{"type":"LineString","coordinates":[[12.53805,55.71718],[12.5387,55.71792]]},"properties":{"type":"Skybrudsveje","project":"Pernillevej","catchment":"Bispebjerg"}},{"type":"Feature","geometry":{"type":"LineString","coordinates":[[12.47979,55.71881],[12.47923,55.71814]]},"properties":{"type":"Skybrudsveje","project":"Tingbjerg ","catchment":"Bispebjerg"}},{"type":"Feature","geometry":{"type":"LineString","coordinates":[[12.5212,55.70861],[12.52145,55.70944],[12.5217,55.70993]]},"properties":{"type":"Forsinkelsesveje","project":"Smedetoften m.fl.","catchment":"Bispebjerg"}},{"type":"Feature","geometry":{"type":"LineString","coordinates":[[12.48379,55.665],[12.48345,55.6647],[12.48308,55.66421]]},"properties":{"type":"Skybrudsveje","project":"Nakskovvej","catchment":"København Vest"}},{"type":"Feature","geometry":{"type":"LineString","coordinates":[[12.5234,55.70704],[12.5254,55.70639],[12.52512,55.70614],[12.52919,55.70454]]},"properties":{"type":"Skybrudsveje","project":"Fuglekvarteret Vest","catchment":"Bispebjerg"}},{"type":"Feature","geometry":{"type":"LineString","coordinates":[[12.50499,55.70486],[12.505,55.70522],[12.50573,55.70533]]},"properties":{"type":"Skybrudsveje","project":"Svenskelejren","catchment":"Bispebjerg"}},{"type":"Feature","geometry":{"type":"LineString","coordinates":[[12.57278,55.72444],[12.57441,55.7244]]},"properties":{"type":"Forsinkelsesveje","project":"Vestagervej","catchment":"Bispebjerg"}},{"type":"Feature","geometry":{"type":"LineString","coordinates":[[12.58293,55.71782],[12.5818,55.71774]]},"properties":{"type":"Skybrudsveje","project":"Vesterled","catchment":"Bispebjerg"}},{"type":"Feature","geometry":{"type":"LineString","coordinates":[[12.54605,55.72125],[12.54725,55.72192]]},"properties":{"type":"Skybrudsledning","project":"Emdrup Huse","catchment":"Bispebjerg"}},{"type":"Feature","geometry":{"type":"LineString","coordinates":[[12.51616,55.68106],[12.51534,55.68],[12.51492,55.68005],[12.5144,55.67916]]},"properties":{"type":"Grønne veje","project":null,"catchment":null}},{"type":"Feature","geometry":{"type":"LineString","coordinates":[[12.5146,55.67033],[12.51451,55.66984]]},"properties":{"type":"Grønne veje","project":null,"catchment":null}},{"type":"Feature","geometry":{"type":"LineString","coordinates":[[12.5255,55.69324],[12.52696,55.69465]]},"properties":{"type":"Grønne veje","project":null,"catchment":null}},{"type":"Feature","geometry":{"type":"LineString","coordinates":[[12.57434,55.72528],[12.57461,55.72286]]},"properties":{"type":"mix","project":"Vestagervej","catchment":"Bispebjerg"}},{"type":"Feature","geometry":{"type":"LineString","coordinates":[[12.53648,55.70351],[12.53651,55.70324],[12.53772,55.70329],[12.53792,55.704],[12.53833,55.70611]]},"properties":{"type":"Skybrudsledning","project":"Lygten","catchment":"Bispebjerg"}},{"type":"Feature","geometry":{"type":"LineString","coordinates":[[12.52891,55.71962],[12.52844,55.71931],[12.52776,55.71907]]},"properties":{"type":"Grønne veje","project":"Rådvadsvej","catchment":"Bispebjerg"}},{"type":"Feature","geometry":{"type":"LineString","coordinates":[[12.61905,55.65417],[12.62671,55.65576],[12.62906,55.65613]]},"properties":{"type":"mix","project":"Italiensvej. Kastrupvej – Amager Strandvej","catchment":"Amager"}},{"type":"Feature","geometry":{"type":"LineString","coordinates":[[12.58552,55.63799],[12.58809,55.63813],[12.58871,55.63812],[12.5887,55.63739]]},"properties":{"type":"Skybrudsveje","project":"Floridavej","catchment":"Amager"}},{"type":"Feature","geometry":{"type":"LineString","coordinates":[[12.58379,55.70794],[12.58265,55.7068],[12.57768,55.7068]]},"properties":{"type":"Skybrudsledning","project":"Koldinggade","catchment":"Østerbro"}},{"type":"Feature","geometry":{"type":"LineString","coordinates":[[12.51816,55.6808],[12.51739,55.67941]]},"properties":{"type":"Grønne veje","project":null,"catchment":null}},{"type":"Feature","geometry":{"type":"LineString","coordinates":[[12.48665,55.7087],[12.48751,55.70885],[12.488,55.70901],[12.48831,55.70925],[12.48856,55.70958]]},"properties":{"type":"Grønne veje","project":"Pilesvinget","catchment":"Bispebjerg"}},{"type":"Feature","geometry":{"type":"LineString","coordinates":[[12.49198,55.71113],[12.49248,55.71103],[12.49316,55.71099],[12.49363,55.71108],[12.4941,55.71129]]},"properties":{"type":"Grønne veje","project":"Pilesvinget","catchment":"Bispebjerg"}},{"type":"Feature","geometry":{"type":"LineString","coordinates":[[12.49916,55.70666],[12.49833,55.70667],[12.49905,55.7104],[12.49945,55.71141],[12.4997,55.71265]]},"properties":{"type":"Skybrudsveje","project":"Brønshøj Kirkevej","catchment":"Bispebjerg"}},{"type":"Feature","geometry":{"type":"LineString","coordinates":[[12.49932,55.70723],[12.49844,55.70722],[12.49849,55.70747]]},"properties":{"type":"Skybrudsledning","project":"Brønshøj Kirkevej","catchment":"Bispebjerg"}},{"type":"Feature","geometry":{"type":"LineString","coordinates":[[12.49281,55.70464],[12.49433,55.70454]]},"properties":{"type":"Skybrudsveje","project":"Nordfeldvej","catchment":"Bispebjerg"}},{"type":"Feature","geometry":{"type":"LineString","coordinates":[[12.49447,55.70844],[12.4945,55.70922],[12.49475,55.70999],[12.49427,55.71155]]},"properties":{"type":"Skybrudsveje","project":"Præstegårds Allé","catchment":"Bispebjerg"}},{"type":"Feature","geometry":{"type":"LineString","coordinates":[[12.56566,55.72863],[12.56566,55.72856],[12.56574,55.72857],[12.56569,55.72852],[12.56577,55.72843],[12.56568,55.72839],[12.56592,55.72808],[12.56588,55.72793],[12.56576,55.72783]]},"properties":{"type":"Skybrudsveje","project":"Rebekkavej","catchment":"Bispebjerg"}},{"type":"Feature","geometry":{"type":"LineString","coordinates":[[12.54996,55.72161],[12.54908,55.72145],[12.54656,55.72151],[12.54557,55.72203]]},"properties":{"type":"Grønne veje","project":"Emdrup Sø","catchment":"Bispebjerg"}},{"type":"Feature","geometry":{"type":"LineString","coordinates":[[12.58636,55.66566],[12.58631,55.66592],[12.58714,55.66663],[12.58742,55.66711],[12.58753,55.66779]]},"properties":{"type":"Skybrudsledning","project":"Ørestads Boulevard","catchment":"Amager"}},{"type":"Feature","geometry":{"type":"LineString","coordinates":[[12.52711,55.72057],[12.52737,55.72069],[12.52767,55.72073],[12.52791,55.72065]]},"properties":{"type":"Grønne veje","project":"Rådvadsvej","catchment":"Bispebjerg"}},{"type":"Feature","geometry":{"type":"LineString","coordinates":[[12.50569,55.71344],[12.50625,55.71414],[12.50654,55.71433],[12.50704,55.71453]]},"properties":{"type":"Grønne veje","project":"Mosesvinget","catchment":"Bispebjerg"}},{"type":"Feature","geometry":{"type":"LineString","coordinates":[[12.51419,55.71301],[12.51506,55.71346]]},"properties":{"type":"mix","project":"Hyrdevangen","catchment":"Bispebjerg"}},{"type":"Feature","geometry":{"type":"LineString","coordinates":[[12.514,55.71673],[12.51399,55.71699],[12.51385,55.71722],[12.51366,55.71738]]},"properties":{"type":"Grønne veje","project":"Mosesvinget","catchment":"Bispebjerg"}},{"type":"Feature","geometry":{"type":"LineString","coordinates":[[12.53468,55.68404],[12.53629,55.68364]]},"properties":{"type":"Grønne veje","project":null,"catchment":null}},{"type":"Feature","geometry":{"type":"LineString","coordinates":[[12.56137,55.72004],[12.56265,55.72118]]},"properties":{"type":"Skybrudsveje","project":"Ryparken Idrætsanlæg","catchment":"Bispebjerg"}},{"type":"Feature","geometry":{"type":"LineString","coordinates":[[12.53761,55.72439],[12.53775,55.72538],[12.54016,55.7258]]},"properties":{"type":"Skybrudsledning","project":"Brønde i Emdrupparkens idrætsanlæg","catchment":"Bispebjerg"}},{"type":"Feature","geometry":{"type":"LineString","coordinates":[[12.59103,55.70275],[12.59497,55.70273]]},"properties":{"type":"Skybrudsledning","project":"Amerikakaj og DFDS-terminalen","catchment":"Østerbro"}},{"type":"Feature","geometry":{"type":"LineString","coordinates":[[12.53235,55.70643],[12.53666,55.70643],[12.53795,55.70618]]},"properties":{"type":"mix","project":"Dortheavej","catchment":"Bispebjerg"}},{"type":"Feature","geometry":{"type":"LineString","coordinates":[[12.53686,55.70734],[12.5368,55.70674]]},"properties":{"type":"mix","project":"Dortheavej","catchment":"Bispebjerg"}},{"type":"Feature","geometry":{"type":"LineString","coordinates":[[12.50839,55.70462],[12.50632,55.7043]]},"properties":{"type":"Skybrudsveje","project":"Svenskelejren","catchment":"Bispebjerg"}},{"type":"Feature","geometry":{"type":"LineString","coordinates":[[12.59687,55.66172],[12.59394,55.66315],[12.59423,55.664],[12.59397,55.66409]]},"properties":{"type":"Skybrudsledning","project":"Kongedybet skybrudsledning","catchment":"Amager"}},{"type":"Feature","geometry":{"type":"LineString","coordinates":[[12.52911,55.70641],[12.53162,55.70574]]},"properties":{"type":"mix","project":"Rentemestervej","catchment":"Bispebjerg"}},{"type":"Feature","geometry":{"type":"LineString","coordinates":[[12.5275,55.70416],[12.5281,55.70392],[12.5286,55.70433]]},"properties":{"type":"Skybrudsveje","project":"Fuglekvarteret Vest","catchment":"Bispebjerg"}},{"type":"Feature","geometry":{"type":"LineString","coordinates":[[12.57067,55.72638],[12.57103,55.72517],[12.57092,55.72468],[12.57225,55.72449]]},"properties":{"type":"Forsinkelsesveje","project":"Vestagervej","catchment":"Bispebjerg"}},{"type":"Feature","geometry":{"type":"LineString","coordinates":[[12.52621,55.7031],[12.52715,55.70389]]},"properties":{"type":"mix","project":"Fuglekvarteret Vest","catchment":"Bispebjerg"}},{"type":"Feature","geometry":{"type":"LineString","coordinates":[[12.54771,55.66748],[12.55402,55.6694]]},"properties":{"type":"Forsinkelsesveje","project":"Istedgade","catchment":"Vesterbro-ladegaardså"}},{"type":"Feature","geometry":{"type":"LineString","coordinates":[[12.5553,55.66979],[12.55699,55.6703]]},"properties":{"type":"Skybrudsveje","project":"Istedgade","catchment":"Vesterbro-ladegaardså"}},{"type":"Feature","geometry":{"type":"LineString","coordinates":[[12.54852,55.69408],[12.54368,55.68984]]},"properties":{"type":"Skybrudsveje","project":"Jagtvej Nord","catchment":"Vesterbro-ladegaardså"}},{"type":"Feature","geometry":{"type":"LineString","coordinates":[[12.5391,55.66649],[12.54001,55.6664]]},"properties":{"type":"mix","project":"Ny Carlsberg Vej","catchment":"Vesterbro-ladegaardså"}},{"type":"Feature","geometry":{"type":"LineString","coordinates":[[12.49901,55.70106],[12.49885,55.70231],[12.4993,55.7026],[12.49884,55.70295]]},"properties":{"type":"Skybrudsveje","project":"Brønshøj Gadekær","catchment":"Bispebjerg"}},{"type":"Feature","geometry":{"type":"LineString","coordinates":[[12.57634,55.7265],[12.57696,55.72517],[12.5776,55.72335],[12.57768,55.72277],[12.57732,55.72177]]},"properties":{"type":"Skybrudsveje","project":"Strandvejen","catchment":"Bispebjerg"}},{"type":"Feature","geometry":{"type":"LineString","coordinates":[[12.53336,55.70418],[12.53386,55.70427],[12.5347,55.70397],[12.53592,55.70377],[12.53591,55.70362],[12.53624,55.70355]]},"properties":{"type":"Skybrudsveje","project":"Lygten","catchment":"Bispebjerg"}},{"type":"Feature","geometry":{"type":"LineString","coordinates":[[12.52915,55.70455],[12.53044,55.70405],[12.53105,55.70451],[12.53177,55.70521]]},"properties":{"type":"Skybrudsledning","project":"Rentemestervej","catchment":"Bispebjerg"}},{"type":"Feature","geometry":{"type":"LineString","coordinates":[[12.52411,55.72262],[12.52445,55.72209]]},"properties":{"type":"Grønne veje","project":"Engblommevej","catchment":"Bispebjerg"}},{"type":"Feature","geometry":{"type":"LineString","coordinates":[[12.49736,55.71228],[12.49642,55.71244],[12.49562,55.7124]]},"properties":{"type":"Grønne veje","project":"Pilesvinget","catchment":"Bispebjerg"}},{"type":"Feature","geometry":{"type":"LineString","coordinates":[[12.55639,55.71832],[12.5579,55.71864],[12.55861,55.7174],[12.559,55.71727]]},"properties":{"type":"Skybrudsledning","project":"Ryparken","catchment":"Bispebjerg"}},{"type":"Feature","geometry":{"type":"LineString","coordinates":[[12.52607,55.6818],[12.53147,55.6822],[12.53186,55.68228],[12.53201,55.68244]]},"properties":{"type":"Grønne veje","project":null,"catchment":null}},{"type":"Feature","geometry":{"type":"LineString","coordinates":[[12.55,55.67455],[12.55036,55.67514],[12.55072,55.67536],[12.55127,55.67616]]},"properties":{"type":"Grønne veje","project":null,"catchment":null}},{"type":"Feature","geometry":{"type":"LineString","coordinates":[[12.52245,55.68475],[12.52432,55.68434]]},"properties":{"type":"Grønne veje","project":null,"catchment":null}},{"type":"Feature","geometry":{"type":"LineString","coordinates":[[12.55439,55.67777],[12.55487,55.67861],[12.55483,55.67951],[12.5564,55.67937]]},"properties":{"type":"Skybrudsveje","project":null,"catchment":null}},{"type":"Feature","geometry":{"type":"LineString","coordinates":[[12.5532,55.68016],[12.55429,55.6799]]},"properties":{"type":"Skybrudsveje","project":null,"catchment":null}},{"type":"Feature","geometry":{"type":"LineString","coordinates":[[12.55668,55.68167],[12.55628,55.68123],[12.5556,55.68068],[12.55505,55.68001]]},"properties":{"type":"Skybrudsveje","project":null,"catchment":null}},{"type":"Feature","geometry":{"type":"LineString","coordinates":[[12.55609,55.6953],[12.55421,55.6944],[12.55308,55.69374],[12.55268,55.69323]]},"properties":{"type":"mix","project":"Sjællandsgade","catchment":"Nørrebro"}},{"type":"Feature","geometry":{"type":"LineString","coordinates":[[12.53216,55.68685],[12.5321,55.68693],[12.53338,55.68863],[12.53442,55.6898]]},"properties":{"type":"Skybrudsveje","project":null,"catchment":null}},{"type":"Feature","geometry":{"type":"LineString","coordinates":[[12.55402,55.6694],[12.5548,55.66965]]},"properties":{"type":"mix","project":"Istedgade","catchment":"Vesterbro-ladegaardså"}},{"type":"Feature","geometry":{"type":"LineString","coordinates":[[12.52769,55.70682],[12.52836,55.70664]]},"properties":{"type":"mix","project":"Rentemestervej","catchment":"Bispebjerg"}},{"type":"Feature","geometry":{"type":"LineString","coordinates":[[12.58813,55.70977],[12.58828,55.70937],[12.58847,55.70922]]},"properties":{"type":"Skybrudsveje","project":"Middelfartsgade m.fl.","catchment":"Østerbro"}},{"type":"Feature","geometry":{"type":"LineString","coordinates":[[12.54759,55.67322],[12.54834,55.67318],[12.55001,55.67271]]},"properties":{"type":"mix","project":"Supplerende skybrudsveje Sønder Boulevard","catchment":"Vesterbro-ladegaardså"}},{"type":"Feature","geometry":{"type":"LineString","coordinates":[[12.56089,55.66752],[12.55869,55.66892]]},"properties":{"type":"Skybrudsveje","project":"Kødbyen","catchment":"Vesterbro-ladegaardså"}},{"type":"Feature","geometry":{"type":"LineString","coordinates":[[12.59094,55.70116],[12.59124,55.70121],[12.59095,55.7032],[12.59103,55.70368],[12.5908,55.70457],[12.58809,55.70431],[12.58737,55.70418]]},"properties":{"type":"Skybrudsledning","project":"Østbanegade, Gammel Kalkbræderigade, Marstalgade","catchment":"Østerbro"}},{"type":"Feature","geometry":{"type":"LineString","coordinates":[[12.59023,55.70409],[12.59064,55.70413],[12.59089,55.70422]]},"properties":{"type":"Skybrudsledning","project":"Østbanegade, Gammel Kalkbræderigade, Marstalgade","catchment":"Østerbro"}},{"type":"Feature","geometry":{"type":"LineString","coordinates":[[12.59079,55.70318],[12.59095,55.7032]]},"properties":{"type":"Skybrudsledning","project":"Østbanegade, Gammel Kalkbræderigade, Marstalgade","catchment":"Østerbro"}},{"type":"Feature","geometry":{"type":"LineString","coordinates":[[12.59078,55.70269],[12.59103,55.70275]]},"properties":{"type":"Skybrudsledning","project":"Østbanegade, Gammel Kalkbræderigade, Marstalgade","catchment":"Østerbro"}},{"type":"Feature","geometry":{"type":"LineString","coordinates":[[12.5878,55.70335],[12.59103,55.70368]]},"properties":{"type":"Skybrudsledning","project":"Østbanegade, Gammel Kalkbræderigade, Marstalgade","catchment":"Østerbro"}},{"type":"Feature","geometry":{"type":"LineString","coordinates":[[12.58642,55.70589],[12.58662,55.70597],[12.58745,55.70609],[12.59,55.70636],[12.59215,55.70592]]},"properties":{"type":"Skybrudsledning","project":"Østbanegade og Hjørringgade","catchment":"Østerbro"}},{"type":"Feature","geometry":{"type":"LineString","coordinates":[[12.58601,55.70922],[12.58641,55.70838]]},"properties":{"type":"Skybrudsveje","project":"Middelfartsgade m.fl.","catchment":"Østerbro"}},{"type":"Feature","geometry":{"type":"LineString","coordinates":[[12.57509,55.70028],[12.5773,55.70136],[12.57733,55.6997],[12.57646,55.6991]]},"properties":{"type":"Forsinkelsesveje","project":"Brumleby","catchment":"Østerbro"}},{"type":"Feature","geometry":{"type":"LineString","coordinates":[[12.57521,55.70013],[12.57696,55.70094]]},"properties":{"type":"Forsinkelsesveje","project":"Brumleby","catchment":"Østerbro"}},{"type":"Feature","geometry":{"type":"LineString","coordinates":[[12.58143,55.70541],[12.58085,55.70483],[12.57771,55.70451]]},"properties":{"type":"Skybrudsledning","project":"Hjørringgade, Viborggade, Bopa Plads og Nøjsomhedsgade","catchment":"Østerbro"}},{"type":"Feature","geometry":{"type":"LineString","coordinates":[[12.57767,55.70501],[12.58644,55.70588]]},"properties":{"type":"Skybrudsledning","project":"Hjørringgade, Viborggade, Bopa Plads og Nøjsomhedsgade","catchment":"Østerbro"}},{"type":"Feature","geometry":{"type":"LineString","coordinates":[[12.57829,55.70552],[12.58061,55.70576],[12.58077,55.70534]]},"properties":{"type":"Skybrudsledning","project":"Hjørringgade, Viborggade, Bopa Plads og Nøjsomhedsgade","catchment":"Østerbro"}},{"type":"Feature","geometry":{"type":"LineString","coordinates":[[12.58379,55.70794],[12.58453,55.70883]]},"properties":{"type":"mix","project":"Løgstørgade","catchment":"Østerbro"}},{"type":"Feature","geometry":{"type":"LineString","coordinates":[[12.58061,55.70915],[12.58415,55.70914]]},"properties":{"type":"mix","project":"Strandboulevarden","catchment":"Østerbro"}},{"type":"Feature","geometry":{"type":"LineString","coordinates":[[12.58587,55.70799],[12.58673,55.70803],[12.58866,55.70878]]},"properties":{"type":"Skybrudsveje","project":"Middelfartsgade m.fl.","catchment":"Østerbro"}},{"type":"Feature","geometry":{"type":"LineString","coordinates":[[12.51879,55.68438],[12.51417,55.68525]]},"properties":{"type":"mix","project":null,"catchment":null}},{"type":"Feature","geometry":{"type":"LineString","coordinates":[[12.58023,55.66682],[12.5813,55.66769]]},"properties":{"type":"Forsinkelsesveje","project":"Amagerbanen. Thorshavnsgade - Ørestads Boulevard","catchment":"Amager"}},{"type":"Feature","geometry":{"type":"LineString","coordinates":[[12.58694,55.70513],[12.58736,55.70437]]},"properties":{"type":"mix","project":"Strandboulevarden","catchment":"Østerbro"}},{"type":"Feature","geometry":{"type":"LineString","coordinates":[[12.48335,55.70666],[12.48032,55.70576],[12.4791,55.70553]]},"properties":{"type":"Skybrudsveje","project":"Kildebrøndevej","catchment":"København Vest"}},{"type":"Feature","geometry":{"type":"LineString","coordinates":[[12.5768,55.64115],[12.56492,55.64169]]},"properties":{"type":"Skybrudsveje","project":"Amager Fælled","catchment":"Amager"}},{"type":"Feature","geometry":{"type":"LineString","coordinates":[[12.63296,55.65065],[12.63407,55.64844]]},"properties":{"type":"mix","project":"Engvej Midt","catchment":"Amager"}},{"type":"Feature","geometry":{"type":"LineString","coordinates":[[12.63296,55.65065],[12.63267,55.65125],[12.6301,55.6552],[12.62971,55.6559]]},"properties":{"type":"mix","project":"Engvej Midt","catchment":"Amager"}},{"type":"Feature","geometry":{"type":"LineString","coordinates":[[12.61851,55.66111],[12.62213,55.6614],[12.62464,55.66151]]},"properties":{"type":"mix","project":"Øresundsvej og Strandlodsvej","catchment":"Amager"}},{"type":"Feature","geometry":{"type":"LineString","coordinates":[[12.62059,55.64522],[12.6257,55.64629],[12.62774,55.64663],[12.62845,55.64694],[12.6324,55.64758],[12.63361,55.64793]]},"properties":{"type":"mix","project":"Greisvej. Grækenlandsvej - Engvej Øst","catchment":"Amager"}},{"type":"Feature","geometry":{"type":"LineString","coordinates":[[12.5428,55.65375],[12.54321,55.65351],[12.54378,55.65325],[12.54471,55.65299],[12.5457,55.65255],[12.54584,55.65155]]},"properties":{"type":"Skybrudsveje","project":"Teglholmsgade","catchment":"København Vest"}},{"type":"Feature","geometry":{"type":"LineString","coordinates":[[12.57854,55.70452],[12.57888,55.70346]]},"properties":{"type":"Skybrudsledning","project":"Rothesgade m.fl.","catchment":"Østerbro"}},{"type":"Feature","geometry":{"type":"LineString","coordinates":[[12.48558,55.66871],[12.48704,55.66813]]},"properties":{"type":"Grønne veje","project":"Grønne veje i øvrigt Gåsebækrenden","catchment":"København Vest"}},{"type":"Feature","geometry":{"type":"LineString","coordinates":[[12.48727,55.66574],[12.48706,55.66535],[12.48706,55.66499]]},"properties":{"type":"Grønne veje","project":"Grønne veje i øvrigt Gåsebækrenden","catchment":"København Vest"}},{"type":"Feature","geometry":{"type":"LineString","coordinates":[[12.62513,55.66831],[12.62415,55.66803]]},"properties":{"type":"Grønne veje","project":"Strandlodsvej, Nyrnberggade og Bremensgade","catchment":"Amager"}},{"type":"Feature","geometry":{"type":"LineString","coordinates":[[12.58902,55.64329],[12.5891,55.64235]]},"properties":{"type":"Grønne veje","project":"Amagerbanen. Thorshavnsgade - Ørestads Boulevard","catchment":"Amager"}},{"type":"Feature","geometry":{"type":"LineString","coordinates":[[12.53416,55.69878],[12.53474,55.69956]]},"properties":{"type":"Skybrudsveje","project":"Supplerende mindre Skybrudsveje Bispeengbuen","catchment":"Vesterbro-ladegaardså"}},{"type":"Feature","geometry":{"type":"LineString","coordinates":[[12.54588,55.66962],[12.55386,55.67],[12.55394,55.66975]]},"properties":{"type":"Skybrudsveje","project":"Matthæusgade","catchment":"Vesterbro-ladegaardså"}},{"type":"Feature","geometry":{"type":"LineString","coordinates":[[12.54992,55.68233],[12.54857,55.68034]]},"properties":{"type":"Grønne veje","project":null,"catchment":null}},{"type":"Feature","geometry":{"type":"LineString","coordinates":[[12.54561,55.68286],[12.54936,55.68204]]},"properties":{"type":"Grønne veje","project":null,"catchment":null}},{"type":"Feature","geometry":{"type":"LineString","coordinates":[[12.53148,55.69578],[12.53026,55.69443]]},"properties":{"type":"Forsinkelsesveje","project":null,"catchment":null}},{"type":"Feature","geometry":{"type":"LineString","coordinates":[[12.53323,55.68659],[12.53433,55.68633]]},"properties":{"type":"Forsinkelsesveje","project":null,"catchment":null}},{"type":"Feature","geometry":{"type":"LineString","coordinates":[[12.54434,55.67341],[12.54461,55.67287],[12.54485,55.67251]]},"properties":{"type":"Skybrudsveje","project":null,"catchment":null}},{"type":"Feature","geometry":{"type":"LineString","coordinates":[[12.55915,55.67598],[12.55963,55.67781],[12.55649,55.67809]]},"properties":{"type":"Forsinkelsesveje","project":"Vester Søgade og Kampmannsgade","catchment":"Vesterbro-ladegaardså"}},{"type":"Feature","geometry":{"type":"LineString","coordinates":[[12.56665,55.72763],[12.56879,55.72738],[12.56945,55.72506],[12.57007,55.72397],[12.56896,55.72268]]},"properties":{"type":"Skybrudsledning","project":"Tuborgvej","catchment":"Bispebjerg"}},{"type":"Feature","geometry":{"type":"LineString","coordinates":[[12.55924,55.66708],[12.55826,55.66779],[12.55905,55.66814]]},"properties":{"type":"Skybrudsveje","project":"Kødbyen","catchment":"Vesterbro-ladegaardså"}},{"type":"Feature","geometry":{"type":"LineString","coordinates":[[12.54746,55.66716],[12.55172,55.66653]]},"properties":{"type":"Skybrudsveje","project":"Dybbølsgade","catchment":"Vesterbro-ladegaardså"}},{"type":"Feature","geometry":{"type":"LineString","coordinates":[[12.5602,55.68806],[12.5623,55.68729],[12.56267,55.68731]]},"properties":{"type":"Skybrudsveje","project":"Nørrebrogade","catchment":"Vesterbro-ladegaardså"}},{"type":"Feature","geometry":{"type":"LineString","coordinates":[[12.52537,55.72212],[12.52523,55.72267]]},"properties":{"type":"Grønne veje","project":"Engblommevej","catchment":"Bispebjerg"}},{"type":"Feature","geometry":{"type":"LineString","coordinates":[[12.5457,55.68339],[12.54418,55.68145]]},"properties":{"type":"Grønne veje","project":null,"catchment":null}},{"type":"Feature","geometry":{"type":"LineString","coordinates":[[12.49969,55.67491],[12.5003,55.67304]]},"properties":{"type":"Grønne veje","project":null,"catchment":null}},{"type":"Feature","geometry":{"type":"LineString","coordinates":[[12.50657,55.68137],[12.50529,55.67894]]},"properties":{"type":"Grønne veje","project":null,"catchment":null}},{"type":"Feature","geometry":{"type":"LineString","coordinates":[[12.52805,55.69212],[12.5291,55.69182]]},"properties":{"type":"Grønne veje","project":null,"catchment":null}},{"type":"Feature","geometry":{"type":"LineString","coordinates":[[12.5296,55.6923],[12.52859,55.69262]]},"properties":{"type":"Grønne veje","project":null,"catchment":null}},{"type":"Feature","geometry":{"type":"LineString","coordinates":[[12.57091,55.72558],[12.5728,55.72537],[12.57434,55.72528]]},"properties":{"type":"Forsinkelsesveje","project":"Vestagervej","catchment":"Bispebjerg"}},{"type":"Feature","geometry":{"type":"LineString","coordinates":[[12.50582,55.67805],[12.50831,55.67812]]},"properties":{"type":"Grønne veje","project":null,"catchment":null}},{"type":"Feature","geometry":{"type":"LineString","coordinates":[[12.54634,55.68404],[12.547,55.68475],[12.54726,55.68514],[12.54723,55.68506]]},"properties":{"type":"Grønne veje","project":null,"catchment":null}},{"type":"Feature","geometry":{"type":"LineString","coordinates":[[12.50107,55.68392],[12.50218,55.68252]]},"properties":{"type":"Grønne veje","project":null,"catchment":null}},{"type":"Feature","geometry":{"type":"LineString","coordinates":[[12.54057,55.68487],[12.54085,55.68543],[12.54126,55.68578],[12.54168,55.6863],[12.54239,55.68618],[12.54256,55.68652],[12.54278,55.68648]]},"properties":{"type":"Grønne veje","project":null,"catchment":null}},{"type":"Feature","geometry":{"type":"LineString","coordinates":[[12.53529,55.69411],[12.53548,55.69369],[12.53564,55.69262],[12.53563,55.69217],[12.53704,55.69053]]},"properties":{"type":"Skybrudsledning","project":"Skybrudsledning i Åboulevard","catchment":"Vesterbro-ladegaardså"}},{"type":"Feature","geometry":{"type":"LineString","coordinates":[[12.57637,55.71093],[12.57635,55.71141]]},"properties":{"type":"Forsinkelsesveje","project":"Reersøgade m.fl. ","catchment":"Østerbro"}},{"type":"Feature","geometry":{"type":"LineString","coordinates":[[12.5003,55.67304],[12.49828,55.673],[12.49792,55.67307]]},"properties":{"type":"Grønne veje","project":null,"catchment":null}},{"type":"Feature","geometry":{"type":"LineString","coordinates":[[12.57745,55.71355],[12.57744,55.71307],[12.57863,55.71305],[12.57863,55.71293],[12.57851,55.71279],[12.57852,55.71223],[12.58421,55.71245],[12.58862,55.7123]]},"properties":{"type":"Skybrudsledning","project":"Østerbro skybrudstunnel ","catchment":"Østerbro"}},{"type":"Feature","geometry":{"type":"LineString","coordinates":[[12.53145,55.68414],[12.53558,55.68307]]},"properties":{"type":"Grønne veje","project":null,"catchment":null}},{"type":"Feature","geometry":{"type":"LineString","coordinates":[[12.57413,55.71095],[12.57481,55.71067],[12.57541,55.71067],[12.57634,55.71081],[12.5773,55.71088]]},"properties":{"type":"Forsinkelsesveje","project":"Reersøgade m.fl. ","catchment":"Østerbro"}},{"type":"Feature","geometry":{"type":"LineString","coordinates":[[12.5687,55.714],[12.57188,55.71426]]},"properties":{"type":"Forsinkelsesveje","project":"Vennemindevej m.fl.","catchment":"Østerbro"}},{"type":"Feature","geometry":{"type":"LineString","coordinates":[[12.56972,55.71016],[12.57366,55.70988],[12.5754,55.70991],[12.57698,55.71012]]},"properties":{"type":"Forsinkelsesveje","project":"Tåsingegade","catchment":"Østerbro"}},{"type":"Feature","geometry":{"type":"LineString","coordinates":[[12.57189,55.71419],[12.57219,55.71317]]},"properties":{"type":"mix","project":"Vennemindevej m.fl.","catchment":"Østerbro"}},{"type":"Feature","geometry":{"type":"LineString","coordinates":[[12.57063,55.71408],[12.57091,55.71307]]},"properties":{"type":"mix","project":"Vennemindevej m.fl.","catchment":"Østerbro"}},{"type":"Feature","geometry":{"type":"LineString","coordinates":[[12.56704,55.71269],[12.56807,55.71274],[12.57727,55.71354]]},"properties":{"type":"Forsinkelsesveje","project":"Vennemindevej m.fl.","catchment":"Østerbro"}},{"type":"Feature","geometry":{"type":"LineString","coordinates":[[12.56951,55.71142],[12.57031,55.71165],[12.57492,55.71248]]},"properties":{"type":"Forsinkelsesveje","project":"Hesseløgade m.fl.","catchment":"Østerbro"}},{"type":"Feature","geometry":{"type":"LineString","coordinates":[[12.57055,55.71018],[12.57026,55.71146]]},"properties":{"type":"Forsinkelsesveje","project":"Hesseløgade m.fl.","catchment":"Østerbro"}},{"type":"Feature","geometry":{"type":"LineString","coordinates":[[12.48945,55.71667],[12.49068,55.71539]]},"properties":{"type":"Skybrudsveje","project":"Tingbjerg ","catchment":"Bispebjerg"}},{"type":"Feature","geometry":{"type":"LineString","coordinates":[[12.4817,55.65953],[12.47973,55.65934]]},"properties":{"type":"Grønne veje","project":"Lykkebovej","catchment":"København Vest"}},{"type":"Feature","geometry":{"type":"LineString","coordinates":[[12.49544,55.67228],[12.49604,55.67024]]},"properties":{"type":"mix","project":"Gåsebækvej (Skellet)","catchment":"København Vest"}},{"type":"Feature","geometry":{"type":"LineString","coordinates":[[12.49653,55.66877],[12.49621,55.66977]]},"properties":{"type":"mix","project":"Gåsebækvej (Skellet)","catchment":"København Vest"}},{"type":"Feature","geometry":{"type":"LineString","coordinates":[[12.4942,55.66929],[12.49506,55.66956],[12.49572,55.66982]]},"properties":{"type":"Skybrudsveje","project":"Gåsebækvej (Skellet)","catchment":"København Vest"}},{"type":"Feature","geometry":{"type":"LineString","coordinates":[[12.54758,55.67634],[12.54873,55.67838]]},"properties":{"type":"Grønne veje","project":null,"catchment":null}},{"type":"Feature","geometry":{"type":"LineString","coordinates":[[12.55289,55.71167],[12.55253,55.7122]]},"properties":{"type":"Skybrudsledning","project":"Lersø Parkalle Nord","catchment":"Bispebjerg"}},{"type":"Feature","geometry":{"type":"LineString","coordinates":[[12.48193,55.65882],[12.47985,55.65865]]},"properties":{"type":"Grønne veje","project":"Lykkebovej","catchment":"København Vest"}},{"type":"Feature","geometry":{"type":"LineString","coordinates":[[12.58285,55.67934],[12.58487,55.67971]]},"properties":{"type":"Skybrudsveje","project":"Lille Kongensgade","catchment":"Indre By"}},{"type":"Feature","geometry":{"type":"LineString","coordinates":[[12.51316,55.66516],[12.51195,55.66536],[12.51087,55.66582]]},"properties":{"type":"mix","project":"Valby Langgade","catchment":"København Vest"}},{"type":"Feature","geometry":{"type":"LineString","coordinates":[[12.50607,55.66211],[12.50665,55.66183],[12.50677,55.66111],[12.50821,55.66118]]},"properties":{"type":"Skybrudsledning","project":"Vigerslev allé","catchment":"København Vest"}},{"type":"Feature","geometry":{"type":"LineString","coordinates":[[12.49414,55.66935],[12.4953,55.66971],[12.4956,55.66986],[12.49564,55.66994]]},"properties":{"type":"Skybrudsledning","project":"Gåsebækvej (Skellet)","catchment":"København Vest"}},{"type":"Feature","geometry":{"type":"LineString","coordinates":[[12.4953,55.67228],[12.49574,55.67086],[12.49588,55.6702],[12.49585,55.67013]]},"properties":{"type":"Skybrudsledning","project":"Gåsebækvej (Skellet)","catchment":"København Vest"}},{"type":"Feature","geometry":{"type":"LineString","coordinates":[[12.54795,55.70302],[12.54373,55.70072]]},"properties":{"type":"Forsinkelsesveje","project":"Mimersgade","catchment":"Bispebjerg"}},{"type":"Feature","geometry":{"type":"LineString","coordinates":[[12.54682,55.70357],[12.5431,55.70149],[12.5429,55.70084],[12.54338,55.70078]]},"properties":{"type":"Forsinkelsesveje","project":"Mimersgade","catchment":"Bispebjerg"}},{"type":"Feature","geometry":{"type":"LineString","coordinates":[[12.54618,55.70422],[12.54525,55.70476],[12.54596,55.7054],[12.54564,55.70546],[12.54414,55.70638],[12.54397,55.70645],[12.54348,55.70649],[12.54293,55.70691]]},"properties":{"type":"Skybrudsledning","project":"Tagensvej Syd","catchment":"Bispebjerg"}},{"type":"Feature","geometry":{"type":"LineString","coordinates":[[12.54477,55.69919],[12.54354,55.69807]]},"properties":{"type":"Skybrudsledning","project":"Baldersgade og Dagmarsgade","catchment":"Bispebjerg"}},{"type":"Feature","geometry":{"type":"LineString","coordinates":[[12.58598,55.70671],[12.58376,55.70649]]},"properties":{"type":"Skybrudsledning","project":"Århusgade","catchment":"Østerbro"}},{"type":"Feature","geometry":{"type":"LineString","coordinates":[[12.54657,55.69966],[12.54565,55.69879]]},"properties":{"type":"Forsinkelsesveje","project":"Baldersgade og Dagmarsgade","catchment":"Bispebjerg"}},{"type":"Feature","geometry":{"type":"LineString","coordinates":[[12.49645,55.66876],[12.49599,55.66992],[12.49588,55.66996]]},"properties":{"type":"Skybrudsledning","project":"Gåsebækvej (Skellet)","catchment":"København Vest"}},{"type":"Feature","geometry":{"type":"LineString","coordinates":[[12.51711,55.66802],[12.51713,55.66772],[12.51694,55.66766]]},"properties":{"type":"Skybrudsledning","project":"Sønder Fasanvej","catchment":"København Vest"}},{"type":"Feature","geometry":{"type":"LineString","coordinates":[[12.61794,55.66118],[12.61839,55.66189],[12.61857,55.66253]]},"properties":{"type":"Skybrudsveje","project":"Backersvej. Amager Hospital - Lergravsvej","catchment":"Amager"}},{"type":"Feature","geometry":{"type":"LineString","coordinates":[[12.48629,55.67714],[12.48421,55.6759],[12.48371,55.67396],[12.48357,55.6738],[12.48215,55.67333]]},"properties":{"type":"Skybrudsledning","project":"Ny underføring langs Roskildevej","catchment":"København Vest"}},{"type":"Feature","geometry":{"type":"LineString","coordinates":[[12.5273,55.65688],[12.52859,55.65282],[12.52875,55.65272]]},"properties":{"type":"Skybrudsveje","project":"Vestre Kirkegård","catchment":"København Vest"}},{"type":"Feature","geometry":{"type":"LineString","coordinates":[[12.53034,55.65595],[12.53106,55.65405],[12.53094,55.65391]]},"properties":{"type":"Skybrudsveje","project":"Vestre Kirkegård","catchment":"København Vest"}},{"type":"Feature","geometry":{"type":"LineString","coordinates":[[12.53258,55.65914],[12.5347,55.6554],[12.5346,55.65524]]},"properties":{"type":"Skybrudsveje","project":"Vestre Kirkegård","catchment":"København Vest"}},{"type":"Feature","geometry":{"type":"LineString","coordinates":[[12.52591,55.66234],[12.52724,55.65885]]},"properties":{"type":"Skybrudsveje","project":"Vestre Kirkegård","catchment":"København Vest"}},{"type":"Feature","geometry":{"type":"LineString","coordinates":[[12.56257,55.67398],[12.56202,55.67384],[12.56118,55.67347],[12.55629,55.67244]]},"properties":{"type":"Skybrudsveje","project":"Supplerende skybrudsveje Sønder Boulevard","catchment":"Vesterbro-ladegaardså"}},{"type":"Feature","geometry":{"type":"LineString","coordinates":[[12.52767,55.66141],[12.5282,55.6601],[12.52851,55.66007]]},"properties":{"type":"Skybrudsveje","project":"Vestre Kirkegård","catchment":"København Vest"}},{"type":"Feature","geometry":{"type":"LineString","coordinates":[[12.52882,55.66154],[12.5293,55.66031],[12.5291,55.66016]]},"properties":{"type":"Skybrudsveje","project":"Vestre Kirkegård","catchment":"København Vest"}},{"type":"Feature","geometry":{"type":"LineString","coordinates":[[12.52977,55.6628],[12.53102,55.65951]]},"properties":{"type":"Skybrudsveje","project":"Vestre Kirkegård","catchment":"København Vest"}},{"type":"Feature","geometry":{"type":"LineString","coordinates":[[12.53113,55.65924],[12.53137,55.65858],[12.53318,55.65455],[12.53303,55.65431],[12.5311,55.65406]]},"properties":{"type":"Skybrudsveje","project":"Vestre Kirkegård","catchment":"København Vest"}},{"type":"Feature","geometry":{"type":"LineString","coordinates":[[12.58742,55.66374],[12.5851,55.664],[12.58565,55.66428]]},"properties":{"type":"mix","project":"Njalsgade","catchment":"Amager"}},{"type":"Feature","geometry":{"type":"LineString","coordinates":[[12.6361,55.6493],[12.63675,55.64819],[12.63757,55.64693],[12.63817,55.64615]]},"properties":{"type":"mix","project":"Hedegaardsvej og Jorisvej","catchment":"Amager"}},{"type":"Feature","geometry":{"type":"LineString","coordinates":[[12.56525,55.71108],[12.56633,55.71251]]},"properties":{"type":"mix","project":"Skt. Kjelds Plads og Bryggervangen","catchment":"Østerbro"}},{"type":"Feature","geometry":{"type":"LineString","coordinates":[[12.57076,55.70241],[12.57035,55.70119]]},"properties":{"type":"Skybrudsveje","project":"Øster Allé","catchment":"Nørrebro"}},{"type":"Feature","geometry":{"type":"LineString","coordinates":[[12.57407,55.71111],[12.57726,55.7116]]},"properties":{"type":"Forsinkelsesveje","project":"Reersøgade m.fl. ","catchment":"Østerbro"}},{"type":"Feature","geometry":{"type":"LineString","coordinates":[[12.57737,55.70331],[12.58677,55.70422]]},"properties":{"type":"mix","project":"Rothesgade m.fl.","catchment":"Østerbro"}},{"type":"Feature","geometry":{"type":"LineString","coordinates":[[12.51646,55.65421],[12.51892,55.65323],[12.51983,55.65292],[12.52341,55.653],[12.52511,55.65237],[12.52586,55.65216],[12.52716,55.65227]]},"properties":{"type":"Skybrudsledning","project":"Carl Jacobsens Vej","catchment":"København Vest"}},{"type":"Feature","geometry":{"type":"LineString","coordinates":[[12.5821,55.67604],[12.58214,55.67587],[12.58231,55.67572],[12.58257,55.67562],[12.58597,55.67477]]},"properties":{"type":"Skybrudsveje","project":"Slotsholmen","catchment":"Indre By"}},{"type":"Feature","geometry":{"type":"LineString","coordinates":[[12.51912,55.71093],[12.5199,55.71109],[12.52584,55.71165]]},"properties":{"type":"Grønne veje","project":null,"catchment":null}},{"type":"Feature","geometry":{"type":"LineString","coordinates":[[12.52691,55.69588],[12.52722,55.69571],[12.52712,55.69569]]},"properties":{"type":"Skybrudsveje","project":"Borups Allé Vest","catchment":"Vesterbro-ladegaardså"}},{"type":"Feature","geometry":{"type":"LineString","coordinates":[[12.5762,55.67571],[12.57668,55.67604]]},"properties":{"type":"Skybrudsveje","project":"Slotsholmen","catchment":"Indre By"}},{"type":"Feature","geometry":{"type":"LineString","coordinates":[[12.57801,55.67643],[12.57712,55.67626],[12.577,55.67635]]},"properties":{"type":"Skybrudsveje","project":"Slotsholmen","catchment":"Indre By"}},{"type":"Feature","geometry":{"type":"LineString","coordinates":[[12.58158,55.67526],[12.58311,55.67389],[12.58368,55.67401],[12.58503,55.67415]]},"properties":{"type":"Skybrudsveje","project":"Slotsholmen","catchment":"Indre By"}},{"type":"Feature","geometry":{"type":"LineString","coordinates":[[12.52285,55.69289],[12.52198,55.69171]]},"properties":{"type":"Grønne veje","project":null,"catchment":null}},{"type":"Feature","geometry":{"type":"LineString","coordinates":[[12.54402,55.69584],[12.54342,55.69626]]},"properties":{"type":"Skybrudsveje","project":"Nordbanegade m.fl. til Nørrebroparken nord","catchment":"Vesterbro-ladegaardså"}},{"type":"Feature","geometry":{"type":"LineString","coordinates":[[12.54467,55.69693],[12.54313,55.69618]]},"properties":{"type":"Skybrudsveje","project":"Nordbanegade m.fl. til Nørrebroparken nord","catchment":"Vesterbro-ladegaardså"}},{"type":"Feature","geometry":{"type":"LineString","coordinates":[[12.5432,55.6952],[12.5431,55.69614]]},"properties":{"type":"Skybrudsveje","project":"Nordbanegade m.fl. til Nørrebroparken nord","catchment":"Vesterbro-ladegaardså"}},{"type":"Feature","geometry":{"type":"LineString","coordinates":[[12.54156,55.7114],[12.54325,55.71018]]},"properties":{"type":"Skybrudsveje","project":"Lundehus Kirke","catchment":"Bispebjerg"}},{"type":"Feature","geometry":{"type":"LineString","coordinates":[[12.54356,55.71215],[12.54421,55.71152],[12.54439,55.7111]]},"properties":{"type":"Skybrudsveje","project":"Lundehus Kirke","catchment":"Bispebjerg"}},{"type":"Feature","geometry":{"type":"LineString","coordinates":[[12.59907,55.66026],[12.6003,55.65938]]},"properties":{"type":"Forsinkelsesveje","project":"Brydes Allé","catchment":"Amager"}},{"type":"Feature","geometry":{"type":"LineString","coordinates":[[12.55704,55.68552],[12.55984,55.68444]]},"properties":{"type":"Skybrudsveje","project":"Korsgade og Thorupsgade","catchment":"Vesterbro-ladegaardså"}},{"type":"Feature","geometry":{"type":"LineString","coordinates":[[12.63623,55.65714],[12.63822,55.65723],[12.64766,55.65865]]},"properties":{"type":"Skybrudsledning","project":"Italiensvej. Kastrupvej – Amager Strandvej","catchment":"Amager"}},{"type":"Feature","geometry":{"type":"LineString","coordinates":[[12.58588,55.70724],[12.5851,55.70885],[12.58485,55.70903]]},"properties":{"type":"mix","project":"Strandboulevarden","catchment":"Østerbro"}},{"type":"Feature","geometry":{"type":"LineString","coordinates":[[12.62194,55.6559],[12.61955,55.65861],[12.61878,55.65965],[12.61797,55.6609]]},"properties":{"type":"mix","project":"Backersvej. Amager Hospital - Lergravsvej","catchment":"Amager"}},{"type":"Feature","geometry":{"type":"LineString","coordinates":[[12.48988,55.65902],[12.48467,55.65893]]},"properties":{"type":"Grønne veje","project":"Lykkebovej","catchment":"København Vest"}},{"type":"Feature","geometry":{"type":"LineString","coordinates":[[12.52396,55.65722],[12.52375,55.65721]]},"properties":{"type":"Skybrudsveje","project":"Valbygårdsvej","catchment":"København Vest"}},{"type":"Feature","geometry":{"type":"LineString","coordinates":[[12.55564,55.67235],[12.55833,55.66971]]},"properties":{"type":"Skybrudsveje","project":"Gasværksvej","catchment":"Vesterbro-ladegaardså"}},{"type":"Feature","geometry":{"type":"LineString","coordinates":[[12.52334,55.70805],[12.5212,55.70861]]},"properties":{"type":"Forsinkelsesveje","project":"Smedetoften m.fl.","catchment":"Bispebjerg"}},{"type":"Feature","geometry":{"type":"LineString","coordinates":[[12.49555,55.68254],[12.4962,55.68187],[12.49663,55.68122],[12.4969,55.68063],[12.49776,55.67939]]},"properties":{"type":"Grønne veje","project":null,"catchment":null}},{"type":"Feature","geometry":{"type":"LineString","coordinates":[[12.52453,55.71143],[12.52474,55.71014],[12.5249,55.71015]]},"properties":{"type":"Skybrudsveje","project":"Tomsgårdsvej","catchment":"Bispebjerg"}},{"type":"Feature","geometry":{"type":"LineString","coordinates":[[12.54226,55.71186],[12.54328,55.71223],[12.54356,55.71215]]},"properties":{"type":"Skybrudsveje","project":"Bispebjerg Bakke","catchment":"Bispebjerg"}},{"type":"Feature","geometry":{"type":"LineString","coordinates":[[12.57502,55.70522],[12.57592,55.7053],[12.57636,55.70552]]},"properties":{"type":"Forsinkelsesveje","project":"Østerfælledtorv","catchment":"Østerbro"}},{"type":"Feature","geometry":{"type":"LineString","coordinates":[[12.51095,55.68183],[12.50902,55.67882],[12.50618,55.67231],[12.50623,55.67227]]},"properties":{"type":"mix","project":null,"catchment":null}},{"type":"Feature","geometry":{"type":"LineString","coordinates":[[12.51144,55.67565],[12.51017,55.67511]]},"properties":{"type":"Forsinkelsesveje","project":null,"catchment":null}},{"type":"Feature","geometry":{"type":"LineString","coordinates":[[12.47906,55.70298],[12.47558,55.70257],[12.47566,55.70376],[12.47439,55.70382],[12.47256,55.70521],[12.47243,55.70524],[12.47305,55.70635],[12.47184,55.7065],[12.47223,55.70706]]},"properties":{"type":"Skybrudsveje","project":"Skybrudsvej mod Husumparken","catchment":"København Vest"}},{"type":"Feature","geometry":{"type":"LineString","coordinates":[[12.51672,55.67031],[12.51209,55.67061],[12.51113,55.67072]]},"properties":{"type":"Grønne veje","project":null,"catchment":null}},{"type":"Feature","geometry":{"type":"LineString","coordinates":[[12.50534,55.67558],[12.5072,55.6757]]},"properties":{"type":"Grønne veje","project":null,"catchment":null}},{"type":"Feature","geometry":{"type":"LineString","coordinates":[[12.53884,55.67293],[12.53915,55.67387]]},"properties":{"type":"Grønne veje","project":null,"catchment":null}},{"type":"Feature","geometry":{"type":"LineString","coordinates":[[12.46382,55.70067],[12.46406,55.6993],[12.46407,55.69903],[12.46398,55.6986],[12.46368,55.69766],[12.46371,55.69762],[12.46346,55.69685],[12.46346,55.69626],[12.46367,55.69597],[12.46465,55.69499],[12.4664,55.69341],[12.46684,55.69272],[12.46702,55.69165]]},"properties":{"type":"Skybrudsveje","project":"Krogbjergparken syd","catchment":"København Vest"}},{"type":"Feature","geometry":{"type":"LineString","coordinates":[[12.51832,55.70925],[12.5212,55.70861]]},"properties":{"type":"Forsinkelsesveje","project":"Smedetoften m.fl.","catchment":"Bispebjerg"}},{"type":"Feature","geometry":{"type":"LineString","coordinates":[[12.60026,55.66427],[12.59887,55.66387],[12.59647,55.6633],[12.59636,55.66341]]},"properties":{"type":"Skybrudsledning","project":"Kongedybet","catchment":"Amager"}},{"type":"Feature","geometry":{"type":"LineString","coordinates":[[12.60147,55.6617],[12.59906,55.66053]]},"properties":{"type":"Forsinkelsesveje","project":"Kornblomstvej","catchment":"Amager"}},{"type":"Feature","geometry":{"type":"LineString","coordinates":[[12.53698,55.7084],[12.53677,55.70641]]},"properties":{"type":"Skybrudsledning","project":"Dortheavej","catchment":"Bispebjerg"}},{"type":"Feature","geometry":{"type":"LineString","coordinates":[[12.53575,55.71432],[12.53509,55.71348],[12.53561,55.71288]]},"properties":{"type":"Skybrudsveje","project":"Tuborgvej","catchment":"Bispebjerg"}},{"type":"Feature","geometry":{"type":"LineString","coordinates":[[12.54406,55.71475],[12.54448,55.71429],[12.54464,55.71381],[12.54454,55.71316],[12.54441,55.7129],[12.54376,55.71242]]},"properties":{"type":"Skybrudsveje","project":"Bispebjerg Bakke","catchment":"Bispebjerg"}},{"type":"Feature","geometry":{"type":"LineString","coordinates":[[12.4878,55.67063],[12.48701,55.67]]},"properties":{"type":"Grønne veje","project":"Grønne veje i øvrigt Gåsebækrenden","catchment":"København Vest"}},{"type":"Feature","geometry":{"type":"LineString","coordinates":[[12.57855,55.70452],[12.57877,55.7038]]},"properties":{"type":"mix","project":"Rothesgade m.fl.","catchment":"Østerbro"}},{"type":"Feature","geometry":{"type":"LineString","coordinates":[[12.57067,55.72339],[12.57391,55.72353]]},"properties":{"type":"mix","project":"Vestagervej","catchment":"Bispebjerg"}},{"type":"Feature","geometry":{"type":"LineString","coordinates":[[12.48495,55.67023],[12.48572,55.6702],[12.48778,55.66949],[12.48817,55.66964],[12.48882,55.66935]]},"properties":{"type":"Grønne veje","project":"Grønne veje i øvrigt Gåsebækrenden","catchment":"København Vest"}},{"type":"Feature","geometry":{"type":"LineString","coordinates":[[12.49515,55.70502],[12.49454,55.70509]]},"properties":{"type":"Skybrudsledning","project":"Præstegårds Allé","catchment":"Bispebjerg"}},{"type":"Feature","geometry":{"type":"LineString","coordinates":[[12.53575,55.71432],[12.53733,55.71591],[12.53829,55.71666]]},"properties":{"type":"Skybrudsveje","project":"Tuborgvej","catchment":"Bispebjerg"}},{"type":"Feature","geometry":{"type":"LineString","coordinates":[[12.53871,55.70735],[12.53686,55.70734]]},"properties":{"type":"Skybrudsledning","project":"Dortheavej","catchment":"Bispebjerg"}},{"type":"Feature","geometry":{"type":"LineString","coordinates":[[12.54587,55.67889],[12.54688,55.68031]]},"properties":{"type":"Skybrudsveje","project":null,"catchment":null}},{"type":"Feature","geometry":{"type":"LineString","coordinates":[[12.56322,55.64184],[12.5563,55.64215]]},"properties":{"type":"Skybrudsveje","project":"Amager Fælled","catchment":"Amager"}},{"type":"Feature","geometry":{"type":"LineString","coordinates":[[12.52908,55.71016],[12.53472,55.71021],[12.5361,55.71026],[12.53749,55.71038]]},"properties":{"type":"Skybrudsveje","project":"Hovmestervej","catchment":"Bispebjerg"}},{"type":"Feature","geometry":{"type":"LineString","coordinates":[[12.48704,55.6527],[12.48839,55.65272],[12.49254,55.65251],[12.49569,55.65214],[12.5005,55.65133],[12.50606,55.65077]]},"properties":{"type":"mix","project":"Folehaven","catchment":"København Vest"}},{"type":"Feature","geometry":{"type":"LineString","coordinates":[[12.48078,55.69781],[12.47762,55.69777],[12.46463,55.70081],[12.46453,55.70064]]},"properties":{"type":"mix","project":"Slotsherrensvej vest","catchment":"København Vest"}},{"type":"Feature","geometry":{"type":"LineString","coordinates":[[12.48078,55.69781],[12.48149,55.69782]]},"properties":{"type":"Forsinkelsesveje","project":"Slotsherrensvej vest","catchment":"København Vest"}},{"type":"Feature","geometry":{"type":"LineString","coordinates":[[12.48857,55.65252],[12.49016,55.65069],[12.49225,55.64861],[12.49549,55.64641],[12.49681,55.6456],[12.49538,55.645]]},"properties":{"type":"Skybrudsveje","project":"Vigerslevvej","catchment":"København Vest"}},{"type":"Feature","geometry":{"type":"LineString","coordinates":[[12.5079,55.65067],[12.50549,55.64779],[12.5015,55.64273]]},"properties":{"type":"Forsinkelsesveje","project":"Gl. Køge Landevej","catchment":"København Vest"}},{"type":"Feature","geometry":{"type":"LineString","coordinates":[[12.52928,55.68751],[12.52941,55.68747]]},"properties":{"type":"Skybrudsveje","project":null,"catchment":null}},{"type":"Feature","geometry":{"type":"LineString","coordinates":[[12.53809,55.7105],[12.53985,55.71088],[12.54108,55.71133]]},"properties":{"type":"Skybrudsveje","project":"Bispebjerg Bakke","catchment":"Bispebjerg"}},{"type":"Feature","geometry":{"type":"LineString","coordinates":[[12.50831,55.70568],[12.50863,55.70573],[12.50858,55.70586]]},"properties":{"type":"Skybrudsledning","project":"Svenskelejren","catchment":"Bispebjerg"}},{"type":"Feature","geometry":{"type":"LineString","coordinates":[[12.47402,55.6933],[12.47328,55.69399],[12.4726,55.69473],[12.47203,55.69546],[12.47156,55.6962],[12.47023,55.69918]]},"properties":{"type":"Skybrudsveje","project":"Tybjergvej","catchment":"København Vest"}},{"type":"Feature","geometry":{"type":"LineString","coordinates":[[12.58766,55.67173],[12.58512,55.673]]},"properties":{"type":"mix","project":"Johan Semps Gade","catchment":"Amager"}},{"type":"Feature","geometry":{"type":"LineString","coordinates":[[12.49063,55.67251],[12.48134,55.67269]]},"properties":{"type":"Skybrudsveje","project":"Roskildevej","catchment":"København Vest"}},{"type":"Feature","geometry":{"type":"LineString","coordinates":[[12.48519,55.67194],[12.48845,55.67186]]},"properties":{"type":"Forsinkelsesveje","project":"Bramslykkevej","catchment":"København Vest"}},{"type":"Feature","geometry":{"type":"LineString","coordinates":[[12.5321,55.70733],[12.5362,55.70735]]},"properties":{"type":"mix","project":"Dortheavej","catchment":"Bispebjerg"}},{"type":"Feature","geometry":{"type":"LineString","coordinates":[[12.50601,55.65062],[12.5059,55.65021],[12.50576,55.64997],[12.50536,55.64968],[12.50487,55.64952],[12.49807,55.64892],[12.4993,55.64603],[12.50063,55.64355],[12.50062,55.64345],[12.50048,55.64337],[12.5015,55.64273],[12.50119,55.64233],[12.5008,55.64193]]},"properties":{"type":"mix","project":"Kirsebærhaven","catchment":"København Vest"}},{"type":"Feature","geometry":{"type":"LineString","coordinates":[[12.5321,55.727],[12.53309,55.72692],[12.53487,55.72705],[12.53561,55.72701],[12.53801,55.72637],[12.53842,55.72621]]},"properties":{"type":"Skybrudsveje","project":"Emdrupparken","catchment":"Bispebjerg"}},{"type":"Feature","geometry":{"type":"LineString","coordinates":[[12.51144,55.67565],[12.51086,55.67503],[12.51105,55.67453]]},"properties":{"type":"Skybrudsveje","project":null,"catchment":null}},{"type":"Feature","geometry":{"type":"LineString","coordinates":[[12.54625,55.71572],[12.54871,55.71637]]},"properties":{"type":"Forsinkelsesveje","project":"Fruebjergvej","catchment":"Bispebjerg"}},{"type":"Feature","geometry":{"type":"LineString","coordinates":[[12.58709,55.71212],[12.58833,55.71092],[12.58893,55.71028],[12.58931,55.70978],[12.58963,55.70919]]},"properties":{"type":"Skybrudsledning","project":"Østerbro skybrudstunnel ","catchment":"Østerbro"}},{"type":"Feature","geometry":{"type":"LineString","coordinates":[[12.62458,55.66159],[12.62289,55.66377]]},"properties":{"type":"Forsinkelsesveje","project":"Øresundsvej og Strandlodsvej","catchment":"Amager"}},{"type":"Feature","geometry":{"type":"LineString","coordinates":[[12.48633,55.67713],[12.48433,55.67588],[12.48384,55.67402],[12.48335,55.67348],[12.48059,55.67297],[12.48009,55.67174]]},"properties":{"type":"Skybrudsveje","project":"Damhussøen","catchment":"København Vest"}},{"type":"Feature","geometry":{"type":"LineString","coordinates":[[12.57749,55.68357],[12.58524,55.68147],[12.58515,55.68113],[12.58813,55.68038]]},"properties":{"type":"Skybrudsledning","project":"Gothersgade","catchment":"Indre By"}},{"type":"Feature","geometry":{"type":"LineString","coordinates":[[12.47552,55.71102],[12.47494,55.7094],[12.47433,55.70787],[12.46997,55.70691],[12.46704,55.70645],[12.46401,55.70517],[12.46528,55.70236],[12.46477,55.70224]]},"properties":{"type":"Skybrudsveje","project":"Korsager allé","catchment":"København Vest"}},{"type":"Feature","geometry":{"type":"LineString","coordinates":[[12.55021,55.68487],[12.54959,55.68376]]},"properties":{"type":"Grønne veje","project":null,"catchment":null}},{"type":"Feature","geometry":{"type":"LineString","coordinates":[[12.58646,55.68526],[12.58737,55.68624],[12.58901,55.6858],[12.59029,55.68731],[12.59242,55.68757],[12.593,55.68791]]},"properties":{"type":"Skybrudsledning","project":"Store Kongensgade","catchment":"Indre By"}},{"type":"Feature","geometry":{"type":"LineString","coordinates":[[12.54759,55.68223],[12.54664,55.68082]]},"properties":{"type":"Grønne veje","project":null,"catchment":null}},{"type":"Feature","geometry":{"type":"LineString","coordinates":[[12.55036,55.68022],[12.55439,55.67928]]},"properties":{"type":"Grønne veje","project":null,"catchment":null}},{"type":"Feature","geometry":{"type":"LineString","coordinates":[[12.53927,55.68267],[12.54093,55.6841]]},"properties":{"type":"Grønne veje","project":null,"catchment":null}},{"type":"Feature","geometry":{"type":"LineString","coordinates":[[12.54014,55.68239],[12.54099,55.68316]]},"properties":{"type":"Grønne veje","project":null,"catchment":null}},{"type":"Feature","geometry":{"type":"LineString","coordinates":[[12.55352,55.68463],[12.55268,55.68359]]},"properties":{"type":"Grønne veje","project":null,"catchment":null}},{"type":"Feature","geometry":{"type":"LineString","coordinates":[[12.59874,55.6605],[12.59693,55.66169]]},"properties":{"type":"Skybrudsledning","project":"Kongedybet skybrudsledning","catchment":"Amager"}},{"type":"Feature","geometry":{"type":"LineString","coordinates":[[12.59817,55.69205],[12.59945,55.69197]]},"properties":{"type":"Skybrudsledning","project":"Pumpestation Kastelsgraven","catchment":"Indre By"}},{"type":"Feature","geometry":{"type":"LineString","coordinates":[[12.51798,55.70056],[12.51867,55.70132],[12.51862,55.70146]]},"properties":{"type":"Skybrudsveje","project":"Hulgårdsvej","catchment":"Bispebjerg"}},{"type":"Feature","geometry":{"type":"LineString","coordinates":[[12.57079,55.69582],[12.57207,55.6951]]},"properties":{"type":"Skybrudsveje","project":"Blegdamsvej Nord","catchment":"Nørrebro"}},{"type":"Feature","geometry":{"type":"LineString","coordinates":[[12.56468,55.69965],[12.5663,55.69873],[12.56739,55.69879]]},"properties":{"type":"Skybrudsveje","project":"Frederik V's Vej","catchment":"Nørrebro"}},{"type":"Feature","geometry":{"type":"LineString","coordinates":[[12.62985,55.66027],[12.62898,55.66185],[12.62996,55.66201],[12.63269,55.66229]]},"properties":{"type":"mix","project":"Krimsvejområdet Øresundsvej, Krimsvej og Tovelillevej","catchment":"Amager"}},{"type":"Feature","geometry":{"type":"LineString","coordinates":[[12.61652,55.64138],[12.61587,55.64128]]},"properties":{"type":"Skybrudsveje","project":"Gyldenrisvej og P-plads bag Kvickly","catchment":"Amager"}},{"type":"Feature","geometry":{"type":"LineString","coordinates":[[12.61941,55.66423],[12.61726,55.66719],[12.61683,55.66803]]},"properties":{"type":"mix","project":"Strandlodsvej, Nyrnberggade og Bremensgade","catchment":"Amager"}},{"type":"Feature","geometry":{"type":"LineString","coordinates":[[12.53324,55.68658],[12.53259,55.68672]]},"properties":{"type":"mix","project":null,"catchment":null}},{"type":"Feature","geometry":{"type":"LineString","coordinates":[[12.53181,55.72008],[12.5315,55.72006]]},"properties":{"type":"Skybrudsledning","project":"Pragtstjernevej","catchment":"Bispebjerg"}},{"type":"Feature","geometry":{"type":"LineString","coordinates":[[12.58481,55.70898],[12.58499,55.70876],[12.58706,55.70462],[12.58766,55.70378],[12.58794,55.7029],[12.58832,55.70203],[12.5889,55.7013],[12.59004,55.69956],[12.59025,55.69909],[12.59047,55.69811],[12.5905,55.69779]]},"properties":{"type":"Skybrudsledning","project":"Strandboulevarden","catchment":"Østerbro"}},{"type":"Feature","geometry":{"type":"LineString","coordinates":[[12.51258,55.71203],[12.51309,55.71248],[12.51419,55.71301]]},"properties":{"type":"Skybrudsledning","project":"Hyrdevangen","catchment":"Bispebjerg"}},{"type":"Feature","geometry":{"type":"LineString","coordinates":[[12.53243,55.70551],[12.53736,55.70414]]},"properties":{"type":"mix","project":"Rentemestervej","catchment":"Bispebjerg"}},{"type":"Feature","geometry":{"type":"LineString","coordinates":[[12.54871,55.71637],[12.55141,55.71482]]},"properties":{"type":"Forsinkelsesveje","project":"Fruebjergvej","catchment":"Bispebjerg"}},{"type":"Feature","geometry":{"type":"LineString","coordinates":[[12.59835,55.668],[12.59822,55.66779]]},"properties":{"type":"Forsinkelsesveje","project":"Amagerbanen. Vermlandsgade - Amagerfælledvej","catchment":"Amager"}},{"type":"Feature","geometry":{"type":"LineString","coordinates":[[12.57642,55.69978],[12.5767,55.69997],[12.57673,55.70022],[12.57649,55.70044],[12.57692,55.7007]]},"properties":{"type":"Forsinkelsesveje","project":"Brumleby","catchment":"Østerbro"}},{"type":"Feature","geometry":{"type":"LineString","coordinates":[[12.58589,55.70723],[12.58642,55.70616]]},"properties":{"type":"mix","project":"Strandboulevarden","catchment":"Østerbro"}},{"type":"Feature","geometry":{"type":"LineString","coordinates":[[12.51595,55.7098],[12.51593,55.71068],[12.51695,55.71048]]},"properties":{"type":"Grønne veje","project":"Utterslev Torv","catchment":"Bispebjerg"}},{"type":"Feature","geometry":{"type":"LineString","coordinates":[[12.51431,55.7098],[12.51296,55.70994]]},"properties":{"type":"Forsinkelsesveje","project":"Hyrdevangen","catchment":"Bispebjerg"}},{"type":"Feature","geometry":{"type":"LineString","coordinates":[[12.53643,55.71748],[12.53676,55.71823]]},"properties":{"type":"Skybrudsveje","project":"Pernillevej","catchment":"Bispebjerg"}},{"type":"Feature","geometry":{"type":"LineString","coordinates":[[12.58215,55.71854],[12.58144,55.71848]]},"properties":{"type":"Skybrudsveje","project":"Vesterled","catchment":"Bispebjerg"}},{"type":"Feature","geometry":{"type":"LineString","coordinates":[[12.57863,55.71745],[12.58056,55.71763]]},"properties":{"type":"Skybrudsveje","project":"Vesterled","catchment":"Bispebjerg"}},{"type":"Feature","geometry":{"type":"LineString","coordinates":[[12.58241,55.71952],[12.58137,55.71926]]},"properties":{"type":"Skybrudsveje","project":"Vesterled","catchment":"Bispebjerg"}},{"type":"Feature","geometry":{"type":"LineString","coordinates":[[12.57853,55.71817],[12.58044,55.71837]]},"properties":{"type":"Skybrudsveje","project":"Vesterled","catchment":"Bispebjerg"}},{"type":"Feature","geometry":{"type":"LineString","coordinates":[[12.53726,55.71954],[12.53698,55.71874]]},"properties":{"type":"Skybrudsveje","project":"Pernillevej","catchment":"Bispebjerg"}},{"type":"Feature","geometry":{"type":"LineString","coordinates":[[12.51793,55.70301],[12.5186,55.70244],[12.51867,55.70229],[12.51865,55.70219]]},"properties":{"type":"Skybrudsveje","project":"Hulgårdsvej","catchment":"Bispebjerg"}},{"type":"Feature","geometry":{"type":"LineString","coordinates":[[12.58162,55.65431],[12.57677,55.64117]]},"properties":{"type":"Skybrudsledning","project":"Amager Fælled","catchment":"Amager"}},{"type":"Feature","geometry":{"type":"LineString","coordinates":[[12.53348,55.67401],[12.53499,55.67387],[12.53514,55.67429]]},"properties":{"type":"Grønne veje","project":null,"catchment":null}},{"type":"Feature","geometry":{"type":"LineString","coordinates":[[12.50723,55.70555],[12.50831,55.70568]]},"properties":{"type":"Skybrudsledning","project":"Svenskelejren","catchment":"Bispebjerg"}},{"type":"Feature","geometry":{"type":"LineString","coordinates":[[12.49254,55.6721],[12.491,55.67069],[12.48513,55.66608]]},"properties":{"type":"Forsinkelsesveje","project":"Vigerslevvej nord","catchment":"København Vest"}},{"type":"Feature","geometry":{"type":"LineString","coordinates":[[12.52724,55.65885],[12.52896,55.65904],[12.52889,55.65928]]},"properties":{"type":"Skybrudsledning","project":"Vestre Kirkegård","catchment":"København Vest"}},{"type":"Feature","geometry":{"type":"LineString","coordinates":[[12.53102,55.65951],[12.53168,55.6596]]},"properties":{"type":"Skybrudsledning","project":"Vestre Kirkegård","catchment":"København Vest"}},{"type":"Feature","geometry":{"type":"LineString","coordinates":[[12.51104,55.71628],[12.51059,55.71515],[12.50986,55.71488]]},"properties":{"type":"Grønne veje","project":"Mosesvinget","catchment":"Bispebjerg"}},{"type":"Feature","geometry":{"type":"LineString","coordinates":[[12.49987,55.70975],[12.50176,55.70975],[12.5019,55.7098]]},"properties":{"type":"Forsinkelsesveje","project":"Kirkemosen","catchment":"Bispebjerg"}},{"type":"Feature","geometry":{"type":"LineString","coordinates":[[12.51918,55.7138],[12.51932,55.71387],[12.5191,55.71437]]},"properties":{"type":"Skybrudsveje","project":"Ørevadsvej","catchment":"Bispebjerg"}},{"type":"Feature","geometry":{"type":"LineString","coordinates":[[12.50825,55.68527],[12.51392,55.68637]]},"properties":{"type":"mix","project":null,"catchment":null}},{"type":"Feature","geometry":{"type":"LineString","coordinates":[[12.57765,55.66189],[12.58135,55.66292],[12.58447,55.66458],[12.58506,55.66472]]},"properties":{"type":"mix","project":"Artillerivej og Ørestads Boulevard","catchment":"Amager"}},{"type":"Feature","geometry":{"type":"LineString","coordinates":[[12.55188,55.67972],[12.55161,55.67931]]},"properties":{"type":"Grønne veje","project":null,"catchment":null}},{"type":"Feature","geometry":{"type":"LineString","coordinates":[[12.56332,55.72196],[12.56395,55.72177],[12.56468,55.72176]]},"properties":{"type":"Skybrudsveje","project":"Ryparken Øst","catchment":"Bispebjerg"}},{"type":"Feature","geometry":{"type":"LineString","coordinates":[[12.55505,55.67416],[12.55412,55.67602],[12.55513,55.67608]]},"properties":{"type":"Skybrudsveje","project":null,"catchment":null}},{"type":"Feature","geometry":{"type":"LineString","coordinates":[[12.54706,55.67331],[12.54488,55.67351]]},"properties":{"type":"mix","project":null,"catchment":null}},{"type":"Feature","geometry":{"type":"LineString","coordinates":[[12.53111,55.70457],[12.53173,55.70518]]},"properties":{"type":"Skybrudsveje","project":"Rentemestervej","catchment":"Bispebjerg"}},{"type":"Feature","geometry":{"type":"LineString","coordinates":[[12.54049,55.70759],[12.53912,55.70893]]},"properties":{"type":"Forsinkelsesveje","project":"Tagensvej Nord","catchment":"Bispebjerg"}},{"type":"Feature","geometry":{"type":"LineString","coordinates":[[12.49593,55.67239],[12.49959,55.67233],[12.50618,55.67231]]},"properties":{"type":"Grønne veje","project":null,"catchment":null}},{"type":"Feature","geometry":{"type":"LineString","coordinates":[[12.58379,55.70794],[12.58478,55.70909]]},"properties":{"type":"Skybrudsledning","project":"Løgstørgade","catchment":"Østerbro"}},{"type":"Feature","geometry":{"type":"LineString","coordinates":[[12.58478,55.70909],[12.58517,55.70906],[12.58601,55.70922],[12.58693,55.70943],[12.58735,55.70967],[12.58754,55.70969]]},"properties":{"type":"Skybrudsveje","project":"Middelfartsgade m.fl.","catchment":"Østerbro"}},{"type":"Feature","geometry":{"type":"LineString","coordinates":[[12.57988,55.67506],[12.57789,55.67432],[12.57939,55.67303]]},"properties":{"type":"Skybrudsveje","project":"Slotsholmen","catchment":"Indre By"}},{"type":"Feature","geometry":{"type":"LineString","coordinates":[[12.58862,55.68218],[12.59344,55.68087],[12.59364,55.6811],[12.59411,55.68129]]},"properties":{"type":"Skybrudsledning","project":"Sankt Annæ Plads","catchment":"Indre By"}},{"type":"Feature","geometry":{"type":"LineString","coordinates":[[12.57436,55.674],[12.57645,55.67478],[12.57698,55.67473]]},"properties":{"type":"Skybrudsledning","project":"Vester Voldgade","catchment":"Indre By"}},{"type":"Feature","geometry":{"type":"LineString","coordinates":[[12.58995,55.68816],[12.59142,55.68865]]},"properties":{"type":"Skybrudsledning","project":"Grønningen","catchment":"Indre By"}},{"type":"Feature","geometry":{"type":"LineString","coordinates":[[12.56502,55.67841],[12.56725,55.67633],[12.5681,55.67565],[12.56848,55.67543],[12.57288,55.67325],[12.57544,55.67193],[12.57468,55.67144],[12.57693,55.67024]]},"properties":{"type":"Skybrudsveje","project":"H.C. Andersens Boulevard","catchment":"Indre By"}},{"type":"Feature","geometry":{"type":"LineString","coordinates":[[12.53828,55.68739],[12.54023,55.68674]]},"properties":{"type":"Grønne veje","project":null,"catchment":null}},{"type":"Feature","geometry":{"type":"LineString","coordinates":[[12.53237,55.68972],[12.53369,55.68935]]},"properties":{"type":"Grønne veje","project":null,"catchment":null}},{"type":"Feature","geometry":{"type":"LineString","coordinates":[[12.58898,55.69008],[12.58936,55.68924],[12.59049,55.68953],[12.59268,55.68774]]},"properties":{"type":"Skybrudsledning","project":"Grønningen","catchment":"Indre By"}},{"type":"Feature","geometry":{"type":"LineString","coordinates":[[12.52794,55.68359],[12.53142,55.6828],[12.53442,55.68204]]},"properties":{"type":"Grønne veje","project":null,"catchment":null}},{"type":"Feature","geometry":{"type":"LineString","coordinates":[[12.53457,55.6844],[12.53577,55.68597]]},"properties":{"type":"Grønne veje","project":null,"catchment":null}},{"type":"Feature","geometry":{"type":"LineString","coordinates":[[12.53082,55.68481],[12.53159,55.68464],[12.53228,55.68501]]},"properties":{"type":"Grønne veje","project":null,"catchment":null}},{"type":"Feature","geometry":{"type":"LineString","coordinates":[[12.52757,55.68366],[12.52495,55.6842]]},"properties":{"type":"Grønne veje","project":null,"catchment":null}},{"type":"Feature","geometry":{"type":"LineString","coordinates":[[12.52781,55.68373],[12.53035,55.68705]]},"properties":{"type":"Grønne veje","project":null,"catchment":null}},{"type":"Feature","geometry":{"type":"LineString","coordinates":[[12.57339,55.69048],[12.57199,55.69107]]},"properties":{"type":"Skybrudsledning","project":"Kartoffelrækkerne","catchment":"Nørrebro"}},{"type":"Feature","geometry":{"type":"LineString","coordinates":[[12.52885,55.70796],[12.53151,55.7074]]},"properties":{"type":"Skybrudsveje","project":"Dortheavej","catchment":"Bispebjerg"}},{"type":"Feature","geometry":{"type":"LineString","coordinates":[[12.51613,55.6644],[12.5151,55.66487],[12.51316,55.66516]]},"properties":{"type":"Forsinkelsesveje","project":"Valby Langgade","catchment":"København Vest"}},{"type":"Feature","geometry":{"type":"LineString","coordinates":[[12.48937,55.66915],[12.4912,55.66846],[12.49065,55.6673],[12.4903,55.66688],[12.49001,55.66664],[12.48912,55.66628],[12.48772,55.66599]]},"properties":{"type":"Grønne veje","project":"Grønne veje i øvrigt Gåsebækrenden","catchment":"København Vest"}},{"type":"Feature","geometry":{"type":"LineString","coordinates":[[12.54146,55.68457],[12.54125,55.68435]]},"properties":{"type":"Grønne veje","project":null,"catchment":null}},{"type":"Feature","geometry":{"type":"LineString","coordinates":[[12.53957,55.68244],[12.54074,55.68211]]},"properties":{"type":"Grønne veje","project":null,"catchment":null}},{"type":"Feature","geometry":{"type":"LineString","coordinates":[[12.55165,55.68232],[12.55212,55.68304]]},"properties":{"type":"Grønne veje","project":null,"catchment":null}},{"type":"Feature","geometry":{"type":"LineString","coordinates":[[12.55475,55.6841],[12.55332,55.68309]]},"properties":{"type":"Grønne veje","project":null,"catchment":null}},{"type":"Feature","geometry":{"type":"LineString","coordinates":[[12.54633,55.68404],[12.54782,55.68364],[12.54809,55.6837],[12.54949,55.6836],[12.5503,55.68343]]},"properties":{"type":"Grønne veje","project":null,"catchment":null}},{"type":"Feature","geometry":{"type":"LineString","coordinates":[[12.5517,55.68477],[12.5502,55.68273]]},"properties":{"type":"Grønne veje","project":null,"catchment":null}},{"type":"Feature","geometry":{"type":"LineString","coordinates":[[12.56625,55.68307],[12.56471,55.68122],[12.56544,55.68053]]},"properties":{"type":"Skybrudsveje","project":"Nørre Farimagsgade","catchment":"Vesterbro-ladegaardså"}},{"type":"Feature","geometry":{"type":"LineString","coordinates":[[12.55024,55.67265],[12.55168,55.6727],[12.5526,55.67264],[12.55428,55.67245],[12.5546,55.67232]]},"properties":{"type":"Skybrudsveje","project":"Supplerende skybrudsveje Sønder Boulevard","catchment":"Vesterbro-ladegaardså"}},{"type":"Feature","geometry":{"type":"LineString","coordinates":[[12.56235,55.68889],[12.5631,55.68953],[12.56778,55.69262]]},"properties":{"type":"Forsinkelsesveje","project":"Ryesgade Syd","catchment":"Nørrebro"}},{"type":"Feature","geometry":{"type":"LineString","coordinates":[[12.56114,55.69089],[12.56621,55.69369],[12.56649,55.69369]]},"properties":{"type":"Forsinkelsesveje","project":"Blegdamsvej Syd","catchment":"Nørrebro"}},{"type":"Feature","geometry":{"type":"LineString","coordinates":[[12.59069,55.69778],[12.59048,55.69891],[12.59022,55.69956],[12.58857,55.70192],[12.58806,55.70291],[12.58781,55.70375],[12.58747,55.70424]]},"properties":{"type":"mix","project":"Strandboulevarden","catchment":"Østerbro"}},{"type":"Feature","geometry":{"type":"LineString","coordinates":[[12.56842,55.71479],[12.56888,55.71454]]},"properties":{"type":"Skybrudsledning","project":"Rensning Kildevældssøen","catchment":"Østerbro"}},{"type":"Feature","geometry":{"type":"LineString","coordinates":[[12.48727,55.6606],[12.48717,55.65909],[12.48744,55.6587]]},"properties":{"type":"Skybrudsveje","project":"Lykkebovej","catchment":"København Vest"}},{"type":"Feature","geometry":{"type":"LineString","coordinates":[[12.48316,55.65868],[12.47842,55.65831]]},"properties":{"type":"Skybrudsveje","project":"Lykkebovej","catchment":"København Vest"}},{"type":"Feature","geometry":{"type":"LineString","coordinates":[[12.56508,55.70846],[12.56584,55.70713]]},"properties":{"type":"Forsinkelsesveje","project":"Jagtvej","catchment":"Østerbro"}},{"type":"Feature","geometry":{"type":"LineString","coordinates":[[12.58062,55.68012],[12.57938,55.67978]]},"properties":{"type":"Skybrudsledning","project":"Strøget og Købmagergade","catchment":"Indre By"}},{"type":"Feature","geometry":{"type":"LineString","coordinates":[[12.57657,55.68004],[12.57749,55.68069]]},"properties":{"type":"Skybrudsledning","project":"Strøget og Købmagergade","catchment":"Indre By"}},{"type":"Feature","geometry":{"type":"LineString","coordinates":[[12.5773,55.67971],[12.57827,55.68036]]},"properties":{"type":"Skybrudsledning","project":"Strøget og Købmagergade","catchment":"Indre By"}},{"type":"Feature","geometry":{"type":"LineString","coordinates":[[12.54902,55.64207],[12.54594,55.6434],[12.54348,55.6452],[12.5422,55.6467],[12.54045,55.65005],[12.5412,55.65013]]},"properties":{"type":"Skybrudsveje","project":"Sydhavnsgade","catchment":"København Vest"}},{"type":"Feature","geometry":{"type":"LineString","coordinates":[[12.49821,55.66744],[12.49624,55.66797]]},"properties":{"type":"Grønne veje","project":"Grønne veje i øvrigt Gåsebækrenden","catchment":"København Vest"}},{"type":"Feature","geometry":{"type":"LineString","coordinates":[[12.544,55.70544],[12.54525,55.70476]]},"properties":{"type":"Skybrudsledning","project":"Tagensvej Syd","catchment":"Bispebjerg"}},{"type":"Feature","geometry":{"type":"LineString","coordinates":[[12.54837,55.69991],[12.54813,55.69978]]},"properties":{"type":"Forsinkelsesveje","project":"Mimersgade","catchment":"Bispebjerg"}},{"type":"Feature","geometry":{"type":"LineString","coordinates":[[12.51087,55.66582],[12.51074,55.66587],[12.50939,55.66582]]},"properties":{"type":"Forsinkelsesveje","project":"Valby Langgade","catchment":"København Vest"}},{"type":"Feature","geometry":{"type":"LineString","coordinates":[[12.51193,55.66537],[12.51074,55.66587],[12.50939,55.66582],[12.50917,55.66567]]},"properties":{"type":"Skybrudsledning","project":"Valby Langgade","catchment":"København Vest"}},{"type":"Feature","geometry":{"type":"LineString","coordinates":[[12.5015,55.67859],[12.49303,55.67829],[12.49229,55.67819]]},"properties":{"type":"mix","project":null,"catchment":null}},{"type":"Feature","geometry":{"type":"LineString","coordinates":[[12.49571,55.6664],[12.49485,55.66807],[12.49465,55.66834],[12.49437,55.66856],[12.49435,55.66869]]},"properties":{"type":"Grønne veje","project":"Grønne veje i øvrigt Gåsebækrenden","catchment":"København Vest"}},{"type":"Feature","geometry":{"type":"LineString","coordinates":[[12.50372,55.66644],[12.50401,55.66597],[12.50572,55.66462]]},"properties":{"type":"Grønne veje","project":"Grønne veje i øvrigt Gåsebækrenden","catchment":"København Vest"}},{"type":"Feature","geometry":{"type":"LineString","coordinates":[[12.49381,55.66037],[12.49336,55.66004]]},"properties":{"type":"Grønne veje","project":"Grønne veje i øvrigt Gåsebækrenden","catchment":"København Vest"}},{"type":"Feature","geometry":{"type":"LineString","coordinates":[[12.48937,55.66225],[12.48888,55.66189]]},"properties":{"type":"Grønne veje","project":"Grønne veje i øvrigt Gåsebækrenden","catchment":"København Vest"}},{"type":"Feature","geometry":{"type":"LineString","coordinates":[[12.5027,55.66229],[12.50352,55.66228],[12.50368,55.66237],[12.50477,55.66237],[12.50557,55.66236],[12.50574,55.66228]]},"properties":{"type":"Grønne veje","project":"Grønne veje i øvrigt Gåsebækrenden","catchment":"København Vest"}},{"type":"Feature","geometry":{"type":"LineString","coordinates":[[12.50277,55.66293],[12.50661,55.6629]]},"properties":{"type":"Grønne veje","project":"Grønne veje i øvrigt Gåsebækrenden","catchment":"København Vest"}},{"type":"Feature","geometry":{"type":"LineString","coordinates":[[12.54515,55.68807],[12.5533,55.68524]]},"properties":{"type":"Forsinkelsesveje","project":"Rantzausgade","catchment":"Vesterbro-ladegaardså"}},{"type":"Feature","geometry":{"type":"LineString","coordinates":[[12.52803,55.70235],[12.53214,55.70081],[12.53078,55.69952],[12.53301,55.69785],[12.5338,55.69769],[12.53551,55.69776],[12.5357,55.69662],[12.53454,55.69545]]},"properties":{"type":"Skybrudsveje","project":"Ørnevej-Vibevej-Glentevej","catchment":"Vesterbro-ladegaardså"}},{"type":"Feature","geometry":{"type":"LineString","coordinates":[[12.56005,55.67958],[12.55963,55.67781]]},"properties":{"type":"Forsinkelsesveje","project":"Vester Søgade og Kampmannsgade","catchment":"Vesterbro-ladegaardså"}},{"type":"Feature","geometry":{"type":"LineString","coordinates":[[12.5631,55.6712],[12.56164,55.67073]]},"properties":{"type":"Skybrudsveje","project":"Sønder Boulevard","catchment":"Vesterbro-ladegaardså"}},{"type":"Feature","geometry":{"type":"LineString","coordinates":[[12.51724,55.66797],[12.51726,55.66773]]},"properties":{"type":"Skybrudsveje","project":"Sønder Fasanvej","catchment":"København Vest"}},{"type":"Feature","geometry":{"type":"LineString","coordinates":[[12.54011,55.68863],[12.54285,55.68676]]},"properties":{"type":"Skybrudsledning","project":"Skybrudsledning i Åboulevard","catchment":"Vesterbro-ladegaardså"}},{"type":"Feature","geometry":{"type":"LineString","coordinates":[[12.55558,55.67399],[12.55527,55.67362],[12.55564,55.67236],[12.55751,55.67046],[12.55858,55.66948],[12.55844,55.66912],[12.56629,55.6639]]},"properties":{"type":"Skybrudsledning","project":"Kalvebod Brygge Skybrudstunnel","catchment":"Vesterbro-ladegaardså"}},{"type":"Feature","geometry":{"type":"LineString","coordinates":[[12.53173,55.70518],[12.5321,55.7056],[12.53241,55.70552]]},"properties":{"type":"Skybrudsledning","project":"Rentemestervej","catchment":"Bispebjerg"}},{"type":"Feature","geometry":{"type":"LineString","coordinates":[[12.53211,55.70855],[12.5321,55.70732],[12.53686,55.70734]]},"properties":{"type":"Skybrudsledning","project":"Dortheavej","catchment":"Bispebjerg"}},{"type":"Feature","geometry":{"type":"LineString","coordinates":[[12.53858,55.70689],[12.53833,55.70611]]},"properties":{"type":"Skybrudsledning","project":"Lygten","catchment":"Bispebjerg"}},{"type":"Feature","geometry":{"type":"LineString","coordinates":[[12.53182,55.70568],[12.5321,55.7056]]},"properties":{"type":"Skybrudsledning","project":"Rentemestervej","catchment":"Bispebjerg"}},{"type":"Feature","geometry":{"type":"LineString","coordinates":[[12.53013,55.70489],[12.53065,55.70429],[12.53075,55.70428]]},"properties":{"type":"Skybrudsledning","project":"Rentemestervej","catchment":"Bispebjerg"}},{"type":"Feature","geometry":{"type":"LineString","coordinates":[[12.49943,55.65864],[12.50152,55.65462],[12.50214,55.65309],[12.50268,55.65215],[12.50305,55.65121],[12.503,55.65106]]},"properties":{"type":"Forsinkelsesveje","project":"Retortvej","catchment":"København Vest"}},{"type":"Feature","geometry":{"type":"LineString","coordinates":[[12.57451,55.72356],[12.57067,55.72339],[12.56921,55.72265]]},"properties":{"type":"Skybrudsledning","project":"Vestagervej","catchment":"Bispebjerg"}},{"type":"Feature","geometry":{"type":"LineString","coordinates":[[12.57278,55.72444],[12.5727,55.72347]]},"properties":{"type":"Skybrudsledning","project":"Vestagervej","catchment":"Bispebjerg"}},{"type":"Feature","geometry":{"type":"LineString","coordinates":[[12.57225,55.72448],[12.57278,55.72444],[12.57274,55.72385]]},"properties":{"type":"mix","project":"Vestagervej","catchment":"Bispebjerg"}},{"type":"Feature","geometry":{"type":"LineString","coordinates":[[12.57284,55.7226],[12.57277,55.72312]]},"properties":{"type":"mix","project":"Vestagervej","catchment":"Bispebjerg"}},{"type":"Feature","geometry":{"type":"LineString","coordinates":[[12.57282,55.72264],[12.5727,55.72347]]},"properties":{"type":"Skybrudsledning","project":"Vestagervej","catchment":"Bispebjerg"}},{"type":"Feature","geometry":{"type":"LineString","coordinates":[[12.57441,55.7244],[12.57451,55.72357]]},"properties":{"type":"Skybrudsledning","project":"Vestagervej","catchment":"Bispebjerg"}},{"type":"Feature","geometry":{"type":"LineString","coordinates":[[12.57459,55.72287],[12.57451,55.72357]]},"properties":{"type":"Skybrudsledning","project":"Vestagervej","catchment":"Bispebjerg"}},{"type":"Feature","geometry":{"type":"LineString","coordinates":[[12.51017,55.67511],[12.50716,55.6727],[12.50695,55.67238]]},"properties":{"type":"mix","project":null,"catchment":null}},{"type":"Feature","geometry":{"type":"LineString","coordinates":[[12.48049,55.66027],[12.48065,55.65949]]},"properties":{"type":"Grønne veje","project":"Lykkebovej","catchment":"København Vest"}},{"type":"Feature","geometry":{"type":"LineString","coordinates":[[12.53405,55.69867],[12.53372,55.69816]]},"properties":{"type":"Skybrudsveje","project":"Ørnevej-Vibevej-Glentevej","catchment":"Vesterbro-ladegaardså"}},{"type":"Feature","geometry":{"type":"LineString","coordinates":[[12.52806,55.67537],[12.53246,55.67478]]},"properties":{"type":"Skybrudsledning","project":null,"catchment":null}},{"type":"Feature","geometry":{"type":"LineString","coordinates":[[12.51911,55.6675],[12.51905,55.66719],[12.51901,55.66716],[12.51752,55.66754]]},"properties":{"type":"mix","project":"Sønder Fasanvej","catchment":"København Vest"}},{"type":"Feature","geometry":{"type":"LineString","coordinates":[[12.51901,55.66674],[12.51903,55.66695]]},"properties":{"type":"mix","project":"Sønder Fasanvej","catchment":"København Vest"}},{"type":"Feature","geometry":{"type":"LineString","coordinates":[[12.51726,55.66675],[12.51724,55.66738]]},"properties":{"type":"Skybrudsveje","project":"Sønder Fasanvej","catchment":"København Vest"}},{"type":"Feature","geometry":{"type":"LineString","coordinates":[[12.55159,55.7038],[12.55159,55.70403],[12.55147,55.70427],[12.55127,55.70447],[12.55088,55.70469],[12.54953,55.70394]]},"properties":{"type":"mix","project":"Sigurdsgade","catchment":"Bispebjerg"}},{"type":"Feature","geometry":{"type":"LineString","coordinates":[[12.54541,55.69886],[12.545,55.69913]]},"properties":{"type":"Forsinkelsesveje","project":"Baldersgade og Dagmarsgade","catchment":"Bispebjerg"}},{"type":"Feature","geometry":{"type":"LineString","coordinates":[[12.5495,55.69945],[12.54847,55.70009],[12.54781,55.70038],[12.54518,55.70128]]},"properties":{"type":"Forsinkelsesveje","project":"Mimersgade","catchment":"Bispebjerg"}},{"type":"Feature","geometry":{"type":"LineString","coordinates":[[12.54292,55.70695],[12.54884,55.70934],[12.54918,55.7097]]},"properties":{"type":"Skybrudsledning","project":"Banearealet","catchment":"Bispebjerg"}},{"type":"Feature","geometry":{"type":"LineString","coordinates":[[12.51354,55.66587],[12.51326,55.66531]]},"properties":{"type":"Forsinkelsesveje","project":"Valby Langgade","catchment":"København Vest"}},{"type":"Feature","geometry":{"type":"LineString","coordinates":[[12.51267,55.66427],[12.51308,55.66499]]},"properties":{"type":"Forsinkelsesveje","project":"Valby Langgade","catchment":"København Vest"}},{"type":"Feature","geometry":{"type":"LineString","coordinates":[[12.51021,55.66129],[12.50906,55.66123]]},"properties":{"type":"Skybrudsveje","project":"Vigerslev allé","catchment":"København Vest"}},{"type":"Feature","geometry":{"type":"LineString","coordinates":[[12.50677,55.66111],[12.50821,55.66118]]},"properties":{"type":"Skybrudsveje","project":"Vigerslev allé","catchment":"København Vest"}},{"type":"Feature","geometry":{"type":"LineString","coordinates":[[12.58505,55.67736],[12.5858,55.67758],[12.58601,55.67776],[12.58609,55.67795],[12.58578,55.67876],[12.58558,55.67974],[12.58592,55.67984],[12.58644,55.68009],[12.58689,55.68044]]},"properties":{"type":"Skybrudsveje","project":"Holmens Kanal","catchment":"Indre By"}},{"type":"Feature","geometry":{"type":"LineString","coordinates":[[12.58231,55.67751],[12.58284,55.67694]]},"properties":{"type":"Skybrudsledning","project":"Admiralgade","catchment":"Indre By"}},{"type":"Feature","geometry":{"type":"LineString","coordinates":[[12.55661,55.70354],[12.55157,55.70363],[12.5501,55.70362]]},"properties":{"type":"mix","project":"Sigurdsgade","catchment":"Bispebjerg"}},{"type":"Feature","geometry":{"type":"LineString","coordinates":[[12.55428,55.70503],[12.55409,55.70491],[12.55389,55.70466],[12.55377,55.7038]]},"properties":{"type":"mix","project":"Sigurdsgade","catchment":"Bispebjerg"}},{"type":"Feature","geometry":{"type":"LineString","coordinates":[[12.55091,55.70277],[12.5515,55.70311],[12.55158,55.70342]]},"properties":{"type":"mix","project":"Sigurdsgade","catchment":"Bispebjerg"}},{"type":"Feature","geometry":{"type":"LineString","coordinates":[[12.57562,55.68591],[12.5765,55.6865],[12.57813,55.68738]]},"properties":{"type":"Skybrudsveje","project":"Øster Voldgade","catchment":"Indre By"}},{"type":"Feature","geometry":{"type":"LineString","coordinates":[[12.58841,55.68102],[12.59011,55.68144],[12.59027,55.68164]]},"properties":{"type":"Skybrudsledning","project":"Store Strandstræde","catchment":"Indre By"}},{"type":"Feature","geometry":{"type":"LineString","coordinates":[[12.58262,55.68073],[12.58295,55.68082]]},"properties":{"type":"Skybrudsledning","project":"Pistolstræde","catchment":"Indre By"}},{"type":"Feature","geometry":{"type":"LineString","coordinates":[[12.60593,55.66499],[12.60419,55.66464]]},"properties":{"type":"Skybrudsledning","project":"Ålandsgade","catchment":"Amager"}},{"type":"Feature","geometry":{"type":"LineString","coordinates":[[12.61685,55.65339],[12.61768,55.65353],[12.61784,55.65363]]},"properties":{"type":"Skybrudsveje","project":"Elbagade - Fillipsparken","catchment":"Amager"}},{"type":"Feature","geometry":{"type":"LineString","coordinates":[[12.59765,55.66764],[12.59822,55.66779],[12.5989,55.66706],[12.59856,55.66699]]},"properties":{"type":"Forsinkelsesveje","project":"Amagerbanen. Vermlandsgade - Amagerfælledvej","catchment":"Amager"}},{"type":"Feature","geometry":{"type":"LineString","coordinates":[[12.49645,55.66992],[12.50218,55.66983]]},"properties":{"type":"Forsinkelsesveje","project":null,"catchment":null}},{"type":"Feature","geometry":{"type":"LineString","coordinates":[[12.59262,55.66575],[12.59284,55.66632],[12.5933,55.66693],[12.59084,55.66754]]},"properties":{"type":"mix","project":"Amager Boulevard, Badenflethsgade m.fl.","catchment":"Amager"}},{"type":"Feature","geometry":{"type":"LineString","coordinates":[[12.59247,55.65805],[12.595,55.66632]]},"properties":{"type":"Forsinkelsesveje","project":"Amager Fælledvej","catchment":"Amager"}},{"type":"Feature","geometry":{"type":"LineString","coordinates":[[12.56698,55.69209],[12.56839,55.69138]]},"properties":{"type":"Skybrudsledning","project":"Sølund","catchment":"Nørrebro"}},{"type":"Feature","geometry":{"type":"LineString","coordinates":[[12.45667,55.71397],[12.45736,55.71412],[12.45794,55.71449],[12.45813,55.71488],[12.4586,55.71616],[12.45879,55.71688],[12.45817,55.71801],[12.45799,55.71843],[12.45765,55.719],[12.45725,55.71961],[12.45685,55.71991]]},"properties":{"type":"Skybrudsledning","project":"Nedre Kags Å","catchment":"København Vest"}},{"type":"Feature","geometry":{"type":"LineString","coordinates":[[12.51519,55.72277],[12.51712,55.72548],[12.51685,55.72573],[12.51705,55.72664]]},"properties":{"type":"Skybrudsledning","project":"Svanemøllen Skybrudstunnel","catchment":"Bispebjerg"}},{"type":"Feature","geometry":{"type":"LineString","coordinates":[[12.5769,55.67388],[12.57739,55.67419]]},"properties":{"type":"Skybrudsledning","project":"Ny Kongensgade","catchment":"Indre By"}},{"type":"Feature","geometry":{"type":"LineString","coordinates":[[12.58177,55.67726],[12.58155,55.67715]]},"properties":{"type":"Skybrudsledning","project":"Indre By Midt","catchment":"Indre By"}},{"type":"Feature","geometry":{"type":"LineString","coordinates":[[12.58077,55.67776],[12.58051,55.67755]]},"properties":{"type":"Skybrudsledning","project":"Indre By Midt","catchment":"Indre By"}},{"type":"Feature","geometry":{"type":"LineString","coordinates":[[12.57501,55.67597],[12.57567,55.67585]]},"properties":{"type":"Skybrudsledning","project":"Indre By Midt","catchment":"Indre By"}},{"type":"Feature","geometry":{"type":"LineString","coordinates":[[12.59647,55.68805],[12.59685,55.68857]]},"properties":{"type":"Skybrudsledning","project":"Indre By Nord","catchment":"Indre By"}},{"type":"Feature","geometry":{"type":"LineString","coordinates":[[12.52124,55.66045],[12.52162,55.66039],[12.52178,55.66026],[12.52183,55.66012],[12.52244,55.65649],[12.52252,55.65636],[12.52275,55.65469],[12.52304,55.65309]]},"properties":{"type":"Grønne veje","project":"Gårdhave, Straussvej","catchment":"København Vest"}},{"type":"Feature","geometry":{"type":"LineString","coordinates":[[12.52124,55.66045],[12.52091,55.66038],[12.52078,55.66026],[12.52169,55.65308]]},"properties":{"type":"Grønne veje","project":"Gårdhave, Straussvej","catchment":"København Vest"}},{"type":"Feature","geometry":{"type":"LineString","coordinates":[[12.5224,55.65643],[12.52135,55.65639]]},"properties":{"type":"Grønne veje","project":"Gårdhave, Straussvej","catchment":"København Vest"}},{"type":"Feature","geometry":{"type":"LineString","coordinates":[[12.52369,55.65648],[12.5226,55.65644]]},"properties":{"type":"Grønne veje","project":"Gårdhave, Straussvej","catchment":"København Vest"}},{"type":"Feature","geometry":{"type":"LineString","coordinates":[[12.52121,55.65639],[12.52016,55.65635]]},"properties":{"type":"Grønne veje","project":"Gårdhave, Straussvej","catchment":"København Vest"}},{"type":"Feature","geometry":{"type":"LineString","coordinates":[[12.51996,55.65634],[12.51886,55.6563]]},"properties":{"type":"Grønne veje","project":"Gårdhave, Straussvej","catchment":"København Vest"}},{"type":"Feature","geometry":{"type":"LineString","coordinates":[[12.51867,55.65629],[12.51799,55.65627]]},"properties":{"type":"Grønne veje","project":"Gårdhave, Straussvej","catchment":"København Vest"}},{"type":"Feature","geometry":{"type":"LineString","coordinates":[[12.51982,55.65751],[12.51802,55.65746]]},"properties":{"type":"Grønne veje","project":"Gårdhave, Straussvej","catchment":"København Vest"}},{"type":"Feature","geometry":{"type":"LineString","coordinates":[[12.51876,55.65743],[12.51869,55.65349]]},"properties":{"type":"Grønne veje","project":"Gårdhave, Straussvej","catchment":"København Vest"}},{"type":"Feature","geometry":{"type":"LineString","coordinates":[[12.51954,55.70253],[12.51892,55.70242]]},"properties":{"type":"Skybrudsveje","project":"Hulgårdsvej","catchment":"Bispebjerg"}},{"type":"Feature","geometry":{"type":"LineString","coordinates":[[12.51162,55.69981],[12.5141,55.69894],[12.51449,55.69903]]},"properties":{"type":"Skybrudsledning","project":"Bellahøjvej","catchment":"Bispebjerg"}},{"type":"Feature","geometry":{"type":"LineString","coordinates":[[12.51454,55.6988],[12.51456,55.69901]]},"properties":{"type":"Skybrudsledning","project":"Bellahøjvej","catchment":"Bispebjerg"}},{"type":"Feature","geometry":{"type":"LineString","coordinates":[[12.51264,55.70296],[12.51296,55.7037],[12.51342,55.70377]]},"properties":{"type":"Skybrudsveje","project":"Bellahøj Camping","catchment":"Bispebjerg"}},{"type":"Feature","geometry":{"type":"LineString","coordinates":[[12.51224,55.70214],[12.51257,55.70278],[12.51307,55.70285]]},"properties":{"type":"Skybrudsveje","project":"Bellahøj Camping","catchment":"Bispebjerg"}},{"type":"Feature","geometry":{"type":"LineString","coordinates":[[12.47905,55.69756],[12.47906,55.69733],[12.48099,55.69141]]},"properties":{"type":"Forsinkelsesveje","project":"Ålekistevej","catchment":"København Vest"}},{"type":"Feature","geometry":{"type":"LineString","coordinates":[[12.49717,55.69951],[12.49702,55.69915],[12.49682,55.69798]]},"properties":{"type":"Grønne veje","project":"Grønne veje i øvrigt Grøndals Å","catchment":"København Vest"}},{"type":"Feature","geometry":{"type":"LineString","coordinates":[[12.58927,55.68317],[12.593,55.68764],[12.59379,55.68774]]},"properties":{"type":"Skybrudsledning","project":"Bredgade og Fredericiagade","catchment":"Indre By"}},{"type":"Feature","geometry":{"type":"LineString","coordinates":[[12.49429,55.66908],[12.4999,55.66774],[12.50786,55.66604],[12.50876,55.66589]]},"properties":{"type":"Grønne veje","project":"Grønne veje i øvrigt Gåsebækrenden","catchment":"København Vest"}},{"type":"Feature","geometry":{"type":"LineString","coordinates":[[12.53477,55.69446],[12.53354,55.69523],[12.53243,55.69547],[12.53056,55.69562],[12.52696,55.6956],[12.52589,55.69545],[12.5249,55.69524],[12.52317,55.69464],[12.52238,55.69427],[12.52212,55.69414],[12.52113,55.69329],[12.5211,55.69319],[12.52048,55.69273],[12.52031,55.69252],[12.51917,55.69178],[12.51758,55.6909],[12.51649,55.69065],[12.5162,55.69046],[12.51555,55.69019],[12.51423,55.68995],[12.51264,55.68941],[12.50826,55.68889],[12.50555,55.68871],[12.50372,55.68842],[12.50241,55.68803],[12.50197,55.68784],[12.50016,55.68662],[12.49789,55.68546],[12.49559,55.68453],[12.49403,55.68353],[12.49299,55.68277],[12.49214,55.68179],[12.49175,55.68101],[12.49126,55.68041],[12.49104,55.67953],[12.49096,55.67941],[12.49065,55.67922],[12.48765,55.6779]]},"properties":{"type":"Skybrudsledning","project":"Grøndals Å","catchment":"Vesterbro-ladegaardså"}},{"type":"Feature","geometry":{"type":"LineString","coordinates":[[12.49166,55.69321],[12.49221,55.69259],[12.49333,55.69191],[12.49501,55.69103],[12.49631,55.69026],[12.49759,55.68943],[12.49933,55.68809]]},"properties":{"type":"Skybrudsveje","project":"Bangsbovej","catchment":"København Vest"}},{"type":"Feature","geometry":{"type":"LineString","coordinates":[[12.51353,55.71982],[12.51519,55.72277],[12.51264,55.72287],[12.51073,55.72304],[12.50575,55.724],[12.50462,55.72407],[12.50204,55.72375]]},"properties":{"type":"Skybrudsledning","project":"Svanemøllen Skybrudstunnel","catchment":"Bispebjerg"}},{"type":"Feature","geometry":{"type":"LineString","coordinates":[[12.51712,55.72548],[12.51959,55.72755],[12.52223,55.72792],[12.53257,55.72768],[12.53534,55.72746],[12.53521,55.72697],[12.53313,55.72685],[12.5321,55.72695]]},"properties":{"type":"Skybrudsledning","project":"Svanemøllen Skybrudstunnel","catchment":"Bispebjerg"}},{"type":"Feature","geometry":{"type":"LineString","coordinates":[[12.53534,55.72746],[12.5558,55.72288],[12.55593,55.72391],[12.55899,55.72381],[12.56024,55.72338],[12.56042,55.72364],[12.56096,55.72549]]},"properties":{"type":"Skybrudsledning","project":"Svanemøllen Skybrudstunnel","catchment":"Bispebjerg"}},{"type":"Feature","geometry":{"type":"LineString","coordinates":[[12.53404,55.70506],[12.53704,55.70423],[12.5382,55.70464],[12.53828,55.70537],[12.53905,55.70533]]},"properties":{"type":"Skybrudsledning","project":"Svanemøllen Skybrudstunnel","catchment":"Bispebjerg"}},{"type":"Feature","geometry":{"type":"LineString","coordinates":[[12.58334,55.67676],[12.58306,55.67653]]},"properties":{"type":"Skybrudsledning","project":"Indre By Midt","catchment":"Indre By"}},{"type":"Feature","geometry":{"type":"LineString","coordinates":[[12.51129,55.70123],[12.51209,55.70197],[12.51246,55.70203]]},"properties":{"type":"Skybrudsveje","project":"Bellahøj Camping","catchment":"Bispebjerg"}},{"type":"Feature","geometry":{"type":"LineString","coordinates":[[12.50307,55.69162],[12.49917,55.6901],[12.4997,55.68958]]},"properties":{"type":"Skybrudsveje","project":"Vanløse allé","catchment":"København Vest"}},{"type":"Feature","geometry":{"type":"LineString","coordinates":[[12.49384,55.69765],[12.49488,55.69455]]},"properties":{"type":"Skybrudsveje","project":"Borrebyvej","catchment":"København Vest"}},{"type":"Feature","geometry":{"type":"LineString","coordinates":[[12.48155,55.69658],[12.48319,55.69178],[12.48342,55.69152],[12.48511,55.68897]]},"properties":{"type":"Skybrudsledning","project":"Skjulhøj allé","catchment":"København Vest"}},{"type":"Feature","geometry":{"type":"LineString","coordinates":[[12.49929,55.6952],[12.49469,55.69403]]},"properties":{"type":"Forsinkelsesveje","project":"Bellahøjvej","catchment":"København Vest"}},{"type":"Feature","geometry":{"type":"LineString","coordinates":[[12.4822,55.69463],[12.48499,55.69495]]},"properties":{"type":"Skybrudsledning","project":"Skjulhøj allé","catchment":"København Vest"}},{"type":"Feature","geometry":{"type":"LineString","coordinates":[[12.48254,55.6936],[12.48501,55.69412]]},"properties":{"type":"Skybrudsledning","project":"Skjulhøj allé","catchment":"København Vest"}},{"type":"Feature","geometry":{"type":"LineString","coordinates":[[12.48468,55.68268],[12.4886,55.68272],[12.4903,55.68256]]},"properties":{"type":"Forsinkelsesveje","project":"Hyltebjerg Allé","catchment":"København Vest"}},{"type":"Feature","geometry":{"type":"LineString","coordinates":[[12.48388,55.68372],[12.48903,55.6849]]},"properties":{"type":"Forsinkelsesveje","project":"Bogholder Allé","catchment":"København Vest"}},{"type":"Feature","geometry":{"type":"LineString","coordinates":[[12.48127,55.69137],[12.48319,55.69178]]},"properties":{"type":"Skybrudsledning","project":"Skjulhøj allé","catchment":"København Vest"}},{"type":"Feature","geometry":{"type":"LineString","coordinates":[[12.49431,55.70227],[12.49417,55.70128]]},"properties":{"type":"Grønne veje","project":"Grønne veje i øvrigt Grøndals Å","catchment":"København Vest"}},{"type":"Feature","geometry":{"type":"LineString","coordinates":[[12.49534,55.70155],[12.49462,55.70118]]},"properties":{"type":"Grønne veje","project":"Grønne veje i øvrigt Grøndals Å","catchment":"København Vest"}},{"type":"Feature","geometry":{"type":"LineString","coordinates":[[12.49633,55.70123],[12.49645,55.6998]]},"properties":{"type":"Grønne veje","project":"Grønne veje i øvrigt Grøndals Å","catchment":"København Vest"}},{"type":"Feature","geometry":{"type":"LineString","coordinates":[[12.49448,55.70079],[12.49522,55.70033],[12.49624,55.69985],[12.49718,55.69954],[12.49795,55.69941]]},"properties":{"type":"Grønne veje","project":"Grønne veje i øvrigt Grøndals Å","catchment":"København Vest"}},{"type":"Feature","geometry":{"type":"LineString","coordinates":[[12.49517,55.7003],[12.49455,55.69989],[12.4942,55.69948],[12.49407,55.69923],[12.49383,55.69782]]},"properties":{"type":"Grønne veje","project":"Grønne veje i øvrigt Grøndals Å","catchment":"København Vest"}},{"type":"Feature","geometry":{"type":"LineString","coordinates":[[12.49618,55.69982],[12.49577,55.69948],[12.49557,55.69919],[12.49534,55.69793]]},"properties":{"type":"Grønne veje","project":"Grønne veje i øvrigt Grøndals Å","catchment":"København Vest"}},{"type":"Feature","geometry":{"type":"LineString","coordinates":[[12.49668,55.66539],[12.49681,55.66558],[12.49693,55.66564],[12.4998,55.66655],[12.5007,55.66674],[12.50101,55.66685],[12.50121,55.66703],[12.50133,55.66723]]},"properties":{"type":"Grønne veje","project":"Grønne veje i øvrigt Gåsebækrenden","catchment":"København Vest"}},{"type":"Feature","geometry":{"type":"LineString","coordinates":[[12.60006,55.65928],[12.59753,55.65803]]},"properties":{"type":"Forsinkelsesveje","project":"Brydes Allé","catchment":"Amager"}},{"type":"Feature","geometry":{"type":"LineString","coordinates":[[12.52628,55.70908],[12.52798,55.70874],[12.5319,55.70873],[12.53286,55.70856],[12.53817,55.70838]]},"properties":{"type":"Skybrudsledning","project":"Landsdommervej","catchment":"Bispebjerg"}},{"type":"Feature","geometry":{"type":"LineString","coordinates":[[12.53766,55.71617],[12.53829,55.71666]]},"properties":{"type":"Skybrudsledning","project":"Tuborgvej","catchment":"Bispebjerg"}},{"type":"Feature","geometry":{"type":"LineString","coordinates":[[12.60111,55.66339],[12.59824,55.6626]]},"properties":{"type":"Skybrudsledning","project":"Kongedybet","catchment":"Amager"}},{"type":"Feature","geometry":{"type":"LineString","coordinates":[[12.54028,55.68164],[12.54014,55.68137],[12.54073,55.68128]]},"properties":{"type":"Grønne veje","project":null,"catchment":null}},{"type":"Feature","geometry":{"type":"LineString","coordinates":[[12.59291,55.68795],[12.59261,55.68804],[12.59202,55.68851],[12.59199,55.68869]]},"properties":{"type":"Skybrudsledning","project":"De Indre Søer","catchment":"Nørrebro"}},{"type":"Feature","geometry":{"type":"LineString","coordinates":[[12.58,55.68948],[12.58018,55.68956]]},"properties":{"type":"Skybrudsledning","project":"De Indre Søer","catchment":"Nørrebro"}},{"type":"Feature","geometry":{"type":"LineString","coordinates":[[12.57054,55.69168],[12.57001,55.6913]]},"properties":{"type":"Skybrudsledning","project":"De Indre Søer","catchment":"Nørrebro"}},{"type":"Feature","geometry":{"type":"LineString","coordinates":[[12.55348,55.70152],[12.55371,55.70336]]},"properties":{"type":"mix","project":"Sigurdsgade","catchment":"Bispebjerg"}},{"type":"Feature","geometry":{"type":"LineString","coordinates":[[12.49816,55.69799],[12.49391,55.69783]]},"properties":{"type":"Grønne veje","project":"Grønne veje i øvrigt Grøndals Å","catchment":"København Vest"}},{"type":"Feature","geometry":{"type":"LineString","coordinates":[[12.49842,55.6978],[12.49931,55.6952]]},"properties":{"type":"Forsinkelsesveje","project":"Bellahøjvej","catchment":"København Vest"}},{"type":"Feature","geometry":{"type":"LineString","coordinates":[[12.49636,55.69344],[12.49787,55.69314],[12.50074,55.69273],[12.5039,55.69252]]},"properties":{"type":"Forsinkelsesveje","project":"Sallingvej","catchment":"København Vest"}},{"type":"Feature","geometry":{"type":"LineString","coordinates":[[12.49847,55.69306],[12.49784,55.69315],[12.49778,55.69302],[12.49785,55.69294]]},"properties":{"type":"Skybrudsveje","project":"Sallingvej","catchment":"København Vest"}},{"type":"Feature","geometry":{"type":"LineString","coordinates":[[12.53464,55.68641],[12.53514,55.68706]]},"properties":{"type":"Grønne veje","project":null,"catchment":null}},{"type":"Feature","geometry":{"type":"LineString","coordinates":[[12.48957,55.69301],[12.49127,55.6933]]},"properties":{"type":"Skybrudsveje","project":"Bangsbovej","catchment":"København Vest"}},{"type":"Feature","geometry":{"type":"LineString","coordinates":[[12.49385,55.69378],[12.49185,55.69341]]},"properties":{"type":"Skybrudsveje","project":"Bangsbovej","catchment":"København Vest"}},{"type":"Feature","geometry":{"type":"LineString","coordinates":[[12.49103,55.69234],[12.49202,55.69083],[12.49223,55.69058],[12.4926,55.69029],[12.49374,55.68965],[12.49479,55.68884]]},"properties":{"type":"Grønne veje","project":"Grønne veje i øvrigt Grøndals Å","catchment":"København Vest"}},{"type":"Feature","geometry":{"type":"LineString","coordinates":[[12.48979,55.69214],[12.4908,55.69055],[12.49112,55.68966]]},"properties":{"type":"Grønne veje","project":"Grønne veje i øvrigt Grøndals Å","catchment":"København Vest"}},{"type":"Feature","geometry":{"type":"LineString","coordinates":[[12.48953,55.69072],[12.49392,55.69138]]},"properties":{"type":"Grønne veje","project":"Grønne veje i øvrigt Grøndals Å","catchment":"København Vest"}},{"type":"Feature","geometry":{"type":"LineString","coordinates":[[12.49483,55.69095],[12.4932,55.69036],[12.49138,55.68942],[12.49119,55.68863]]},"properties":{"type":"Grønne veje","project":"Grønne veje i øvrigt Grøndals Å","catchment":"København Vest"}},{"type":"Feature","geometry":{"type":"LineString","coordinates":[[12.49187,55.68959],[12.4923,55.6894],[12.49272,55.68913],[12.49309,55.68883],[12.49338,55.68853]]},"properties":{"type":"Grønne veje","project":"Grønne veje i øvrigt Grøndals Å","catchment":"København Vest"}},{"type":"Feature","geometry":{"type":"LineString","coordinates":[[12.49401,55.6906],[12.49536,55.68977],[12.49617,55.68921]]},"properties":{"type":"Grønne veje","project":"Grønne veje i øvrigt Grøndals Å","catchment":"København Vest"}},{"type":"Feature","geometry":{"type":"LineString","coordinates":[[12.49635,55.68906],[12.49749,55.68811]]},"properties":{"type":"Grønne veje","project":"Grønne veje i øvrigt Grøndals Å","catchment":"København Vest"}},{"type":"Feature","geometry":{"type":"LineString","coordinates":[[12.4986,55.68707],[12.49817,55.68691],[12.49501,55.68744],[12.4949,55.68753],[12.49498,55.68804]]},"properties":{"type":"Grønne veje","project":"Grønne veje i øvrigt Grøndals Å","catchment":"København Vest"}},{"type":"Feature","geometry":{"type":"LineString","coordinates":[[12.49775,55.68789],[12.49869,55.6871]]},"properties":{"type":"Grønne veje","project":"Grønne veje i øvrigt Grøndals Å","catchment":"København Vest"}},{"type":"Feature","geometry":{"type":"LineString","coordinates":[[12.51161,55.68976],[12.51125,55.69028],[12.51427,55.69114],[12.51367,55.69178]]},"properties":{"type":"Skybrudsledning","project":"Gudenåvej","catchment":"København Vest"}},{"type":"Feature","geometry":{"type":"LineString","coordinates":[[12.48391,55.68876],[12.48666,55.68913],[12.49197,55.68824],[12.49364,55.6883],[12.50185,55.68791]]},"properties":{"type":"Skybrudsledning","project":"Søvandsledningen","catchment":"København Vest"}},{"type":"Feature","geometry":{"type":"LineString","coordinates":[[12.48283,55.69279],[12.48087,55.69236]]},"properties":{"type":"Skybrudsledning","project":"Skjulhøj allé","catchment":"København Vest"}},{"type":"Feature","geometry":{"type":"LineString","coordinates":[[12.48704,55.68444],[12.48733,55.68451],[12.48727,55.68459]]},"properties":{"type":"Skybrudsveje","project":"Bogholder Allé","catchment":"København Vest"}},{"type":"Feature","geometry":{"type":"LineString","coordinates":[[12.48625,55.6827],[12.4886,55.68272],[12.49025,55.68254]]},"properties":{"type":"Skybrudsveje","project":"Hyltebjerg Allé","catchment":"København Vest"}},{"type":"Feature","geometry":{"type":"LineString","coordinates":[[12.49272,55.68821],[12.49583,55.68811],[12.49933,55.6879]]},"properties":{"type":"Skybrudsveje","project":"Apollovej tidl. Katrinedalsvej ","catchment":"København Vest"}},{"type":"Feature","geometry":{"type":"LineString","coordinates":[[12.51481,55.69153],[12.51539,55.69109],[12.51482,55.69085],[12.51414,55.69062],[12.51434,55.69042]]},"properties":{"type":"Skybrudsledning","project":"Godthåbsvej","catchment":"København Vest"}},{"type":"Feature","geometry":{"type":"LineString","coordinates":[[12.49594,55.69569],[12.49632,55.69467]]},"properties":{"type":"Grønne veje","project":"Grønne veje i øvrigt Grøndals Å","catchment":"København Vest"}},{"type":"Feature","geometry":{"type":"LineString","coordinates":[[12.49742,55.696],[12.4978,55.69498]]},"properties":{"type":"Grønne veje","project":"Grønne veje i øvrigt Grøndals Å","catchment":"København Vest"}},{"type":"Feature","geometry":{"type":"LineString","coordinates":[[12.54937,55.67467],[12.55088,55.6769],[12.55167,55.67672],[12.5514,55.6763],[12.55332,55.67586],[12.55388,55.67596]]},"properties":{"type":"Grønne veje","project":null,"catchment":null}},{"type":"Feature","geometry":{"type":"LineString","coordinates":[[12.54255,55.67608],[12.54157,55.67408]]},"properties":{"type":"Grønne veje","project":null,"catchment":null}},{"type":"Feature","geometry":{"type":"LineString","coordinates":[[12.48484,55.65822],[12.48706,55.65825],[12.4873,55.65779]]},"properties":{"type":"Skybrudsveje","project":"Gårdstedet","catchment":"København Vest"}},{"type":"Feature","geometry":{"type":"LineString","coordinates":[[12.54234,55.70818],[12.54335,55.70787],[12.54835,55.70966],[12.54918,55.7097]]},"properties":{"type":"Skybrudsledning","project":"Lersøparken","catchment":"Bispebjerg"}},{"type":"Feature","geometry":{"type":"LineString","coordinates":[[12.5382,55.67942],[12.53887,55.6809],[12.53914,55.68105],[12.54072,55.68083]]},"properties":{"type":"Grønne veje","project":null,"catchment":null}},{"type":"Feature","geometry":{"type":"LineString","coordinates":[[12.53411,55.68069],[12.53797,55.68098],[12.53812,55.68143]]},"properties":{"type":"Grønne veje","project":null,"catchment":null}},{"type":"Feature","geometry":{"type":"LineString","coordinates":[[12.53176,55.67236],[12.53566,55.672],[12.53636,55.67411]]},"properties":{"type":"Grønne veje","project":null,"catchment":null}},{"type":"Feature","geometry":{"type":"LineString","coordinates":[[12.53325,55.67085],[12.5335,55.67197]]},"properties":{"type":"Grønne veje","project":null,"catchment":null}},{"type":"Feature","geometry":{"type":"LineString","coordinates":[[12.5295,55.67969],[12.52872,55.67975]]},"properties":{"type":"Grønne veje","project":null,"catchment":null}},{"type":"Feature","geometry":{"type":"LineString","coordinates":[[12.57864,55.71323],[12.57933,55.71325],[12.57939,55.71315],[12.57937,55.71283],[12.57866,55.71282],[12.57864,55.71323]]},"properties":{"type":"Forsinkelsesveje","project":"Carl Nielsens Alle","catchment":"Østerbro"}},{"type":"Feature","geometry":{"type":"LineString","coordinates":[[12.56897,55.709],[12.56935,55.70779]]},"properties":{"type":"Forsinkelsesveje","project":"Jagtvej","catchment":"Østerbro"}},{"type":"Feature","geometry":{"type":"LineString","coordinates":[[12.56802,55.70881],[12.56852,55.70763]]},"properties":{"type":"Forsinkelsesveje","project":"Jagtvej","catchment":"Østerbro"}},{"type":"Feature","geometry":{"type":"LineString","coordinates":[[12.59271,55.64983],[12.59478,55.64961],[12.59443,55.64867]]},"properties":{"type":"mix","project":"Remiseparken og ”Stierne” til Urbanplanen","catchment":"Amager"}},{"type":"Feature","geometry":{"type":"LineString","coordinates":[[12.54118,55.67216],[12.5425,55.67219],[12.54425,55.67263]]},"properties":{"type":"Grønne veje","project":null,"catchment":null}},{"type":"Feature","geometry":{"type":"LineString","coordinates":[[12.52742,55.65833],[12.52756,55.65802],[12.52886,55.65377],[12.52928,55.65367]]},"properties":{"type":"Skybrudsveje","project":"Vestre Kirkegård","catchment":"København Vest"}},{"type":"Feature","geometry":{"type":"LineString","coordinates":[[12.53291,55.69067],[12.53472,55.69012],[12.53528,55.69076],[12.53634,55.69092]]},"properties":{"type":"Skybrudsveje","project":null,"catchment":null}},{"type":"Feature","geometry":{"type":"LineString","coordinates":[[12.54211,55.67777],[12.54298,55.68015],[12.54373,55.68125]]},"properties":{"type":"Forsinkelsesveje","project":null,"catchment":null}},{"type":"Feature","geometry":{"type":"LineString","coordinates":[[12.53139,55.66839],[12.53781,55.67027]]},"properties":{"type":"Grønne veje","project":null,"catchment":null}},{"type":"Feature","geometry":{"type":"LineString","coordinates":[[12.5339,55.69333],[12.53489,55.69431]]},"properties":{"type":"Grønne veje","project":null,"catchment":null}},{"type":"Feature","geometry":{"type":"LineString","coordinates":[[12.56935,55.70779],[12.56944,55.70761]]},"properties":{"type":"Skybrudsledning","project":"Jagtvej","catchment":"Østerbro"}},{"type":"Feature","geometry":{"type":"LineString","coordinates":[[12.56478,55.707],[12.56521,55.70685]]},"properties":{"type":"Skybrudsledning","project":"Jagtvej","catchment":"Østerbro"}},{"type":"Feature","geometry":{"type":"LineString","coordinates":[[12.54874,55.68497],[12.54815,55.68383]]},"properties":{"type":"Grønne veje","project":null,"catchment":null}},{"type":"Feature","geometry":{"type":"LineString","coordinates":[[12.59741,55.66171],[12.59899,55.66214]]},"properties":{"type":"Skybrudsledning","project":"Kongedybet","catchment":"Amager"}},{"type":"Feature","geometry":{"type":"LineString","coordinates":[[12.53463,55.67539],[12.53442,55.67477]]},"properties":{"type":"Grønne veje","project":null,"catchment":null}},{"type":"Feature","geometry":{"type":"LineString","coordinates":[[12.52318,55.68897],[12.52448,55.69039]]},"properties":{"type":"Grønne veje","project":null,"catchment":null}},{"type":"Feature","geometry":{"type":"LineString","coordinates":[[12.50645,55.687],[12.50742,55.68793],[12.51257,55.6889]]},"properties":{"type":"Grønne veje","project":null,"catchment":null}},{"type":"Feature","geometry":{"type":"LineString","coordinates":[[12.53109,55.6841],[12.53045,55.68318]]},"properties":{"type":"Grønne veje","project":null,"catchment":null}},{"type":"Feature","geometry":{"type":"LineString","coordinates":[[12.51298,55.68119],[12.51183,55.67911]]},"properties":{"type":"Grønne veje","project":null,"catchment":null}},{"type":"Feature","geometry":{"type":"LineString","coordinates":[[12.52378,55.67985],[12.52383,55.67968]]},"properties":{"type":"Grønne veje","project":null,"catchment":null}},{"type":"Feature","geometry":{"type":"LineString","coordinates":[[12.52681,55.6925],[12.5276,55.69227]]},"properties":{"type":"Grønne veje","project":null,"catchment":null}},{"type":"Feature","geometry":{"type":"LineString","coordinates":[[12.58252,55.68476],[12.58075,55.68268]]},"properties":{"type":"Skybrudsledning","project":"Gothersgade","catchment":"Indre By"}},{"type":"Feature","geometry":{"type":"LineString","coordinates":[[12.55223,55.67987],[12.55242,55.68013]]},"properties":{"type":"Grønne veje","project":null,"catchment":null}},{"type":"Feature","geometry":{"type":"LineString","coordinates":[[12.57124,55.71197],[12.57099,55.71241],[12.57087,55.71287]]},"properties":{"type":"Forsinkelsesveje","project":"Vennemindevej m.fl.","catchment":"Østerbro"}},{"type":"Feature","geometry":{"type":"LineString","coordinates":[[12.54158,55.68463],[12.54239,55.68445]]},"properties":{"type":"mix","project":null,"catchment":null}},{"type":"Feature","geometry":{"type":"LineString","coordinates":[[12.51926,55.68586],[12.51844,55.68717]]},"properties":{"type":"Skybrudsledning","project":null,"catchment":null}},{"type":"Feature","geometry":{"type":"LineString","coordinates":[[12.54407,55.68407],[12.54475,55.68515]]},"properties":{"type":"Grønne veje","project":null,"catchment":null}},{"type":"Feature","geometry":{"type":"LineString","coordinates":[[12.53251,55.68782],[12.53077,55.68821]]},"properties":{"type":"Grønne veje","project":null,"catchment":null}},{"type":"Feature","geometry":{"type":"LineString","coordinates":[[12.5468,55.67273],[12.54541,55.67238]]},"properties":{"type":"Grønne veje","project":null,"catchment":null}},{"type":"Feature","geometry":{"type":"LineString","coordinates":[[12.49682,55.66525],[12.49725,55.66521],[12.50064,55.66606],[12.50198,55.66631]]},"properties":{"type":"Grønne veje","project":"Grønne veje i øvrigt Gåsebækrenden","catchment":"København Vest"}},{"type":"Feature","geometry":{"type":"LineString","coordinates":[[12.50118,55.66677],[12.50188,55.6665],[12.50223,55.66642],[12.503,55.66635],[12.50331,55.66639],[12.50358,55.66649],[12.50374,55.66673]]},"properties":{"type":"Grønne veje","project":"Grønne veje i øvrigt Gåsebækrenden","catchment":"København Vest"}},{"type":"Feature","geometry":{"type":"LineString","coordinates":[[12.49707,55.66467],[12.50369,55.66597]]},"properties":{"type":"Grønne veje","project":"Grønne veje i øvrigt Gåsebækrenden","catchment":"København Vest"}},{"type":"Feature","geometry":{"type":"LineString","coordinates":[[12.50084,55.6646],[12.50452,55.66532]]},"properties":{"type":"Grønne veje","project":"Grønne veje i øvrigt Gåsebækrenden","catchment":"København Vest"}},{"type":"Feature","geometry":{"type":"LineString","coordinates":[[12.56584,55.70713],[12.56596,55.70697]]},"properties":{"type":"Skybrudsledning","project":"Jagtvej","catchment":"Østerbro"}},{"type":"Feature","geometry":{"type":"LineString","coordinates":[[12.62049,55.66705],[12.62309,55.6677]]},"properties":{"type":"mix","project":"Strandlodsvej, Nyrnberggade og Bremensgade","catchment":"Amager"}},{"type":"Feature","geometry":{"type":"LineString","coordinates":[[12.55066,55.70275],[12.54979,55.70322]]},"properties":{"type":"mix","project":"Sigurdsgade","catchment":"Bispebjerg"}},{"type":"Feature","geometry":{"type":"LineString","coordinates":[[12.52436,55.68095],[12.52179,55.68051]]},"properties":{"type":"Forsinkelsesveje","project":null,"catchment":null}},{"type":"Feature","geometry":{"type":"LineString","coordinates":[[12.53375,55.712],[12.53384,55.71188]]},"properties":{"type":"Skybrudsveje","project":"Bispeparken Syd","catchment":"Bispebjerg"}},{"type":"Feature","geometry":{"type":"LineString","coordinates":[[12.53416,55.71188],[12.53412,55.71178]]},"properties":{"type":"Skybrudsveje","project":"Bispeparken Syd","catchment":"Bispebjerg"}},{"type":"Feature","geometry":{"type":"LineString","coordinates":[[12.52613,55.71158],[12.52661,55.71024],[12.52631,55.71022]]},"properties":{"type":"Skybrudsveje","project":"Tomsgårdsvej","catchment":"Bispebjerg"}},{"type":"Feature","geometry":{"type":"LineString","coordinates":[[12.57821,55.69851],[12.57322,55.69618],[12.57188,55.6953]]},"properties":{"type":"Forsinkelsesveje","project":"Ryesgade Nord","catchment":"Nørrebro"}},{"type":"Feature","geometry":{"type":"LineString","coordinates":[[12.53833,55.70837],[12.53969,55.70826]]},"properties":{"type":"Skybrudsledning","project":"Lygten Kanal","catchment":"Bispebjerg"}},{"type":"Feature","geometry":{"type":"LineString","coordinates":[[12.53472,55.7108],[12.53441,55.71078],[12.53425,55.71066]]},"properties":{"type":"Skybrudsveje","project":"Bispeparken Syd","catchment":"Bispebjerg"}},{"type":"Feature","geometry":{"type":"LineString","coordinates":[[12.53208,55.71071],[12.53317,55.71071],[12.53334,55.71077]]},"properties":{"type":"Skybrudsledning","project":"Bispeparken Syd","catchment":"Bispebjerg"}},{"type":"Feature","geometry":{"type":"LineString","coordinates":[[12.53429,55.7111],[12.53413,55.71096]]},"properties":{"type":"Skybrudsveje","project":"Bispeparken Syd","catchment":"Bispebjerg"}},{"type":"Feature","geometry":{"type":"LineString","coordinates":[[12.53148,55.71613],[12.53199,55.71593],[12.53289,55.71544],[12.53343,55.71507],[12.53421,55.71441],[12.53786,55.7104],[12.53907,55.70899]]},"properties":{"type":"Forsinkelsesveje","project":"Tagensvej Nord","catchment":"Bispebjerg"}},{"type":"Feature","geometry":{"type":"LineString","coordinates":[[12.58692,55.70516],[12.58643,55.70614]]},"properties":{"type":"mix","project":"Strandboulevarden","catchment":"Østerbro"}},{"type":"Feature","geometry":{"type":"LineString","coordinates":[[12.57193,55.70944],[12.57194,55.70924],[12.57247,55.70837]]},"properties":{"type":"Forsinkelsesveje","project":"Jagtvej","catchment":"Østerbro"}},{"type":"Feature","geometry":{"type":"LineString","coordinates":[[12.54524,55.67569],[12.54743,55.67873]]},"properties":{"type":"Grønne veje","project":null,"catchment":null}},{"type":"Feature","geometry":{"type":"LineString","coordinates":[[12.52179,55.68051],[12.5194,55.67984],[12.51734,55.67913],[12.51641,55.67865],[12.51481,55.67805],[12.51249,55.67648],[12.51141,55.67565]]},"properties":{"type":"mix","project":null,"catchment":null}},{"type":"Feature","geometry":{"type":"LineString","coordinates":[[12.53861,55.6853],[12.54122,55.68756]]},"properties":{"type":"Skybrudsveje","project":null,"catchment":null}},{"type":"Feature","geometry":{"type":"LineString","coordinates":[[12.50007,55.68249],[12.49555,55.68268],[12.49401,55.68327]]},"properties":{"type":"Forsinkelsesveje","project":null,"catchment":null}},{"type":"Feature","geometry":{"type":"LineString","coordinates":[[12.5015,55.67859],[12.50902,55.67882]]},"properties":{"type":"Forsinkelsesveje","project":null,"catchment":null}},{"type":"Feature","geometry":{"type":"LineString","coordinates":[[12.53047,55.68719],[12.53023,55.68725]]},"properties":{"type":"Skybrudsveje","project":null,"catchment":null}},{"type":"Feature","geometry":{"type":"LineString","coordinates":[[12.50197,55.67689],[12.50116,55.6752],[12.4999,55.67513]]},"properties":{"type":"Grønne veje","project":null,"catchment":null}},{"type":"Feature","geometry":{"type":"LineString","coordinates":[[12.4929,55.70581],[12.4944,55.70702],[12.49447,55.70844]]},"properties":{"type":"Skybrudsledning","project":"Præstegårds Allé","catchment":"Bispebjerg"}},{"type":"Feature","geometry":{"type":"LineString","coordinates":[[12.51569,55.67899],[12.50936,55.67883]]},"properties":{"type":"Skybrudsveje","project":null,"catchment":null}},{"type":"Feature","geometry":{"type":"LineString","coordinates":[[12.58881,55.68241],[12.59364,55.6811],[12.59411,55.68129]]},"properties":{"type":"Skybrudsledning","project":"Sankt Annæ Plads","catchment":"Indre By"}},{"type":"Feature","geometry":{"type":"LineString","coordinates":[[12.53246,55.67478],[12.54374,55.67364]]},"properties":{"type":"mix","project":null,"catchment":null}},{"type":"Feature","geometry":{"type":"LineString","coordinates":[[12.5343,55.68631],[12.53922,55.68518]]},"properties":{"type":"mix","project":null,"catchment":null}},{"type":"Feature","geometry":{"type":"LineString","coordinates":[[12.51947,55.66159],[12.52044,55.65302]]},"properties":{"type":"Forsinkelsesveje","project":"Trekronergade","catchment":"København Vest"}},{"type":"Feature","geometry":{"type":"LineString","coordinates":[[12.51412,55.65834],[12.51215,55.6559],[12.50926,55.65683],[12.50818,55.65674]]},"properties":{"type":"Skybrudsledning","project":"Gammel Køge Landevej Nord","catchment":"København Vest"}},{"type":"Feature","geometry":{"type":"LineString","coordinates":[[12.54262,55.6844],[12.54374,55.68415],[12.54732,55.68318],[12.54865,55.68294],[12.55382,55.68173],[12.55423,55.68169]]},"properties":{"type":"Skybrudsveje","project":null,"catchment":null}},{"type":"Feature","geometry":{"type":"LineString","coordinates":[[12.50048,55.67781],[12.4997,55.67608],[12.49964,55.6751],[12.49784,55.67504],[12.49809,55.67318],[12.49774,55.67316]]},"properties":{"type":"Grønne veje","project":null,"catchment":null}},{"type":"Feature","geometry":{"type":"LineString","coordinates":[[12.5872,55.6807],[12.58806,55.68046]]},"properties":{"type":"Skybrudsledning","project":"Indre By Nord","catchment":"Indre By"}},{"type":"Feature","geometry":{"type":"LineString","coordinates":[[12.5953,55.68649],[12.59792,55.6858]]},"properties":{"type":"Skybrudsledning","project":"Indre By Nord","catchment":"Indre By"}},{"type":"Feature","geometry":{"type":"LineString","coordinates":[[12.59492,55.68601],[12.59561,55.68688]]},"properties":{"type":"Skybrudsledning","project":"Indre By Nord","catchment":"Indre By"}},{"type":"Feature","geometry":{"type":"LineString","coordinates":[[12.59058,55.6847],[12.59467,55.68362]]},"properties":{"type":"Skybrudsledning","project":"Bredgade-Amalienborg","catchment":"Indre By"}},{"type":"Feature","geometry":{"type":"LineString","coordinates":[[12.5558,55.72288],[12.55611,55.72281],[12.56909,55.72317],[12.56868,55.72281],[12.5575,55.71641],[12.55119,55.71265],[12.55051,55.71026],[12.54127,55.70598],[12.5382,55.70464]]},"properties":{"type":"Skybrudsledning","project":"Svanemøllen Skybrudstunnel","catchment":"Bispebjerg"}},{"type":"Feature","geometry":{"type":"LineString","coordinates":[[12.56909,55.72317],[12.60234,55.72536]]},"properties":{"type":"Skybrudsledning","project":"Svanemøllen Skybrudstunnel","catchment":"Bispebjerg"}},{"type":"Feature","geometry":{"type":"LineString","coordinates":[[12.50657,55.69711],[12.51013,55.70032]]},"properties":{"type":"Grønne veje","project":null,"catchment":null}},{"type":"Feature","geometry":{"type":"LineString","coordinates":[[12.51179,55.6996],[12.50967,55.69765],[12.50785,55.69626]]},"properties":{"type":"Grønne veje","project":null,"catchment":null}},{"type":"Feature","geometry":{"type":"LineString","coordinates":[[12.51041,55.69813],[12.51344,55.69699]]},"properties":{"type":"Grønne veje","project":null,"catchment":null}},{"type":"Feature","geometry":{"type":"LineString","coordinates":[[12.50965,55.69747],[12.51254,55.69639]]},"properties":{"type":"Grønne veje","project":null,"catchment":null}},{"type":"Feature","geometry":{"type":"LineString","coordinates":[[12.51709,55.70958],[12.51693,55.70847],[12.51691,55.70682]]},"properties":{"type":"Grønne veje","project":null,"catchment":null}},{"type":"Feature","geometry":{"type":"LineString","coordinates":[[12.52316,55.70552],[12.5227,55.70447]]},"properties":{"type":"Grønne veje","project":null,"catchment":null}},{"type":"Feature","geometry":{"type":"LineString","coordinates":[[12.5321,55.70732],[12.53213,55.70524],[12.5333,55.70273]]},"properties":{"type":"Grønne veje","project":null,"catchment":null}},{"type":"Feature","geometry":{"type":"LineString","coordinates":[[12.53053,55.70309],[12.53163,55.70394],[12.53251,55.70409]]},"properties":{"type":"Grønne veje","project":null,"catchment":null}},{"type":"Feature","geometry":{"type":"LineString","coordinates":[[12.56892,55.72461],[12.57029,55.72261]]},"properties":{"type":"Skybrudsveje","project":"Svanemøllens Kasserne Ved Banen","catchment":"Bispebjerg"}}]}