{"type":"FeatureCollection","features":[{"type":"Feature","geometry":{"type":"Point","coordinates":[12.56595,55.67431]},"properties":{"status":"Bevaringsværdigt træ","plan":"Tivolihjørnet","species":null}},{"type":"Feature","geometry":{"type":"Point","coordinates":[12.56596,55.67425]},"properties":{"status":"Bevaringsværdigt træ","plan":"Tivolihjørnet","species":null}},{"type":"Feature","geometry":{"type":"Point","coordinates":[12.56603,55.67423]},"properties":{"status":"Bevaringsværdigt træ","plan":"Tivolihjørnet","species":null}},{"type":"Feature","geometry":{"type":"Point","coordinates":[12.56604,55.67418]},"properties":{"status":"Bevaringsværdigt træ","plan":"Tivolihjørnet","species":null}},{"type":"Feature","geometry":{"type":"Point","coordinates":[12.56622,55.67418]},"properties":{"status":"Bevaringsværdigt træ","plan":"Tivolihjørnet","species":null}},{"type":"Feature","geometry":{"type":"Point","coordinates":[12.56632,55.67415]},"properties":{"status":"Bevaringsværdigt træ","plan":"Tivolihjørnet","species":null}},{"type":"Feature","geometry":{"type":"Point","coordinates":[12.56637,55.6741]},"properties":{"status":"Bevaringsværdigt træ","plan":"Tivolihjørnet","species":null}},{"type":"Feature","geometry":{"type":"Point","coordinates":[12.56645,55.67411]},"properties":{"status":"Bevaringsværdigt træ","plan":"Tivolihjørnet","species":null}},{"type":"Feature","geometry":{"type":"Point","coordinates":[12.56654,55.67412]},"properties":{"status":"Bevaringsværdigt træ","plan":"Tivolihjørnet","species":null}},{"type":"Feature","geometry":{"type":"Point","coordinates":[12.56662,55.67413]},"properties":{"status":"Bevaringsværdigt træ","plan":"Tivolihjørnet","species":null}},{"type":"Feature","geometry":{"type":"Point","coordinates":[12.56671,55.67414]},"properties":{"status":"Bevaringsværdigt træ","plan":"Tivolihjørnet","species":null}},{"type":"Feature","geometry":{"type":"Point","coordinates":[12.5668,55.67416]},"properties":{"status":"Bevaringsværdigt træ","plan":"Tivolihjørnet","species":null}},{"type":"Feature","geometry":{"type":"Point","coordinates":[12.56697,55.67418]},"properties":{"status":"Bevaringsværdigt træ","plan":"Tivolihjørnet","species":null}},{"type":"Feature","geometry":{"type":"Point","coordinates":[12.56714,55.6742]},"properties":{"status":"Bevaringsværdigt træ","plan":"Tivolihjørnet","species":null}},{"type":"Feature","geometry":{"type":"Point","coordinates":[12.56702,55.67424]},"properties":{"status":"Bevaringsværdigt træ","plan":"Tivolihjørnet","species":null}},{"type":"Feature","geometry":{"type":"Point","coordinates":[12.56694,55.67423]},"properties":{"status":"Bevaringsværdigt træ","plan":"Tivolihjørnet","species":null}},{"type":"Feature","geometry":{"type":"Point","coordinates":[12.56685,55.67421]},"properties":{"status":"Bevaringsværdigt træ","plan":"Tivolihjørnet","species":null}},{"type":"Feature","geometry":{"type":"Point","coordinates":[12.56667,55.67419]},"properties":{"status":"Bevaringsværdigt træ","plan":"Tivolihjørnet","species":null}},{"type":"Feature","geometry":{"type":"Point","coordinates":[12.56172,55.69327]},"properties":{"status":"Bevaringsværdigt træ","plan":"Panum II","species":null}},{"type":"Feature","geometry":{"type":"Point","coordinates":[12.56663,55.69049]},"properties":{"status":"Bevaringsværdigt træ på vilkår","plan":"Fremtidens Sølund","species":null}},{"type":"Feature","geometry":{"type":"Point","coordinates":[12.5661,55.69137]},"properties":{"status":"Bevaringsværdigt træ på vilkår","plan":"Fremtidens Sølund","species":null}},{"type":"Feature","geometry":{"type":"Point","coordinates":[12.56617,55.69141]},"properties":{"status":"Bevaringsværdigt træ på vilkår","plan":"Fremtidens Sølund","species":null}},{"type":"Feature","geometry":{"type":"Point","coordinates":[12.56604,55.69133]},"properties":{"status":"Bevaringsværdigt træ på vilkår","plan":"Fremtidens Sølund","species":null}},{"type":"Feature","geometry":{"type":"Point","coordinates":[12.56589,55.69124]},"properties":{"status":"Bevaringsværdigt træ på vilkår","plan":"Fremtidens Sølund","species":null}},{"type":"Feature","geometry":{"type":"Point","coordinates":[12.56592,55.69127]},"properties":{"status":"Bevaringsværdigt træ på vilkår","plan":"Fremtidens Sølund","species":null}},{"type":"Feature","geometry":{"type":"Point","coordinates":[12.56595,55.69123]},"properties":{"status":"Bevaringsværdigt træ på vilkår","plan":"Fremtidens Sølund","species":null}},{"type":"Feature","geometry":{"type":"Point","coordinates":[12.5665,55.69159]},"properties":{"status":"Bevaringsværdigt træ på vilkår","plan":"Fremtidens Sølund","species":null}},{"type":"Feature","geometry":{"type":"Point","coordinates":[12.56625,55.69147]},"properties":{"status":"Bevaringsværdigt træ på vilkår","plan":"Fremtidens Sølund","species":null}},{"type":"Feature","geometry":{"type":"Point","coordinates":[12.56647,55.69164]},"properties":{"status":"Bevaringsværdigt træ på vilkår","plan":"Fremtidens Sølund","species":null}},{"type":"Feature","geometry":{"type":"Point","coordinates":[12.56643,55.69159]},"properties":{"status":"Bevaringsværdigt træ på vilkår","plan":"Fremtidens Sølund","species":null}},{"type":"Feature","geometry":{"type":"Point","coordinates":[12.56663,55.69174]},"properties":{"status":"Bevaringsværdigt træ på vilkår","plan":"Fremtidens Sølund","species":null}},{"type":"Feature","geometry":{"type":"Point","coordinates":[12.56671,55.69179]},"properties":{"status":"Bevaringsværdigt træ på vilkår","plan":"Fremtidens Sølund","species":null}},{"type":"Feature","geometry":{"type":"Point","coordinates":[12.58314,55.6864]},"properties":{"status":"Bevaringsværdigt træ","plan":"Sølvgades Skole","species":null}},{"type":"Feature","geometry":{"type":"Point","coordinates":[12.58346,55.68667]},"properties":{"status":"Bevaringsværdigt træ","plan":"Sølvgades Skole","species":null}},{"type":"Feature","geometry":{"type":"Point","coordinates":[12.56859,55.68634]},"properties":{"status":"Bevaringsværdigt træ","plan":"Kommunehospitalet","species":null}},{"type":"Feature","geometry":{"type":"Point","coordinates":[12.56839,55.68645]},"properties":{"status":"Bevaringsværdigt træ","plan":"Kommunehospitalet","species":null}},{"type":"Feature","geometry":{"type":"Point","coordinates":[12.55979,55.68565]},"properties":{"status":"Bevaringsværdigt træ","plan":"Wesselsgade II","species":"Sølvløn"}},{"type":"Feature","geometry":{"type":"Point","coordinates":[12.55987,55.68571]},"properties":{"status":"Bevaringsværdigt træ","plan":"Wesselsgade II","species":"Sølvløn"}},{"type":"Feature","geometry":{"type":"Point","coordinates":[12.55991,55.68576]},"properties":{"status":"Bevaringsværdigt træ","plan":"Wesselsgade II","species":"Sølvløn"}},{"type":"Feature","geometry":{"type":"Point","coordinates":[12.55998,55.68582]},"properties":{"status":"Bevaringsværdigt træ","plan":"Wesselsgade II","species":"Sølvløn"}},{"type":"Feature","geometry":{"type":"Point","coordinates":[12.56005,55.68587]},"properties":{"status":"Bevaringsværdigt træ","plan":"Wesselsgade II","species":"Sølvløn"}},{"type":"Feature","geometry":{"type":"Point","coordinates":[12.5609,55.68641]},"properties":{"status":"Bevaringsværdigt træ","plan":"Wesselsgade II","species":"Alm røn"}},{"type":"Feature","geometry":{"type":"Point","coordinates":[12.56098,55.68647]},"properties":{"status":"Bevaringsværdigt træ","plan":"Wesselsgade II","species":"Platan"}},{"type":"Feature","geometry":{"type":"Point","coordinates":[12.56026,55.68661]},"properties":{"status":"Bevaringsværdigt træ","plan":"Wesselsgade II","species":"Lind"}},{"type":"Feature","geometry":{"type":"Point","coordinates":[12.56017,55.68653]},"properties":{"status":"Bevaringsværdigt træ","plan":"Wesselsgade II","species":"Lind"}},{"type":"Feature","geometry":{"type":"Point","coordinates":[12.55987,55.6862]},"properties":{"status":"Bevaringsværdigt træ","plan":"Wesselsgade II","species":"Eg"}},{"type":"Feature","geometry":{"type":"Point","coordinates":[12.55989,55.68664]},"properties":{"status":"Bevaringsværdigt træ","plan":"Wesselsgade II","species":"Lind"}},{"type":"Feature","geometry":{"type":"Point","coordinates":[12.55966,55.68644]},"properties":{"status":"Bevaringsværdigt træ","plan":"Wesselsgade II","species":"Ahorn"}},{"type":"Feature","geometry":{"type":"Point","coordinates":[12.55838,55.68561]},"properties":{"status":"Bevaringsværdigt træ","plan":"Wesselsgade II","species":"Hængepil"}},{"type":"Feature","geometry":{"type":"Point","coordinates":[12.55853,55.68556]},"properties":{"status":"Bevaringsværdigt træ","plan":"Wesselsgade II","species":"Lind, 20 stk i rundkreds"}},{"type":"Feature","geometry":{"type":"Point","coordinates":[12.55853,55.68553]},"properties":{"status":"Bevaringsværdigt træ","plan":"Wesselsgade II","species":"Lind, 20 stk i rundkreds"}},{"type":"Feature","geometry":{"type":"Point","coordinates":[12.55857,55.6855]},"properties":{"status":"Bevaringsværdigt træ","plan":"Wesselsgade II","species":"Lind, 20 stk i rundkreds"}},{"type":"Feature","geometry":{"type":"Point","coordinates":[12.5586,55.68548]},"properties":{"status":"Bevaringsværdigt træ","plan":"Wesselsgade II","species":"Lind, 20 stk i rundkreds"}},{"type":"Feature","geometry":{"type":"Point","coordinates":[12.55866,55.68547]},"properties":{"status":"Bevaringsværdigt træ","plan":"Wesselsgade II","species":"Lind, 20 stk i rundkreds"}},{"type":"Feature","geometry":{"type":"Point","coordinates":[12.55871,55.68547]},"properties":{"status":"Bevaringsværdigt træ","plan":"Wesselsgade II","species":"Lind, 20 stk i rundkreds"}},{"type":"Feature","geometry":{"type":"Point","coordinates":[12.55877,55.68548]},"properties":{"status":"Bevaringsværdigt træ","plan":"Wesselsgade II","species":"Lind, 20 stk i rundkreds"}},{"type":"Feature","geometry":{"type":"Point","coordinates":[12.55881,55.6855]},"properties":{"status":"Bevaringsværdigt træ","plan":"Wesselsgade II","species":"Lind, 20 stk i rundkreds"}},{"type":"Feature","geometry":{"type":"Point","coordinates":[12.55884,55.68552]},"properties":{"status":"Bevaringsværdigt træ","plan":"Wesselsgade II","species":"Lind, 20 stk i rundkreds"}},{"type":"Feature","geometry":{"type":"Point","coordinates":[12.55886,55.68558]},"properties":{"status":"Bevaringsværdigt træ","plan":"Wesselsgade II","species":"Lind, 20 stk i rundkreds"}},{"type":"Feature","geometry":{"type":"Point","coordinates":[12.55884,55.68561]},"properties":{"status":"Bevaringsværdigt træ","plan":"Wesselsgade II","species":"Lind, 20 stk i rundkreds"}},{"type":"Feature","geometry":{"type":"Point","coordinates":[12.55882,55.68563]},"properties":{"status":"Bevaringsværdigt træ","plan":"Wesselsgade II","species":"Lind, 20 stk i rundkreds"}},{"type":"Feature","geometry":{"type":"Point","coordinates":[12.55877,55.68565]},"properties":{"status":"Bevaringsværdigt træ","plan":"Wesselsgade II","species":"Lind, 20 stk i rundkreds"}},{"type":"Feature","geometry":{"type":"Point","coordinates":[12.55872,55.68565]},"properties":{"status":"Bevaringsværdigt træ","plan":"Wesselsgade II","species":"Lind, 20 stk i rundkreds"}},{"type":"Feature","geometry":{"type":"Point","coordinates":[12.55867,55.68566]},"properties":{"status":"Bevaringsværdigt træ","plan":"Wesselsgade II","species":"Lind, 20 stk i rundkreds"}},{"type":"Feature","geometry":{"type":"Point","coordinates":[12.55862,55.68565]},"properties":{"status":"Bevaringsværdigt træ","plan":"Wesselsgade II","species":"Lind, 20 stk i rundkreds"}},{"type":"Feature","geometry":{"type":"Point","coordinates":[12.55857,55.68563]},"properties":{"status":"Bevaringsværdigt træ","plan":"Wesselsgade II","species":"Lind, 20 stk i rundkreds"}},{"type":"Feature","geometry":{"type":"Point","coordinates":[12.55869,55.68538]},"properties":{"status":"Bevaringsværdigt træ","plan":"Wesselsgade II","species":"Hestekastanje"}},{"type":"Feature","geometry":{"type":"Point","coordinates":[12.55877,55.68535]},"properties":{"status":"Bevaringsværdigt træ","plan":"Wesselsgade II","species":"Hestekastanje"}},{"type":"Feature","geometry":{"type":"Point","coordinates":[12.55895,55.68536]},"properties":{"status":"Bevaringsværdigt træ","plan":"Wesselsgade II","species":"Valnød"}},{"type":"Feature","geometry":{"type":"Point","coordinates":[12.55904,55.68545]},"properties":{"status":"Bevaringsværdigt træ","plan":"Wesselsgade II","species":"Pil"}},{"type":"Feature","geometry":{"type":"Point","coordinates":[12.55925,55.68552]},"properties":{"status":"Bevaringsværdigt træ","plan":"Wesselsgade II","species":"Mirabel"}},{"type":"Feature","geometry":{"type":"Point","coordinates":[12.55915,55.68566]},"properties":{"status":"Bevaringsværdigt træ","plan":"Wesselsgade II","species":"Røn"}},{"type":"Feature","geometry":{"type":"Point","coordinates":[12.55899,55.68565]},"properties":{"status":"Bevaringsværdigt træ","plan":"Wesselsgade II","species":"Ask"}},{"type":"Feature","geometry":{"type":"Point","coordinates":[12.55898,55.68578]},"properties":{"status":"Bevaringsværdigt træ","plan":"Wesselsgade II","species":"Ask"}},{"type":"Feature","geometry":{"type":"Point","coordinates":[12.55886,55.68555]},"properties":{"status":"Bevaringsværdigt træ","plan":"Wesselsgade II","species":"Lind, 20 stk i rundkreds"}},{"type":"Feature","geometry":{"type":"Point","coordinates":[12.55854,55.68561]},"properties":{"status":"Bevaringsværdigt træ","plan":"Wesselsgade II","species":"Lind, 20 stk i rundkreds"}},{"type":"Feature","geometry":{"type":"Point","coordinates":[12.55895,55.6858]},"properties":{"status":"Bevaringsværdigt træ","plan":"Wesselsgade II","species":"Ask"}},{"type":"Feature","geometry":{"type":"Point","coordinates":[12.559,55.68583]},"properties":{"status":"Bevaringsværdigt træ","plan":"Wesselsgade II","species":"Ask"}},{"type":"Feature","geometry":{"type":"Point","coordinates":[12.55902,55.68589]},"properties":{"status":"Bevaringsværdigt træ","plan":"Wesselsgade II","species":"Ask"}},{"type":"Feature","geometry":{"type":"Point","coordinates":[12.55896,55.68585]},"properties":{"status":"Bevaringsværdigt træ","plan":"Wesselsgade II","species":"Ahorn"}},{"type":"Feature","geometry":{"type":"Point","coordinates":[12.55901,55.68593]},"properties":{"status":"Bevaringsværdigt træ","plan":"Wesselsgade II","species":"Ahorn"}},{"type":"Feature","geometry":{"type":"Point","coordinates":[12.55907,55.68597]},"properties":{"status":"Bevaringsværdigt træ","plan":"Wesselsgade II","species":"Ahorn"}},{"type":"Feature","geometry":{"type":"Point","coordinates":[12.55907,55.68598]},"properties":{"status":"Bevaringsværdigt træ","plan":"Wesselsgade II","species":"Ahorn"}},{"type":"Feature","geometry":{"type":"Point","coordinates":[12.5592,55.6861]},"properties":{"status":"Bevaringsværdigt træ","plan":"Wesselsgade II","species":"Ahorn"}},{"type":"Feature","geometry":{"type":"Point","coordinates":[12.55936,55.68625]},"properties":{"status":"Bevaringsværdigt træ","plan":"Wesselsgade II","species":"Ahorn"}},{"type":"Feature","geometry":{"type":"Point","coordinates":[12.55921,55.68624]},"properties":{"status":"Bevaringsværdigt træ","plan":"Wesselsgade II","species":"Ahorn"}},{"type":"Feature","geometry":{"type":"Point","coordinates":[12.55916,55.68632]},"properties":{"status":"Bevaringsværdigt træ","plan":"Wesselsgade II","species":"Ask"}},{"type":"Feature","geometry":{"type":"Point","coordinates":[12.55954,55.68625]},"properties":{"status":"Bevaringsværdigt træ","plan":"Wesselsgade II","species":"Ask"}},{"type":"Feature","geometry":{"type":"Point","coordinates":[12.55961,55.68627]},"properties":{"status":"Bevaringsværdigt træ","plan":"Wesselsgade II","species":"Ask"}},{"type":"Feature","geometry":{"type":"Point","coordinates":[12.56026,55.68647]},"properties":{"status":"Bevaringsværdigt træ","plan":"Wesselsgade II","species":"Kirsebær"}},{"type":"Feature","geometry":{"type":"Point","coordinates":[12.5604,55.68652]},"properties":{"status":"Bevaringsværdigt træ","plan":"Wesselsgade II","species":"Japansk kirsebær"}},{"type":"Feature","geometry":{"type":"Point","coordinates":[12.56001,55.68625]},"properties":{"status":"Bevaringsværdigt træ","plan":"Wesselsgade II","species":"Paradisæble"}},{"type":"Feature","geometry":{"type":"Point","coordinates":[12.5595,55.68637]},"properties":{"status":"Bevaringsværdigt træ","plan":"Wesselsgade II","species":"Ask"}},{"type":"Feature","geometry":{"type":"Point","coordinates":[12.55956,55.68642]},"properties":{"status":"Bevaringsværdigt træ","plan":"Wesselsgade II","species":"Ask"}},{"type":"Feature","geometry":{"type":"Point","coordinates":[12.55935,55.6869]},"properties":{"status":"Bevaringsværdigt træ","plan":"Wesselsgade II","species":"Magnolie"}},{"type":"Feature","geometry":{"type":"Point","coordinates":[12.55961,55.68658]},"properties":{"status":"Bevaringsværdigt træ","plan":"Wesselsgade II","species":"Alm røn"}},{"type":"Feature","geometry":{"type":"Point","coordinates":[12.55938,55.68647]},"properties":{"status":"Bevaringsværdigt træ","plan":"Wesselsgade II","species":"Valnød"}},{"type":"Feature","geometry":{"type":"Point","coordinates":[12.55898,55.6866]},"properties":{"status":"Bevaringsværdigt træ","plan":"Wesselsgade II","species":"Magnolie"}},{"type":"Feature","geometry":{"type":"Point","coordinates":[12.55887,55.68654]},"properties":{"status":"Bevaringsværdigt træ","plan":"Wesselsgade II","species":"Magnolie"}},{"type":"Feature","geometry":{"type":"Point","coordinates":[12.55909,55.68649]},"properties":{"status":"Bevaringsværdigt træ","plan":"Wesselsgade II","species":"Hængepil"}},{"type":"Feature","geometry":{"type":"Point","coordinates":[12.55922,55.68583]},"properties":{"status":"Bevaringsværdigt træ","plan":"Wesselsgade II","species":"Ahorn"}},{"type":"Feature","geometry":{"type":"Point","coordinates":[12.55917,55.68586]},"properties":{"status":"Bevaringsværdigt træ","plan":"Wesselsgade II","species":"Ahorn"}},{"type":"Feature","geometry":{"type":"Point","coordinates":[12.55922,55.68601]},"properties":{"status":"Bevaringsværdigt træ","plan":"Wesselsgade II","species":"Ahorn"}},{"type":"Feature","geometry":{"type":"Point","coordinates":[12.5593,55.68609]},"properties":{"status":"Bevaringsværdigt træ","plan":"Wesselsgade II","species":"Ahorn"}},{"type":"Feature","geometry":{"type":"Point","coordinates":[12.55948,55.68618]},"properties":{"status":"Bevaringsværdigt træ","plan":"Wesselsgade II","species":"Ahorn"}},{"type":"Feature","geometry":{"type":"Point","coordinates":[12.55962,55.68616]},"properties":{"status":"Bevaringsværdigt træ","plan":"Wesselsgade II","species":"Ahorn"}},{"type":"Feature","geometry":{"type":"Point","coordinates":[12.55975,55.6861]},"properties":{"status":"Bevaringsværdigt træ","plan":"Wesselsgade II","species":"Ahorn"}},{"type":"Feature","geometry":{"type":"Point","coordinates":[12.5598,55.68606]},"properties":{"status":"Bevaringsværdigt træ","plan":"Wesselsgade II","species":"Ahorn"}},{"type":"Feature","geometry":{"type":"Point","coordinates":[12.55852,55.68602]},"properties":{"status":"Bevaringsværdigt træ","plan":"Wesselsgade II","species":"Alm røn"}},{"type":"Feature","geometry":{"type":"Point","coordinates":[12.55862,55.68609]},"properties":{"status":"Bevaringsværdigt træ","plan":"Wesselsgade II","species":"Æble"}},{"type":"Feature","geometry":{"type":"Point","coordinates":[12.55865,55.68613]},"properties":{"status":"Bevaringsværdigt træ","plan":"Wesselsgade II","species":"Æble"}},{"type":"Feature","geometry":{"type":"Point","coordinates":[12.55871,55.68617]},"properties":{"status":"Bevaringsværdigt træ","plan":"Wesselsgade II","species":"Æble"}},{"type":"Feature","geometry":{"type":"Point","coordinates":[12.55851,55.68629]},"properties":{"status":"Bevaringsværdigt træ","plan":"Wesselsgade II","species":"Æble"}},{"type":"Feature","geometry":{"type":"Point","coordinates":[12.55848,55.68631]},"properties":{"status":"Bevaringsværdigt træ","plan":"Wesselsgade II","species":"Æble"}},{"type":"Feature","geometry":{"type":"Point","coordinates":[12.55836,55.6862]},"properties":{"status":"Bevaringsværdigt træ","plan":"Wesselsgade II","species":"Æble"}},{"type":"Feature","geometry":{"type":"Point","coordinates":[12.55833,55.68617]},"properties":{"status":"Bevaringsværdigt træ","plan":"Wesselsgade II","species":"Æble"}},{"type":"Feature","geometry":{"type":"Point","coordinates":[12.55831,55.68615]},"properties":{"status":"Bevaringsværdigt træ","plan":"Wesselsgade II","species":"Æble"}},{"type":"Feature","geometry":{"type":"Point","coordinates":[12.55811,55.68588]},"properties":{"status":"Bevaringsværdigt træ","plan":"Wesselsgade II","species":"Hestekastanje"}},{"type":"Feature","geometry":{"type":"Point","coordinates":[12.56017,55.68543]},"properties":{"status":"Bevaringsværdigt træ","plan":"Wesselsgade II","species":"Troldpil"}},{"type":"Feature","geometry":{"type":"Point","coordinates":[12.55997,55.6852]},"properties":{"status":"Bevaringsværdigt træ","plan":"Wesselsgade II","species":"Lind"}},{"type":"Feature","geometry":{"type":"Point","coordinates":[12.55993,55.68517]},"properties":{"status":"Bevaringsværdigt træ","plan":"Wesselsgade II","species":"Lind"}},{"type":"Feature","geometry":{"type":"Point","coordinates":[12.55956,55.68485]},"properties":{"status":"Bevaringsværdigt træ","plan":"Wesselsgade II","species":"Paradisæble"}},{"type":"Feature","geometry":{"type":"Point","coordinates":[12.55852,55.68558]},"properties":{"status":"Bevaringsværdigt træ","plan":"Wesselsgade II","species":"Lind, 20 stk i rundkreds"}},{"type":"Feature","geometry":{"type":"Point","coordinates":[12.57833,55.69358]},"properties":{"status":"Bevaringsværdigt træ","plan":"Øster Farimagsgades Skole","species":null}},{"type":"Feature","geometry":{"type":"Point","coordinates":[12.565,55.67506]},"properties":{"status":"Bevaringsværdigt træ","plan":"Scala","species":null}},{"type":"Feature","geometry":{"type":"Point","coordinates":[12.56495,55.67511]},"properties":{"status":"Bevaringsværdigt træ","plan":"Scala","species":null}},{"type":"Feature","geometry":{"type":"Point","coordinates":[12.56489,55.67517]},"properties":{"status":"Bevaringsværdigt træ","plan":"Scala","species":null}},{"type":"Feature","geometry":{"type":"Point","coordinates":[12.56483,55.67522]},"properties":{"status":"Bevaringsværdigt træ","plan":"Scala","species":null}},{"type":"Feature","geometry":{"type":"Point","coordinates":[12.56477,55.67527]},"properties":{"status":"Bevaringsværdigt træ","plan":"Scala","species":null}},{"type":"Feature","geometry":{"type":"Point","coordinates":[12.56472,55.67533]},"properties":{"status":"Bevaringsværdigt træ","plan":"Scala","species":null}},{"type":"Feature","geometry":{"type":"Point","coordinates":[12.56466,55.67538]},"properties":{"status":"Bevaringsværdigt træ","plan":"Scala","species":null}},{"type":"Feature","geometry":{"type":"Point","coordinates":[12.5646,55.67543]},"properties":{"status":"Bevaringsværdigt træ","plan":"Scala","species":null}},{"type":"Feature","geometry":{"type":"Point","coordinates":[12.56454,55.67549]},"properties":{"status":"Bevaringsværdigt træ","plan":"Scala","species":null}},{"type":"Feature","geometry":{"type":"Point","coordinates":[12.56437,55.67565]},"properties":{"status":"Bevaringsværdigt træ","plan":"Scala","species":null}},{"type":"Feature","geometry":{"type":"Point","coordinates":[12.56443,55.6756]},"properties":{"status":"Bevaringsværdigt træ","plan":"Scala","species":null}},{"type":"Feature","geometry":{"type":"Point","coordinates":[12.57823,55.69346]},"properties":{"status":"Bevaringsværdigt træ","plan":"Øster Farimagsgades Skole","species":null}},{"type":"Feature","geometry":{"type":"Point","coordinates":[12.57752,55.69195]},"properties":{"status":"Bevaringsværdigt træ","plan":"Øster Farimagsgades Skole","species":null}},{"type":"Feature","geometry":{"type":"Point","coordinates":[12.57714,55.69227]},"properties":{"status":"Bevaringsværdigt træ","plan":"Øster Farimagsgades Skole","species":null}},{"type":"Feature","geometry":{"type":"Point","coordinates":[12.57712,55.69222]},"properties":{"status":"Bevaringsværdigt træ","plan":"Øster Farimagsgades Skole","species":null}},{"type":"Feature","geometry":{"type":"Point","coordinates":[12.57721,55.69233]},"properties":{"status":"Bevaringsværdigt træ","plan":"Øster Farimagsgades Skole","species":null}},{"type":"Feature","geometry":{"type":"Point","coordinates":[12.57683,55.69194]},"properties":{"status":"Bevaringsværdigt træ","plan":"Øster Farimagsgades Skole","species":null}},{"type":"Feature","geometry":{"type":"Point","coordinates":[12.57708,55.69217]},"properties":{"status":"Bevaringsværdigt træ","plan":"Øster Farimagsgades Skole","species":null}},{"type":"Feature","geometry":{"type":"Point","coordinates":[12.57702,55.69211]},"properties":{"status":"Bevaringsværdigt træ","plan":"Øster Farimagsgades Skole","species":null}},{"type":"Feature","geometry":{"type":"Point","coordinates":[12.57697,55.69185]},"properties":{"status":"Bevaringsværdigt træ","plan":"Øster Farimagsgades Skole","species":null}},{"type":"Feature","geometry":{"type":"Point","coordinates":[12.56133,55.69155]},"properties":{"status":"Bevaringsværdigt træ","plan":"Panum II","species":null}},{"type":"Feature","geometry":{"type":"Point","coordinates":[12.562,55.69163]},"properties":{"status":"Bevaringsværdigt træ","plan":"Panum II","species":null}},{"type":"Feature","geometry":{"type":"Point","coordinates":[12.56232,55.69186]},"properties":{"status":"Bevaringsværdigt træ","plan":"Panum II","species":null}},{"type":"Feature","geometry":{"type":"Point","coordinates":[12.56236,55.69198]},"properties":{"status":"Bevaringsværdigt træ","plan":"Panum II","species":null}},{"type":"Feature","geometry":{"type":"Point","coordinates":[12.56231,55.69222]},"properties":{"status":"Bevaringsværdigt træ","plan":"Panum II","species":null}},{"type":"Feature","geometry":{"type":"Point","coordinates":[12.56199,55.69231]},"properties":{"status":"Bevaringsværdigt træ","plan":"Panum II","species":null}},{"type":"Feature","geometry":{"type":"Point","coordinates":[12.56181,55.69228]},"properties":{"status":"Bevaringsværdigt træ","plan":"Panum II","species":null}},{"type":"Feature","geometry":{"type":"Point","coordinates":[12.56138,55.69217]},"properties":{"status":"Bevaringsværdigt træ","plan":"Panum II","species":null}},{"type":"Feature","geometry":{"type":"Point","coordinates":[12.5614,55.69235]},"properties":{"status":"Bevaringsværdigt træ","plan":"Panum II","species":null}},{"type":"Feature","geometry":{"type":"Point","coordinates":[12.56135,55.69195]},"properties":{"status":"Bevaringsværdigt træ","plan":"Panum II","species":null}},{"type":"Feature","geometry":{"type":"Point","coordinates":[12.56139,55.69179]},"properties":{"status":"Bevaringsværdigt træ","plan":"Panum II","species":null}},{"type":"Feature","geometry":{"type":"Point","coordinates":[12.56329,55.69228]},"properties":{"status":"Bevaringsværdigt træ","plan":"Panum II","species":null}},{"type":"Feature","geometry":{"type":"Point","coordinates":[12.56337,55.69231]},"properties":{"status":"Bevaringsværdigt træ","plan":"Panum II","species":null}},{"type":"Feature","geometry":{"type":"Point","coordinates":[12.56155,55.6936]},"properties":{"status":"Bevaringsværdigt træ","plan":"Panum II","species":null}},{"type":"Feature","geometry":{"type":"Point","coordinates":[12.56147,55.69363]},"properties":{"status":"Bevaringsværdigt træ","plan":"Panum II","species":null}},{"type":"Feature","geometry":{"type":"Point","coordinates":[12.56161,55.69363]},"properties":{"status":"Bevaringsværdigt træ","plan":"Panum II","species":null}},{"type":"Feature","geometry":{"type":"Point","coordinates":[12.56149,55.69375]},"properties":{"status":"Bevaringsværdigt træ","plan":"Panum II","species":null}},{"type":"Feature","geometry":{"type":"Point","coordinates":[12.56148,55.69379]},"properties":{"status":"Bevaringsværdigt træ","plan":"Panum II","species":null}},{"type":"Feature","geometry":{"type":"Point","coordinates":[12.56145,55.69388]},"properties":{"status":"Bevaringsværdigt træ","plan":"Panum II","species":null}},{"type":"Feature","geometry":{"type":"Point","coordinates":[12.56145,55.694]},"properties":{"status":"Bevaringsværdigt træ","plan":"Panum II","species":null}},{"type":"Feature","geometry":{"type":"Point","coordinates":[12.56145,55.69404]},"properties":{"status":"Bevaringsværdigt træ","plan":"Panum II","species":null}},{"type":"Feature","geometry":{"type":"Point","coordinates":[12.56151,55.69403]},"properties":{"status":"Bevaringsværdigt træ","plan":"Panum II","species":null}},{"type":"Feature","geometry":{"type":"Point","coordinates":[12.56299,55.69396]},"properties":{"status":"Bevaringsværdigt træ","plan":"Panum II","species":null}},{"type":"Feature","geometry":{"type":"Point","coordinates":[12.56153,55.69482]},"properties":{"status":"Bevaringsværdigt træ","plan":"Panum II","species":null}},{"type":"Feature","geometry":{"type":"Point","coordinates":[12.56155,55.695]},"properties":{"status":"Bevaringsværdigt træ","plan":"Panum II","species":null}},{"type":"Feature","geometry":{"type":"Point","coordinates":[12.56158,55.69527]},"properties":{"status":"Bevaringsværdigt træ","plan":"Panum II","species":null}},{"type":"Feature","geometry":{"type":"Point","coordinates":[12.54555,55.67096]},"properties":{"status":"Bevaringsværdigt træ","plan":"Sundevedsgade-karreen","species":null}},{"type":"Feature","geometry":{"type":"Point","coordinates":[12.54586,55.67097]},"properties":{"status":"Bevaringsværdigt træ","plan":"Sundevedsgade-karreen","species":null}},{"type":"Feature","geometry":{"type":"Point","coordinates":[12.54591,55.6709]},"properties":{"status":"Bevaringsværdigt træ","plan":"Sundevedsgade-karreen","species":null}},{"type":"Feature","geometry":{"type":"Point","coordinates":[12.54582,55.67086]},"properties":{"status":"Bevaringsværdigt træ","plan":"Sundevedsgade-karreen","species":null}},{"type":"Feature","geometry":{"type":"Point","coordinates":[12.54573,55.6709]},"properties":{"status":"Bevaringsværdigt træ","plan":"Sundevedsgade-karreen","species":null}},{"type":"Feature","geometry":{"type":"Point","coordinates":[12.54559,55.6709]},"properties":{"status":"Bevaringsværdigt træ","plan":"Sundevedsgade-karreen","species":null}},{"type":"Feature","geometry":{"type":"Point","coordinates":[12.54507,55.67076]},"properties":{"status":"Bevaringsværdigt træ","plan":"Sundevedsgade-karreen","species":null}},{"type":"Feature","geometry":{"type":"Point","coordinates":[12.54432,55.671]},"properties":{"status":"Bevaringsværdigt træ","plan":"Sundevedsgade-karreen","species":null}},{"type":"Feature","geometry":{"type":"Point","coordinates":[12.54438,55.67085]},"properties":{"status":"Bevaringsværdigt træ","plan":"Sundevedsgade-karreen","species":null}},{"type":"Feature","geometry":{"type":"Point","coordinates":[12.54429,55.67096]},"properties":{"status":"Bevaringsværdigt træ","plan":"Sundevedsgade-karreen","species":null}},{"type":"Feature","geometry":{"type":"Point","coordinates":[12.57765,55.6773]},"properties":{"status":"Bevaringsværdigt træ","plan":"Gammel Strand (M)","species":null}},{"type":"Feature","geometry":{"type":"Point","coordinates":[12.56883,55.68833]},"properties":{"status":"Bevaringsværdigt træ","plan":"Kommunehospitalet","species":null}},{"type":"Feature","geometry":{"type":"Point","coordinates":[12.57061,55.68924]},"properties":{"status":"Bevaringsværdigt træ","plan":"Kommunehospitalet","species":null}},{"type":"Feature","geometry":{"type":"Point","coordinates":[12.56142,55.6934]},"properties":{"status":"Bevaringsværdigt træ","plan":"Panum II","species":null}},{"type":"Feature","geometry":{"type":"Point","coordinates":[12.56608,55.67386]},"properties":{"status":"Bevaringsværdigt træ","plan":"Tivolihjørnet","species":null}},{"type":"Feature","geometry":{"type":"Point","coordinates":[12.56581,55.67393]},"properties":{"status":"Bevaringsværdigt træ","plan":"Tivolihjørnet","species":null}},{"type":"Feature","geometry":{"type":"Point","coordinates":[12.56591,55.67399]},"properties":{"status":"Bevaringsværdigt træ","plan":"Tivolihjørnet","species":null}},{"type":"Feature","geometry":{"type":"Point","coordinates":[12.56559,55.67444]},"properties":{"status":"Bevaringsværdigt træ","plan":"Tivolihjørnet","species":null}},{"type":"Feature","geometry":{"type":"Point","coordinates":[12.56549,55.6742]},"properties":{"status":"Bevaringsværdigt træ på vilkår","plan":"Tivolihjørnet","species":null}},{"type":"Feature","geometry":{"type":"Point","coordinates":[12.56561,55.67412]},"properties":{"status":"Bevaringsværdigt træ på vilkår","plan":"Tivolihjørnet","species":null}},{"type":"Feature","geometry":{"type":"Point","coordinates":[12.56563,55.67424]},"properties":{"status":"Bevaringsværdigt træ på vilkår","plan":"Tivolihjørnet","species":null}},{"type":"Feature","geometry":{"type":"Point","coordinates":[12.56569,55.67405]},"properties":{"status":"Bevaringsværdigt træ på vilkår","plan":"Tivolihjørnet","species":null}},{"type":"Feature","geometry":{"type":"Point","coordinates":[12.56575,55.67408]},"properties":{"status":"Bevaringsværdigt træ på vilkår","plan":"Tivolihjørnet","species":null}},{"type":"Feature","geometry":{"type":"Point","coordinates":[12.56589,55.67385]},"properties":{"status":"Bevaringsværdigt træ på vilkår","plan":"Tivolihjørnet","species":null}},{"type":"Feature","geometry":{"type":"Point","coordinates":[12.56577,55.67399]},"properties":{"status":"Bevaringsværdigt træ på vilkår","plan":"Tivolihjørnet","species":null}},{"type":"Feature","geometry":{"type":"Point","coordinates":[12.56585,55.67401]},"properties":{"status":"Bevaringsværdigt træ på vilkår","plan":"Tivolihjørnet","species":null}},{"type":"Feature","geometry":{"type":"Point","coordinates":[12.56137,55.69341]},"properties":{"status":"Bevaringsværdigt træ","plan":"Panum II","species":null}},{"type":"Feature","geometry":{"type":"Point","coordinates":[12.56143,55.69343]},"properties":{"status":"Bevaringsværdigt træ","plan":"Panum II","species":null}},{"type":"Feature","geometry":{"type":"Point","coordinates":[12.56155,55.69421]},"properties":{"status":"Bevaringsværdigt træ","plan":"Panum II","species":null}},{"type":"Feature","geometry":{"type":"Point","coordinates":[12.56146,55.6942]},"properties":{"status":"Bevaringsværdigt træ","plan":"Panum II","species":null}},{"type":"Feature","geometry":{"type":"Point","coordinates":[12.56175,55.69455]},"properties":{"status":"Bevaringsværdigt træ","plan":"Panum II","species":null}},{"type":"Feature","geometry":{"type":"Point","coordinates":[12.56182,55.6945]},"properties":{"status":"Bevaringsværdigt træ","plan":"Panum II","species":null}},{"type":"Feature","geometry":{"type":"Point","coordinates":[12.56271,55.69413]},"properties":{"status":"Bevaringsværdigt træ","plan":"Panum II","species":null}},{"type":"Feature","geometry":{"type":"Point","coordinates":[12.56288,55.69388]},"properties":{"status":"Bevaringsværdigt træ","plan":"Panum II","species":null}},{"type":"Feature","geometry":{"type":"Point","coordinates":[12.56294,55.69392]},"properties":{"status":"Bevaringsværdigt træ","plan":"Panum II","species":null}},{"type":"Feature","geometry":{"type":"Point","coordinates":[12.56264,55.6941]},"properties":{"status":"Bevaringsværdigt træ","plan":"Panum II","species":null}},{"type":"Feature","geometry":{"type":"Point","coordinates":[12.56222,55.69168]},"properties":{"status":"Bevaringsværdigt træ","plan":"Panum II","species":null}},{"type":"Feature","geometry":{"type":"Point","coordinates":[12.56278,55.692]},"properties":{"status":"Bevaringsværdigt træ","plan":"Panum II","species":null}},{"type":"Feature","geometry":{"type":"Point","coordinates":[12.56306,55.69215]},"properties":{"status":"Bevaringsværdigt træ","plan":"Panum II","species":null}},{"type":"Feature","geometry":{"type":"Point","coordinates":[12.57455,55.68913]},"properties":{"status":"Bevaringsværdigt træ","plan":"Statens Naturhistoriske Museum","species":null}},{"type":"Feature","geometry":{"type":"Point","coordinates":[12.57438,55.68901]},"properties":{"status":"Bevaringsværdigt træ","plan":"Statens Naturhistoriske Museum","species":null}},{"type":"Feature","geometry":{"type":"Point","coordinates":[12.57451,55.68905]},"properties":{"status":"Bevaringsværdigt træ","plan":"Statens Naturhistoriske Museum","species":null}},{"type":"Feature","geometry":{"type":"Point","coordinates":[12.57475,55.68901]},"properties":{"status":"Bevaringsværdigt træ","plan":"Statens Naturhistoriske Museum","species":null}},{"type":"Feature","geometry":{"type":"Point","coordinates":[12.57485,55.68892]},"properties":{"status":"Bevaringsværdigt træ","plan":"Statens Naturhistoriske Museum","species":null}},{"type":"Feature","geometry":{"type":"Point","coordinates":[12.57464,55.68889]},"properties":{"status":"Bevaringsværdigt træ","plan":"Statens Naturhistoriske Museum","species":null}},{"type":"Feature","geometry":{"type":"Point","coordinates":[12.57494,55.68874]},"properties":{"status":"Bevaringsværdigt træ","plan":"Statens Naturhistoriske Museum","species":null}},{"type":"Feature","geometry":{"type":"Point","coordinates":[12.57506,55.68873]},"properties":{"status":"Bevaringsværdigt træ","plan":"Statens Naturhistoriske Museum","species":null}},{"type":"Feature","geometry":{"type":"Point","coordinates":[12.57521,55.6888]},"properties":{"status":"Bevaringsværdigt træ","plan":"Statens Naturhistoriske Museum","species":null}},{"type":"Feature","geometry":{"type":"Point","coordinates":[12.57507,55.68887]},"properties":{"status":"Bevaringsværdigt træ","plan":"Statens Naturhistoriske Museum","species":null}},{"type":"Feature","geometry":{"type":"Point","coordinates":[12.57536,55.68851]},"properties":{"status":"Bevaringsværdigt træ","plan":"Statens Naturhistoriske Museum","species":null}},{"type":"Feature","geometry":{"type":"Point","coordinates":[12.57542,55.68858]},"properties":{"status":"Bevaringsværdigt træ","plan":"Statens Naturhistoriske Museum","species":null}},{"type":"Feature","geometry":{"type":"Point","coordinates":[12.5754,55.68862]},"properties":{"status":"Bevaringsværdigt træ","plan":"Statens Naturhistoriske Museum","species":null}},{"type":"Feature","geometry":{"type":"Point","coordinates":[12.57355,55.68776]},"properties":{"status":"Bevaringsværdigt træ","plan":"Statens Naturhistoriske Museum","species":null}},{"type":"Feature","geometry":{"type":"Point","coordinates":[12.57324,55.68804]},"properties":{"status":"Bevaringsværdigt træ","plan":"Statens Naturhistoriske Museum","species":null}},{"type":"Feature","geometry":{"type":"Point","coordinates":[12.5679,55.68797]},"properties":{"status":"Bevaringsværdigt træ","plan":"Kommunehospitalet","species":null}},{"type":"Feature","geometry":{"type":"Point","coordinates":[12.56862,55.68816]},"properties":{"status":"Bevaringsværdigt træ","plan":"Kommunehospitalet","species":null}},{"type":"Feature","geometry":{"type":"Point","coordinates":[12.57257,55.68839]},"properties":{"status":"Bevaringsværdigt træ","plan":"Kommunehospitalet","species":null}},{"type":"Feature","geometry":{"type":"Point","coordinates":[12.56821,55.68655]},"properties":{"status":"Bevaringsværdigt træ","plan":"Kommunehospitalet","species":null}},{"type":"Feature","geometry":{"type":"Point","coordinates":[12.56811,55.68661]},"properties":{"status":"Bevaringsværdigt træ","plan":"Kommunehospitalet","species":null}},{"type":"Feature","geometry":{"type":"Point","coordinates":[12.56802,55.68666]},"properties":{"status":"Bevaringsværdigt træ","plan":"Kommunehospitalet","species":null}},{"type":"Feature","geometry":{"type":"Point","coordinates":[12.56877,55.68644]},"properties":{"status":"Bevaringsværdigt træ","plan":"Kommunehospitalet","species":null}},{"type":"Feature","geometry":{"type":"Point","coordinates":[12.56793,55.68671]},"properties":{"status":"Bevaringsværdigt træ","plan":"Kommunehospitalet","species":null}},{"type":"Feature","geometry":{"type":"Point","coordinates":[12.56784,55.68676]},"properties":{"status":"Bevaringsværdigt træ","plan":"Kommunehospitalet","species":null}},{"type":"Feature","geometry":{"type":"Point","coordinates":[12.56776,55.68681]},"properties":{"status":"Bevaringsværdigt træ","plan":"Kommunehospitalet","species":null}},{"type":"Feature","geometry":{"type":"Point","coordinates":[12.56729,55.68748]},"properties":{"status":"Bevaringsværdigt træ","plan":"Kommunehospitalet","species":null}},{"type":"Feature","geometry":{"type":"Point","coordinates":[12.56478,55.69105]},"properties":{"status":"Bevaringsværdigt træ","plan":"Nørre Hospital","species":null}},{"type":"Feature","geometry":{"type":"Point","coordinates":[12.56484,55.69102]},"properties":{"status":"Bevaringsværdigt træ","plan":"Nørre Hospital","species":null}},{"type":"Feature","geometry":{"type":"Point","coordinates":[12.56476,55.69117]},"properties":{"status":"Bevaringsværdigt træ","plan":"Nørre Hospital","species":null}},{"type":"Feature","geometry":{"type":"Point","coordinates":[12.56428,55.69141]},"properties":{"status":"Bevaringsværdigt træ","plan":"Nørre Hospital","species":null}},{"type":"Feature","geometry":{"type":"Point","coordinates":[12.56452,55.69129]},"properties":{"status":"Bevaringsværdigt træ","plan":"Nørre Hospital","species":null}},{"type":"Feature","geometry":{"type":"Point","coordinates":[12.56442,55.69134]},"properties":{"status":"Bevaringsværdigt træ","plan":"Nørre Hospital","species":null}},{"type":"Feature","geometry":{"type":"Point","coordinates":[12.56463,55.69123]},"properties":{"status":"Bevaringsværdigt træ","plan":"Nørre Hospital","species":null}},{"type":"Feature","geometry":{"type":"Point","coordinates":[12.5639,55.69168]},"properties":{"status":"Bevaringsværdigt træ","plan":"Nørre Hospital","species":null}},{"type":"Feature","geometry":{"type":"Point","coordinates":[12.5644,55.69177]},"properties":{"status":"Bevaringsværdigt træ","plan":"Nørre Hospital","species":null}},{"type":"Feature","geometry":{"type":"Point","coordinates":[12.56433,55.69173]},"properties":{"status":"Bevaringsværdigt træ","plan":"Nørre Hospital","species":null}},{"type":"Feature","geometry":{"type":"Point","coordinates":[12.56446,55.69181]},"properties":{"status":"Bevaringsværdigt træ","plan":"Nørre Hospital","species":null}},{"type":"Feature","geometry":{"type":"Point","coordinates":[12.56452,55.69185]},"properties":{"status":"Bevaringsværdigt træ","plan":"Nørre Hospital","species":null}},{"type":"Feature","geometry":{"type":"Point","coordinates":[12.56704,55.69248]},"properties":{"status":"Bevaringsværdigt træ","plan":"Nørre Hospital","species":null}},{"type":"Feature","geometry":{"type":"Point","coordinates":[12.56731,55.69265]},"properties":{"status":"Bevaringsværdigt træ","plan":"Nørre Hospital","species":null}},{"type":"Feature","geometry":{"type":"Point","coordinates":[12.56727,55.69262]},"properties":{"status":"Bevaringsværdigt træ","plan":"Nørre Hospital","species":null}},{"type":"Feature","geometry":{"type":"Point","coordinates":[12.56718,55.69257]},"properties":{"status":"Bevaringsværdigt træ","plan":"Nørre Hospital","species":null}},{"type":"Feature","geometry":{"type":"Point","coordinates":[12.56712,55.69252]},"properties":{"status":"Bevaringsværdigt træ","plan":"Nørre Hospital","species":null}},{"type":"Feature","geometry":{"type":"Point","coordinates":[12.56615,55.6924]},"properties":{"status":"Bevaringsværdigt træ","plan":"Nørre Hospital","species":null}},{"type":"Feature","geometry":{"type":"Point","coordinates":[12.56654,55.69266]},"properties":{"status":"Bevaringsværdigt træ","plan":"Nørre Hospital","species":null}},{"type":"Feature","geometry":{"type":"Point","coordinates":[12.56642,55.69258]},"properties":{"status":"Bevaringsværdigt træ","plan":"Nørre Hospital","species":null}},{"type":"Feature","geometry":{"type":"Point","coordinates":[12.5663,55.6925]},"properties":{"status":"Bevaringsværdigt træ","plan":"Nørre Hospital","species":null}},{"type":"Feature","geometry":{"type":"Point","coordinates":[12.56648,55.69262]},"properties":{"status":"Bevaringsværdigt træ","plan":"Nørre Hospital","species":null}},{"type":"Feature","geometry":{"type":"Point","coordinates":[12.56636,55.69254]},"properties":{"status":"Bevaringsværdigt træ","plan":"Nørre Hospital","species":null}},{"type":"Feature","geometry":{"type":"Point","coordinates":[12.56626,55.69248]},"properties":{"status":"Bevaringsværdigt træ","plan":"Nørre Hospital","species":null}},{"type":"Feature","geometry":{"type":"Point","coordinates":[12.56621,55.69244]},"properties":{"status":"Bevaringsværdigt træ","plan":"Nørre Hospital","species":null}},{"type":"Feature","geometry":{"type":"Point","coordinates":[12.5663,55.6921]},"properties":{"status":"Bevaringsværdigt træ","plan":"Nørre Hospital","species":null}},{"type":"Feature","geometry":{"type":"Point","coordinates":[12.56647,55.69201]},"properties":{"status":"Bevaringsværdigt træ","plan":"Nørre Hospital","species":null}},{"type":"Feature","geometry":{"type":"Point","coordinates":[12.56614,55.6918]},"properties":{"status":"Bevaringsværdigt træ","plan":"Nørre Hospital","species":null}},{"type":"Feature","geometry":{"type":"Point","coordinates":[12.56538,55.69183]},"properties":{"status":"Bevaringsværdigt træ","plan":"Nørre Hospital","species":null}},{"type":"Feature","geometry":{"type":"Point","coordinates":[12.56522,55.69191]},"properties":{"status":"Bevaringsværdigt træ","plan":"Nørre Hospital","species":null}},{"type":"Feature","geometry":{"type":"Point","coordinates":[12.5649,55.69238]},"properties":{"status":"Bevaringsværdigt træ","plan":"Nørre Hospital","species":null}},{"type":"Feature","geometry":{"type":"Point","coordinates":[12.58572,55.67837]},"properties":{"status":"Bevaringsværdigt træ","plan":"Laksegade Øst","species":null}},{"type":"Feature","geometry":{"type":"Point","coordinates":[12.56631,55.69145]},"properties":{"status":"Bevaringsværdigt træ på vilkår","plan":"Fremtidens Sølund","species":null}},{"type":"Feature","geometry":{"type":"Point","coordinates":[12.56793,55.69156]},"properties":{"status":"Bevaringsværdigt træ på vilkår","plan":"Fremtidens Sølund","species":null}},{"type":"Feature","geometry":{"type":"Point","coordinates":[12.56536,55.69084]},"properties":{"status":"Bevaringsværdigt træ på vilkår","plan":"Fremtidens Sølund","species":null}},{"type":"Feature","geometry":{"type":"Point","coordinates":[12.56672,55.69059]},"properties":{"status":"Bevaringsværdigt træ på vilkår","plan":"Fremtidens Sølund","species":null}},{"type":"Feature","geometry":{"type":"Point","coordinates":[12.56664,55.69053]},"properties":{"status":"Bevaringsværdigt træ på vilkår","plan":"Fremtidens Sølund","species":null}},{"type":"Feature","geometry":{"type":"Point","coordinates":[12.56654,55.69058]},"properties":{"status":"Bevaringsværdigt træ på vilkår","plan":"Fremtidens Sølund","species":null}},{"type":"Feature","geometry":{"type":"Point","coordinates":[12.56646,55.69062]},"properties":{"status":"Bevaringsværdigt træ på vilkår","plan":"Fremtidens Sølund","species":null}},{"type":"Feature","geometry":{"type":"Point","coordinates":[12.56628,55.69067]},"properties":{"status":"Bevaringsværdigt træ på vilkår","plan":"Fremtidens Sølund","species":null}},{"type":"Feature","geometry":{"type":"Point","coordinates":[12.56614,55.69057]},"properties":{"status":"Bevaringsværdigt træ på vilkår","plan":"Fremtidens Sølund","species":null}},{"type":"Feature","geometry":{"type":"Point","coordinates":[12.56691,55.69105]},"properties":{"status":"Bevaringsværdigt træ på vilkår","plan":"Fremtidens Sølund","species":null}},{"type":"Feature","geometry":{"type":"Point","coordinates":[12.56679,55.6911]},"properties":{"status":"Bevaringsværdigt træ på vilkår","plan":"Fremtidens Sølund","species":null}},{"type":"Feature","geometry":{"type":"Point","coordinates":[12.56666,55.69116]},"properties":{"status":"Bevaringsværdigt træ på vilkår","plan":"Fremtidens Sølund","species":null}},{"type":"Feature","geometry":{"type":"Point","coordinates":[12.56569,55.69107]},"properties":{"status":"Bevaringsværdigt træ på vilkår","plan":"Fremtidens Sølund","species":null}},{"type":"Feature","geometry":{"type":"Point","coordinates":[12.56743,55.69117]},"properties":{"status":"Bevaringsværdigt træ på vilkår","plan":"Fremtidens Sølund","species":null}},{"type":"Feature","geometry":{"type":"Point","coordinates":[12.5666,55.69172]},"properties":{"status":"Bevaringsværdigt træ på vilkår","plan":"Fremtidens Sølund","species":null}},{"type":"Feature","geometry":{"type":"Point","coordinates":[12.5653,55.69087]},"properties":{"status":"Bevaringsværdigt træ på vilkår","plan":"Fremtidens Sølund","species":null}},{"type":"Feature","geometry":{"type":"Point","coordinates":[12.56541,55.6905]},"properties":{"status":"Bevaringsværdigt træ","plan":"Fremtidens Sølund","species":null}},{"type":"Feature","geometry":{"type":"Point","coordinates":[12.565,55.6906]},"properties":{"status":"Bevaringsværdigt træ","plan":"Fremtidens Sølund","species":null}},{"type":"Feature","geometry":{"type":"Point","coordinates":[12.56504,55.69065]},"properties":{"status":"Bevaringsværdigt træ","plan":"Fremtidens Sølund","species":null}},{"type":"Feature","geometry":{"type":"Point","coordinates":[12.56508,55.69062]},"properties":{"status":"Bevaringsværdigt træ","plan":"Fremtidens Sølund","species":null}},{"type":"Feature","geometry":{"type":"Point","coordinates":[12.56496,55.69062]},"properties":{"status":"Bevaringsværdigt træ","plan":"Fremtidens Sølund","species":null}},{"type":"Feature","geometry":{"type":"Point","coordinates":[12.56602,55.69008]},"properties":{"status":"Bevaringsværdigt træ","plan":"Fremtidens Sølund","species":null}},{"type":"Feature","geometry":{"type":"Point","coordinates":[12.56632,55.69017]},"properties":{"status":"Bevaringsværdigt træ","plan":"Fremtidens Sølund","species":null}},{"type":"Feature","geometry":{"type":"Point","coordinates":[12.56705,55.69201]},"properties":{"status":"Bevaringsværdigt træ","plan":"Fremtidens Sølund","species":null}},{"type":"Feature","geometry":{"type":"Point","coordinates":[12.56815,55.69143]},"properties":{"status":"Bevaringsværdigt træ","plan":"Fremtidens Sølund","species":null}},{"type":"Feature","geometry":{"type":"Point","coordinates":[12.56805,55.69149]},"properties":{"status":"Bevaringsværdigt træ","plan":"Fremtidens Sølund","species":null}},{"type":"Feature","geometry":{"type":"Point","coordinates":[12.56811,55.69146]},"properties":{"status":"Bevaringsværdigt træ","plan":"Fremtidens Sølund","species":null}},{"type":"Feature","geometry":{"type":"Point","coordinates":[12.568,55.69146]},"properties":{"status":"Bevaringsværdigt træ","plan":"Fremtidens Sølund","species":null}},{"type":"Feature","geometry":{"type":"Point","coordinates":[12.56798,55.69141]},"properties":{"status":"Bevaringsværdigt træ","plan":"Fremtidens Sølund","species":null}},{"type":"Feature","geometry":{"type":"Point","coordinates":[12.56804,55.69133]},"properties":{"status":"Bevaringsværdigt træ","plan":"Fremtidens Sølund","species":null}},{"type":"Feature","geometry":{"type":"Point","coordinates":[12.56724,55.69081]},"properties":{"status":"Bevaringsværdigt træ","plan":"Fremtidens Sølund","species":null}},{"type":"Feature","geometry":{"type":"Point","coordinates":[12.56678,55.69051]},"properties":{"status":"Bevaringsværdigt træ","plan":"Fremtidens Sølund","species":null}},{"type":"Feature","geometry":{"type":"Point","coordinates":[12.56643,55.69041]},"properties":{"status":"Bevaringsværdigt træ","plan":"Fremtidens Sølund","species":null}},{"type":"Feature","geometry":{"type":"Point","coordinates":[12.56765,55.69171]},"properties":{"status":"Bevaringsværdigt træ","plan":"Fremtidens Sølund","species":null}},{"type":"Feature","geometry":{"type":"Point","coordinates":[12.56746,55.6918]},"properties":{"status":"Bevaringsværdigt træ","plan":"Fremtidens Sølund","species":null}},{"type":"Feature","geometry":{"type":"Point","coordinates":[12.58557,55.67875]},"properties":{"status":"Bevaringsværdigt træ","plan":"Laksegade Øst","species":null}},{"type":"Feature","geometry":{"type":"Point","coordinates":[12.5856,55.67868]},"properties":{"status":"Bevaringsværdigt træ","plan":"Laksegade Øst","species":null}},{"type":"Feature","geometry":{"type":"Point","coordinates":[12.58562,55.67862]},"properties":{"status":"Bevaringsværdigt træ","plan":"Laksegade Øst","species":null}},{"type":"Feature","geometry":{"type":"Point","coordinates":[12.58564,55.67856]},"properties":{"status":"Bevaringsværdigt træ","plan":"Laksegade Øst","species":null}},{"type":"Feature","geometry":{"type":"Point","coordinates":[12.58567,55.6785]},"properties":{"status":"Bevaringsværdigt træ","plan":"Laksegade Øst","species":null}},{"type":"Feature","geometry":{"type":"Point","coordinates":[12.58569,55.67843]},"properties":{"status":"Bevaringsværdigt træ","plan":"Laksegade Øst","species":null}},{"type":"Feature","geometry":{"type":"Point","coordinates":[12.58574,55.67831]},"properties":{"status":"Bevaringsværdigt træ","plan":"Laksegade Øst","species":null}},{"type":"Feature","geometry":{"type":"Point","coordinates":[12.5775,55.67725]},"properties":{"status":"Bevaringsværdigt træ","plan":"Gammel Strand (M)","species":null}},{"type":"Feature","geometry":{"type":"Point","coordinates":[12.5664,55.67464]},"properties":{"status":"Bevaringsværdigt træ","plan":"Tivolihjørnet","species":null}},{"type":"Feature","geometry":{"type":"Point","coordinates":[12.56662,55.67438]},"properties":{"status":"Bevaringsværdigt træ","plan":"Tivolihjørnet","species":null}},{"type":"Feature","geometry":{"type":"Point","coordinates":[12.56709,55.67441]},"properties":{"status":"Bevaringsværdigt træ","plan":"Tivolihjørnet","species":null}},{"type":"Feature","geometry":{"type":"Point","coordinates":[12.56682,55.67405]},"properties":{"status":"Bevaringsværdigt træ","plan":"Tivolihjørnet","species":null}},{"type":"Feature","geometry":{"type":"Point","coordinates":[12.56687,55.67392]},"properties":{"status":"Bevaringsværdigt træ","plan":"Tivolihjørnet","species":null}},{"type":"Feature","geometry":{"type":"Point","coordinates":[12.56697,55.67411]},"properties":{"status":"Bevaringsværdigt træ","plan":"Tivolihjørnet","species":null}},{"type":"Feature","geometry":{"type":"Point","coordinates":[12.56724,55.67411]},"properties":{"status":"Bevaringsværdigt træ","plan":"Tivolihjørnet","species":null}},{"type":"Feature","geometry":{"type":"Point","coordinates":[12.56704,55.67369]},"properties":{"status":"Bevaringsværdigt træ","plan":"Tivolihjørnet","species":null}},{"type":"Feature","geometry":{"type":"Point","coordinates":[12.56709,55.67365]},"properties":{"status":"Bevaringsværdigt træ","plan":"Tivolihjørnet","species":null}},{"type":"Feature","geometry":{"type":"Point","coordinates":[12.56715,55.67361]},"properties":{"status":"Bevaringsværdigt træ","plan":"Tivolihjørnet","species":null}},{"type":"Feature","geometry":{"type":"Point","coordinates":[12.5669,55.67427]},"properties":{"status":"Bevaringsværdigt træ","plan":"Tivolihjørnet","species":null}},{"type":"Feature","geometry":{"type":"Point","coordinates":[12.56672,55.67425]},"properties":{"status":"Bevaringsværdigt træ","plan":"Tivolihjørnet","species":null}},{"type":"Feature","geometry":{"type":"Point","coordinates":[12.56681,55.67426]},"properties":{"status":"Bevaringsværdigt træ","plan":"Tivolihjørnet","species":null}},{"type":"Feature","geometry":{"type":"Point","coordinates":[12.56605,55.67445]},"properties":{"status":"Bevaringsværdigt træ","plan":"Tivolihjørnet","species":null}},{"type":"Feature","geometry":{"type":"Point","coordinates":[12.56596,55.67447]},"properties":{"status":"Bevaringsværdigt træ","plan":"Tivolihjørnet","species":null}},{"type":"Feature","geometry":{"type":"Point","coordinates":[12.56597,55.67443]},"properties":{"status":"Bevaringsværdigt træ","plan":"Tivolihjørnet","species":null}},{"type":"Feature","geometry":{"type":"Point","coordinates":[12.56629,55.67453]},"properties":{"status":"Bevaringsværdigt træ","plan":"Tivolihjørnet","species":null}},{"type":"Feature","geometry":{"type":"Point","coordinates":[12.56605,55.67434]},"properties":{"status":"Bevaringsværdigt træ","plan":"Tivolihjørnet","species":null}},{"type":"Feature","geometry":{"type":"Point","coordinates":[12.5661,55.67417]},"properties":{"status":"Bevaringsværdigt træ","plan":"Tivolihjørnet","species":null}},{"type":"Feature","geometry":{"type":"Point","coordinates":[12.56649,55.67417]},"properties":{"status":"Bevaringsværdigt træ","plan":"Tivolihjørnet","species":null}},{"type":"Feature","geometry":{"type":"Point","coordinates":[12.5665,55.67428]},"properties":{"status":"Bevaringsværdigt træ","plan":"Tivolihjørnet","species":null}},{"type":"Feature","geometry":{"type":"Point","coordinates":[12.56225,55.6943]},"properties":{"status":"Bevaringsværdigt træ","plan":"Panum II","species":null}},{"type":"Feature","geometry":{"type":"Point","coordinates":[12.56659,55.67431]},"properties":{"status":"Bevaringsværdigt træ","plan":"Tivolihjørnet","species":null}},{"type":"Feature","geometry":{"type":"Point","coordinates":[12.5664,55.67423]},"properties":{"status":"Bevaringsværdigt træ","plan":"Tivolihjørnet","species":null}},{"type":"Feature","geometry":{"type":"Point","coordinates":[12.56654,55.67423]},"properties":{"status":"Bevaringsværdigt træ","plan":"Tivolihjørnet","species":null}},{"type":"Feature","geometry":{"type":"Point","coordinates":[12.56155,55.69368]},"properties":{"status":"Bevaringsværdigt træ","plan":"Panum II","species":null}},{"type":"Feature","geometry":{"type":"Point","coordinates":[12.56638,55.6903]},"properties":{"status":"Bevaringsværdigt træ","plan":"Fremtidens Sølund","species":null}},{"type":"Feature","geometry":{"type":"Point","coordinates":[12.56579,55.67458]},"properties":{"status":"Bevaringsværdigt træ","plan":"Tivolihjørnet","species":null}},{"type":"Feature","geometry":{"type":"Point","coordinates":[12.56588,55.67455]},"properties":{"status":"Bevaringsværdigt træ","plan":"Tivolihjørnet","species":null}},{"type":"Feature","geometry":{"type":"Point","coordinates":[12.56584,55.67462]},"properties":{"status":"Bevaringsværdigt træ","plan":"Tivolihjørnet","species":null}},{"type":"Feature","geometry":{"type":"Point","coordinates":[12.56581,55.67447]},"properties":{"status":"Bevaringsværdigt træ","plan":"Tivolihjørnet","species":null}},{"type":"Feature","geometry":{"type":"Point","coordinates":[12.56588,55.6745]},"properties":{"status":"Bevaringsværdigt træ","plan":"Tivolihjørnet","species":null}},{"type":"Feature","geometry":{"type":"Point","coordinates":[12.56587,55.67439]},"properties":{"status":"Bevaringsværdigt træ","plan":"Tivolihjørnet","species":null}},{"type":"Feature","geometry":{"type":"Point","coordinates":[12.56588,55.67425]},"properties":{"status":"Bevaringsværdigt træ","plan":"Tivolihjørnet","species":null}},{"type":"Feature","geometry":{"type":"Point","coordinates":[12.56605,55.67439]},"properties":{"status":"Bevaringsværdigt træ","plan":"Tivolihjørnet","species":null}},{"type":"Feature","geometry":{"type":"Point","coordinates":[12.56623,55.67384]},"properties":{"status":"Bevaringsværdigt træ","plan":"Tivolihjørnet","species":null}},{"type":"Feature","geometry":{"type":"Point","coordinates":[12.56602,55.67402]},"properties":{"status":"Bevaringsværdigt træ","plan":"Tivolihjørnet","species":null}},{"type":"Feature","geometry":{"type":"Point","coordinates":[12.56624,55.67408]},"properties":{"status":"Bevaringsværdigt træ","plan":"Tivolihjørnet","species":null}},{"type":"Feature","geometry":{"type":"Point","coordinates":[12.56597,55.67413]},"properties":{"status":"Bevaringsværdigt træ","plan":"Tivolihjørnet","species":null}},{"type":"Feature","geometry":{"type":"Point","coordinates":[12.56615,55.67408]},"properties":{"status":"Bevaringsværdigt træ","plan":"Tivolihjørnet","species":null}},{"type":"Feature","geometry":{"type":"Point","coordinates":[12.56587,55.67434]},"properties":{"status":"Bevaringsværdigt træ","plan":"Tivolihjørnet","species":null}},{"type":"Feature","geometry":{"type":"Point","coordinates":[12.56587,55.67429]},"properties":{"status":"Bevaringsværdigt træ","plan":"Tivolihjørnet","species":null}},{"type":"Feature","geometry":{"type":"Point","coordinates":[12.56589,55.67421]},"properties":{"status":"Bevaringsværdigt træ","plan":"Tivolihjørnet","species":null}},{"type":"Feature","geometry":{"type":"Point","coordinates":[12.56572,55.67455]},"properties":{"status":"Bevaringsværdigt træ","plan":"Tivolihjørnet","species":null}},{"type":"Feature","geometry":{"type":"Point","coordinates":[12.57453,55.68899]},"properties":{"status":"Bevaringsværdigt træ","plan":"Statens Naturhistoriske Museum","species":null}},{"type":"Feature","geometry":{"type":"Point","coordinates":[12.56182,55.69286]},"properties":{"status":"Bevaringsværdigt træ","plan":"Panum II","species":null}},{"type":"Feature","geometry":{"type":"Point","coordinates":[12.58584,55.69359]},"properties":{"status":"Bevaringsværdigt træ","plan":"Østerport (M)","species":null}},{"type":"Feature","geometry":{"type":"Point","coordinates":[12.56174,55.69286]},"properties":{"status":"Bevaringsværdigt træ","plan":"Panum II","species":null}},{"type":"Feature","geometry":{"type":"Point","coordinates":[12.56695,55.68735]},"properties":{"status":"Bevaringsværdigt træ","plan":"Kommunehospitalet II GL","species":"skov-elm"}},{"type":"Feature","geometry":{"type":"Point","coordinates":[12.567,55.68729]},"properties":{"status":"Bevaringsværdigt træ","plan":"Kommunehospitalet II GL","species":"almindelig røn"}},{"type":"Feature","geometry":{"type":"Point","coordinates":[12.56842,55.68772]},"properties":{"status":"Bevaringsværdigt træ","plan":"Kommunehospitalet II GL","species":"småbladet lind"}},{"type":"Feature","geometry":{"type":"Point","coordinates":[12.56746,55.68709]},"properties":{"status":"Bevaringsværdigt træ","plan":"Kommunehospitalet II GL","species":"sur-kirsebær"}},{"type":"Feature","geometry":{"type":"Point","coordinates":[12.56756,55.68698]},"properties":{"status":"Bevaringsværdigt træ","plan":"Kommunehospitalet II GL","species":"magnoliefamilien"}},{"type":"Feature","geometry":{"type":"Point","coordinates":[12.56766,55.68693]},"properties":{"status":"Bevaringsværdigt træ","plan":"Kommunehospitalet II GL","species":"magnoliefamilien"}},{"type":"Feature","geometry":{"type":"Point","coordinates":[12.5678,55.68687]},"properties":{"status":"Bevaringsværdigt træ","plan":"Kommunehospitalet II GL","species":"almindelig thuja"}},{"type":"Feature","geometry":{"type":"Point","coordinates":[12.56778,55.68686]},"properties":{"status":"Bevaringsværdigt træ","plan":"Kommunehospitalet II GL","species":"almindelig thuja"}},{"type":"Feature","geometry":{"type":"Point","coordinates":[12.56785,55.68687]},"properties":{"status":"Bevaringsværdigt træ","plan":"Kommunehospitalet II GL","species":"almindelig skov-fyr"}},{"type":"Feature","geometry":{"type":"Point","coordinates":[12.56793,55.6868]},"properties":{"status":"Bevaringsværdigt træ","plan":"Kommunehospitalet II GL","species":"æbleslægten"}},{"type":"Feature","geometry":{"type":"Point","coordinates":[12.56805,55.68674]},"properties":{"status":"Bevaringsværdigt træ","plan":"Kommunehospitalet II GL","species":"almindelig røn"}},{"type":"Feature","geometry":{"type":"Point","coordinates":[12.56876,55.68641]},"properties":{"status":"Bevaringsværdigt træ","plan":"Kommunehospitalet II GL","species":"platan"}},{"type":"Feature","geometry":{"type":"Point","coordinates":[12.56877,55.68635]},"properties":{"status":"Bevaringsværdigt træ","plan":"Kommunehospitalet II GL","species":"kristtornfamilien"}},{"type":"Feature","geometry":{"type":"Point","coordinates":[12.56874,55.68635]},"properties":{"status":"Bevaringsværdigt træ","plan":"Kommunehospitalet II GL","species":"taks"}},{"type":"Feature","geometry":{"type":"Point","coordinates":[12.5687,55.68636]},"properties":{"status":"Bevaringsværdigt træ","plan":"Kommunehospitalet II GL","species":"almindelig thuja"}},{"type":"Feature","geometry":{"type":"Point","coordinates":[12.56854,55.68695]},"properties":{"status":"Bevaringsværdigt træ","plan":"Kommunehospitalet II GL","species":"avnbøg"}},{"type":"Feature","geometry":{"type":"Point","coordinates":[12.56874,55.68692]},"properties":{"status":"Bevaringsværdigt træ","plan":"Kommunehospitalet II GL","species":"sort valnød"}},{"type":"Feature","geometry":{"type":"Point","coordinates":[12.56893,55.68691]},"properties":{"status":"Bevaringsværdigt træ","plan":"Kommunehospitalet II GL","species":"småbladet lind"}},{"type":"Feature","geometry":{"type":"Point","coordinates":[12.569,55.68689]},"properties":{"status":"Bevaringsværdigt træ","plan":"Kommunehospitalet II GL","species":"småbladet lind"}},{"type":"Feature","geometry":{"type":"Point","coordinates":[12.5691,55.68683]},"properties":{"status":"Bevaringsværdigt træ","plan":"Kommunehospitalet II GL","species":"småbladet lind"}},{"type":"Feature","geometry":{"type":"Point","coordinates":[12.56923,55.68678]},"properties":{"status":"Bevaringsværdigt træ","plan":"Kommunehospitalet II GL","species":"småbladet lind"}},{"type":"Feature","geometry":{"type":"Point","coordinates":[12.5692,55.6867]},"properties":{"status":"Bevaringsværdigt træ","plan":"Kommunehospitalet II GL","species":"sort valnød"}},{"type":"Feature","geometry":{"type":"Point","coordinates":[12.56964,55.68705]},"properties":{"status":"Bevaringsværdigt træ","plan":"Kommunehospitalet II GL","species":"vorte-birk"}},{"type":"Feature","geometry":{"type":"Point","coordinates":[12.56976,55.68722]},"properties":{"status":"Bevaringsværdigt træ","plan":"Kommunehospitalet II GL","species":"øret pil"}},{"type":"Feature","geometry":{"type":"Point","coordinates":[12.56974,55.68714]},"properties":{"status":"Bevaringsværdigt træ","plan":"Kommunehospitalet II GL","species":"kornelslægten"}},{"type":"Feature","geometry":{"type":"Point","coordinates":[12.56933,55.68737]},"properties":{"status":"Bevaringsværdigt træ","plan":"Kommunehospitalet II GL","species":"Paradisæble"}},{"type":"Feature","geometry":{"type":"Point","coordinates":[12.56903,55.68706]},"properties":{"status":"Bevaringsværdigt træ","plan":"Kommunehospitalet II GL","species":"sibirisk æble"}},{"type":"Feature","geometry":{"type":"Point","coordinates":[12.57002,55.68776]},"properties":{"status":"Bevaringsværdigt træ","plan":"Kommunehospitalet II GL","species":"japansk kirsebær"}},{"type":"Feature","geometry":{"type":"Point","coordinates":[12.5704,55.6876]},"properties":{"status":"Bevaringsværdigt træ","plan":"Kommunehospitalet II GL","species":"japansk kirsebær"}},{"type":"Feature","geometry":{"type":"Point","coordinates":[12.57023,55.68747]},"properties":{"status":"Bevaringsværdigt træ","plan":"Kommunehospitalet II GL","species":"fugle-kirsebær"}},{"type":"Feature","geometry":{"type":"Point","coordinates":[12.57126,55.68859]},"properties":{"status":"Bevaringsværdigt træ","plan":"Kommunehospitalet II GL","species":"mirabel"}},{"type":"Feature","geometry":{"type":"Point","coordinates":[12.57128,55.68851]},"properties":{"status":"Bevaringsværdigt træ","plan":"Kommunehospitalet II GL","species":"mirabel"}},{"type":"Feature","geometry":{"type":"Point","coordinates":[12.5707,55.68828]},"properties":{"status":"Bevaringsværdigt træ","plan":"Kommunehospitalet II GL","species":"pære"}},{"type":"Feature","geometry":{"type":"Point","coordinates":[12.57082,55.68875]},"properties":{"status":"Bevaringsværdigt træ","plan":"Kommunehospitalet II GL","species":"småbladet lind"}},{"type":"Feature","geometry":{"type":"Point","coordinates":[12.57063,55.68873]},"properties":{"status":"Bevaringsværdigt træ","plan":"Kommunehospitalet II GL","species":"sargents æble"}},{"type":"Feature","geometry":{"type":"Point","coordinates":[12.57034,55.68906]},"properties":{"status":"Bevaringsværdigt træ","plan":"Kommunehospitalet II GL","species":"robinie"}},{"type":"Feature","geometry":{"type":"Point","coordinates":[12.57039,55.68905]},"properties":{"status":"Bevaringsværdigt træ","plan":"Kommunehospitalet II GL","species":"sargents æble"}},{"type":"Feature","geometry":{"type":"Point","coordinates":[12.57037,55.68903]},"properties":{"status":"Bevaringsværdigt træ","plan":"Kommunehospitalet II GL","species":"sargents æble"}},{"type":"Feature","geometry":{"type":"Point","coordinates":[12.57026,55.68901]},"properties":{"status":"Bevaringsværdigt træ","plan":"Kommunehospitalet II GL","species":"trompetkrone"}},{"type":"Feature","geometry":{"type":"Point","coordinates":[12.57065,55.68928]},"properties":{"status":"Bevaringsværdigt træ","plan":"Kommunehospitalet II GL","species":"spids-løn"}},{"type":"Feature","geometry":{"type":"Point","coordinates":[12.57003,55.68882]},"properties":{"status":"Bevaringsværdigt træ","plan":"Kommunehospitalet II GL","species":"småbladet lind"}},{"type":"Feature","geometry":{"type":"Point","coordinates":[12.5704,55.68865]},"properties":{"status":"Bevaringsværdigt træ","plan":"Kommunehospitalet II GL","species":"éngriflet hvidtjørn"}},{"type":"Feature","geometry":{"type":"Point","coordinates":[12.56989,55.68835]},"properties":{"status":"Bevaringsværdigt træ","plan":"Kommunehospitalet II GL","species":"almindelig guldregn"}},{"type":"Feature","geometry":{"type":"Point","coordinates":[12.56981,55.68837]},"properties":{"status":"Bevaringsværdigt træ","plan":"Kommunehospitalet II GL","species":"almindelig guldregn"}},{"type":"Feature","geometry":{"type":"Point","coordinates":[12.56969,55.68842]},"properties":{"status":"Bevaringsværdigt træ","plan":"Kommunehospitalet II GL","species":"skov-æble"}},{"type":"Feature","geometry":{"type":"Point","coordinates":[12.56967,55.68843]},"properties":{"status":"Bevaringsværdigt træ","plan":"Kommunehospitalet II GL","species":"skov-æble"}},{"type":"Feature","geometry":{"type":"Point","coordinates":[12.56987,55.68871]},"properties":{"status":"Bevaringsværdigt træ","plan":"Kommunehospitalet II GL","species":"småbladet lind"}},{"type":"Feature","geometry":{"type":"Point","coordinates":[12.56982,55.68865]},"properties":{"status":"Bevaringsværdigt træ","plan":"Kommunehospitalet II GL","species":"småbladet lind"}},{"type":"Feature","geometry":{"type":"Point","coordinates":[12.56974,55.68861]},"properties":{"status":"Bevaringsværdigt træ","plan":"Kommunehospitalet II GL","species":"småbladet lind"}},{"type":"Feature","geometry":{"type":"Point","coordinates":[12.57189,55.68785]},"properties":{"status":"Bevaringsværdigt træ","plan":"Kommunehospitalet II GL","species":"Rød hestekastanje (Aesculus x carnea)"}},{"type":"Feature","geometry":{"type":"Point","coordinates":[12.57145,55.68753]},"properties":{"status":"Bevaringsværdigt træ","plan":"Kommunehospitalet II GL","species":"Rød hestekastanje (Aesculus x carnea)"}},{"type":"Feature","geometry":{"type":"Point","coordinates":[12.57132,55.68758]},"properties":{"status":"Bevaringsværdigt træ","plan":"Kommunehospitalet II GL","species":"platan"}},{"type":"Feature","geometry":{"type":"Point","coordinates":[12.57047,55.68701]},"properties":{"status":"Bevaringsværdigt træ","plan":"Kommunehospitalet II GL","species":"platan"}},{"type":"Feature","geometry":{"type":"Point","coordinates":[12.57205,55.68819]},"properties":{"status":"Bevaringsværdigt træ","plan":"Kommunehospitalet II GL","species":"vorte-birk"}},{"type":"Feature","geometry":{"type":"Point","coordinates":[12.5723,55.68837]},"properties":{"status":"Bevaringsværdigt træ","plan":"Kommunehospitalet II GL","species":"småbladet lind"}},{"type":"Feature","geometry":{"type":"Point","coordinates":[12.57239,55.68832]},"properties":{"status":"Bevaringsværdigt træ","plan":"Kommunehospitalet II GL","species":"koreansk pil"}},{"type":"Feature","geometry":{"type":"Point","coordinates":[12.57245,55.68839]},"properties":{"status":"Bevaringsværdigt træ","plan":"Kommunehospitalet II GL","species":"vorte-birk"}},{"type":"Feature","geometry":{"type":"Point","coordinates":[12.57541,55.67472]},"properties":{"status":"Fældet bevaringsværdigt træ","plan":"Nationalmuseet","species":"Robinie"}},{"type":"Feature","geometry":{"type":"Point","coordinates":[12.57233,55.68835]},"properties":{"status":"Bevaringsværdigt træ","plan":"Kommunehospitalet II GL","species":"avnbøg"}},{"type":"Feature","geometry":{"type":"Point","coordinates":[12.57212,55.68826]},"properties":{"status":"Bevaringsværdigt træ","plan":"Kommunehospitalet II GL","species":"grå-poppel"}},{"type":"Feature","geometry":{"type":"Point","coordinates":[12.56925,55.6889]},"properties":{"status":"Bevaringsværdigt træ","plan":"Kommunehospitalet II GL","species":"sort valnød"}},{"type":"Feature","geometry":{"type":"Point","coordinates":[12.56999,55.68955]},"properties":{"status":"Bevaringsværdigt træ","plan":"Kommunehospitalet II GL","species":"skærm-elm"}},{"type":"Feature","geometry":{"type":"Point","coordinates":[12.56979,55.68943]},"properties":{"status":"Bevaringsværdigt træ","plan":"Kommunehospitalet II GL","species":"fugle-kirsebær"}},{"type":"Feature","geometry":{"type":"Point","coordinates":[12.56971,55.68937]},"properties":{"status":"Bevaringsværdigt træ","plan":"Kommunehospitalet II GL","species":"hænge-pil"}},{"type":"Feature","geometry":{"type":"Point","coordinates":[12.56969,55.68934]},"properties":{"status":"Bevaringsværdigt træ","plan":"Kommunehospitalet II GL","species":"skærm-elm"}},{"type":"Feature","geometry":{"type":"Point","coordinates":[12.56966,55.68933]},"properties":{"status":"Bevaringsværdigt træ","plan":"Kommunehospitalet II GL","species":"skærm-elm"}},{"type":"Feature","geometry":{"type":"Point","coordinates":[12.56985,55.68913]},"properties":{"status":"Bevaringsværdigt træ","plan":"Kommunehospitalet II GL","species":"bær-æble"}},{"type":"Feature","geometry":{"type":"Point","coordinates":[12.56804,55.68665]},"properties":{"status":"Bevaringsværdigt træ","plan":"Kommunehospitalet II GL","species":"småbladet lind"}},{"type":"Feature","geometry":{"type":"Point","coordinates":[12.56786,55.68676]},"properties":{"status":"Bevaringsværdigt træ","plan":"Kommunehospitalet II GL","species":"småbladet lind"}},{"type":"Feature","geometry":{"type":"Point","coordinates":[12.56777,55.68681]},"properties":{"status":"Bevaringsværdigt træ","plan":"Kommunehospitalet II GL","species":"småbladet lind"}},{"type":"Feature","geometry":{"type":"Point","coordinates":[12.56862,55.68634]},"properties":{"status":"Bevaringsværdigt træ","plan":"Kommunehospitalet II GL","species":"småbladet lind"}},{"type":"Feature","geometry":{"type":"Point","coordinates":[12.56841,55.68644]},"properties":{"status":"Bevaringsværdigt træ","plan":"Kommunehospitalet II GL","species":"småbladet lind"}},{"type":"Feature","geometry":{"type":"Point","coordinates":[12.56791,55.68798]},"properties":{"status":"Bevaringsværdigt træ","plan":"Kommunehospitalet II GL","species":"småbladet lind"}},{"type":"Feature","geometry":{"type":"Point","coordinates":[12.56761,55.68783]},"properties":{"status":"Bevaringsværdigt træ","plan":"Kommunehospitalet II GL","species":"almindelig røn"}},{"type":"Feature","geometry":{"type":"Point","coordinates":[12.56775,55.68777]},"properties":{"status":"Bevaringsværdigt træ","plan":"Kommunehospitalet II GL","species":"almindelig røn"}},{"type":"Feature","geometry":{"type":"Point","coordinates":[12.56771,55.68774]},"properties":{"status":"Bevaringsværdigt træ","plan":"Kommunehospitalet II GL","species":"fugle-kirsebær"}},{"type":"Feature","geometry":{"type":"Point","coordinates":[12.56756,55.6877]},"properties":{"status":"Bevaringsværdigt træ","plan":"Kommunehospitalet II GL","species":"småbladet lind"}},{"type":"Feature","geometry":{"type":"Point","coordinates":[12.56732,55.68749]},"properties":{"status":"Bevaringsværdigt træ","plan":"Kommunehospitalet II GL","species":"almindelig røn"}},{"type":"Feature","geometry":{"type":"Point","coordinates":[12.56731,55.68748]},"properties":{"status":"Bevaringsværdigt træ","plan":"Kommunehospitalet II GL","species":"almindelig røn"}},{"type":"Feature","geometry":{"type":"Point","coordinates":[12.56915,55.68696]},"properties":{"status":"Bevaringsværdigt træ","plan":"Kommunehospitalet II GL","species":"valnød"}},{"type":"Feature","geometry":{"type":"Point","coordinates":[12.57522,55.67462]},"properties":{"status":"Fældet bevaringsværdigt træ","plan":"Nationalmuseet","species":"Robinie"}},{"type":"Feature","geometry":{"type":"Point","coordinates":[12.57497,55.67506]},"properties":{"status":"Fældet bevaringsværdigt træ","plan":"Nationalmuseet","species":"Lind"}},{"type":"Feature","geometry":{"type":"Point","coordinates":[12.56928,55.68874]},"properties":{"status":"Bevaringsværdigt træ","plan":"Kommunehospitalet II GL","species":"vorte-birk"}},{"type":"Feature","geometry":{"type":"Point","coordinates":[12.56726,55.68739]},"properties":{"status":"Bevaringsværdigt træ","plan":"Kommunehospitalet II GL","species":"almindelig hvidtjørn"}},{"type":"Feature","geometry":{"type":"Point","coordinates":[12.56718,55.68734]},"properties":{"status":"Bevaringsværdigt træ","plan":"Kommunehospitalet II GL","species":"almindelig hvidtjørn"}},{"type":"Feature","geometry":{"type":"Point","coordinates":[12.55609,55.68792]},"properties":{"status":"Bevaringsværdigt træ","plan":"Baggesensgade","species":"Park-Lind, Tiliaceae europaea"}},{"type":"Feature","geometry":{"type":"Point","coordinates":[12.55631,55.68813]},"properties":{"status":"Bevaringsværdigt træ","plan":"Baggesensgade","species":"Park-Lind, Tiliaceae europaea"}},{"type":"Feature","geometry":{"type":"Point","coordinates":[12.5562,55.68803]},"properties":{"status":"Bevaringsværdigt træ","plan":"Baggesensgade","species":"Park-Lind, Tiliaceae europaea"}},{"type":"Feature","geometry":{"type":"Point","coordinates":[12.55627,55.68809]},"properties":{"status":"Bevaringsværdigt træ","plan":"Baggesensgade","species":"Park-Lind, Tiliaceae europaea"}},{"type":"Feature","geometry":{"type":"Point","coordinates":[12.55637,55.68811]},"properties":{"status":"Bevaringsværdigt træ","plan":"Baggesensgade","species":"Park-Lind, Tiliaceae europaea"}},{"type":"Feature","geometry":{"type":"Point","coordinates":[12.55605,55.68789]},"properties":{"status":"Bevaringsværdigt træ","plan":"Baggesensgade","species":"Park-Lind, Tiliaceae europaea"}},{"type":"Feature","geometry":{"type":"Point","coordinates":[12.55613,55.68796]},"properties":{"status":"Bevaringsværdigt træ","plan":"Baggesensgade","species":"Park-Lind, Tiliaceae europaea"}},{"type":"Feature","geometry":{"type":"Point","coordinates":[12.55617,55.68799]},"properties":{"status":"Bevaringsværdigt træ","plan":"Baggesensgade","species":"Park-Lind, Tiliaceae europaea"}},{"type":"Feature","geometry":{"type":"Point","coordinates":[12.55624,55.68806]},"properties":{"status":"Bevaringsværdigt træ","plan":"Baggesensgade","species":"Park-Lind, Tiliaceae europaea"}},{"type":"Feature","geometry":{"type":"Point","coordinates":[12.55644,55.68809]},"properties":{"status":"Bevaringsværdigt træ","plan":"Baggesensgade","species":"Park-Lind, Tiliaceae europaea"}},{"type":"Feature","geometry":{"type":"Point","coordinates":[12.5565,55.68807]},"properties":{"status":"Bevaringsværdigt træ","plan":"Baggesensgade","species":"Park-Lind, Tiliaceae europaea"}},{"type":"Feature","geometry":{"type":"Point","coordinates":[12.55656,55.68805]},"properties":{"status":"Bevaringsværdigt træ","plan":"Baggesensgade","species":"Park-Lind, Tiliaceae europaea"}},{"type":"Feature","geometry":{"type":"Point","coordinates":[12.55661,55.68803]},"properties":{"status":"Bevaringsværdigt træ","plan":"Baggesensgade","species":"Park-Lind, Tiliaceae europaea"}},{"type":"Feature","geometry":{"type":"Point","coordinates":[12.56463,55.67594]},"properties":{"status":"Bevaringsværdigt træ","plan":"Palads","species":"Kejserlind"}},{"type":"Feature","geometry":{"type":"Point","coordinates":[12.5645,55.67609]},"properties":{"status":"Bevaringsværdigt træ","plan":"Palads","species":"Kejserlind"}},{"type":"Feature","geometry":{"type":"Point","coordinates":[12.56437,55.67623]},"properties":{"status":"Bevaringsværdigt træ","plan":"Palads","species":"Kejserlind"}},{"type":"Feature","geometry":{"type":"Point","coordinates":[12.56431,55.6763]},"properties":{"status":"Bevaringsværdigt træ","plan":"Palads","species":"Kejserlind"}},{"type":"Feature","geometry":{"type":"Point","coordinates":[12.56356,55.67598]},"properties":{"status":"Bevaringsværdigt træ","plan":"Palads","species":"Kejserlind"}},{"type":"Feature","geometry":{"type":"Point","coordinates":[12.56364,55.67604]},"properties":{"status":"Bevaringsværdigt træ","plan":"Palads","species":"Kejserlind"}},{"type":"Feature","geometry":{"type":"Point","coordinates":[12.56371,55.6761]},"properties":{"status":"Bevaringsværdigt træ","plan":"Palads","species":"Kejserlind"}},{"type":"Feature","geometry":{"type":"Point","coordinates":[12.56377,55.67617]},"properties":{"status":"Bevaringsværdigt træ","plan":"Palads","species":"Kejserlind"}},{"type":"Feature","geometry":{"type":"Point","coordinates":[12.56383,55.67625]},"properties":{"status":"Bevaringsværdigt træ","plan":"Palads","species":"Kejserlind"}},{"type":"Feature","geometry":{"type":"Point","coordinates":[12.56377,55.67599]},"properties":{"status":"Bevaringsværdigt træ","plan":"Palads","species":"Kejserlind"}},{"type":"Feature","geometry":{"type":"Point","coordinates":[12.56382,55.67606]},"properties":{"status":"Bevaringsværdigt træ","plan":"Palads","species":"Kejserlind"}},{"type":"Feature","geometry":{"type":"Point","coordinates":[12.56386,55.67612]},"properties":{"status":"Bevaringsværdigt træ","plan":"Palads","species":"Kejserlind"}},{"type":"Feature","geometry":{"type":"Point","coordinates":[12.5639,55.67617]},"properties":{"status":"Bevaringsværdigt træ","plan":"Palads","species":"Kejserlind"}},{"type":"Feature","geometry":{"type":"Point","coordinates":[12.56393,55.67598]},"properties":{"status":"Bevaringsværdigt træ","plan":"Palads","species":"Kejserlind"}},{"type":"Feature","geometry":{"type":"Point","coordinates":[12.56393,55.67603]},"properties":{"status":"Bevaringsværdigt træ","plan":"Palads","species":"Kejserlind"}},{"type":"Feature","geometry":{"type":"Point","coordinates":[12.56398,55.67608]},"properties":{"status":"Bevaringsværdigt træ","plan":"Palads","species":"Kejserlind"}},{"type":"Feature","geometry":{"type":"Point","coordinates":[12.56409,55.67596]},"properties":{"status":"Bevaringsværdigt træ","plan":"Palads","species":"Kejserlind"}},{"type":"Feature","geometry":{"type":"Point","coordinates":[12.56405,55.67601]},"properties":{"status":"Bevaringsværdigt træ","plan":"Palads","species":"Kejserlind"}},{"type":"Feature","geometry":{"type":"Point","coordinates":[12.56426,55.67637]},"properties":{"status":"Bevaringsværdigt træ","plan":"Palads","species":"Kejserlind"}},{"type":"Feature","geometry":{"type":"Point","coordinates":[12.56396,55.67678]},"properties":{"status":"Bevaringsværdigt træ","plan":"Palads","species":"Kejserlind"}},{"type":"Feature","geometry":{"type":"Point","coordinates":[12.56388,55.67687]},"properties":{"status":"Bevaringsværdigt træ","plan":"Palads","species":"Park-lind"}},{"type":"Feature","geometry":{"type":"Point","coordinates":[12.5638,55.67696]},"properties":{"status":"Bevaringsværdigt træ","plan":"Palads","species":"Park-lind"}},{"type":"Feature","geometry":{"type":"Point","coordinates":[12.56402,55.6765]},"properties":{"status":"Bevaringsværdigt træ","plan":"Palads","species":"Kejserlind"}},{"type":"Feature","geometry":{"type":"Point","coordinates":[12.5639,55.67651]},"properties":{"status":"Bevaringsværdigt træ","plan":"Palads","species":"Kejserlind"}},{"type":"Feature","geometry":{"type":"Point","coordinates":[12.56822,55.68655]},"properties":{"status":"Bevaringsværdigt træ","plan":"Kommunehospitalet II GL","species":"småbladet lind"}},{"type":"Feature","geometry":{"type":"Point","coordinates":[12.56813,55.6866]},"properties":{"status":"Bevaringsværdigt træ","plan":"Kommunehospitalet II GL","species":"småbladet lind"}},{"type":"Feature","geometry":{"type":"Point","coordinates":[12.56795,55.6867]},"properties":{"status":"Bevaringsværdigt træ","plan":"Kommunehospitalet II GL","species":"småbladet lind"}},{"type":"Feature","geometry":{"type":"Point","coordinates":[12.56758,55.68783]},"properties":{"status":"Bevaringsværdigt træ","plan":"Kommunehospitalet II NY","species":"almindelig røn"}},{"type":"Feature","geometry":{"type":"Point","coordinates":[12.5677,55.68776]},"properties":{"status":"Bevaringsværdigt træ","plan":"Kommunehospitalet II NY","species":"almindelig røn"}},{"type":"Feature","geometry":{"type":"Point","coordinates":[12.56767,55.68774]},"properties":{"status":"Bevaringsværdigt træ","plan":"Kommunehospitalet II NY","species":"fugle-kirsebær"}},{"type":"Feature","geometry":{"type":"Point","coordinates":[12.56843,55.6877]},"properties":{"status":"Bevaringsværdigt træ","plan":"Kommunehospitalet II NY","species":"småbladet lind"}},{"type":"Feature","geometry":{"type":"Point","coordinates":[12.56746,55.68707]},"properties":{"status":"Bevaringsværdigt træ","plan":"Kommunehospitalet II NY","species":"sur-kirsebær"}},{"type":"Feature","geometry":{"type":"Point","coordinates":[12.56754,55.68698]},"properties":{"status":"Bevaringsværdigt træ","plan":"Kommunehospitalet II NY","species":"magnoliefamilien"}},{"type":"Feature","geometry":{"type":"Point","coordinates":[12.5687,55.68636]},"properties":{"status":"Bevaringsværdigt træ","plan":"Kommunehospitalet II NY","species":"almindelig thuja"}},{"type":"Feature","geometry":{"type":"Point","coordinates":[12.56874,55.68756]},"properties":{"status":"Ikke bevaringsværdigt træ","plan":"Kommunehospitalet II NY","species":"vorte-birk"}},{"type":"Feature","geometry":{"type":"Point","coordinates":[12.56932,55.68736]},"properties":{"status":"Bevaringsværdigt træ","plan":"Kommunehospitalet II NY","species":"æbleslægten"}},{"type":"Feature","geometry":{"type":"Point","coordinates":[12.56919,55.6867]},"properties":{"status":"Bevaringsværdigt træ","plan":"Kommunehospitalet II NY","species":"sort valnød"}},{"type":"Feature","geometry":{"type":"Point","coordinates":[12.56963,55.68704]},"properties":{"status":"Bevaringsværdigt træ","plan":"Kommunehospitalet II NY","species":"vorte-birk"}},{"type":"Feature","geometry":{"type":"Point","coordinates":[12.56975,55.68721]},"properties":{"status":"Bevaringsværdigt træ","plan":"Kommunehospitalet II NY","species":"øret pil"}},{"type":"Feature","geometry":{"type":"Point","coordinates":[12.56978,55.68718]},"properties":{"status":"Bevaringsværdigt træ","plan":"Kommunehospitalet II NY","species":"kornelslægten"}},{"type":"Feature","geometry":{"type":"Point","coordinates":[12.56989,55.68713]},"properties":{"status":"Ikke bevaringsværdigt træ","plan":"Kommunehospitalet II NY","species":"skov-elm"}},{"type":"Feature","geometry":{"type":"Point","coordinates":[12.56969,55.68725]},"properties":{"status":"Ikke bevaringsværdigt træ","plan":"Kommunehospitalet II NY","species":"almindelig røn"}},{"type":"Feature","geometry":{"type":"Point","coordinates":[12.5696,55.68729]},"properties":{"status":"Ikke bevaringsværdigt træ","plan":"Kommunehospitalet II NY","species":"almindelig røn"}},{"type":"Feature","geometry":{"type":"Point","coordinates":[12.57236,55.68841]},"properties":{"status":"Ikke bevaringsværdigt træ","plan":"Kommunehospitalet II NY","species":"fugle-kirsebær"}},{"type":"Feature","geometry":{"type":"Point","coordinates":[12.5697,55.68937]},"properties":{"status":"Bevaringsværdigt træ","plan":"Kommunehospitalet II NY","species":"skærm-elm"}},{"type":"Feature","geometry":{"type":"Point","coordinates":[12.56967,55.68935]},"properties":{"status":"Bevaringsværdigt træ","plan":"Kommunehospitalet II NY","species":"skærm-elm"}},{"type":"Feature","geometry":{"type":"Point","coordinates":[12.56987,55.68912]},"properties":{"status":"Bevaringsværdigt træ","plan":"Kommunehospitalet II NY","species":"bær-æble"}},{"type":"Feature","geometry":{"type":"Point","coordinates":[12.54961,55.69591]},"properties":{"status":"Bevaringsværdigt træ","plan":"Fix-karréen tillæg 2","species":"acer"}},{"type":"Feature","geometry":{"type":"Point","coordinates":[12.5498,55.69586]},"properties":{"status":"Bevaringsværdigt træ","plan":"Fix-karréen tillæg 2","species":"birk"}},{"type":"Feature","geometry":{"type":"Point","coordinates":[12.56859,55.68633]},"properties":{"status":"Bevaringsværdigt træ","plan":"Kommunehospitalet II NY","species":"småbladet lind"}},{"type":"Feature","geometry":{"type":"Point","coordinates":[12.56841,55.68645]},"properties":{"status":"Bevaringsværdigt træ","plan":"Kommunehospitalet II NY","species":"småbladet lind"}},{"type":"Feature","geometry":{"type":"Point","coordinates":[12.56822,55.68655]},"properties":{"status":"Bevaringsværdigt træ","plan":"Kommunehospitalet II NY","species":"småbladet lind"}},{"type":"Feature","geometry":{"type":"Point","coordinates":[12.56815,55.68659]},"properties":{"status":"Bevaringsværdigt træ","plan":"Kommunehospitalet II NY","species":"småbladet lind"}},{"type":"Feature","geometry":{"type":"Point","coordinates":[12.56803,55.68665]},"properties":{"status":"Bevaringsværdigt træ","plan":"Kommunehospitalet II NY","species":"småbladet lind"}},{"type":"Feature","geometry":{"type":"Point","coordinates":[12.56795,55.6867]},"properties":{"status":"Bevaringsværdigt træ","plan":"Kommunehospitalet II NY","species":"småbladet lind"}},{"type":"Feature","geometry":{"type":"Point","coordinates":[12.56787,55.68676]},"properties":{"status":"Bevaringsværdigt træ","plan":"Kommunehospitalet II NY","species":"småbladet lind"}},{"type":"Feature","geometry":{"type":"Point","coordinates":[12.56779,55.68681]},"properties":{"status":"Bevaringsværdigt træ","plan":"Kommunehospitalet II NY","species":"småbladet lind"}},{"type":"Feature","geometry":{"type":"Point","coordinates":[12.56994,55.68926]},"properties":{"status":"Ikke bevaringsværdigt træ","plan":"Kommunehospitalet II NY","species":"sibirisk æble"}},{"type":"Feature","geometry":{"type":"Point","coordinates":[12.56961,55.68915]},"properties":{"status":"Ikke bevaringsværdigt træ","plan":"Kommunehospitalet II NY","species":"almindelig hyld"}},{"type":"Feature","geometry":{"type":"Point","coordinates":[12.56952,55.68916]},"properties":{"status":"Ikke bevaringsværdigt træ","plan":"Kommunehospitalet II NY","species":"almindelig hyld"}},{"type":"Feature","geometry":{"type":"Point","coordinates":[12.56966,55.68912]},"properties":{"status":"Ikke bevaringsværdigt træ","plan":"Kommunehospitalet II NY","species":"hassel"}},{"type":"Feature","geometry":{"type":"Point","coordinates":[12.5697,55.6891]},"properties":{"status":"Ikke bevaringsværdigt træ","plan":"Kommunehospitalet II NY","species":"hassel"}},{"type":"Feature","geometry":{"type":"Point","coordinates":[12.56971,55.68909]},"properties":{"status":"Ikke bevaringsværdigt træ","plan":"Kommunehospitalet II NY","species":"hassel"}},{"type":"Feature","geometry":{"type":"Point","coordinates":[12.56935,55.68914]},"properties":{"status":"Ikke bevaringsværdigt træ","plan":"Kommunehospitalet II NY","species":"blommeslægten"}},{"type":"Feature","geometry":{"type":"Point","coordinates":[12.56789,55.68797]},"properties":{"status":"Bevaringsværdigt træ","plan":"Kommunehospitalet II NY","species":"storbladet lind"}},{"type":"Feature","geometry":{"type":"Point","coordinates":[12.56752,55.6877]},"properties":{"status":"Bevaringsværdigt træ","plan":"Kommunehospitalet II NY","species":"storbladet lind"}},{"type":"Feature","geometry":{"type":"Point","coordinates":[12.56728,55.68753]},"properties":{"status":"Bevaringsværdigt træ","plan":"Kommunehospitalet II NY","species":"almindelig røn"}},{"type":"Feature","geometry":{"type":"Point","coordinates":[12.5673,55.68749]},"properties":{"status":"Bevaringsværdigt træ","plan":"Kommunehospitalet II NY","species":"almindelig røn"}},{"type":"Feature","geometry":{"type":"Point","coordinates":[12.56692,55.68733]},"properties":{"status":"Bevaringsværdigt træ","plan":"Kommunehospitalet II NY","species":"skov-elm"}},{"type":"Feature","geometry":{"type":"Point","coordinates":[12.567,55.68727]},"properties":{"status":"Bevaringsværdigt træ","plan":"Kommunehospitalet II NY","species":"almindelig røn"}},{"type":"Feature","geometry":{"type":"Point","coordinates":[12.569,55.68706]},"properties":{"status":"Bevaringsværdigt træ","plan":"Kommunehospitalet II NY","species":"sibirisk æble"}},{"type":"Feature","geometry":{"type":"Point","coordinates":[12.57002,55.68774]},"properties":{"status":"Bevaringsværdigt træ","plan":"Kommunehospitalet II NY","species":"sur-kirsebær"}},{"type":"Feature","geometry":{"type":"Point","coordinates":[12.57038,55.68759]},"properties":{"status":"Bevaringsværdigt træ","plan":"Kommunehospitalet II NY","species":"fugle-kirsebær"}},{"type":"Feature","geometry":{"type":"Point","coordinates":[12.5702,55.68746]},"properties":{"status":"Bevaringsværdigt træ","plan":"Kommunehospitalet II NY","species":"fugle-kirsebær"}},{"type":"Feature","geometry":{"type":"Point","coordinates":[12.57125,55.68858]},"properties":{"status":"Bevaringsværdigt træ","plan":"Kommunehospitalet II NY","species":"mirabel"}},{"type":"Feature","geometry":{"type":"Point","coordinates":[12.57128,55.68849]},"properties":{"status":"Bevaringsværdigt træ","plan":"Kommunehospitalet II NY","species":"mirabel"}},{"type":"Feature","geometry":{"type":"Point","coordinates":[12.57066,55.68826]},"properties":{"status":"Bevaringsværdigt træ","plan":"Kommunehospitalet II NY","species":"pære"}},{"type":"Feature","geometry":{"type":"Point","coordinates":[12.57075,55.68871]},"properties":{"status":"Bevaringsværdigt træ","plan":"Kommunehospitalet II NY","species":"småbladet lind"}},{"type":"Feature","geometry":{"type":"Point","coordinates":[12.56882,55.68697]},"properties":{"status":"Ikke bevaringsværdigt træ","plan":"Kommunehospitalet II NY","species":"fugle-kirsebær"}},{"type":"Feature","geometry":{"type":"Point","coordinates":[12.57053,55.68803]},"properties":{"status":"Ikke bevaringsværdigt træ","plan":"Kommunehospitalet II NY","species":"almindelig guldregn"}},{"type":"Feature","geometry":{"type":"Point","coordinates":[12.56728,55.6874]},"properties":{"status":"Træ der kan fældes selv om det lever op til kriterierne for at være bevaringsværdigt","plan":"Kommunehospitalet II NY","species":"almindelig hvidtjørn"}},{"type":"Feature","geometry":{"type":"Point","coordinates":[12.56723,55.68735]},"properties":{"status":"Træ der kan fældes selv om det lever op til kriterierne for at være bevaringsværdigt","plan":"Kommunehospitalet II NY","species":"almindelig hvidtjørn"}},{"type":"Feature","geometry":{"type":"Point","coordinates":[12.57064,55.6887]},"properties":{"status":"Bevaringsværdigt træ","plan":"Kommunehospitalet II NY","species":"sargents æble"}},{"type":"Feature","geometry":{"type":"Point","coordinates":[12.57031,55.68908]},"properties":{"status":"Bevaringsværdigt træ","plan":"Kommunehospitalet II NY","species":"robinie"}},{"type":"Feature","geometry":{"type":"Point","coordinates":[12.57034,55.68906]},"properties":{"status":"Bevaringsværdigt træ","plan":"Kommunehospitalet II NY","species":"sargents æble"}},{"type":"Feature","geometry":{"type":"Point","coordinates":[12.57034,55.68904]},"properties":{"status":"Bevaringsværdigt træ","plan":"Kommunehospitalet II NY","species":"sargents æble"}},{"type":"Feature","geometry":{"type":"Point","coordinates":[12.57026,55.68899]},"properties":{"status":"Bevaringsværdigt træ","plan":"Kommunehospitalet II NY","species":"trompetkrone"}},{"type":"Feature","geometry":{"type":"Point","coordinates":[12.57064,55.68926]},"properties":{"status":"Bevaringsværdigt træ","plan":"Kommunehospitalet II NY","species":"spids-løn"}},{"type":"Feature","geometry":{"type":"Point","coordinates":[12.56989,55.68833]},"properties":{"status":"Bevaringsværdigt træ","plan":"Kommunehospitalet II NY","species":"almindelig guldregn"}},{"type":"Feature","geometry":{"type":"Point","coordinates":[12.56984,55.68837]},"properties":{"status":"Bevaringsværdigt træ","plan":"Kommunehospitalet II NY","species":"almindelig guldregn"}},{"type":"Feature","geometry":{"type":"Point","coordinates":[12.56973,55.68841]},"properties":{"status":"Bevaringsværdigt træ","plan":"Kommunehospitalet II NY","species":"skov-æble"}},{"type":"Feature","geometry":{"type":"Point","coordinates":[12.56962,55.68841]},"properties":{"status":"Bevaringsværdigt træ","plan":"Kommunehospitalet II NY","species":"skov-æble"}},{"type":"Feature","geometry":{"type":"Point","coordinates":[12.56985,55.68869]},"properties":{"status":"Bevaringsværdigt træ","plan":"Kommunehospitalet II NY","species":"småbladet lind"}},{"type":"Feature","geometry":{"type":"Point","coordinates":[12.56979,55.68864]},"properties":{"status":"Bevaringsværdigt træ","plan":"Kommunehospitalet II NY","species":"småbladet lind"}},{"type":"Feature","geometry":{"type":"Point","coordinates":[12.56972,55.6886]},"properties":{"status":"Bevaringsværdigt træ","plan":"Kommunehospitalet II NY","species":"småbladet lind"}},{"type":"Feature","geometry":{"type":"Point","coordinates":[12.57185,55.68782]},"properties":{"status":"Bevaringsværdigt træ","plan":"Kommunehospitalet II NY","species":"hestekastanie"}},{"type":"Feature","geometry":{"type":"Point","coordinates":[12.57143,55.68754]},"properties":{"status":"Bevaringsværdigt træ","plan":"Kommunehospitalet II NY","species":"hestekastanie"}},{"type":"Feature","geometry":{"type":"Point","coordinates":[12.57127,55.68755]},"properties":{"status":"Bevaringsværdigt træ","plan":"Kommunehospitalet II NY","species":"ahorn"}},{"type":"Feature","geometry":{"type":"Point","coordinates":[12.57045,55.68698]},"properties":{"status":"Bevaringsværdigt træ","plan":"Kommunehospitalet II NY","species":"ahorn"}},{"type":"Feature","geometry":{"type":"Point","coordinates":[12.57204,55.68819]},"properties":{"status":"Bevaringsværdigt træ","plan":"Kommunehospitalet II NY","species":"vorte-birk"}},{"type":"Feature","geometry":{"type":"Point","coordinates":[12.5723,55.68839]},"properties":{"status":"Bevaringsværdigt træ","plan":"Kommunehospitalet II NY","species":"småbladet lind"}},{"type":"Feature","geometry":{"type":"Point","coordinates":[12.57239,55.68832]},"properties":{"status":"Bevaringsværdigt træ","plan":"Kommunehospitalet II NY","species":"hænge-pil"}},{"type":"Feature","geometry":{"type":"Point","coordinates":[12.56991,55.68664]},"properties":{"status":"Ikke bevaringsværdigt træ","plan":"Kommunehospitalet II NY","species":"almindelig guldregn"}},{"type":"Feature","geometry":{"type":"Point","coordinates":[12.57051,55.6869]},"properties":{"status":"Ikke bevaringsværdigt træ","plan":"Kommunehospitalet II NY","species":"hestekastanie"}},{"type":"Feature","geometry":{"type":"Point","coordinates":[12.57242,55.68838]},"properties":{"status":"Træ der kan fældes selv om det lever op til kriterierne for at være bevaringsværdigt","plan":"Kommunehospitalet II NY","species":"vorte-birk"}},{"type":"Feature","geometry":{"type":"Point","coordinates":[12.57004,55.68882]},"properties":{"status":"Træ der kan fældes selv om det lever op til kriterierne for at være bevaringsværdigt","plan":"Kommunehospitalet II NY","species":"småbladet lind"}},{"type":"Feature","geometry":{"type":"Point","coordinates":[12.5704,55.68865]},"properties":{"status":"Træ der kan fældes selv om det lever op til kriterierne for at være bevaringsværdigt","plan":"Kommunehospitalet II NY","species":"éngriflet hvidtjørn"}},{"type":"Feature","geometry":{"type":"Point","coordinates":[12.56762,55.68694]},"properties":{"status":"Bevaringsværdigt træ","plan":"Kommunehospitalet II NY","species":"magnoliefamilien"}},{"type":"Feature","geometry":{"type":"Point","coordinates":[12.56782,55.6869]},"properties":{"status":"Bevaringsværdigt træ","plan":"Kommunehospitalet II NY","species":"almindelig thuja"}},{"type":"Feature","geometry":{"type":"Point","coordinates":[12.56779,55.68689]},"properties":{"status":"Bevaringsværdigt træ","plan":"Kommunehospitalet II NY","species":"almindelig thuja"}},{"type":"Feature","geometry":{"type":"Point","coordinates":[12.5679,55.6869]},"properties":{"status":"Bevaringsværdigt træ","plan":"Kommunehospitalet II NY","species":"almindelig skov-fyr"}},{"type":"Feature","geometry":{"type":"Point","coordinates":[12.56789,55.68679]},"properties":{"status":"Bevaringsværdigt træ","plan":"Kommunehospitalet II NY","species":"æbleslægten"}},{"type":"Feature","geometry":{"type":"Point","coordinates":[12.56803,55.68673]},"properties":{"status":"Bevaringsværdigt træ","plan":"Kommunehospitalet II NY","species":"almindelig røn"}},{"type":"Feature","geometry":{"type":"Point","coordinates":[12.56877,55.68643]},"properties":{"status":"Bevaringsværdigt træ","plan":"Kommunehospitalet II NY","species":"ahorn"}},{"type":"Feature","geometry":{"type":"Point","coordinates":[12.56877,55.68635]},"properties":{"status":"Bevaringsværdigt træ","plan":"Kommunehospitalet II NY","species":"kristtornfamilien"}},{"type":"Feature","geometry":{"type":"Point","coordinates":[12.56874,55.68635]},"properties":{"status":"Bevaringsværdigt træ","plan":"Kommunehospitalet II NY","species":"taks"}},{"type":"Feature","geometry":{"type":"Point","coordinates":[12.56852,55.68695]},"properties":{"status":"Bevaringsværdigt træ","plan":"Kommunehospitalet II NY","species":"avnbøg"}},{"type":"Feature","geometry":{"type":"Point","coordinates":[12.56875,55.68691]},"properties":{"status":"Bevaringsværdigt træ","plan":"Kommunehospitalet II NY","species":"sort valnød"}},{"type":"Feature","geometry":{"type":"Point","coordinates":[12.56891,55.68691]},"properties":{"status":"Bevaringsværdigt træ","plan":"Kommunehospitalet II NY","species":"småbladet lind"}},{"type":"Feature","geometry":{"type":"Point","coordinates":[12.569,55.68687]},"properties":{"status":"Bevaringsværdigt træ","plan":"Kommunehospitalet II NY","species":"småbladet lind"}},{"type":"Feature","geometry":{"type":"Point","coordinates":[12.56909,55.68683]},"properties":{"status":"Bevaringsværdigt træ","plan":"Kommunehospitalet II NY","species":"småbladet lind"}},{"type":"Feature","geometry":{"type":"Point","coordinates":[12.56915,55.68693]},"properties":{"status":"Bevaringsværdigt træ","plan":"Kommunehospitalet II NY","species":"valnød"}},{"type":"Feature","geometry":{"type":"Point","coordinates":[12.56918,55.68679]},"properties":{"status":"Bevaringsværdigt træ","plan":"Kommunehospitalet II NY","species":"småbladet lind"}},{"type":"Feature","geometry":{"type":"Point","coordinates":[12.56782,55.68688]},"properties":{"status":"Ikke bevaringsværdigt træ","plan":"Kommunehospitalet II NY","species":"kristtornfamilien"}},{"type":"Feature","geometry":{"type":"Point","coordinates":[12.56781,55.68684]},"properties":{"status":"Ikke bevaringsværdigt træ","plan":"Kommunehospitalet II NY","species":"skov-elm"}},{"type":"Feature","geometry":{"type":"Point","coordinates":[12.56819,55.68679]},"properties":{"status":"Ikke bevaringsværdigt træ","plan":"Kommunehospitalet II NY","species":"sibirisk æble"}},{"type":"Feature","geometry":{"type":"Point","coordinates":[12.56874,55.68634]},"properties":{"status":"Ikke bevaringsværdigt træ","plan":"Kommunehospitalet II NY","species":"almindelig thuja"}},{"type":"Feature","geometry":{"type":"Point","coordinates":[12.57166,55.6882]},"properties":{"status":"Ikke bevaringsværdigt træ","plan":"Kommunehospitalet II NY","species":"vinter-eg"}},{"type":"Feature","geometry":{"type":"Point","coordinates":[12.57177,55.68816]},"properties":{"status":"Ikke bevaringsværdigt træ","plan":"Kommunehospitalet II NY","species":"øret pil"}},{"type":"Feature","geometry":{"type":"Point","coordinates":[12.57207,55.68825]},"properties":{"status":"Bevaringsværdigt træ","plan":"Kommunehospitalet II NY","species":"grå-poppel"}},{"type":"Feature","geometry":{"type":"Point","coordinates":[12.56924,55.68888]},"properties":{"status":"Bevaringsværdigt træ","plan":"Kommunehospitalet II NY","species":"sort valnød"}},{"type":"Feature","geometry":{"type":"Point","coordinates":[12.57,55.68955]},"properties":{"status":"Bevaringsværdigt træ","plan":"Kommunehospitalet II NY","species":"skærm-elm"}},{"type":"Feature","geometry":{"type":"Point","coordinates":[12.56973,55.68939]},"properties":{"status":"Bevaringsværdigt træ","plan":"Kommunehospitalet II NY","species":"fugle-kirsebær"}},{"type":"Feature","geometry":{"type":"Point","coordinates":[12.56975,55.68938]},"properties":{"status":"Bevaringsværdigt træ","plan":"Kommunehospitalet II NY","species":"hænge-pil"}},{"type":"Feature","geometry":{"type":"Point","coordinates":[12.56725,55.68757]},"properties":{"status":"Ikke bevaringsværdigt træ","plan":"Kommunehospitalet II NY","species":"æbleslægten"}},{"type":"Feature","geometry":{"type":"Point","coordinates":[12.57051,55.68797]},"properties":{"status":"Ikke bevaringsværdigt træ","plan":"Kommunehospitalet II NY","species":"almindelig guldregn"}},{"type":"Feature","geometry":{"type":"Point","coordinates":[12.57072,55.68795]},"properties":{"status":"Ikke bevaringsværdigt træ","plan":"Kommunehospitalet II NY","species":"småbladet lind"}},{"type":"Feature","geometry":{"type":"Point","coordinates":[12.57078,55.68794]},"properties":{"status":"Ikke bevaringsværdigt træ","plan":"Kommunehospitalet II NY","species":"småbladet lind"}},{"type":"Feature","geometry":{"type":"Point","coordinates":[12.57085,55.68786]},"properties":{"status":"Ikke bevaringsværdigt træ","plan":"Kommunehospitalet II NY","species":"almindelig guldregn"}},{"type":"Feature","geometry":{"type":"Point","coordinates":[12.57123,55.68816]},"properties":{"status":"Ikke bevaringsværdigt træ","plan":"Kommunehospitalet II NY","species":"småbladet lind"}},{"type":"Feature","geometry":{"type":"Point","coordinates":[12.5712,55.68819]},"properties":{"status":"Ikke bevaringsværdigt træ","plan":"Kommunehospitalet II NY","species":"småbladet lind"}},{"type":"Feature","geometry":{"type":"Point","coordinates":[12.57141,55.68825]},"properties":{"status":"Ikke bevaringsværdigt træ","plan":"Kommunehospitalet II NY","species":"robinie"}},{"type":"Feature","geometry":{"type":"Point","coordinates":[12.57144,55.68828]},"properties":{"status":"Ikke bevaringsværdigt træ","plan":"Kommunehospitalet II NY","species":"robinie"}},{"type":"Feature","geometry":{"type":"Point","coordinates":[12.57137,55.68892]},"properties":{"status":"Ikke bevaringsværdigt træ","plan":"Kommunehospitalet II NY","species":"hestekastanie"}},{"type":"Feature","geometry":{"type":"Point","coordinates":[12.57093,55.6883]},"properties":{"status":"Ikke bevaringsværdigt træ","plan":"Kommunehospitalet II NY","species":"småbladet lind"}},{"type":"Feature","geometry":{"type":"Point","coordinates":[12.57087,55.68834]},"properties":{"status":"Ikke bevaringsværdigt træ","plan":"Kommunehospitalet II NY","species":"småbladet lind"}},{"type":"Feature","geometry":{"type":"Point","coordinates":[12.57021,55.68901]},"properties":{"status":"Ikke bevaringsværdigt træ","plan":"Kommunehospitalet II NY","species":"dværgmispelslægten"}},{"type":"Feature","geometry":{"type":"Point","coordinates":[12.57082,55.6883]},"properties":{"status":"Ikke bevaringsværdigt træ","plan":"Kommunehospitalet II NY","species":"småbladet lind"}},{"type":"Feature","geometry":{"type":"Point","coordinates":[12.57012,55.68893]},"properties":{"status":"Ikke bevaringsværdigt træ","plan":"Kommunehospitalet II NY","species":"småbladet lind"}},{"type":"Feature","geometry":{"type":"Point","coordinates":[12.5724,55.68843]},"properties":{"status":"Ikke bevaringsværdigt træ","plan":"Kommunehospitalet II NY","species":"fugle-kirsebær"}},{"type":"Feature","geometry":{"type":"Point","coordinates":[12.57239,55.68845]},"properties":{"status":"Ikke bevaringsværdigt træ","plan":"Kommunehospitalet II NY","species":"hestekastanie"}},{"type":"Feature","geometry":{"type":"Point","coordinates":[12.57234,55.68848]},"properties":{"status":"Ikke bevaringsværdigt træ","plan":"Kommunehospitalet II NY","species":"fugle-kirsebær"}},{"type":"Feature","geometry":{"type":"Point","coordinates":[12.56921,55.689]},"properties":{"status":"Ikke bevaringsværdigt træ","plan":"Kommunehospitalet II NY","species":"almindelig hyld"}},{"type":"Feature","geometry":{"type":"Point","coordinates":[12.56908,55.68893]},"properties":{"status":"Ikke bevaringsværdigt træ","plan":"Kommunehospitalet II NY","species":"ligusterslægten"}},{"type":"Feature","geometry":{"type":"Point","coordinates":[12.57227,55.68836]},"properties":{"status":"Bevaringsværdigt træ","plan":"Kommunehospitalet II NY","species":"avnbøg"}},{"type":"Feature","geometry":{"type":"Point","coordinates":[12.56928,55.68872]},"properties":{"status":"Bevaringsværdigt træ","plan":"Kommunehospitalet II NY","species":"vorte-birk"}}]}