{"type":"FeatureCollection","features":[{"type":"Feature","geometry":{"type":"MultiPolygon","coordinates":[[[[13.40371,52.52245],[13.4037,52.52245],[13.4037,52.52245],[13.40371,52.52245],[13.40371,52.52245]]]]},"properties":{"type":"intensiv"}},{"type":"Feature","geometry":{"type":"MultiPolygon","coordinates":[[[[13.40371,52.52244],[13.4037,52.52244],[13.4037,52.52245],[13.40371,52.52245],[13.40371,52.52244]]]]},"properties":{"type":"extensiv"}},{"type":"Feature","geometry":{"type":"MultiPolygon","coordinates":[[[[13.40371,52.52244],[13.40371,52.52245],[13.40371,52.52245],[13.40371,52.52244],[13.40371,52.52244]]]]},"properties":{"type":"intensiv"}},{"type":"Feature","geometry":{"type":"MultiPolygon","coordinates":[[[[13.40365,52.52243],[13.40364,52.52243],[13.40364,52.52244],[13.40365,52.52244],[13.40365,52.52243]]]]},"properties":{"type":"intensiv"}},{"type":"Feature","geometry":{"type":"MultiPolygon","coordinates":[[[[13.40373,52.52244],[13.40373,52.52244],[13.40374,52.52244],[13.40374,52.52244],[13.40373,52.52244]]]]},"properties":{"type":"intensiv"}},{"type":"Feature","geometry":{"type":"MultiPolygon","coordinates":[[[[13.40364,52.52242],[13.40364,52.52241],[13.40363,52.52241],[13.40363,52.52242],[13.40364,52.52242]]]]},"properties":{"type":"intensiv"}},{"type":"Feature","geometry":{"type":"MultiPolygon","coordinates":[[[[13.40371,52.52244],[13.40374,52.52241],[13.40369,52.52237],[13.40364,52.52242],[13.40366,52.52242],[13.40365,52.52244],[13.40371,52.52244]]]]},"properties":{"type":"intensiv"}},{"type":"Feature","geometry":{"type":"MultiPolygon","coordinates":[[[[13.40362,52.52236],[13.40362,52.52236],[13.40363,52.52236],[13.40363,52.52236],[13.40362,52.52236]]]]},"properties":{"type":"intensiv"}},{"type":"Feature","geometry":{"type":"MultiPolygon","coordinates":[[[[13.40369,52.52234],[13.40369,52.52234],[13.40369,52.52234],[13.40369,52.52234],[13.40369,52.52234]]]]},"properties":{"type":"intensiv"}},{"type":"Feature","geometry":{"type":"MultiPolygon","coordinates":[[[[13.40369,52.52229],[13.40369,52.52229],[13.40369,52.52229],[13.40369,52.52229],[13.40369,52.52229]]]]},"properties":{"type":"extensiv"}},{"type":"Feature","geometry":{"type":"MultiPolygon","coordinates":[[[[13.40369,52.52234],[13.4037,52.52219],[13.40364,52.52219],[13.40362,52.52236],[13.40363,52.52234],[13.40367,52.52236],[13.40369,52.52234]]]]},"properties":{"type":"intensiv"}},{"type":"Feature","geometry":{"type":"MultiPolygon","coordinates":[[[[13.4038,52.52223],[13.4038,52.52223],[13.40379,52.52223],[13.4038,52.52223],[13.4038,52.52223]]]]},"properties":{"type":"intensiv"}},{"type":"Feature","geometry":{"type":"MultiPolygon","coordinates":[[[[13.40373,52.5224],[13.40374,52.52241],[13.40372,52.52243],[13.40374,52.52244],[13.40371,52.52244],[13.40371,52.52245],[13.40365,52.52244],[13.40366,52.52242],[13.40363,52.52241],[13.40366,52.52242],[13.40366,52.52238],[13.40369,52.52237],[13.40369,52.52234],[13.40368,52.52234],[13.40367,52.52236],[13.40362,52.52234],[13.40363,52.52244],[13.40372,52.52246],[13.40376,52.52242],[13.40373,52.5224]],[[13.40365,52.52243],[13.40365,52.52244],[13.40364,52.52244],[13.40364,52.52243],[13.40365,52.52243]]]]},"properties":{"type":"extensiv"}},{"type":"Feature","geometry":{"type":"MultiPolygon","coordinates":[[[[13.40369,52.52233],[13.40369,52.52233],[13.40369,52.52234],[13.40369,52.52234],[13.40369,52.52233]]]]},"properties":{"type":"extensiv"}},{"type":"Feature","geometry":{"type":"MultiPolygon","coordinates":[[[[13.40362,52.52229],[13.40362,52.52229],[13.40362,52.52229],[13.40363,52.52229],[13.40363,52.52229],[13.40362,52.52229]]]]},"properties":{"type":"extensiv"}},{"type":"Feature","geometry":{"type":"MultiPolygon","coordinates":[[[[13.4037,52.52219],[13.4037,52.5222],[13.4037,52.5222],[13.4037,52.52219],[13.4037,52.52219]]]]},"properties":{"type":"extensiv"}},{"type":"Feature","geometry":{"type":"MultiPolygon","coordinates":[[[[13.40369,52.52218],[13.40369,52.52219],[13.40369,52.52219],[13.40369,52.52218]]]]},"properties":{"type":"extensiv"}},{"type":"Feature","geometry":{"type":"MultiPolygon","coordinates":[[[[13.40359,52.52207],[13.40359,52.52207],[13.40359,52.52207],[13.40359,52.52208],[13.40359,52.52208],[13.40359,52.52207]]]]},"properties":{"type":"extensiv"}},{"type":"Feature","geometry":{"type":"MultiPolygon","coordinates":[[[[13.4029,52.52209],[13.4029,52.52206],[13.40284,52.52205],[13.40279,52.52211],[13.40281,52.52212],[13.4029,52.5221],[13.4029,52.52209]]]]},"properties":{"type":"intensiv"}},{"type":"Feature","geometry":{"type":"MultiPolygon","coordinates":[[[[13.4028,52.52209],[13.40278,52.52211],[13.40279,52.52211],[13.4028,52.52211],[13.4028,52.52209]]]]},"properties":{"type":"extensiv"}},{"type":"Feature","geometry":{"type":"MultiPolygon","coordinates":[[[[13.4029,52.52208],[13.4029,52.52209],[13.4029,52.52208],[13.4029,52.52208]]]]},"properties":{"type":"extensiv"}},{"type":"Feature","geometry":{"type":"MultiPolygon","coordinates":[[[[13.40284,52.52205],[13.40283,52.52205],[13.40284,52.52205],[13.40284,52.52205]]]]},"properties":{"type":"extensiv"}},{"type":"Feature","geometry":{"type":"MultiPolygon","coordinates":[[[[13.40285,52.52204],[13.40284,52.52204],[13.40284,52.52205],[13.40285,52.52205],[13.40285,52.52204]]]]},"properties":{"type":"extensiv"}},{"type":"Feature","geometry":{"type":"MultiPolygon","coordinates":[[[[13.40166,52.5219],[13.40166,52.5219],[13.40166,52.5219],[13.40166,52.5219],[13.40166,52.5219]]]]},"properties":{"type":"intensiv"}},{"type":"Feature","geometry":{"type":"MultiPolygon","coordinates":[[[[13.40168,52.52186],[13.40167,52.52186],[13.40167,52.52187],[13.40168,52.52187],[13.40168,52.52186]]]]},"properties":{"type":"intensiv"}},{"type":"Feature","geometry":{"type":"MultiPolygon","coordinates":[[[[13.40173,52.52183],[13.40173,52.52184],[13.40174,52.52184],[13.40174,52.52183],[13.40173,52.52183]]]]},"properties":{"type":"intensiv"}},{"type":"Feature","geometry":{"type":"MultiPolygon","coordinates":[[[[13.40173,52.52183],[13.40173,52.52183],[13.40172,52.52183],[13.40172,52.52183],[13.40173,52.52183]]]]},"properties":{"type":"intensiv"}},{"type":"Feature","geometry":{"type":"MultiPolygon","coordinates":[[[[13.4019,52.52174],[13.4019,52.52174],[13.4019,52.52175],[13.4019,52.52175],[13.4019,52.52174]]]]},"properties":{"type":"intensiv"}},{"type":"Feature","geometry":{"type":"MultiPolygon","coordinates":[[[[13.40201,52.52165],[13.40202,52.52163],[13.40199,52.52163],[13.40199,52.52164],[13.40201,52.52165]]]]},"properties":{"type":"intensiv"}},{"type":"Feature","geometry":{"type":"MultiPolygon","coordinates":[[[[13.40197,52.52162],[13.40197,52.52163],[13.40198,52.52163],[13.40198,52.52162],[13.40197,52.52162]]]]},"properties":{"type":"intensiv"}},{"type":"Feature","geometry":{"type":"MultiPolygon","coordinates":[[[[13.40197,52.52162],[13.40197,52.52161],[13.40196,52.52161],[13.40196,52.52162],[13.40197,52.52162]]]]},"properties":{"type":"intensiv"}},{"type":"Feature","geometry":{"type":"MultiPolygon","coordinates":[[[[13.40198,52.52161],[13.40198,52.52161],[13.40198,52.5216],[13.40198,52.5216],[13.40198,52.52161]]]]},"properties":{"type":"extensiv"}},{"type":"Feature","geometry":{"type":"MultiPolygon","coordinates":[[[[13.402,52.5216],[13.402,52.5216],[13.402,52.52161],[13.402,52.52161],[13.402,52.5216]]]]},"properties":{"type":"extensiv"}},{"type":"Feature","geometry":{"type":"MultiPolygon","coordinates":[[[[13.40185,52.52161],[13.40187,52.5216],[13.40184,52.5216],[13.40185,52.52161]]]]},"properties":{"type":"intensiv"}},{"type":"Feature","geometry":{"type":"MultiPolygon","coordinates":[[[[13.40198,52.52159],[13.40197,52.52159],[13.40197,52.5216],[13.40198,52.5216],[13.40198,52.52159]]]]},"properties":{"type":"extensiv"}},{"type":"Feature","geometry":{"type":"MultiPolygon","coordinates":[[[[13.40203,52.52159],[13.40202,52.52159],[13.40202,52.52159],[13.40203,52.52159],[13.40203,52.52159]]]]},"properties":{"type":"extensiv"}},{"type":"Feature","geometry":{"type":"MultiPolygon","coordinates":[[[[13.40206,52.52159],[13.40206,52.52159],[13.40206,52.52159],[13.40206,52.52159]]]]},"properties":{"type":"intensiv"}},{"type":"Feature","geometry":{"type":"MultiPolygon","coordinates":[[[[13.40201,52.52159],[13.402,52.52159],[13.402,52.52159],[13.40201,52.52159],[13.40201,52.52159]]]]},"properties":{"type":"extensiv"}},{"type":"Feature","geometry":{"type":"MultiPolygon","coordinates":[[[[13.40193,52.52156],[13.40192,52.52156],[13.40192,52.52157],[13.40193,52.52157],[13.40193,52.52156]]]]},"properties":{"type":"extensiv"}},{"type":"Feature","geometry":{"type":"MultiPolygon","coordinates":[[[[13.40201,52.52156],[13.40201,52.52156],[13.40201,52.52157],[13.40201,52.52157],[13.40201,52.52156]]]]},"properties":{"type":"intensiv"}},{"type":"Feature","geometry":{"type":"MultiPolygon","coordinates":[[[[13.40193,52.52155],[13.40192,52.52155],[13.40192,52.52156],[13.40193,52.52156],[13.40193,52.52155]]]]},"properties":{"type":"extensiv"}},{"type":"Feature","geometry":{"type":"MultiPolygon","coordinates":[[[[13.40206,52.52158],[13.40198,52.52158],[13.40198,52.52155],[13.40192,52.52154],[13.40187,52.52158],[13.4019,52.52158],[13.4019,52.52157],[13.40191,52.52157],[13.40191,52.5216],[13.40194,52.52158],[13.40198,52.5216],[13.40197,52.52162],[13.40202,52.52162],[13.40206,52.52158]],[[13.40201,52.52159],[13.40201,52.52159],[13.402,52.52159],[13.402,52.52159],[13.40201,52.52159]],[[13.40203,52.52159],[13.40203,52.52159],[13.40202,52.52159],[13.40202,52.52159],[13.40203,52.52159]],[[13.40198,52.52159],[13.40198,52.5216],[13.40197,52.5216],[13.40197,52.52159],[13.40198,52.52159]],[[13.402,52.5216],[13.402,52.52161],[13.402,52.52161],[13.402,52.5216],[13.402,52.5216]],[[13.40193,52.52156],[13.40193,52.52157],[13.40192,52.52157],[13.40192,52.52156],[13.40193,52.52156]],[[13.40193,52.52155],[13.40193,52.52156],[13.40192,52.52156],[13.40192,52.52155],[13.40193,52.52155]]]]},"properties":{"type":"intensiv"}},{"type":"Feature","geometry":{"type":"MultiPolygon","coordinates":[[[[13.40174,52.52193],[13.40183,52.52183],[13.40188,52.52179],[13.40181,52.52178],[13.40185,52.52171],[13.40187,52.52171],[13.40189,52.52173],[13.40187,52.52177],[13.40191,52.52176],[13.40193,52.52171],[13.40196,52.52169],[13.40196,52.52167],[13.40191,52.52164],[13.40186,52.52164],[13.40179,52.52161],[13.40176,52.52161],[13.40173,52.52164],[13.40173,52.52166],[13.4018,52.52169],[13.40165,52.52184],[13.40162,52.5219],[13.40174,52.52193]],[[13.40166,52.5219],[13.40166,52.5219],[13.40166,52.5219],[13.40166,52.5219],[13.40166,52.5219]],[[13.40168,52.52186],[13.40168,52.52187],[13.40167,52.52187],[13.40167,52.52186],[13.40168,52.52186]],[[13.40173,52.52183],[13.40172,52.52183],[13.40172,52.52183],[13.40173,52.52183],[13.40173,52.52183],[13.40174,52.52183],[13.40174,52.52184],[13.40173,52.52184],[13.40173,52.52183]],[[13.40178,52.52178],[13.40176,52.52177],[13.40179,52.52176],[13.40178,52.52178]],[[13.4019,52.52174],[13.4019,52.52175],[13.4019,52.52175],[13.4019,52.52174],[13.4019,52.52174]]]]},"properties":{"type":"extensiv"}},{"type":"Feature","geometry":{"type":"MultiPolygon","coordinates":[[[[13.40193,52.52173],[13.40193,52.52173],[13.40193,52.52173],[13.40193,52.52173]]]]},"properties":{"type":"extensiv"}},{"type":"Feature","geometry":{"type":"MultiPolygon","coordinates":[[[[13.40206,52.52159],[13.40207,52.52158],[13.40202,52.52162],[13.40197,52.52162],[13.40194,52.52158],[13.40191,52.5216],[13.40191,52.52157],[13.40189,52.52157],[13.4019,52.52158],[13.40187,52.52157],[13.40194,52.52153],[13.4019,52.52153],[13.40187,52.52155],[13.40185,52.52159],[13.40184,52.52159],[13.40183,52.52161],[13.40192,52.52161],[13.40197,52.52165],[13.40202,52.52166],[13.40206,52.52159]],[[13.40197,52.52162],[13.40196,52.52161],[13.40198,52.52163],[13.40197,52.52162]],[[13.40201,52.52165],[13.40199,52.52164],[13.40199,52.52163],[13.40202,52.52163],[13.40201,52.52165]],[[13.40185,52.52161],[13.40184,52.5216],[13.40187,52.5216],[13.40185,52.52161]]]]},"properties":{"type":"extensiv"}},{"type":"Feature","geometry":{"type":"MultiPolygon","coordinates":[[[[13.40206,52.52158],[13.40206,52.52158],[13.40206,52.52158],[13.40206,52.52158],[13.40206,52.52158]]]]},"properties":{"type":"extensiv"}},{"type":"Feature","geometry":{"type":"MultiPolygon","coordinates":[[[[13.40206,52.52158],[13.402,52.52155],[13.40198,52.52156],[13.40198,52.52158],[13.40206,52.52158]],[[13.40201,52.52156],[13.40201,52.52157],[13.40201,52.52157],[13.40201,52.52156],[13.40201,52.52156]]]]},"properties":{"type":"extensiv"}},{"type":"Feature","geometry":{"type":"MultiPolygon","coordinates":[[[[13.40197,52.52154],[13.40197,52.52154],[13.40194,52.52154],[13.40194,52.52154],[13.40195,52.52154],[13.40195,52.52155],[13.40196,52.52155],[13.40196,52.52154],[13.40197,52.52154]]]]},"properties":{"type":"extensiv"}},{"type":"Feature","geometry":{"type":"MultiPolygon","coordinates":[[[[13.40346,52.52212],[13.40345,52.52212],[13.40345,52.52212],[13.40346,52.52212],[13.40346,52.52212]]]]},"properties":{"type":"intensiv"}},{"type":"Feature","geometry":{"type":"MultiPolygon","coordinates":[[[[13.40349,52.52211],[13.40349,52.5221],[13.40348,52.5221],[13.40348,52.52211],[13.40348,52.52211],[13.40348,52.52212],[13.40349,52.52212],[13.40349,52.52211]]]]},"properties":{"type":"intensiv"}},{"type":"Feature","geometry":{"type":"MultiPolygon","coordinates":[[[[13.40348,52.52209],[13.40348,52.52209],[13.40348,52.52209],[13.40348,52.52208],[13.40347,52.52208],[13.40347,52.52209],[13.40348,52.52209],[13.40348,52.5221],[13.40348,52.5221],[13.40348,52.52209]]]]},"properties":{"type":"intensiv"}},{"type":"Feature","geometry":{"type":"MultiPolygon","coordinates":[[[[13.40345,52.52205],[13.40345,52.52206],[13.40345,52.52206],[13.40345,52.52206],[13.40346,52.52206],[13.40346,52.52205],[13.40346,52.52205],[13.40346,52.52205],[13.40345,52.52205]]]]},"properties":{"type":"intensiv"}},{"type":"Feature","geometry":{"type":"MultiPolygon","coordinates":[[[[13.40379,52.52203],[13.40378,52.52203],[13.40378,52.52204],[13.40378,52.52205],[13.40379,52.52205],[13.40379,52.52203]]]]},"properties":{"type":"intensiv"}},{"type":"Feature","geometry":{"type":"MultiPolygon","coordinates":[[[[13.40385,52.52203],[13.40385,52.52203],[13.40385,52.52203],[13.40385,52.52203],[13.40385,52.52203]]]]},"properties":{"type":"intensiv"}},{"type":"Feature","geometry":{"type":"MultiPolygon","coordinates":[[[[13.4038,52.52202],[13.4038,52.52202],[13.4038,52.52203],[13.4038,52.52203],[13.4038,52.52202]]]]},"properties":{"type":"extensiv"}},{"type":"Feature","geometry":{"type":"MultiPolygon","coordinates":[[[[13.4038,52.52202],[13.40379,52.52203],[13.40381,52.52203],[13.4038,52.52202]]]]},"properties":{"type":"intensiv"}},{"type":"Feature","geometry":{"type":"MultiPolygon","coordinates":[[[[13.40364,52.52202],[13.40363,52.52202],[13.40363,52.52202],[13.40364,52.52202],[13.40364,52.52202]]]]},"properties":{"type":"intensiv"}},{"type":"Feature","geometry":{"type":"MultiPolygon","coordinates":[[[[13.4038,52.52202],[13.4038,52.52202],[13.4038,52.52202],[13.4038,52.52202],[13.4038,52.52202]]]]},"properties":{"type":"intensiv"}},{"type":"Feature","geometry":{"type":"MultiPolygon","coordinates":[[[[13.4038,52.52202],[13.40381,52.52202],[13.40381,52.52201],[13.4038,52.52201],[13.4038,52.52202]]]]},"properties":{"type":"intensiv"}},{"type":"Feature","geometry":{"type":"MultiPolygon","coordinates":[[[[13.40389,52.52202],[13.40388,52.52202],[13.40388,52.52202],[13.40389,52.52202],[13.40389,52.52202]]]]},"properties":{"type":"intensiv"}},{"type":"Feature","geometry":{"type":"MultiPolygon","coordinates":[[[[13.40363,52.52201],[13.40363,52.52201],[13.40363,52.52202],[13.40363,52.52202],[13.40363,52.52201]]]]},"properties":{"type":"intensiv"}},{"type":"Feature","geometry":{"type":"MultiPolygon","coordinates":[[[[13.40383,52.52199],[13.40382,52.522],[13.40383,52.522],[13.40383,52.52199]]]]},"properties":{"type":"intensiv"}},{"type":"Feature","geometry":{"type":"MultiPolygon","coordinates":[[[[13.40383,52.52198],[13.40383,52.52199],[13.40384,52.52199],[13.40384,52.52198],[13.40383,52.52198]]]]},"properties":{"type":"intensiv"}},{"type":"Feature","geometry":{"type":"MultiPolygon","coordinates":[[[[13.40346,52.52195],[13.40345,52.52195],[13.40345,52.52196],[13.40346,52.52196],[13.40346,52.52195]]]]},"properties":{"type":"intensiv"}},{"type":"Feature","geometry":{"type":"MultiPolygon","coordinates":[[[[13.40386,52.52196],[13.40386,52.52196],[13.40386,52.52196],[13.40386,52.52196],[13.40386,52.52196]]]]},"properties":{"type":"intensiv"}},{"type":"Feature","geometry":{"type":"MultiPolygon","coordinates":[[[[13.40386,52.52194],[13.40384,52.52194],[13.40383,52.52195],[13.40384,52.52195],[13.40384,52.52195],[13.40386,52.52195],[13.40386,52.52194]]]]},"properties":{"type":"intensiv"}},{"type":"Feature","geometry":{"type":"MultiPolygon","coordinates":[[[[13.40346,52.52192],[13.40346,52.52193],[13.40347,52.52193],[13.40347,52.52192],[13.40346,52.52192]]]]},"properties":{"type":"intensiv"}},{"type":"Feature","geometry":{"type":"MultiPolygon","coordinates":[[[[13.40379,52.52192],[13.40378,52.52192],[13.40378,52.52193],[13.40379,52.52193],[13.40379,52.52192]]]]},"properties":{"type":"intensiv"}},{"type":"Feature","geometry":{"type":"MultiPolygon","coordinates":[[[[13.40386,52.52193],[13.40387,52.52195],[13.40388,52.52193],[13.40386,52.52193]]]]},"properties":{"type":"intensiv"}},{"type":"Feature","geometry":{"type":"MultiPolygon","coordinates":[[[[13.40376,52.52191],[13.40375,52.52192],[13.40378,52.52192],[13.40376,52.52191]]]]},"properties":{"type":"intensiv"}},{"type":"Feature","geometry":{"type":"MultiPolygon","coordinates":[[[[13.4039,52.52191],[13.4039,52.52192],[13.40391,52.52192],[13.40391,52.52191],[13.4039,52.52191]]]]},"properties":{"type":"intensiv"}},{"type":"Feature","geometry":{"type":"MultiPolygon","coordinates":[[[[13.40374,52.52191],[13.40373,52.52191],[13.40373,52.52191],[13.40374,52.52191],[13.40374,52.52191]]]]},"properties":{"type":"intensiv"}},{"type":"Feature","geometry":{"type":"MultiPolygon","coordinates":[[[[13.40377,52.52191],[13.40376,52.52191],[13.40376,52.52191],[13.40377,52.52191],[13.40377,52.52191]]]]},"properties":{"type":"intensiv"}},{"type":"Feature","geometry":{"type":"MultiPolygon","coordinates":[[[[13.4039,52.52191],[13.4039,52.52191],[13.4039,52.52191],[13.4039,52.52191],[13.4039,52.52191]]]]},"properties":{"type":"intensiv"}},{"type":"Feature","geometry":{"type":"MultiPolygon","coordinates":[[[[13.40377,52.5219],[13.40377,52.52191],[13.40378,52.52191],[13.40378,52.5219],[13.40377,52.5219]]]]},"properties":{"type":"intensiv"}},{"type":"Feature","geometry":{"type":"MultiPolygon","coordinates":[[[[13.40376,52.5219],[13.40376,52.5219],[13.40377,52.5219],[13.40377,52.5219],[13.40376,52.5219]]]]},"properties":{"type":"intensiv"}},{"type":"Feature","geometry":{"type":"MultiPolygon","coordinates":[[[[13.40372,52.52189],[13.40371,52.52189],[13.40371,52.5219],[13.40371,52.5219],[13.40372,52.5219],[13.40372,52.52189]]]]},"properties":{"type":"intensiv"}},{"type":"Feature","geometry":{"type":"MultiPolygon","coordinates":[[[[13.40376,52.5219],[13.40376,52.52189],[13.40376,52.52189],[13.40376,52.5219],[13.40376,52.5219]]]]},"properties":{"type":"intensiv"}},{"type":"Feature","geometry":{"type":"MultiPolygon","coordinates":[[[[13.40356,52.52183],[13.40355,52.52183],[13.40355,52.52183],[13.40356,52.52183],[13.40356,52.52183]]]]},"properties":{"type":"intensiv"}},{"type":"Feature","geometry":{"type":"MultiPolygon","coordinates":[[[[13.40356,52.52182],[13.40357,52.52182],[13.40357,52.52182],[13.40356,52.52182],[13.40356,52.52182]]]]},"properties":{"type":"intensiv"}},{"type":"Feature","geometry":{"type":"MultiPolygon","coordinates":[[[[13.40359,52.52208],[13.40358,52.52206],[13.40356,52.52206],[13.40355,52.52204],[13.40351,52.52204],[13.40351,52.5221],[13.40349,52.52212],[13.40357,52.52213],[13.40357,52.52209],[13.40359,52.52208]]]]},"properties":{"type":"extensiv"}},{"type":"Feature","geometry":{"type":"MultiPolygon","coordinates":[[[[13.40349,52.52212],[13.40348,52.52211],[13.40349,52.5221],[13.40347,52.52209],[13.40348,52.52206],[13.40346,52.52203],[13.40345,52.52205],[13.40346,52.52206],[13.40344,52.52212],[13.40349,52.52212]],[[13.40346,52.52212],[13.40346,52.52212],[13.40345,52.52212],[13.40345,52.52212],[13.40346,52.52212]]]]},"properties":{"type":"extensiv"}},{"type":"Feature","geometry":{"type":"MultiPolygon","coordinates":[[[[13.40398,52.52206],[13.40403,52.52198],[13.40395,52.52197],[13.40387,52.52206],[13.40398,52.52206]]]]},"properties":{"type":"extensiv"}},{"type":"Feature","geometry":{"type":"MultiPolygon","coordinates":[[[[13.40388,52.52202],[13.40389,52.52201],[13.40382,52.52203],[13.40383,52.52201],[13.40386,52.522],[13.40386,52.52197],[13.4039,52.52195],[13.40389,52.52193],[13.40392,52.52193],[13.40392,52.52191],[13.4039,52.52192],[13.4039,52.5219],[13.40388,52.5219],[13.40386,52.52193],[13.40388,52.52194],[13.40384,52.52195],[13.40384,52.52194],[13.40386,52.52194],[13.40386,52.52193],[13.40382,52.52192],[13.40378,52.52189],[13.40373,52.52189],[13.4037,52.52191],[13.40371,52.52192],[13.40384,52.52196],[13.40383,52.52197],[13.40384,52.52198],[13.40383,52.52198],[13.40383,52.522],[13.4038,52.52201],[13.40381,52.52203],[13.40379,52.52203],[13.40379,52.52205],[13.40377,52.52204],[13.40376,52.52206],[13.4038,52.52206],[13.40382,52.52203],[13.40385,52.52205],[13.40388,52.52202]],[[13.40385,52.52203],[13.40385,52.52203],[13.40385,52.52203],[13.40385,52.52203],[13.40385,52.52203]],[[13.40386,52.52196],[13.40386,52.52196],[13.40386,52.52196],[13.40386,52.52196],[13.40386,52.52196]],[[13.40379,52.52192],[13.40379,52.52193],[13.40378,52.52193],[13.40378,52.52192],[13.40379,52.52192]],[[13.40376,52.52191],[13.40377,52.5219],[13.40376,52.52189],[13.40378,52.5219],[13.40376,52.52192],[13.40378,52.52192],[13.40375,52.52192],[13.40376,52.52191]],[[13.40374,52.52191],[13.40374,52.52191],[13.40373,52.52191],[13.40373,52.52191],[13.40374,52.52191]]]]},"properties":{"type":"extensiv"}},{"type":"Feature","geometry":{"type":"MultiPolygon","coordinates":[[[[13.40368,52.52204],[13.40368,52.52204],[13.40368,52.52204],[13.40368,52.52204],[13.40368,52.52204]]]]},"properties":{"type":"extensiv"}},{"type":"Feature","geometry":{"type":"MultiPolygon","coordinates":[[[[13.40368,52.52203],[13.40368,52.52204],[13.40369,52.52204],[13.40369,52.52203],[13.40368,52.52203]]]]},"properties":{"type":"extensiv"}},{"type":"Feature","geometry":{"type":"MultiPolygon","coordinates":[[[[13.40366,52.52203],[13.40363,52.52202],[13.40363,52.52203],[13.40366,52.52203]]]]},"properties":{"type":"extensiv"}},{"type":"Feature","geometry":{"type":"MultiPolygon","coordinates":[[[[13.40363,52.52201],[13.40363,52.52202],[13.40364,52.52202],[13.40364,52.52201],[13.40363,52.52201]]]]},"properties":{"type":"extensiv"}},{"type":"Feature","geometry":{"type":"MultiPolygon","coordinates":[[[[13.40352,52.52197],[13.40347,52.52195],[13.40347,52.52192],[13.40349,52.52192],[13.40348,52.52191],[13.40346,52.52191],[13.40347,52.52193],[13.40343,52.52195],[13.40343,52.52197],[13.40346,52.52199],[13.40352,52.522],[13.40354,52.52198],[13.40352,52.52197]],[[13.40346,52.52195],[13.40346,52.52196],[13.40345,52.52196],[13.40345,52.52195],[13.40346,52.52195]]]]},"properties":{"type":"extensiv"}},{"type":"Feature","geometry":{"type":"MultiPolygon","coordinates":[[[[13.40407,52.52196],[13.40404,52.52196],[13.40404,52.52198],[13.40407,52.52196]]]]},"properties":{"type":"extensiv"}},{"type":"Feature","geometry":{"type":"MultiPolygon","coordinates":[[[[13.40393,52.52198],[13.40393,52.52195],[13.4039,52.52195],[13.4039,52.52197],[13.40393,52.52198]]]]},"properties":{"type":"extensiv"}},{"type":"Feature","geometry":{"type":"MultiPolygon","coordinates":[[[[13.40351,52.52188],[13.40351,52.52188],[13.40351,52.52188],[13.40351,52.52188],[13.40351,52.52188]]]]},"properties":{"type":"extensiv"}},{"type":"Feature","geometry":{"type":"MultiPolygon","coordinates":[[[[13.40354,52.52186],[13.40353,52.52185],[13.40354,52.52186],[13.40354,52.52184],[13.40357,52.52184],[13.40354,52.52183],[13.40351,52.52188],[13.40354,52.52186]]]]},"properties":{"type":"extensiv"}},{"type":"Feature","geometry":{"type":"MultiPolygon","coordinates":[[[[13.40368,52.52183],[13.40369,52.52182],[13.40367,52.52182],[13.40368,52.52183]]]]},"properties":{"type":"extensiv"}},{"type":"Feature","geometry":{"type":"MultiPolygon","coordinates":[[[[13.40356,52.52183],[13.40356,52.52183],[13.40357,52.52183],[13.40357,52.52183],[13.40356,52.52183]]]]},"properties":{"type":"extensiv"}},{"type":"Feature","geometry":{"type":"MultiPolygon","coordinates":[[[[13.40356,52.52182],[13.4036,52.5218],[13.40357,52.5218],[13.40356,52.52182]]]]},"properties":{"type":"extensiv"}},{"type":"Feature","geometry":{"type":"MultiPolygon","coordinates":[[[[13.40364,52.52181],[13.40362,52.52181],[13.40368,52.52182],[13.40364,52.52181]]]]},"properties":{"type":"extensiv"}},{"type":"Feature","geometry":{"type":"MultiPolygon","coordinates":[[[[13.40363,52.52181],[13.40364,52.52181],[13.40364,52.5218],[13.40363,52.5218],[13.40363,52.52181]]]]},"properties":{"type":"extensiv"}},{"type":"Feature","geometry":{"type":"MultiPolygon","coordinates":[[[[13.4036,52.52179],[13.40358,52.52179],[13.40358,52.52179],[13.4036,52.52179],[13.4036,52.52179]]]]},"properties":{"type":"extensiv"}},{"type":"Feature","geometry":{"type":"MultiPolygon","coordinates":[[[[13.40267,52.52204],[13.40266,52.52203],[13.40266,52.52204],[13.40267,52.52204],[13.40267,52.52204]]]]},"properties":{"type":"intensiv"}},{"type":"Feature","geometry":{"type":"MultiPolygon","coordinates":[[[[13.40271,52.52196],[13.40271,52.52196],[13.40271,52.52196],[13.40271,52.52196],[13.40271,52.52196]]]]},"properties":{"type":"intensiv"}},{"type":"Feature","geometry":{"type":"MultiPolygon","coordinates":[[[[13.40289,52.52194],[13.40289,52.52194],[13.4029,52.52194],[13.4029,52.52194],[13.40289,52.52194]]]]},"properties":{"type":"intensiv"}},{"type":"Feature","geometry":{"type":"MultiPolygon","coordinates":[[[[13.40293,52.52192],[13.40293,52.52192],[13.40294,52.52192],[13.40294,52.52192],[13.40293,52.52192]]]]},"properties":{"type":"intensiv"}},{"type":"Feature","geometry":{"type":"MultiPolygon","coordinates":[[[[13.403,52.52192],[13.40299,52.52192],[13.40299,52.52192],[13.403,52.52192],[13.403,52.52192]]]]},"properties":{"type":"intensiv"}},{"type":"Feature","geometry":{"type":"MultiPolygon","coordinates":[[[[13.40293,52.52191],[13.40294,52.52191],[13.40294,52.52191],[13.40293,52.52191],[13.40293,52.52191]]]]},"properties":{"type":"intensiv"}},{"type":"Feature","geometry":{"type":"MultiPolygon","coordinates":[[[[13.40298,52.52191],[13.40297,52.52191],[13.40297,52.52191],[13.40298,52.52191],[13.40298,52.52191]]]]},"properties":{"type":"intensiv"}},{"type":"Feature","geometry":{"type":"MultiPolygon","coordinates":[[[[13.40294,52.52189],[13.40293,52.52189],[13.40293,52.5219],[13.40294,52.5219],[13.40294,52.52189]]]]},"properties":{"type":"intensiv"}},{"type":"Feature","geometry":{"type":"MultiPolygon","coordinates":[[[[13.40284,52.5219],[13.40284,52.52188],[13.4028,52.52188],[13.40282,52.5219],[13.40284,52.5219]]]]},"properties":{"type":"intensiv"}},{"type":"Feature","geometry":{"type":"MultiPolygon","coordinates":[[[[13.40263,52.52203],[13.40267,52.52205],[13.40278,52.52193],[13.40272,52.52193],[13.40272,52.52195],[13.40268,52.52197],[13.40268,52.52199],[13.40266,52.52199],[13.40263,52.52203]],[[13.40271,52.52196],[13.40271,52.52196],[13.40271,52.52196],[13.40271,52.52196],[13.40271,52.52196]],[[13.40267,52.52204],[13.40267,52.52204],[13.40266,52.52204],[13.40266,52.52203],[13.40267,52.52204]]]]},"properties":{"type":"extensiv"}},{"type":"Feature","geometry":{"type":"MultiPolygon","coordinates":[[[[13.403,52.52194],[13.40301,52.5219],[13.40292,52.52188],[13.40292,52.52191],[13.40294,52.52191],[13.40294,52.52192],[13.40288,52.52194],[13.40288,52.52195],[13.40296,52.52197],[13.403,52.52194]],[[13.403,52.52192],[13.403,52.52192],[13.40299,52.52192],[13.40299,52.52192],[13.403,52.52192]],[[13.40298,52.52191],[13.40298,52.52191],[13.40297,52.52191],[13.40297,52.52191],[13.40298,52.52191]],[[13.40294,52.52189],[13.40294,52.5219],[13.40293,52.5219],[13.40293,52.52189],[13.40294,52.52189]]]]},"properties":{"type":"extensiv"}},{"type":"Feature","geometry":{"type":"MultiPolygon","coordinates":[[[[13.40284,52.5219],[13.4028,52.52189],[13.40284,52.52188],[13.40284,52.52188],[13.40278,52.52187],[13.40278,52.52189],[13.4028,52.52191],[13.40284,52.5219]]]]},"properties":{"type":"extensiv"}},{"type":"Feature","geometry":{"type":"MultiPolygon","coordinates":[[[[13.40285,52.52189],[13.40284,52.52189],[13.40284,52.52189],[13.40285,52.52189],[13.40285,52.52189]]]]},"properties":{"type":"extensiv"}},{"type":"Feature","geometry":{"type":"MultiPolygon","coordinates":[[[[13.40326,52.52041],[13.40325,52.52041],[13.40325,52.52041],[13.40326,52.52041],[13.40326,52.52041]]]]},"properties":{"type":"intensiv"}},{"type":"Feature","geometry":{"type":"MultiPolygon","coordinates":[[[[13.40324,52.5204],[13.40324,52.5204],[13.40323,52.5204],[13.40324,52.5204],[13.40324,52.5204]]]]},"properties":{"type":"intensiv"}},{"type":"Feature","geometry":{"type":"MultiPolygon","coordinates":[[[[13.40322,52.52039],[13.40321,52.52039],[13.40321,52.52039],[13.40322,52.52039],[13.40322,52.52039]]]]},"properties":{"type":"intensiv"}},{"type":"Feature","geometry":{"type":"MultiPolygon","coordinates":[[[[13.40318,52.52037],[13.40317,52.52037],[13.40317,52.52037],[13.40318,52.52037],[13.40318,52.52037]]]]},"properties":{"type":"intensiv"}},{"type":"Feature","geometry":{"type":"MultiPolygon","coordinates":[[[[13.40312,52.52034],[13.40311,52.52034],[13.40311,52.52035],[13.40312,52.52035],[13.40312,52.52034]]]]},"properties":{"type":"intensiv"}},{"type":"Feature","geometry":{"type":"MultiPolygon","coordinates":[[[[13.40306,52.52033],[13.40305,52.52033],[13.40305,52.52034],[13.40306,52.52034],[13.40306,52.52033]]]]},"properties":{"type":"intensiv"}},{"type":"Feature","geometry":{"type":"MultiPolygon","coordinates":[[[[13.40312,52.52033],[13.40311,52.52033],[13.40311,52.52034],[13.40312,52.52034],[13.40312,52.52033]]]]},"properties":{"type":"intensiv"}},{"type":"Feature","geometry":{"type":"MultiPolygon","coordinates":[[[[13.4031,52.52032],[13.40309,52.52032],[13.40309,52.52033],[13.4031,52.52033],[13.4031,52.52032]]]]},"properties":{"type":"intensiv"}},{"type":"Feature","geometry":{"type":"MultiPolygon","coordinates":[[[[13.40308,52.52031],[13.40307,52.52031],[13.40307,52.52032],[13.40308,52.52032],[13.40308,52.52031]]]]},"properties":{"type":"intensiv"}},{"type":"Feature","geometry":{"type":"MultiPolygon","coordinates":[[[[13.40309,52.52031],[13.40308,52.52031],[13.40308,52.52032],[13.40309,52.52032],[13.40309,52.52031]]]]},"properties":{"type":"intensiv"}},{"type":"Feature","geometry":{"type":"MultiPolygon","coordinates":[[[[13.40302,52.5203],[13.40302,52.5203],[13.40302,52.5203],[13.40302,52.5203],[13.40302,52.5203]]]]},"properties":{"type":"intensiv"}},{"type":"Feature","geometry":{"type":"MultiPolygon","coordinates":[[[[13.403,52.52027],[13.40299,52.52027],[13.40299,52.52027],[13.403,52.52027],[13.403,52.52027]]]]},"properties":{"type":"intensiv"}},{"type":"Feature","geometry":{"type":"MultiPolygon","coordinates":[[[[13.40329,52.52041],[13.40308,52.52029],[13.40303,52.52029],[13.403,52.52026],[13.40298,52.52026],[13.40298,52.52028],[13.40295,52.5203],[13.40299,52.52034],[13.40305,52.52035],[13.40325,52.52043],[13.40331,52.52043],[13.40329,52.52041]],[[13.40326,52.52041],[13.40326,52.52041],[13.40325,52.52041],[13.40325,52.52041],[13.40326,52.52041]],[[13.40324,52.5204],[13.40324,52.5204],[13.40323,52.5204],[13.40324,52.5204],[13.40324,52.5204]],[[13.40322,52.52039],[13.40322,52.52039],[13.40321,52.52039],[13.40321,52.52039],[13.40322,52.52039]],[[13.40318,52.52037],[13.40318,52.52037],[13.40317,52.52037],[13.40317,52.52037],[13.40318,52.52037]],[[13.40312,52.52034],[13.40312,52.52035],[13.40311,52.52035],[13.40311,52.52034],[13.40312,52.52034]],[[13.40312,52.52033],[13.40312,52.52034],[13.40311,52.52034],[13.40311,52.52033],[13.40312,52.52033]],[[13.40306,52.52033],[13.40306,52.52034],[13.40305,52.52034],[13.40305,52.52033],[13.40306,52.52033]],[[13.4031,52.52032],[13.4031,52.52033],[13.40309,52.52033],[13.40309,52.52032],[13.4031,52.52032]],[[13.40308,52.52031],[13.40308,52.52032],[13.40307,52.52032],[13.40307,52.52031],[13.40308,52.52031]],[[13.40309,52.52031],[13.40309,52.52032],[13.40308,52.52032],[13.40308,52.52031],[13.40309,52.52031]],[[13.40302,52.5203],[13.40302,52.5203],[13.40302,52.5203],[13.40302,52.5203],[13.40302,52.5203]],[[13.403,52.52027],[13.403,52.52027],[13.40299,52.52027],[13.40299,52.52027],[13.403,52.52027]]]]},"properties":{"type":"extensiv"}},{"type":"Feature","geometry":{"type":"MultiPolygon","coordinates":[[[[13.4098,52.51847],[13.4098,52.51847],[13.4098,52.51847],[13.4098,52.51847],[13.4098,52.51847]]]]},"properties":{"type":"intensiv"}},{"type":"Feature","geometry":{"type":"MultiPolygon","coordinates":[[[[13.40978,52.51846],[13.40978,52.51846],[13.40978,52.51846],[13.40978,52.51846],[13.40978,52.51846]]]]},"properties":{"type":"intensiv"}},{"type":"Feature","geometry":{"type":"MultiPolygon","coordinates":[[[[13.40987,52.51838],[13.40987,52.51838],[13.40987,52.51838],[13.40987,52.51838],[13.40987,52.51838]]]]},"properties":{"type":"intensiv"}},{"type":"Feature","geometry":{"type":"MultiPolygon","coordinates":[[[[13.40987,52.51838],[13.40987,52.51837],[13.40986,52.51837],[13.40986,52.51838],[13.40987,52.51838]]]]},"properties":{"type":"intensiv"}},{"type":"Feature","geometry":{"type":"MultiPolygon","coordinates":[[[[13.40991,52.51853],[13.40991,52.5185],[13.40988,52.5185],[13.40988,52.51848],[13.40993,52.51848],[13.40996,52.51846],[13.41004,52.51844],[13.4099,52.51838],[13.40988,52.51837],[13.40984,52.51836],[13.40978,52.5184],[13.40978,52.51842],[13.40974,52.51844],[13.40974,52.51846],[13.40977,52.51848],[13.40982,52.51849],[13.40986,52.51853],[13.40991,52.51853]],[[13.4098,52.51847],[13.4098,52.51847],[13.4098,52.51847],[13.4098,52.51847],[13.4098,52.51847]],[[13.40989,52.51846],[13.40989,52.51846],[13.40988,52.51846],[13.40988,52.51846],[13.40989,52.51846]],[[13.40978,52.51846],[13.40978,52.51846],[13.40978,52.51846],[13.40978,52.51846],[13.40978,52.51846]],[[13.40987,52.51838],[13.40986,52.51838],[13.40986,52.51837],[13.40987,52.51837],[13.40987,52.51838],[13.40987,52.51838],[13.40987,52.51838],[13.40987,52.51838],[13.40987,52.51838]]]]},"properties":{"type":"extensiv"}},{"type":"Feature","geometry":{"type":"MultiPolygon","coordinates":[[[[13.39973,52.52252],[13.39974,52.52251],[13.39972,52.52251],[13.39973,52.52252]]]]},"properties":{"type":"intensiv"}},{"type":"Feature","geometry":{"type":"MultiPolygon","coordinates":[[[[13.39976,52.52251],[13.39975,52.52251],[13.39975,52.52251],[13.39976,52.52251],[13.39976,52.52251]]]]},"properties":{"type":"intensiv"}},{"type":"Feature","geometry":{"type":"MultiPolygon","coordinates":[[[[13.39981,52.5225],[13.39972,52.52249],[13.39972,52.5225],[13.39981,52.52251],[13.39981,52.5225]]]]},"properties":{"type":"intensiv"}},{"type":"Feature","geometry":{"type":"MultiPolygon","coordinates":[[[[13.39978,52.52249],[13.39977,52.52249],[13.39977,52.52249],[13.39978,52.52249],[13.39978,52.52249]]]]},"properties":{"type":"intensiv"}},{"type":"Feature","geometry":{"type":"MultiPolygon","coordinates":[[[[13.39981,52.5225],[13.39981,52.52251],[13.39974,52.52251],[13.39972,52.5225],[13.39972,52.52249],[13.39968,52.52249],[13.3997,52.5225],[13.39968,52.52249],[13.39967,52.52251],[13.39965,52.5225],[13.39964,52.52251],[13.39964,52.5225],[13.39965,52.52249],[13.39964,52.52248],[13.39956,52.52248],[13.39959,52.5225],[13.39958,52.52251],[13.39961,52.52251],[13.39961,52.52252],[13.39983,52.52253],[13.39981,52.5225]],[[13.39976,52.52251],[13.39976,52.52251],[13.39975,52.52251],[13.39975,52.52251],[13.39976,52.52251]],[[13.39973,52.52252],[13.39972,52.52251],[13.39974,52.52251],[13.39973,52.52252]],[[13.39969,52.52251],[13.39969,52.52251],[13.39969,52.52251],[13.39969,52.52251],[13.39969,52.52251]],[[13.39969,52.52252],[13.39969,52.52252],[13.39968,52.52252],[13.39968,52.52252],[13.39969,52.52252]],[[13.39964,52.52248],[13.39964,52.52249],[13.39963,52.52249],[13.39963,52.52248],[13.39964,52.52248]]]]},"properties":{"type":"extensiv"}},{"type":"Feature","geometry":{"type":"MultiPolygon","coordinates":[[[[13.39978,52.52249],[13.39976,52.52249],[13.39979,52.5225],[13.39978,52.52249]]]]},"properties":{"type":"extensiv"}},{"type":"Feature","geometry":{"type":"MultiPolygon","coordinates":[[[[13.39975,52.52249],[13.39973,52.52249],[13.39973,52.52249],[13.39975,52.52249],[13.39975,52.52249],[13.39975,52.52249],[13.39975,52.52249]]]]},"properties":{"type":"extensiv"}},{"type":"Feature","geometry":{"type":"MultiPolygon","coordinates":[[[[13.40383,52.52243],[13.40382,52.52243],[13.40382,52.52244],[13.40383,52.52244],[13.40383,52.52243]]]]},"properties":{"type":"intensiv"}},{"type":"Feature","geometry":{"type":"MultiPolygon","coordinates":[[[[13.40388,52.52243],[13.40386,52.52243],[13.40386,52.52244],[13.40388,52.52244],[13.40388,52.52243]]]]},"properties":{"type":"intensiv"}},{"type":"Feature","geometry":{"type":"MultiPolygon","coordinates":[[[[13.40393,52.52243],[13.40391,52.52244],[13.40391,52.52246],[13.40393,52.52243]]]]},"properties":{"type":"intensiv"}},{"type":"Feature","geometry":{"type":"MultiPolygon","coordinates":[[[[13.40391,52.52243],[13.40391,52.52243],[13.40393,52.52243],[13.40393,52.52243],[13.40394,52.52243],[13.40394,52.52243],[13.40391,52.52243]]]]},"properties":{"type":"intensiv"}},{"type":"Feature","geometry":{"type":"MultiPolygon","coordinates":[[[[13.40385,52.52242],[13.40385,52.52242],[13.40385,52.52242],[13.40385,52.52242],[13.40385,52.52242]]]]},"properties":{"type":"intensiv"}},{"type":"Feature","geometry":{"type":"MultiPolygon","coordinates":[[[[13.40394,52.52242],[13.40394,52.52242],[13.40394,52.52242],[13.40394,52.52242],[13.40394,52.52242]]]]},"properties":{"type":"intensiv"}},{"type":"Feature","geometry":{"type":"MultiPolygon","coordinates":[[[[13.40394,52.52242],[13.40395,52.52242],[13.40395,52.52241],[13.40394,52.52241],[13.40394,52.52242]]]]},"properties":{"type":"intensiv"}},{"type":"Feature","geometry":{"type":"MultiPolygon","coordinates":[[[[13.4038,52.5224],[13.40379,52.5224],[13.40379,52.52241],[13.4038,52.52241],[13.4038,52.5224]]]]},"properties":{"type":"intensiv"}},{"type":"Feature","geometry":{"type":"MultiPolygon","coordinates":[[[[13.40385,52.5224],[13.40384,52.5224],[13.40384,52.5224],[13.40385,52.5224],[13.40385,52.5224]]]]},"properties":{"type":"intensiv"}},{"type":"Feature","geometry":{"type":"MultiPolygon","coordinates":[[[[13.40389,52.5224],[13.40388,52.5224],[13.40388,52.5224],[13.40389,52.5224],[13.40389,52.5224]]]]},"properties":{"type":"intensiv"}},{"type":"Feature","geometry":{"type":"MultiPolygon","coordinates":[[[[13.40394,52.5224],[13.40394,52.5224],[13.40393,52.5224],[13.40393,52.52241],[13.40394,52.52241],[13.40394,52.52241],[13.40394,52.52241],[13.40394,52.5224]]]]},"properties":{"type":"intensiv"}},{"type":"Feature","geometry":{"type":"MultiPolygon","coordinates":[[[[13.40391,52.52239],[13.4039,52.52239],[13.4039,52.5224],[13.40391,52.5224],[13.40391,52.52239]]]]},"properties":{"type":"intensiv"}},{"type":"Feature","geometry":{"type":"MultiPolygon","coordinates":[[[[13.40397,52.5224],[13.40397,52.52238],[13.40398,52.52238],[13.40396,52.52238],[13.40395,52.5224],[13.40397,52.5224]]]]},"properties":{"type":"intensiv"}},{"type":"Feature","geometry":{"type":"MultiPolygon","coordinates":[[[[13.40399,52.52236],[13.40398,52.52236],[13.40398,52.52236],[13.40399,52.52236],[13.40399,52.52236]]]]},"properties":{"type":"intensiv"}},{"type":"Feature","geometry":{"type":"MultiPolygon","coordinates":[[[[13.40394,52.52235],[13.40393,52.52235],[13.40393,52.52236],[13.40394,52.52236],[13.40394,52.52235]]]]},"properties":{"type":"intensiv"}},{"type":"Feature","geometry":{"type":"MultiPolygon","coordinates":[[[[13.40395,52.52234],[13.40395,52.52234],[13.40395,52.52234],[13.40395,52.52234],[13.40395,52.52234]]]]},"properties":{"type":"intensiv"}},{"type":"Feature","geometry":{"type":"MultiPolygon","coordinates":[[[[13.40398,52.52234],[13.40398,52.52234],[13.40398,52.52234],[13.40398,52.52235],[13.40398,52.52234]]]]},"properties":{"type":"intensiv"}},{"type":"Feature","geometry":{"type":"MultiPolygon","coordinates":[[[[13.40401,52.52233],[13.404,52.52233],[13.40399,52.52236],[13.40401,52.52233]]]]},"properties":{"type":"intensiv"}},{"type":"Feature","geometry":{"type":"MultiPolygon","coordinates":[[[[13.40389,52.52233],[13.40389,52.52233],[13.40389,52.52233],[13.40389,52.52233],[13.40389,52.52233]]]]},"properties":{"type":"intensiv"}},{"type":"Feature","geometry":{"type":"MultiPolygon","coordinates":[[[[13.40401,52.52233],[13.404,52.52233],[13.404,52.52233],[13.40401,52.52233],[13.40401,52.52233]]]]},"properties":{"type":"extensiv"}},{"type":"Feature","geometry":{"type":"MultiPolygon","coordinates":[[[[13.40401,52.52233],[13.40401,52.52233],[13.40402,52.52233],[13.40402,52.52233],[13.40401,52.52233]]]]},"properties":{"type":"intensiv"}},{"type":"Feature","geometry":{"type":"MultiPolygon","coordinates":[[[[13.40401,52.52233],[13.40401,52.52232],[13.40401,52.52232],[13.40399,52.52232],[13.40399,52.52233],[13.404,52.52233],[13.404,52.52233],[13.40401,52.52233]]]]},"properties":{"type":"intensiv"}},{"type":"Feature","geometry":{"type":"MultiPolygon","coordinates":[[[[13.40395,52.52231],[13.40395,52.52231],[13.40395,52.52232],[13.40395,52.52232],[13.40395,52.52231]]]]},"properties":{"type":"intensiv"}},{"type":"Feature","geometry":{"type":"MultiPolygon","coordinates":[[[[13.40402,52.52231],[13.40402,52.52232],[13.40403,52.52232],[13.40403,52.52231],[13.40402,52.52231]]]]},"properties":{"type":"intensiv"}},{"type":"Feature","geometry":{"type":"MultiPolygon","coordinates":[[[[13.40404,52.52231],[13.40403,52.52231],[13.40403,52.52231],[13.40404,52.52231],[13.40404,52.52231]]]]},"properties":{"type":"intensiv"}},{"type":"Feature","geometry":{"type":"MultiPolygon","coordinates":[[[[13.40396,52.5223],[13.40395,52.5223],[13.40395,52.5223],[13.40396,52.5223],[13.40396,52.5223]]]]},"properties":{"type":"intensiv"}},{"type":"Feature","geometry":{"type":"MultiPolygon","coordinates":[[[[13.40404,52.52229],[13.40403,52.52229],[13.40404,52.52231],[13.40404,52.52229]]]]},"properties":{"type":"intensiv"}},{"type":"Feature","geometry":{"type":"MultiPolygon","coordinates":[[[[13.40404,52.52229],[13.40404,52.52229],[13.40404,52.52229],[13.40404,52.52229],[13.40404,52.52229]]]]},"properties":{"type":"extensiv"}},{"type":"Feature","geometry":{"type":"MultiPolygon","coordinates":[[[[13.40405,52.52228],[13.40404,52.52228],[13.40404,52.52229],[13.40404,52.52229],[13.40404,52.52229],[13.40405,52.52229],[13.40405,52.52228]]]]},"properties":{"type":"intensiv"}},{"type":"Feature","geometry":{"type":"MultiPolygon","coordinates":[[[[13.40404,52.52228],[13.40404,52.52228],[13.40405,52.52228],[13.40405,52.52228],[13.40404,52.52228]]]]},"properties":{"type":"extensiv"}},{"type":"Feature","geometry":{"type":"MultiPolygon","coordinates":[[[[13.40395,52.52228],[13.40395,52.52227],[13.40393,52.52228],[13.40395,52.52228]]]]},"properties":{"type":"intensiv"}},{"type":"Feature","geometry":{"type":"MultiPolygon","coordinates":[[[[13.404,52.52227],[13.40399,52.52227],[13.40399,52.52227],[13.404,52.52227],[13.404,52.52227]]]]},"properties":{"type":"intensiv"}},{"type":"Feature","geometry":{"type":"MultiPolygon","coordinates":[[[[13.40398,52.52226],[13.40397,52.52226],[13.40397,52.52227],[13.40398,52.52227],[13.40398,52.52226]]]]},"properties":{"type":"intensiv"}},{"type":"Feature","geometry":{"type":"MultiPolygon","coordinates":[[[[13.40405,52.52227],[13.40404,52.52228],[13.40406,52.52228],[13.40407,52.52227],[13.40405,52.52227]]]]},"properties":{"type":"intensiv"}},{"type":"Feature","geometry":{"type":"MultiPolygon","coordinates":[[[[13.40398,52.52226],[13.40397,52.52225],[13.40397,52.52226],[13.40398,52.52226],[13.40398,52.52226]]]]},"properties":{"type":"intensiv"}},{"type":"Feature","geometry":{"type":"MultiPolygon","coordinates":[[[[13.40407,52.52226],[13.40406,52.52226],[13.40406,52.52226],[13.40407,52.52226],[13.40407,52.52226]]]]},"properties":{"type":"intensiv"}},{"type":"Feature","geometry":{"type":"MultiPolygon","coordinates":[[[[13.40402,52.52224],[13.40401,52.52224],[13.40401,52.52226],[13.40402,52.52226],[13.40402,52.52224]]]]},"properties":{"type":"intensiv"}},{"type":"Feature","geometry":{"type":"MultiPolygon","coordinates":[[[[13.40409,52.52224],[13.40408,52.52224],[13.40408,52.52224],[13.40409,52.52224],[13.40409,52.52224]]]]},"properties":{"type":"intensiv"}},{"type":"Feature","geometry":{"type":"MultiPolygon","coordinates":[[[[13.40398,52.52222],[13.40397,52.52222],[13.40397,52.52223],[13.40398,52.52223],[13.40398,52.52222]]]]},"properties":{"type":"intensiv"}},{"type":"Feature","geometry":{"type":"MultiPolygon","coordinates":[[[[13.4041,52.52223],[13.4041,52.52223],[13.40409,52.52223],[13.40409,52.52223],[13.40408,52.52223],[13.40408,52.52223],[13.4041,52.52223]]]]},"properties":{"type":"intensiv"}},{"type":"Feature","geometry":{"type":"MultiPolygon","coordinates":[[[[13.40408,52.52222],[13.40407,52.52222],[13.40407,52.52223],[13.40408,52.52223],[13.40408,52.52222]]]]},"properties":{"type":"intensiv"}},{"type":"Feature","geometry":{"type":"MultiPolygon","coordinates":[[[[13.40413,52.52219],[13.40411,52.52219],[13.40409,52.52222],[13.40411,52.52222],[13.40411,52.52221],[13.40413,52.52219]]]]},"properties":{"type":"intensiv"}},{"type":"Feature","geometry":{"type":"MultiPolygon","coordinates":[[[[13.40407,52.52218],[13.40406,52.52218],[13.40406,52.52218],[13.40407,52.52218],[13.40407,52.52218]]]]},"properties":{"type":"intensiv"}},{"type":"Feature","geometry":{"type":"MultiPolygon","coordinates":[[[[13.40413,52.52219],[13.40411,52.52218],[13.40411,52.52219],[13.40413,52.52219]]]]},"properties":{"type":"extensiv"}},{"type":"Feature","geometry":{"type":"MultiPolygon","coordinates":[[[[13.40413,52.52218],[13.40412,52.52219],[13.40414,52.52219],[13.40413,52.52218]]]]},"properties":{"type":"intensiv"}},{"type":"Feature","geometry":{"type":"MultiPolygon","coordinates":[[[[13.40407,52.52218],[13.40408,52.52218],[13.40408,52.52217],[13.40407,52.52217],[13.40407,52.52218]]]]},"properties":{"type":"intensiv"}},{"type":"Feature","geometry":{"type":"MultiPolygon","coordinates":[[[[13.40412,52.52218],[13.40413,52.52218],[13.40413,52.52217],[13.40412,52.52217],[13.40412,52.52218]]]]},"properties":{"type":"extensiv"}},{"type":"Feature","geometry":{"type":"MultiPolygon","coordinates":[[[[13.40409,52.52216],[13.40408,52.52216],[13.40408,52.52217],[13.40409,52.52217],[13.40409,52.52216]]]]},"properties":{"type":"intensiv"}},{"type":"Feature","geometry":{"type":"MultiPolygon","coordinates":[[[[13.40411,52.52219],[13.4041,52.52219],[13.4041,52.52219],[13.40411,52.52219],[13.40411,52.52219]]]]},"properties":{"type":"intensiv"}},{"type":"Feature","geometry":{"type":"MultiPolygon","coordinates":[[[[13.40411,52.52218],[13.40411,52.52218],[13.40411,52.52218],[13.40411,52.52218],[13.40411,52.52218]]]]},"properties":{"type":"intensiv"}},{"type":"Feature","geometry":{"type":"MultiPolygon","coordinates":[[[[13.40415,52.52216],[13.40411,52.52218],[13.40414,52.52218],[13.40415,52.52216]]]]},"properties":{"type":"intensiv"}},{"type":"Feature","geometry":{"type":"MultiPolygon","coordinates":[[[[13.40416,52.52214],[13.40415,52.52214],[13.40415,52.52214],[13.40416,52.52214],[13.40416,52.52214]]]]},"properties":{"type":"extensiv"}},{"type":"Feature","geometry":{"type":"MultiPolygon","coordinates":[[[[13.4041,52.52215],[13.40411,52.52213],[13.40409,52.52213],[13.4041,52.52215]]]]},"properties":{"type":"intensiv"}},{"type":"Feature","geometry":{"type":"MultiPolygon","coordinates":[[[[13.40411,52.52212],[13.4041,52.52212],[13.4041,52.52213],[13.40411,52.52213],[13.40411,52.52212]]]]},"properties":{"type":"intensiv"}},{"type":"Feature","geometry":{"type":"MultiPolygon","coordinates":[[[[13.40412,52.52212],[13.40412,52.52212],[13.40412,52.52212],[13.40412,52.52212],[13.40412,52.52212]]]]},"properties":{"type":"intensiv"}},{"type":"Feature","geometry":{"type":"MultiPolygon","coordinates":[[[[13.40418,52.52212],[13.40417,52.52212],[13.40417,52.52212],[13.40417,52.52212],[13.40418,52.52212]]]]},"properties":{"type":"extensiv"}},{"type":"Feature","geometry":{"type":"MultiPolygon","coordinates":[[[[13.40418,52.52212],[13.40418,52.52212],[13.40418,52.52211],[13.40418,52.52211],[13.40418,52.52212]]]]},"properties":{"type":"extensiv"}},{"type":"Feature","geometry":{"type":"MultiPolygon","coordinates":[[[[13.4041,52.52211],[13.40409,52.52211],[13.40409,52.52211],[13.4041,52.52211],[13.4041,52.52211]]]]},"properties":{"type":"intensiv"}},{"type":"Feature","geometry":{"type":"MultiPolygon","coordinates":[[[[13.40419,52.52209],[13.40419,52.5221],[13.4042,52.5221],[13.4042,52.52209],[13.40419,52.52209]]]]},"properties":{"type":"extensiv"}},{"type":"Feature","geometry":{"type":"MultiPolygon","coordinates":[[[[13.4041,52.52209],[13.4041,52.52209],[13.4041,52.52209],[13.4041,52.52209],[13.4041,52.52209]]]]},"properties":{"type":"intensiv"}},{"type":"Feature","geometry":{"type":"MultiPolygon","coordinates":[[[[13.40415,52.52208],[13.40415,52.52208],[13.40415,52.52208],[13.40415,52.52208],[13.40415,52.52208]]]]},"properties":{"type":"intensiv"}},{"type":"Feature","geometry":{"type":"MultiPolygon","coordinates":[[[[13.40414,52.52207],[13.40413,52.52207],[13.40413,52.52208],[13.40414,52.52208],[13.40414,52.52207]]]]},"properties":{"type":"intensiv"}},{"type":"Feature","geometry":{"type":"MultiPolygon","coordinates":[[[[13.40413,52.52205],[13.40413,52.52205],[13.40413,52.52206],[13.40413,52.52206],[13.40413,52.52205]]]]},"properties":{"type":"intensiv"}},{"type":"Feature","geometry":{"type":"MultiPolygon","coordinates":[[[[13.40416,52.52214],[13.40415,52.52213],[13.40415,52.52216],[13.40416,52.52214]]]]},"properties":{"type":"intensiv"}},{"type":"Feature","geometry":{"type":"MultiPolygon","coordinates":[[[[13.40422,52.52205],[13.40419,52.52207],[13.4042,52.5221],[13.40416,52.52211],[13.40416,52.52212],[13.40418,52.52211],[13.40417,52.52213],[13.4042,52.52212],[13.40423,52.52207],[13.40424,52.52205],[13.40422,52.52205]]]]},"properties":{"type":"intensiv"}},{"type":"Feature","geometry":{"type":"MultiPolygon","coordinates":[[[[13.40424,52.52204],[13.40423,52.52204],[13.40423,52.52205],[13.40424,52.52205],[13.40424,52.52204]]]]},"properties":{"type":"intensiv"}},{"type":"Feature","geometry":{"type":"MultiPolygon","coordinates":[[[[13.40411,52.52204],[13.4041,52.52204],[13.4041,52.52205],[13.40411,52.52205],[13.40411,52.52204]]]]},"properties":{"type":"intensiv"}},{"type":"Feature","geometry":{"type":"MultiPolygon","coordinates":[[[[13.40419,52.52204],[13.40418,52.52204],[13.40418,52.52205],[13.40418,52.52205],[13.40419,52.52204]]]]},"properties":{"type":"intensiv"}},{"type":"Feature","geometry":{"type":"MultiPolygon","coordinates":[[[[13.40408,52.52202],[13.40407,52.52202],[13.40407,52.52203],[13.40408,52.52203],[13.40408,52.52202]]]]},"properties":{"type":"intensiv"}},{"type":"Feature","geometry":{"type":"MultiPolygon","coordinates":[[[[13.40413,52.52202],[13.40413,52.52204],[13.40414,52.52204],[13.40413,52.52202]]]]},"properties":{"type":"intensiv"}},{"type":"Feature","geometry":{"type":"MultiPolygon","coordinates":[[[[13.40413,52.52202],[13.40414,52.52202],[13.40414,52.52202],[13.40413,52.52202],[13.40413,52.52202]]]]},"properties":{"type":"intensiv"}},{"type":"Feature","geometry":{"type":"MultiPolygon","coordinates":[[[[13.40417,52.52201],[13.40416,52.52201],[13.40416,52.52201],[13.40416,52.52201],[13.40416,52.52202],[13.40417,52.52202],[13.40417,52.52201]]]]},"properties":{"type":"intensiv"}},{"type":"Feature","geometry":{"type":"MultiPolygon","coordinates":[[[[13.40425,52.52202],[13.40425,52.52201],[13.40425,52.52201],[13.40424,52.52203],[13.40425,52.52203],[13.40425,52.52202]]]]},"properties":{"type":"intensiv"}},{"type":"Feature","geometry":{"type":"MultiPolygon","coordinates":[[[[13.40417,52.52201],[13.40418,52.52202],[13.40418,52.52201],[13.40419,52.52201],[13.40419,52.52202],[13.40423,52.52202],[13.40423,52.52201],[13.40422,52.52201],[13.40422,52.52201],[13.40422,52.52201],[13.40422,52.52201],[13.40417,52.52201],[13.40417,52.52201]]]]},"properties":{"type":"intensiv"}},{"type":"Feature","geometry":{"type":"MultiPolygon","coordinates":[[[[13.40414,52.522],[13.40414,52.522],[13.40414,52.522],[13.40414,52.522],[13.40414,52.522]]]]},"properties":{"type":"intensiv"}},{"type":"Feature","geometry":{"type":"MultiPolygon","coordinates":[[[[13.40415,52.52199],[13.40414,52.52199],[13.40414,52.52199],[13.40415,52.52199],[13.40415,52.52199]]]]},"properties":{"type":"intensiv"}},{"type":"Feature","geometry":{"type":"MultiPolygon","coordinates":[[[[13.40408,52.52198],[13.40407,52.52198],[13.40407,52.52199],[13.40408,52.52199],[13.40408,52.52198]]]]},"properties":{"type":"intensiv"}},{"type":"Feature","geometry":{"type":"MultiPolygon","coordinates":[[[[13.40408,52.52198],[13.40408,52.52199],[13.40409,52.52199],[13.40409,52.52198],[13.40408,52.52198]]]]},"properties":{"type":"intensiv"}},{"type":"Feature","geometry":{"type":"MultiPolygon","coordinates":[[[[13.40417,52.52198],[13.40417,52.52198],[13.40416,52.52199],[13.40417,52.52199],[13.40417,52.52198]]]]},"properties":{"type":"intensiv"}},{"type":"Feature","geometry":{"type":"MultiPolygon","coordinates":[[[[13.40408,52.52198],[13.40408,52.52198],[13.40408,52.52198],[13.40408,52.52198],[13.40408,52.52198]]]]},"properties":{"type":"intensiv"}},{"type":"Feature","geometry":{"type":"MultiPolygon","coordinates":[[[[13.40415,52.52198],[13.40414,52.52198],[13.40414,52.52198],[13.40415,52.52198],[13.40415,52.52198]]]]},"properties":{"type":"intensiv"}},{"type":"Feature","geometry":{"type":"MultiPolygon","coordinates":[[[[13.40411,52.52197],[13.4041,52.52197],[13.4041,52.52198],[13.40411,52.52198],[13.40411,52.52197]]]]},"properties":{"type":"intensiv"}},{"type":"Feature","geometry":{"type":"MultiPolygon","coordinates":[[[[13.40413,52.52197],[13.40412,52.52197],[13.40412,52.52198],[13.40413,52.52198],[13.40413,52.52197]]]]},"properties":{"type":"intensiv"}},{"type":"Feature","geometry":{"type":"MultiPolygon","coordinates":[[[[13.40408,52.52196],[13.40407,52.52196],[13.40407,52.52197],[13.40408,52.52197],[13.40408,52.52196]]]]},"properties":{"type":"intensiv"}},{"type":"Feature","geometry":{"type":"MultiPolygon","coordinates":[[[[13.40397,52.5224],[13.40395,52.5224],[13.40394,52.52238],[13.40394,52.52241],[13.40391,52.52242],[13.40394,52.52243],[13.40392,52.52246],[13.4039,52.52244],[13.40388,52.52246],[13.40393,52.52247],[13.40397,52.5224]],[[13.40394,52.52242],[13.40394,52.52242],[13.40394,52.52242],[13.40394,52.52242],[13.40394,52.52242],[13.40394,52.52241],[13.40395,52.52241],[13.40395,52.52242],[13.40394,52.52242]]]]},"properties":{"type":"extensiv"}},{"type":"Feature","geometry":{"type":"MultiPolygon","coordinates":[[[[13.40392,52.52239],[13.40416,52.5221],[13.40418,52.52206],[13.40418,52.52204],[13.40423,52.52203],[13.40423,52.52207],[13.40418,52.52213],[13.40415,52.52213],[13.40417,52.52215],[13.40413,52.52218],[13.40414,52.52219],[13.40411,52.52221],[13.40411,52.52222],[13.40409,52.52222],[13.4041,52.52221],[13.40408,52.52221],[13.40408,52.52223],[13.40405,52.52225],[13.40405,52.52227],[13.40407,52.52227],[13.40404,52.52231],[13.40402,52.52229],[13.40403,52.52232],[13.40401,52.52231],[13.40402,52.52233],[13.40399,52.52236],[13.40399,52.52234],[13.40398,52.52234],[13.40396,52.52238],[13.40398,52.52238],[13.40397,52.52239],[13.40399,52.52239],[13.40402,52.52234],[13.40403,52.52234],[13.40404,52.52231],[13.40405,52.52231],[13.40408,52.52226],[13.4041,52.52226],[13.4041,52.52224],[13.40416,52.52219],[13.40416,52.52216],[13.40417,52.52216],[13.40422,52.52209],[13.40424,52.52209],[13.40424,52.52207],[13.40427,52.52205],[13.40427,52.52202],[13.40425,52.52202],[13.40424,52.52203],[13.40424,52.522],[13.40421,52.522],[13.40419,52.52198],[13.40416,52.52199],[13.40417,52.52197],[13.40407,52.52196],[13.40405,52.52198],[13.40406,52.52199],[13.40404,52.52199],[13.40398,52.52206],[13.40399,52.52208],[13.40404,52.52208],[13.40377,52.52243],[13.40387,52.52246],[13.40392,52.52239]],[[13.40391,52.52239],[13.40391,52.5224],[13.4039,52.5224],[13.4039,52.52239],[13.40391,52.52239]],[[13.40385,52.5224],[13.40385,52.5224],[13.40384,52.5224],[13.40384,52.5224],[13.40385,52.5224]],[[13.4038,52.5224],[13.4038,52.52241],[13.40379,52.52241],[13.40379,52.5224],[13.4038,52.5224]],[[13.40389,52.5224],[13.40389,52.5224],[13.40388,52.5224],[13.40388,52.5224],[13.40389,52.5224]],[[13.40385,52.52242],[13.40385,52.52242],[13.40385,52.52242],[13.40385,52.52242],[13.40385,52.52242]],[[13.40383,52.52243],[13.40383,52.52244],[13.40382,52.52244],[13.40382,52.52243],[13.40383,52.52243]],[[13.40388,52.52243],[13.40388,52.52244],[13.40386,52.52244],[13.40386,52.52243],[13.40388,52.52243]],[[13.40394,52.52235],[13.40394,52.52236],[13.40393,52.52236],[13.40393,52.52235],[13.40394,52.52235]],[[13.40395,52.52234],[13.40395,52.52234],[13.40395,52.52234],[13.40395,52.52234],[13.40395,52.52234]],[[13.40389,52.52233],[13.40389,52.52233],[13.40389,52.52233],[13.40389,52.52233],[13.40389,52.52233]],[[13.40395,52.52231],[13.40395,52.52232],[13.40395,52.52232],[13.40395,52.52231],[13.40395,52.52231]],[[13.40396,52.5223],[13.40396,52.5223],[13.40395,52.5223],[13.40395,52.5223],[13.40396,52.5223]],[[13.40395,52.52228],[13.40393,52.52228],[13.40395,52.52227],[13.40395,52.52228]],[[13.404,52.52227],[13.404,52.52227],[13.40399,52.52227],[13.40399,52.52227],[13.404,52.52227]],[[13.40398,52.52226],[13.40398,52.52227],[13.40397,52.52227],[13.40397,52.52226],[13.40398,52.52226]],[[13.40398,52.52226],[13.40398,52.52226],[13.40397,52.52226],[13.40397,52.52225],[13.40398,52.52226]],[[13.40402,52.52224],[13.40402,52.52226],[13.40401,52.52226],[13.40401,52.52224],[13.40402,52.52224]],[[13.40398,52.52222],[13.40398,52.52223],[13.40397,52.52223],[13.40397,52.52222],[13.40398,52.52222]],[[13.40407,52.52218],[13.40407,52.52217],[13.40408,52.52217],[13.40408,52.52218],[13.40407,52.52218],[13.40407,52.52218],[13.40406,52.52218],[13.40406,52.52218],[13.40407,52.52218]],[[13.40409,52.52216],[13.40409,52.52217],[13.40408,52.52217],[13.40408,52.52216],[13.40409,52.52216]],[[13.4041,52.52215],[13.40409,52.52213],[13.40411,52.52213],[13.4041,52.52215]],[[13.40411,52.52212],[13.40411,52.52213],[13.4041,52.52213],[13.4041,52.52212],[13.40411,52.52212]],[[13.40412,52.52212],[13.40412,52.52212],[13.40412,52.52212],[13.40412,52.52212],[13.40412,52.52212]],[[13.4041,52.52211],[13.4041,52.52211],[13.40409,52.52211],[13.40409,52.52211],[13.4041,52.52211]],[[13.4041,52.52209],[13.4041,52.52209],[13.4041,52.52209],[13.4041,52.52209],[13.4041,52.52209]],[[13.40415,52.52208],[13.40415,52.52208],[13.40415,52.52208],[13.40415,52.52208],[13.40415,52.52208]],[[13.40414,52.52207],[13.40414,52.52208],[13.40413,52.52208],[13.40413,52.52207],[13.40414,52.52207]],[[13.40413,52.52205],[13.40413,52.52206],[13.40413,52.52206],[13.40413,52.52205],[13.40413,52.52205]],[[13.40411,52.52204],[13.40411,52.52205],[13.4041,52.52205],[13.4041,52.52204],[13.40411,52.52204]],[[13.40413,52.52202],[13.40414,52.52204],[13.40413,52.52204],[13.40413,52.52202]],[[13.40408,52.52202],[13.40408,52.52203],[13.40407,52.52203],[13.40407,52.52202],[13.40408,52.52202]],[[13.40417,52.52201],[13.40423,52.52201],[13.40416,52.52202],[13.40417,52.52201]],[[13.40414,52.522],[13.40414,52.52201],[13.4041,52.522],[13.40414,52.522]],[[13.40415,52.52199],[13.40415,52.52199],[13.40414,52.52199],[13.40414,52.52199],[13.40415,52.52199]],[[13.40408,52.52198],[13.40408,52.52198],[13.40408,52.52199],[13.40407,52.52199],[13.40407,52.52198],[13.40408,52.52198],[13.40408,52.52198],[13.40408,52.52198],[13.40408,52.52198],[13.40409,52.52198],[13.40409,52.52199],[13.40408,52.52199],[13.40408,52.52198]],[[13.40415,52.52198],[13.40415,52.52198],[13.40414,52.52198],[13.40414,52.52198],[13.40415,52.52198]],[[13.40413,52.52197],[13.40413,52.52198],[13.40412,52.52198],[13.40412,52.52197],[13.40413,52.52197]],[[13.40411,52.52197],[13.40411,52.52198],[13.4041,52.52198],[13.4041,52.52197],[13.40411,52.52197]],[[13.40408,52.52196],[13.40408,52.52197],[13.40407,52.52197],[13.40407,52.52196],[13.40408,52.52196]],[[13.40424,52.52204],[13.40424,52.52205],[13.40423,52.52205],[13.40423,52.52204],[13.40424,52.52204]],[[13.4041,52.52223],[13.40408,52.52223],[13.40408,52.52223],[13.40409,52.52223],[13.40409,52.52223],[13.4041,52.52223],[13.4041,52.52223]],[[13.40409,52.52224],[13.40409,52.52224],[13.40408,52.52224],[13.40408,52.52224],[13.40409,52.52224]],[[13.40407,52.52226],[13.40407,52.52226],[13.40406,52.52226],[13.40406,52.52226],[13.40407,52.52226]]]]},"properties":{"type":"extensiv"}},{"type":"Feature","geometry":{"type":"MultiPolygon","coordinates":[[[[13.40391,52.52244],[13.40391,52.52244],[13.40391,52.52244],[13.40391,52.52244],[13.40391,52.52244]]]]},"properties":{"type":"extensiv"}},{"type":"Feature","geometry":{"type":"MultiPolygon","coordinates":[[[[13.40391,52.52243],[13.40391,52.52243],[13.40393,52.52243],[13.40393,52.52243],[13.40391,52.52243]]]]},"properties":{"type":"extensiv"}},{"type":"Feature","geometry":{"type":"MultiPolygon","coordinates":[[[[13.404,52.52233],[13.40399,52.52233],[13.40399,52.52234],[13.40399,52.52234],[13.404,52.52234],[13.404,52.52233]]]]},"properties":{"type":"extensiv"}},{"type":"Feature","geometry":{"type":"MultiPolygon","coordinates":[[[[13.40405,52.52227],[13.40404,52.52227],[13.40404,52.52227],[13.40405,52.52227],[13.40405,52.52227]]]]},"properties":{"type":"extensiv"}},{"type":"Feature","geometry":{"type":"MultiPolygon","coordinates":[[[[13.40411,52.52219],[13.4041,52.52219],[13.4041,52.5222],[13.4041,52.5222],[13.40411,52.5222],[13.40411,52.52219]]]]},"properties":{"type":"extensiv"}},{"type":"Feature","geometry":{"type":"MultiPolygon","coordinates":[[[[13.40415,52.52216],[13.40415,52.52215],[13.40414,52.52215],[13.40413,52.52215],[13.40413,52.52216],[13.40414,52.52216],[13.40414,52.52216],[13.40415,52.52216]]]]},"properties":{"type":"extensiv"}},{"type":"Feature","geometry":{"type":"MultiPolygon","coordinates":[[[[13.40414,52.52214],[13.40414,52.52215],[13.40415,52.52215],[13.40415,52.52215],[13.40414,52.52214]]]]},"properties":{"type":"extensiv"}},{"type":"Feature","geometry":{"type":"MultiPolygon","coordinates":[[[[13.40418,52.5221],[13.40418,52.52211],[13.40418,52.52211],[13.40418,52.5221],[13.40418,52.5221]]]]},"properties":{"type":"extensiv"}},{"type":"Feature","geometry":{"type":"MultiPolygon","coordinates":[[[[13.40418,52.52209],[13.40418,52.52209],[13.40418,52.5221],[13.40418,52.5221],[13.40418,52.52209]]]]},"properties":{"type":"extensiv"}},{"type":"Feature","geometry":{"type":"MultiPolygon","coordinates":[[[[13.40398,52.52206],[13.40398,52.52206],[13.40398,52.52206],[13.40398,52.52206]]]]},"properties":{"type":"extensiv"}},{"type":"Feature","geometry":{"type":"MultiPolygon","coordinates":[[[[13.40421,52.52206],[13.40421,52.52206],[13.40421,52.52206],[13.40421,52.52206],[13.40421,52.52206]]]]},"properties":{"type":"extensiv"}},{"type":"Feature","geometry":{"type":"MultiPolygon","coordinates":[[[[13.40419,52.52204],[13.40418,52.52205],[13.40419,52.52205],[13.40419,52.52204],[13.40419,52.52204]]]]},"properties":{"type":"extensiv"}},{"type":"Feature","geometry":{"type":"MultiPolygon","coordinates":[[[[13.40402,52.52202],[13.40401,52.52202],[13.40402,52.52202],[13.40402,52.52202]]]]},"properties":{"type":"extensiv"}},{"type":"Feature","geometry":{"type":"MultiPolygon","coordinates":[[[[13.40344,52.52228],[13.40343,52.52228],[13.40343,52.52228],[13.40344,52.52228],[13.40344,52.52228]]]]},"properties":{"type":"intensiv"}},{"type":"Feature","geometry":{"type":"MultiPolygon","coordinates":[[[[13.40344,52.52227],[13.40343,52.52227],[13.40343,52.52227],[13.40344,52.52227],[13.40344,52.52227]]]]},"properties":{"type":"intensiv"}},{"type":"Feature","geometry":{"type":"MultiPolygon","coordinates":[[[[13.40344,52.52221],[13.40343,52.52221],[13.40343,52.52223],[13.40344,52.52223],[13.40344,52.52221]]]]},"properties":{"type":"intensiv"}},{"type":"Feature","geometry":{"type":"MultiPolygon","coordinates":[[[[13.40345,52.52218],[13.40344,52.52218],[13.40344,52.52218],[13.40345,52.52219],[13.40345,52.52218]]]]},"properties":{"type":"intensiv"}},{"type":"Feature","geometry":{"type":"MultiPolygon","coordinates":[[[[13.40345,52.52216],[13.40344,52.52216],[13.40344,52.52218],[13.40345,52.52218],[13.40345,52.52216]]]]},"properties":{"type":"intensiv"}},{"type":"Feature","geometry":{"type":"MultiPolygon","coordinates":[[[[13.40354,52.52214],[13.40353,52.52214],[13.40353,52.52215],[13.40354,52.52215],[13.40354,52.52214]]]]},"properties":{"type":"intensiv"}},{"type":"Feature","geometry":{"type":"MultiPolygon","coordinates":[[[[13.40345,52.52213],[13.40344,52.52213],[13.40344,52.52214],[13.40345,52.52214],[13.40345,52.52213]]]]},"properties":{"type":"intensiv"}},{"type":"Feature","geometry":{"type":"MultiPolygon","coordinates":[[[[13.4035,52.5222],[13.40353,52.5222],[13.40349,52.52221],[13.40349,52.52224],[13.40348,52.52223],[13.40348,52.52232],[13.40353,52.52232],[13.40357,52.52216],[13.40351,52.52216],[13.4035,52.52217],[13.4035,52.5222]]]]},"properties":{"type":"extensiv"}},{"type":"Feature","geometry":{"type":"MultiPolygon","coordinates":[[[[13.40349,52.52213],[13.40344,52.52212],[13.40342,52.52231],[13.40345,52.52231],[13.40347,52.52217],[13.4035,52.52215],[13.40355,52.52215],[13.40356,52.52214],[13.40349,52.52213]],[[13.40345,52.52213],[13.40345,52.52214],[13.40344,52.52214],[13.40344,52.52213],[13.40345,52.52213]],[[13.40354,52.52214],[13.40354,52.52215],[13.40353,52.52215],[13.40353,52.52214],[13.40354,52.52214]],[[13.40345,52.52216],[13.40345,52.52218],[13.40344,52.52218],[13.40344,52.52216],[13.40345,52.52216]],[[13.40345,52.52218],[13.40345,52.52219],[13.40344,52.52218],[13.40344,52.52218],[13.40345,52.52218]],[[13.40344,52.52221],[13.40344,52.52223],[13.40343,52.52223],[13.40343,52.52221],[13.40344,52.52221]],[[13.40344,52.52227],[13.40344,52.52227],[13.40343,52.52227],[13.40343,52.52227],[13.40344,52.52227]],[[13.40344,52.52228],[13.40344,52.52228],[13.40343,52.52228],[13.40343,52.52228],[13.40344,52.52228]]]]},"properties":{"type":"extensiv"}},{"type":"Feature","geometry":{"type":"MultiPolygon","coordinates":[[[[13.40356,52.52213],[13.4035,52.52213],[13.4035,52.52213],[13.40351,52.52213],[13.40351,52.52213],[13.40356,52.52213],[13.40356,52.52213]]]]},"properties":{"type":"extensiv"}},{"type":"Feature","geometry":{"type":"MultiPolygon","coordinates":[[[[13.40196,52.52096],[13.40195,52.52097],[13.40197,52.52097],[13.40196,52.52096]]]]},"properties":{"type":"intensiv"}},{"type":"Feature","geometry":{"type":"MultiPolygon","coordinates":[[[[13.40193,52.52096],[13.40193,52.52097],[13.40194,52.52097],[13.40194,52.52096],[13.40193,52.52096]]]]},"properties":{"type":"intensiv"}},{"type":"Feature","geometry":{"type":"MultiPolygon","coordinates":[[[[13.40196,52.52096],[13.40198,52.52096],[13.40198,52.52096],[13.40196,52.52096],[13.40196,52.52096]]]]},"properties":{"type":"intensiv"}},{"type":"Feature","geometry":{"type":"MultiPolygon","coordinates":[[[[13.40195,52.52095],[13.40195,52.52095],[13.40195,52.52096],[13.40195,52.52096],[13.40195,52.52095]]]]},"properties":{"type":"intensiv"}},{"type":"Feature","geometry":{"type":"MultiPolygon","coordinates":[[[[13.40196,52.52094],[13.40196,52.52094],[13.40195,52.52095],[13.40196,52.52095],[13.40196,52.52094]]]]},"properties":{"type":"intensiv"}},{"type":"Feature","geometry":{"type":"MultiPolygon","coordinates":[[[[13.40197,52.52094],[13.40197,52.52095],[13.40198,52.52095],[13.40198,52.52094],[13.40197,52.52094]]]]},"properties":{"type":"intensiv"}},{"type":"Feature","geometry":{"type":"MultiPolygon","coordinates":[[[[13.40197,52.52094],[13.40196,52.52094],[13.40196,52.52094],[13.40197,52.52094],[13.40197,52.52094]]]]},"properties":{"type":"intensiv"}},{"type":"Feature","geometry":{"type":"MultiPolygon","coordinates":[[[[13.40197,52.52094],[13.40198,52.52094],[13.40198,52.52093],[13.40197,52.52093],[13.40197,52.52094]]]]},"properties":{"type":"intensiv"}},{"type":"Feature","geometry":{"type":"MultiPolygon","coordinates":[[[[13.40199,52.52093],[13.40198,52.52093],[13.40198,52.52094],[13.40199,52.52094],[13.40199,52.52093]]]]},"properties":{"type":"intensiv"}},{"type":"Feature","geometry":{"type":"MultiPolygon","coordinates":[[[[13.40213,52.52093],[13.40213,52.52093],[13.40213,52.52093],[13.40213,52.52094],[13.40214,52.52094],[13.40214,52.52093],[13.40213,52.52093]]]]},"properties":{"type":"intensiv"}},{"type":"Feature","geometry":{"type":"MultiPolygon","coordinates":[[[[13.40201,52.52092],[13.402,52.52092],[13.402,52.52092],[13.40201,52.52092],[13.40201,52.52092]]]]},"properties":{"type":"intensiv"}},{"type":"Feature","geometry":{"type":"MultiPolygon","coordinates":[[[[13.40214,52.52092],[13.40213,52.52092],[13.40213,52.52092],[13.40214,52.52092],[13.40214,52.52092]]]]},"properties":{"type":"intensiv"}},{"type":"Feature","geometry":{"type":"MultiPolygon","coordinates":[[[[13.40216,52.52092],[13.40215,52.52092],[13.40216,52.52092],[13.40216,52.52092],[13.40216,52.52092]]]]},"properties":{"type":"intensiv"}},{"type":"Feature","geometry":{"type":"MultiPolygon","coordinates":[[[[13.40202,52.52091],[13.40202,52.52091],[13.40202,52.52092],[13.40202,52.52092],[13.40202,52.52091]]]]},"properties":{"type":"intensiv"}},{"type":"Feature","geometry":{"type":"MultiPolygon","coordinates":[[[[13.40199,52.5209],[13.40198,52.5209],[13.40198,52.52092],[13.40199,52.52092],[13.40199,52.5209]]]]},"properties":{"type":"intensiv"}},{"type":"Feature","geometry":{"type":"MultiPolygon","coordinates":[[[[13.40203,52.5209],[13.40202,52.5209],[13.40202,52.52091],[13.40203,52.52091],[13.40203,52.5209]]]]},"properties":{"type":"intensiv"}},{"type":"Feature","geometry":{"type":"MultiPolygon","coordinates":[[[[13.40209,52.52091],[13.4021,52.52091],[13.4021,52.5209],[13.40209,52.5209],[13.40209,52.52091]]]]},"properties":{"type":"intensiv"}},{"type":"Feature","geometry":{"type":"MultiPolygon","coordinates":[[[[13.40214,52.52092],[13.40216,52.52092],[13.40216,52.52091],[13.40216,52.52091],[13.40216,52.52091],[13.40216,52.52091],[13.40216,52.5209],[13.40215,52.5209],[13.40215,52.52091],[13.40214,52.52091],[13.40214,52.52092]]]]},"properties":{"type":"intensiv"}},{"type":"Feature","geometry":{"type":"MultiPolygon","coordinates":[[[[13.402,52.52089],[13.40199,52.52089],[13.40199,52.5209],[13.402,52.5209],[13.402,52.52089]]]]},"properties":{"type":"intensiv"}},{"type":"Feature","geometry":{"type":"MultiPolygon","coordinates":[[[[13.40207,52.5209],[13.40208,52.5209],[13.40209,52.5209],[13.40209,52.52089],[13.40207,52.52089],[13.40207,52.5209]]]]},"properties":{"type":"intensiv"}},{"type":"Feature","geometry":{"type":"MultiPolygon","coordinates":[[[[13.40144,52.52078],[13.40143,52.52078],[13.40143,52.52078],[13.40144,52.52078],[13.40144,52.52078]]]]},"properties":{"type":"intensiv"}},{"type":"Feature","geometry":{"type":"MultiPolygon","coordinates":[[[[13.40186,52.52075],[13.40185,52.52075],[13.40185,52.52075],[13.40186,52.52075],[13.40186,52.52075]]]]},"properties":{"type":"intensiv"}},{"type":"Feature","geometry":{"type":"MultiPolygon","coordinates":[[[[13.40187,52.52074],[13.40186,52.52074],[13.40186,52.52075],[13.40187,52.52075],[13.40187,52.52074]]]]},"properties":{"type":"intensiv"}},{"type":"Feature","geometry":{"type":"MultiPolygon","coordinates":[[[[13.40187,52.52074],[13.40187,52.52074],[13.40187,52.52074],[13.40187,52.52074],[13.40187,52.52074]]]]},"properties":{"type":"intensiv"}},{"type":"Feature","geometry":{"type":"MultiPolygon","coordinates":[[[[13.40188,52.52073],[13.40187,52.52073],[13.40187,52.52074],[13.40188,52.52074],[13.40188,52.52073]]]]},"properties":{"type":"intensiv"}},{"type":"Feature","geometry":{"type":"MultiPolygon","coordinates":[[[[13.40186,52.52069],[13.40185,52.52069],[13.40185,52.5207],[13.40186,52.5207],[13.40186,52.52069]]]]},"properties":{"type":"intensiv"}},{"type":"Feature","geometry":{"type":"MultiPolygon","coordinates":[[[[13.40195,52.52068],[13.40194,52.52068],[13.40194,52.52069],[13.40195,52.52069],[13.40195,52.52068]]]]},"properties":{"type":"intensiv"}},{"type":"Feature","geometry":{"type":"MultiPolygon","coordinates":[[[[13.40198,52.52061],[13.40198,52.52061],[13.40199,52.52061],[13.40199,52.52061],[13.40198,52.52061]]]]},"properties":{"type":"intensiv"}},{"type":"Feature","geometry":{"type":"MultiPolygon","coordinates":[[[[13.40243,52.52062],[13.40242,52.52062],[13.40242,52.52062],[13.40243,52.52062],[13.40243,52.52062]]]]},"properties":{"type":"intensiv"}},{"type":"Feature","geometry":{"type":"MultiPolygon","coordinates":[[[[13.40243,52.52061],[13.40243,52.52061],[13.40243,52.52062],[13.40244,52.52062],[13.40244,52.52061],[13.40243,52.52061]]]]},"properties":{"type":"intensiv"}},{"type":"Feature","geometry":{"type":"MultiPolygon","coordinates":[[[[13.40245,52.52061],[13.40245,52.52061],[13.40245,52.52061],[13.40245,52.52061],[13.40245,52.52061]]]]},"properties":{"type":"intensiv"}},{"type":"Feature","geometry":{"type":"MultiPolygon","coordinates":[[[[13.40247,52.5206],[13.40247,52.5206],[13.40248,52.5206],[13.40248,52.5206],[13.40247,52.5206]]]]},"properties":{"type":"intensiv"}},{"type":"Feature","geometry":{"type":"MultiPolygon","coordinates":[[[[13.40246,52.5206],[13.40245,52.5206],[13.40245,52.5206],[13.40246,52.5206],[13.40246,52.5206]]]]},"properties":{"type":"intensiv"}},{"type":"Feature","geometry":{"type":"MultiPolygon","coordinates":[[[[13.40246,52.52059],[13.40246,52.5206],[13.40247,52.5206],[13.40247,52.52059],[13.40246,52.52059]]]]},"properties":{"type":"intensiv"}},{"type":"Feature","geometry":{"type":"MultiPolygon","coordinates":[[[[13.40238,52.52059],[13.40238,52.52059],[13.40237,52.52059],[13.40237,52.52059],[13.40238,52.52059]]]]},"properties":{"type":"intensiv"}},{"type":"Feature","geometry":{"type":"MultiPolygon","coordinates":[[[[13.40237,52.52058],[13.40236,52.52058],[13.40236,52.52059],[13.40237,52.52059],[13.40237,52.52058]]]]},"properties":{"type":"intensiv"}},{"type":"Feature","geometry":{"type":"MultiPolygon","coordinates":[[[[13.4024,52.52059],[13.40239,52.52059],[13.40238,52.52061],[13.4024,52.52059]]]]},"properties":{"type":"intensiv"}},{"type":"Feature","geometry":{"type":"MultiPolygon","coordinates":[[[[13.40241,52.52059],[13.4024,52.52059],[13.4024,52.5206],[13.40241,52.5206],[13.40241,52.52059]]]]},"properties":{"type":"intensiv"}},{"type":"Feature","geometry":{"type":"MultiPolygon","coordinates":[[[[13.40234,52.52058],[13.40234,52.52058],[13.40235,52.52058],[13.40235,52.52058],[13.40234,52.52058]]]]},"properties":{"type":"intensiv"}},{"type":"Feature","geometry":{"type":"MultiPolygon","coordinates":[[[[13.40249,52.52058],[13.40248,52.52058],[13.40248,52.52059],[13.40249,52.52059],[13.40249,52.52058]]]]},"properties":{"type":"intensiv"}},{"type":"Feature","geometry":{"type":"MultiPolygon","coordinates":[[[[13.40248,52.52058],[13.40247,52.52058],[13.40247,52.52059],[13.40248,52.52059],[13.40248,52.52058]]]]},"properties":{"type":"intensiv"}},{"type":"Feature","geometry":{"type":"MultiPolygon","coordinates":[[[[13.40236,52.52054],[13.40235,52.52054],[13.40235,52.52055],[13.40236,52.52055],[13.40236,52.52054]]]]},"properties":{"type":"intensiv"}},{"type":"Feature","geometry":{"type":"MultiPolygon","coordinates":[[[[13.40238,52.52054],[13.40237,52.52054],[13.40237,52.52055],[13.40237,52.52055],[13.40238,52.52054]]]]},"properties":{"type":"intensiv"}},{"type":"Feature","geometry":{"type":"MultiPolygon","coordinates":[[[[13.40238,52.52053],[13.40238,52.52053],[13.40238,52.52053],[13.40238,52.52053],[13.40238,52.52053]]]]},"properties":{"type":"intensiv"}},{"type":"Feature","geometry":{"type":"MultiPolygon","coordinates":[[[[13.40235,52.52052],[13.40235,52.52053],[13.40235,52.52053],[13.40235,52.52052],[13.40235,52.52052]]]]},"properties":{"type":"intensiv"}},{"type":"Feature","geometry":{"type":"MultiPolygon","coordinates":[[[[13.40242,52.52049],[13.40241,52.52049],[13.40241,52.52049],[13.40242,52.52049],[13.40242,52.52049]]]]},"properties":{"type":"intensiv"}},{"type":"Feature","geometry":{"type":"MultiPolygon","coordinates":[[[[13.40241,52.52049],[13.40241,52.52048],[13.4024,52.52048],[13.40241,52.52049]]]]},"properties":{"type":"intensiv"}},{"type":"Feature","geometry":{"type":"MultiPolygon","coordinates":[[[[13.4017,52.52044],[13.40169,52.52044],[13.40169,52.52045],[13.4017,52.52045],[13.4017,52.52044]]]]},"properties":{"type":"intensiv"}},{"type":"Feature","geometry":{"type":"MultiPolygon","coordinates":[[[[13.4017,52.52044],[13.40171,52.52044],[13.40171,52.52044],[13.4017,52.52044],[13.4017,52.52044]]]]},"properties":{"type":"intensiv"}},{"type":"Feature","geometry":{"type":"MultiPolygon","coordinates":[[[[13.40174,52.52044],[13.40172,52.52044],[13.40172,52.52044],[13.40174,52.52044],[13.40174,52.52044]]]]},"properties":{"type":"intensiv"}},{"type":"Feature","geometry":{"type":"MultiPolygon","coordinates":[[[[13.40162,52.52043],[13.40161,52.52043],[13.40161,52.52043],[13.40162,52.52043],[13.40162,52.52043]]]]},"properties":{"type":"intensiv"}},{"type":"Feature","geometry":{"type":"MultiPolygon","coordinates":[[[[13.40161,52.52042],[13.4016,52.52042],[13.4016,52.52043],[13.40161,52.52043],[13.40161,52.52042]]]]},"properties":{"type":"intensiv"}},{"type":"Feature","geometry":{"type":"MultiPolygon","coordinates":[[[[13.40165,52.52042],[13.40164,52.52042],[13.40164,52.52043],[13.40165,52.52043],[13.40165,52.52042]]]]},"properties":{"type":"intensiv"}},{"type":"Feature","geometry":{"type":"MultiPolygon","coordinates":[[[[13.40174,52.52031],[13.40174,52.52032],[13.40175,52.52032],[13.40175,52.52031],[13.40174,52.52031]]]]},"properties":{"type":"intensiv"}},{"type":"Feature","geometry":{"type":"MultiPolygon","coordinates":[[[[13.40175,52.5203],[13.40174,52.5203],[13.40174,52.5203],[13.40175,52.5203],[13.40175,52.5203]]]]},"properties":{"type":"intensiv"}},{"type":"Feature","geometry":{"type":"MultiPolygon","coordinates":[[[[13.40161,52.52028],[13.4016,52.52028],[13.40159,52.52028],[13.40159,52.52029],[13.4016,52.52029],[13.4016,52.52029],[13.4016,52.52029],[13.4016,52.52029],[13.40161,52.52029],[13.40161,52.52028]]]]},"properties":{"type":"intensiv"}},{"type":"Feature","geometry":{"type":"MultiPolygon","coordinates":[[[[13.40157,52.52028],[13.40157,52.52028],[13.40159,52.52028],[13.40159,52.52028],[13.40157,52.52028]]]]},"properties":{"type":"intensiv"}},{"type":"Feature","geometry":{"type":"MultiPolygon","coordinates":[[[[13.40159,52.52027],[13.40158,52.52027],[13.40158,52.52027],[13.40159,52.52027],[13.40159,52.52027]]]]},"properties":{"type":"intensiv"}},{"type":"Feature","geometry":{"type":"MultiPolygon","coordinates":[[[[13.40178,52.52023],[13.40177,52.52023],[13.40177,52.52023],[13.40178,52.52023],[13.40178,52.52023]]]]},"properties":{"type":"intensiv"}},{"type":"Feature","geometry":{"type":"MultiPolygon","coordinates":[[[[13.40181,52.52023],[13.4018,52.52023],[13.4018,52.52024],[13.40181,52.52024],[13.40181,52.52023]]]]},"properties":{"type":"intensiv"}},{"type":"Feature","geometry":{"type":"MultiPolygon","coordinates":[[[[13.40171,52.52022],[13.40171,52.5202],[13.40167,52.52019],[13.40169,52.5202],[13.40169,52.52022],[13.40171,52.52022]]]]},"properties":{"type":"intensiv"}},{"type":"Feature","geometry":{"type":"MultiPolygon","coordinates":[[[[13.40203,52.5209],[13.402,52.52089],[13.40199,52.52092],[13.40196,52.52092],[13.40195,52.52095],[13.40193,52.52095],[13.40193,52.52098],[13.40204,52.52101],[13.4021,52.52093],[13.40203,52.5209]],[[13.40202,52.52091],[13.40202,52.52092],[13.40202,52.52092],[13.40202,52.52091],[13.40202,52.52091]],[[13.40201,52.52092],[13.40201,52.52092],[13.402,52.52092],[13.402,52.52092],[13.40201,52.52092]],[[13.40197,52.52094],[13.40198,52.52095],[13.40195,52.52095],[13.40197,52.52094]],[[13.40199,52.52093],[13.40199,52.52094],[13.40198,52.52094],[13.40198,52.52093],[13.40199,52.52093]],[[13.40195,52.52095],[13.40195,52.52096],[13.40195,52.52096],[13.40195,52.52095],[13.40195,52.52095]],[[13.40196,52.52096],[13.40197,52.52097],[13.40195,52.52097],[13.40198,52.52096],[13.40196,52.52096]]]]},"properties":{"type":"extensiv"}},{"type":"Feature","geometry":{"type":"MultiPolygon","coordinates":[[[[13.40207,52.5209],[13.40209,52.52089],[13.40208,52.52091],[13.40211,52.52092],[13.40216,52.52091],[13.40216,52.52092],[13.40213,52.52092],[13.40214,52.52094],[13.40213,52.52093],[13.40211,52.52098],[13.40218,52.52091],[13.4021,52.52088],[13.40207,52.52089],[13.40207,52.5209]]]]},"properties":{"type":"extensiv"}},{"type":"Feature","geometry":{"type":"MultiPolygon","coordinates":[[[[13.40193,52.52096],[13.40192,52.52096],[13.40192,52.52096],[13.40193,52.52096],[13.40193,52.52096]]]]},"properties":{"type":"extensiv"}},{"type":"Feature","geometry":{"type":"MultiPolygon","coordinates":[[[[13.40198,52.52091],[13.40198,52.52091],[13.40199,52.52091],[13.40199,52.52091],[13.40198,52.52091]]]]},"properties":{"type":"extensiv"}},{"type":"Feature","geometry":{"type":"MultiPolygon","coordinates":[[[[13.40175,52.52091],[13.4018,52.52088],[13.4018,52.52085],[13.40173,52.52083],[13.40174,52.52081],[13.40172,52.52079],[13.40131,52.52069],[13.40126,52.52069],[13.40123,52.52071],[13.40126,52.52074],[13.40175,52.52091]],[[13.40144,52.52078],[13.40144,52.52078],[13.40143,52.52078],[13.40143,52.52078],[13.40144,52.52078]],[[13.40141,52.52076],[13.40141,52.52077],[13.4014,52.52077],[13.4014,52.52076],[13.40141,52.52076]]]]},"properties":{"type":"extensiv"}},{"type":"Feature","geometry":{"type":"MultiPolygon","coordinates":[[[[13.40186,52.52082],[13.40186,52.52082],[13.40186,52.52082],[13.40186,52.52082],[13.40186,52.52082]]]]},"properties":{"type":"extensiv"}},{"type":"Feature","geometry":{"type":"MultiPolygon","coordinates":[[[[13.40189,52.52074],[13.40185,52.52075],[13.40185,52.52077],[13.40189,52.52079],[13.40189,52.52081],[13.40187,52.5208],[13.40186,52.52082],[13.4019,52.52082],[13.40194,52.52078],[13.40194,52.52076],[13.40189,52.52074]]]]},"properties":{"type":"extensiv"}},{"type":"Feature","geometry":{"type":"MultiPolygon","coordinates":[[[[13.40187,52.52074],[13.40187,52.52073],[13.40185,52.52073],[13.40185,52.52075],[13.40187,52.52074]]]]},"properties":{"type":"extensiv"}},{"type":"Feature","geometry":{"type":"MultiPolygon","coordinates":[[[[13.40187,52.52073],[13.40188,52.52073],[13.40188,52.52073],[13.40187,52.52073],[13.40187,52.52073]]]]},"properties":{"type":"extensiv"}},{"type":"Feature","geometry":{"type":"MultiPolygon","coordinates":[[[[13.40169,52.52042],[13.40162,52.52042],[13.40161,52.52038],[13.40166,52.52032],[13.40172,52.52031],[13.40175,52.52031],[13.40179,52.52036],[13.40187,52.52037],[13.40213,52.52048],[13.40219,52.52046],[13.40224,52.52041],[13.40187,52.52027],[13.40169,52.52028],[13.40159,52.52035],[13.40157,52.52042],[13.40164,52.52053],[13.4018,52.52067],[13.40188,52.52067],[13.40185,52.52071],[13.40194,52.52073],[13.40194,52.52071],[13.402,52.52066],[13.402,52.52064],[13.40192,52.52061],[13.40189,52.52058],[13.40185,52.52056],[13.40185,52.52055],[13.40179,52.5205],[13.40174,52.52042],[13.40169,52.52042]],[[13.40161,52.52042],[13.40161,52.52043],[13.4016,52.52043],[13.4016,52.52042],[13.40161,52.52042]],[[13.40162,52.52043],[13.40162,52.52043],[13.40161,52.52043],[13.40161,52.52043],[13.40162,52.52043]],[[13.4017,52.52044],[13.4017,52.52045],[13.40169,52.52045],[13.40169,52.52044],[13.4017,52.52044],[13.4017,52.52044],[13.40171,52.52044],[13.40171,52.52044],[13.4017,52.52044]],[[13.40174,52.52044],[13.40174,52.52044],[13.40172,52.52044],[13.40172,52.52044],[13.40174,52.52044]],[[13.40195,52.52068],[13.40195,52.52069],[13.40194,52.52069],[13.40194,52.52068],[13.40195,52.52068]],[[13.40175,52.5203],[13.40175,52.5203],[13.40174,52.5203],[13.40174,52.5203],[13.40175,52.5203]]]]},"properties":{"type":"extensiv"}},{"type":"Feature","geometry":{"type":"MultiPolygon","coordinates":[[[[13.40249,52.52057],[13.40249,52.52059],[13.40248,52.52058],[13.40246,52.52059],[13.40248,52.5206],[13.40243,52.5206],[13.40243,52.52063],[13.40246,52.52063],[13.40251,52.52059],[13.40251,52.52057],[13.40249,52.52057]],[[13.40245,52.52061],[13.40245,52.52061],[13.40245,52.52061],[13.40245,52.52061],[13.40245,52.52061]]]]},"properties":{"type":"extensiv"}},{"type":"Feature","geometry":{"type":"MultiPolygon","coordinates":[[[[13.40198,52.52061],[13.40202,52.52061],[13.40202,52.52059],[13.40203,52.52059],[13.40203,52.52057],[13.40205,52.52057],[13.40205,52.52056],[13.40211,52.5205],[13.40207,52.52052],[13.40198,52.52061]]]]},"properties":{"type":"extensiv"}},{"type":"Feature","geometry":{"type":"MultiPolygon","coordinates":[[[[13.40243,52.52061],[13.40242,52.52061],[13.40242,52.52062],[13.40243,52.52062],[13.40243,52.52061]]]]},"properties":{"type":"extensiv"}},{"type":"Feature","geometry":{"type":"MultiPolygon","coordinates":[[[[13.40242,52.52059],[13.40238,52.52061],[13.40237,52.52059],[13.40239,52.52058],[13.40234,52.52058],[13.40234,52.5206],[13.40239,52.52062],[13.40242,52.52061],[13.40242,52.52059]]]]},"properties":{"type":"extensiv"}},{"type":"Feature","geometry":{"type":"MultiPolygon","coordinates":[[[[13.40238,52.5205],[13.40233,52.52055],[13.4024,52.52058],[13.40246,52.52057],[13.40246,52.52055],[13.40252,52.52051],[13.40242,52.52047],[13.40239,52.52047],[13.40239,52.52049],[13.40238,52.5205]],[[13.40242,52.52049],[13.40242,52.52049],[13.40241,52.52049],[13.40241,52.52049],[13.40242,52.52049]],[[13.40241,52.52049],[13.4024,52.52048],[13.40241,52.52048],[13.40241,52.52049]],[[13.40238,52.52053],[13.40238,52.52053],[13.40238,52.52053],[13.40238,52.52053],[13.40238,52.52053]],[[13.40238,52.52054],[13.40237,52.52055],[13.40237,52.52055],[13.40237,52.52054],[13.40238,52.52054]],[[13.40236,52.52054],[13.40236,52.52055],[13.40235,52.52055],[13.40235,52.52054],[13.40236,52.52054]]]]},"properties":{"type":"extensiv"}},{"type":"Feature","geometry":{"type":"MultiPolygon","coordinates":[[[[13.40254,52.52053],[13.40254,52.52053],[13.40254,52.52054],[13.40254,52.52054],[13.40254,52.52053]]]]},"properties":{"type":"extensiv"}},{"type":"Feature","geometry":{"type":"MultiPolygon","coordinates":[[[[13.4016,52.52029],[13.40156,52.52028],[13.40156,52.5203],[13.4016,52.52029]]]]},"properties":{"type":"extensiv"}},{"type":"Feature","geometry":{"type":"MultiPolygon","coordinates":[[[[13.40161,52.52028],[13.4016,52.52029],[13.40162,52.52029],[13.40161,52.52028]]]]},"properties":{"type":"extensiv"}},{"type":"Feature","geometry":{"type":"MultiPolygon","coordinates":[[[[13.40159,52.52027],[13.40157,52.52028],[13.4016,52.52028],[13.40159,52.52027]]]]},"properties":{"type":"extensiv"}},{"type":"Feature","geometry":{"type":"MultiPolygon","coordinates":[[[[13.40181,52.52024],[13.40176,52.52023],[13.40175,52.52025],[13.40182,52.52025],[13.40181,52.52024]]]]},"properties":{"type":"extensiv"}},{"type":"Feature","geometry":{"type":"MultiPolygon","coordinates":[[[[13.40171,52.52022],[13.4017,52.52022],[13.4017,52.52022],[13.40169,52.52022],[13.40169,52.52023],[13.40171,52.52023],[13.40171,52.52022]]]]},"properties":{"type":"extensiv"}},{"type":"Feature","geometry":{"type":"MultiPolygon","coordinates":[[[[13.40167,52.52019],[13.40165,52.52021],[13.40169,52.52022],[13.40169,52.5202],[13.40167,52.52019]]]]},"properties":{"type":"extensiv"}},{"type":"Feature","geometry":{"type":"MultiPolygon","coordinates":[[[[13.40259,52.52024],[13.40258,52.52024],[13.40258,52.52024],[13.40258,52.52024],[13.40259,52.52024]]]]},"properties":{"type":"intensiv"}},{"type":"Feature","geometry":{"type":"MultiPolygon","coordinates":[[[[13.40259,52.52023],[13.40259,52.52023],[13.40259,52.52024],[13.40259,52.52024],[13.40259,52.52023]]]]},"properties":{"type":"intensiv"}},{"type":"Feature","geometry":{"type":"MultiPolygon","coordinates":[[[[13.4026,52.52023],[13.4026,52.52023],[13.40261,52.52023],[13.40261,52.52023],[13.4026,52.52023]]]]},"properties":{"type":"intensiv"}},{"type":"Feature","geometry":{"type":"MultiPolygon","coordinates":[[[[13.40263,52.5202],[13.40263,52.52021],[13.40264,52.52021],[13.40264,52.52021],[13.40263,52.5202]]]]},"properties":{"type":"intensiv"}},{"type":"Feature","geometry":{"type":"MultiPolygon","coordinates":[[[[13.40263,52.5202],[13.40262,52.5202],[13.40262,52.5202],[13.40263,52.5202],[13.40263,52.5202]]]]},"properties":{"type":"intensiv"}},{"type":"Feature","geometry":{"type":"MultiPolygon","coordinates":[[[[13.40239,52.52018],[13.40238,52.52018],[13.40238,52.52019],[13.40239,52.52019],[13.40239,52.52018]]]]},"properties":{"type":"intensiv"}},{"type":"Feature","geometry":{"type":"MultiPolygon","coordinates":[[[[13.40226,52.52016],[13.40226,52.52016],[13.40226,52.52017],[13.40226,52.52017],[13.40226,52.52016]]]]},"properties":{"type":"intensiv"}},{"type":"Feature","geometry":{"type":"MultiPolygon","coordinates":[[[[13.40226,52.52016],[13.40226,52.52015],[13.40226,52.52016],[13.40226,52.52016],[13.40226,52.52016]]]]},"properties":{"type":"intensiv"}},{"type":"Feature","geometry":{"type":"MultiPolygon","coordinates":[[[[13.40234,52.52014],[13.40233,52.52014],[13.40233,52.52014],[13.40234,52.52014],[13.40234,52.52014]]]]},"properties":{"type":"intensiv"}},{"type":"Feature","geometry":{"type":"MultiPolygon","coordinates":[[[[13.40218,52.52013],[13.40216,52.52013],[13.40216,52.52013],[13.40218,52.52013],[13.40218,52.52013]]]]},"properties":{"type":"intensiv"}},{"type":"Feature","geometry":{"type":"MultiPolygon","coordinates":[[[[13.4024,52.52013],[13.4024,52.52013],[13.40241,52.52013],[13.40241,52.52013],[13.4024,52.52013]]]]},"properties":{"type":"intensiv"}},{"type":"Feature","geometry":{"type":"MultiPolygon","coordinates":[[[[13.40221,52.52012],[13.40221,52.52012],[13.40221,52.52013],[13.40221,52.52013],[13.40221,52.52012]]]]},"properties":{"type":"intensiv"}},{"type":"Feature","geometry":{"type":"MultiPolygon","coordinates":[[[[13.40238,52.52013],[13.40238,52.52013],[13.4024,52.52013],[13.4024,52.52013],[13.40238,52.52013]]]]},"properties":{"type":"intensiv"}},{"type":"Feature","geometry":{"type":"MultiPolygon","coordinates":[[[[13.40214,52.52012],[13.40213,52.52012],[13.40213,52.52012],[13.40214,52.52012],[13.40214,52.52012]]]]},"properties":{"type":"intensiv"}},{"type":"Feature","geometry":{"type":"MultiPolygon","coordinates":[[[[13.40238,52.52013],[13.40238,52.52012],[13.40238,52.52012],[13.40238,52.52013],[13.40238,52.52013]]]]},"properties":{"type":"intensiv"}},{"type":"Feature","geometry":{"type":"MultiPolygon","coordinates":[[[[13.40215,52.52011],[13.40214,52.52011],[13.40214,52.52011],[13.40215,52.52011],[13.40215,52.52011]]]]},"properties":{"type":"intensiv"}},{"type":"Feature","geometry":{"type":"MultiPolygon","coordinates":[[[[13.40221,52.52011],[13.4022,52.52011],[13.4022,52.52011],[13.40221,52.52011],[13.40221,52.52011]]]]},"properties":{"type":"intensiv"}},{"type":"Feature","geometry":{"type":"MultiPolygon","coordinates":[[[[13.4027,52.52011],[13.40269,52.52011],[13.40269,52.52012],[13.4027,52.52012],[13.4027,52.52011]]]]},"properties":{"type":"intensiv"}},{"type":"Feature","geometry":{"type":"MultiPolygon","coordinates":[[[[13.40218,52.5201],[13.40218,52.5201],[13.40218,52.5201],[13.40218,52.5201],[13.40218,52.5201]]]]},"properties":{"type":"intensiv"}},{"type":"Feature","geometry":{"type":"MultiPolygon","coordinates":[[[[13.40234,52.5201],[13.40233,52.5201],[13.40233,52.52011],[13.40234,52.52011],[13.40234,52.5201]]]]},"properties":{"type":"intensiv"}},{"type":"Feature","geometry":{"type":"MultiPolygon","coordinates":[[[[13.40224,52.5201],[13.40223,52.5201],[13.40223,52.5201],[13.40224,52.5201],[13.40224,52.5201]]]]},"properties":{"type":"extensiv"}},{"type":"Feature","geometry":{"type":"MultiPolygon","coordinates":[[[[13.40228,52.5201],[13.40227,52.5201],[13.40227,52.5201],[13.40228,52.5201],[13.40228,52.5201]]]]},"properties":{"type":"intensiv"}},{"type":"Feature","geometry":{"type":"MultiPolygon","coordinates":[[[[13.40219,52.52009],[13.40218,52.52009],[13.40218,52.52009],[13.40219,52.52009],[13.40219,52.52009]]]]},"properties":{"type":"intensiv"}},{"type":"Feature","geometry":{"type":"MultiPolygon","coordinates":[[[[13.40231,52.52009],[13.4023,52.52009],[13.4023,52.52009],[13.4023,52.52009],[13.40231,52.52009],[13.40231,52.52009]]]]},"properties":{"type":"intensiv"}},{"type":"Feature","geometry":{"type":"MultiPolygon","coordinates":[[[[13.40224,52.5201],[13.40223,52.5201],[13.40224,52.52009],[13.40222,52.52008],[13.40222,52.5201],[13.40224,52.52011],[13.40224,52.5201]]]]},"properties":{"type":"intensiv"}},{"type":"Feature","geometry":{"type":"MultiPolygon","coordinates":[[[[13.40244,52.52009],[13.40244,52.52009],[13.40244,52.52009],[13.40244,52.52009],[13.40244,52.52009]]]]},"properties":{"type":"extensiv"}},{"type":"Feature","geometry":{"type":"MultiPolygon","coordinates":[[[[13.40226,52.52008],[13.40225,52.52008],[13.40225,52.52008],[13.40226,52.52008],[13.40226,52.52008]]]]},"properties":{"type":"intensiv"}},{"type":"Feature","geometry":{"type":"MultiPolygon","coordinates":[[[[13.40222,52.52007],[13.40222,52.52007],[13.40221,52.52008],[13.40222,52.52008],[13.40222,52.52007]]]]},"properties":{"type":"intensiv"}},{"type":"Feature","geometry":{"type":"MultiPolygon","coordinates":[[[[13.40224,52.52007],[13.40224,52.52007],[13.40224,52.52008],[13.40224,52.52008],[13.40224,52.52007]]]]},"properties":{"type":"intensiv"}},{"type":"Feature","geometry":{"type":"MultiPolygon","coordinates":[[[[13.40211,52.52005],[13.4021,52.52005],[13.4021,52.52005],[13.40211,52.52005],[13.40211,52.52005]]]]},"properties":{"type":"intensiv"}},{"type":"Feature","geometry":{"type":"MultiPolygon","coordinates":[[[[13.40216,52.52005],[13.40216,52.52005],[13.40216,52.52005],[13.40216,52.52005],[13.40216,52.52005]]]]},"properties":{"type":"intensiv"}},{"type":"Feature","geometry":{"type":"MultiPolygon","coordinates":[[[[13.40221,52.52005],[13.40219,52.52005],[13.40219,52.52006],[13.40221,52.52006],[13.40221,52.52005]]]]},"properties":{"type":"intensiv"}},{"type":"Feature","geometry":{"type":"MultiPolygon","coordinates":[[[[13.40218,52.52003],[13.40217,52.52003],[13.40217,52.52004],[13.40217,52.52004],[13.40218,52.52004],[13.40218,52.52003]]]]},"properties":{"type":"intensiv"}},{"type":"Feature","geometry":{"type":"MultiPolygon","coordinates":[[[[13.40194,52.52002],[13.40194,52.52002],[13.40194,52.52003],[13.40194,52.52003],[13.40194,52.52002]]]]},"properties":{"type":"intensiv"}},{"type":"Feature","geometry":{"type":"MultiPolygon","coordinates":[[[[13.40195,52.52],[13.40194,52.52],[13.40194,52.52001],[13.40194,52.52001],[13.40195,52.52]]]]},"properties":{"type":"intensiv"}},{"type":"Feature","geometry":{"type":"MultiPolygon","coordinates":[[[[13.40241,52.52004],[13.40241,52.52004],[13.40243,52.52004],[13.40241,52.52004]]]]},"properties":{"type":"extensiv"}},{"type":"Feature","geometry":{"type":"MultiPolygon","coordinates":[[[[13.40242,52.52002],[13.40241,52.52004],[13.40245,52.52004],[13.40242,52.52002]]]]},"properties":{"type":"extensiv"}},{"type":"Feature","geometry":{"type":"MultiPolygon","coordinates":[[[[13.40253,52.52],[13.40252,52.52],[13.40252,52.52],[13.40252,52.52],[13.40253,52.52],[13.40253,52.52]]]]},"properties":{"type":"extensiv"}},{"type":"Feature","geometry":{"type":"MultiPolygon","coordinates":[[[[13.40253,52.52],[13.40253,52.52],[13.40253,52.52],[13.40253,52.52]]]]},"properties":{"type":"intensiv"}},{"type":"Feature","geometry":{"type":"MultiPolygon","coordinates":[[[[13.4019,52.51998],[13.40189,52.51998],[13.40189,52.51999],[13.4019,52.51999],[13.4019,52.51998]]]]},"properties":{"type":"intensiv"}},{"type":"Feature","geometry":{"type":"MultiPolygon","coordinates":[[[[13.40223,52.51999],[13.40223,52.51999],[13.40223,52.51999],[13.40223,52.51999],[13.40223,52.51999]]]]},"properties":{"type":"extensiv"}},{"type":"Feature","geometry":{"type":"MultiPolygon","coordinates":[[[[13.4022,52.51998],[13.4022,52.51998],[13.4022,52.51998],[13.4022,52.51998],[13.4022,52.51998]]]]},"properties":{"type":"intensiv"}},{"type":"Feature","geometry":{"type":"MultiPolygon","coordinates":[[[[13.40238,52.51997],[13.40238,52.51997],[13.40239,52.51997],[13.40239,52.51997],[13.40238,52.51997]]]]},"properties":{"type":"extensiv"}},{"type":"Feature","geometry":{"type":"MultiPolygon","coordinates":[[[[13.40238,52.51997],[13.40238,52.51996],[13.40237,52.51996],[13.40237,52.51997],[13.40238,52.51997]]]]},"properties":{"type":"extensiv"}},{"type":"Feature","geometry":{"type":"MultiPolygon","coordinates":[[[[13.4022,52.51996],[13.4022,52.51996],[13.4022,52.51996],[13.4022,52.51996],[13.4022,52.51996]]]]},"properties":{"type":"extensiv"}},{"type":"Feature","geometry":{"type":"MultiPolygon","coordinates":[[[[13.40218,52.51995],[13.40218,52.51996],[13.40219,52.51995],[13.40218,52.51995]]]]},"properties":{"type":"extensiv"}},{"type":"Feature","geometry":{"type":"MultiPolygon","coordinates":[[[[13.40221,52.51994],[13.40221,52.51994],[13.40221,52.51994],[13.40221,52.51994],[13.40221,52.51994]]]]},"properties":{"type":"extensiv"}},{"type":"Feature","geometry":{"type":"MultiPolygon","coordinates":[[[[13.4023,52.51994],[13.40229,52.51994],[13.40229,52.51994],[13.4023,52.51994],[13.4023,52.51994]]]]},"properties":{"type":"extensiv"}},{"type":"Feature","geometry":{"type":"MultiPolygon","coordinates":[[[[13.40223,52.51993],[13.40221,52.51993],[13.40221,52.51994],[13.40222,52.51994],[13.40223,52.51994],[13.40223,52.51993]]]]},"properties":{"type":"extensiv"}},{"type":"Feature","geometry":{"type":"MultiPolygon","coordinates":[[[[13.40224,52.51993],[13.40223,52.51993],[13.40223,52.51994],[13.40224,52.51994],[13.40224,52.51993]]]]},"properties":{"type":"extensiv"}},{"type":"Feature","geometry":{"type":"MultiPolygon","coordinates":[[[[13.4023,52.51994],[13.40231,52.51994],[13.40231,52.51994],[13.40232,52.51994],[13.40232,52.51994],[13.40232,52.51994],[13.40232,52.51994],[13.4023,52.51994],[13.4023,52.51994]]]]},"properties":{"type":"extensiv"}},{"type":"Feature","geometry":{"type":"MultiPolygon","coordinates":[[[[13.40232,52.51992],[13.40231,52.51992],[13.40231,52.51993],[13.40232,52.51993],[13.40232,52.51992]]]]},"properties":{"type":"extensiv"}},{"type":"Feature","geometry":{"type":"MultiPolygon","coordinates":[[[[13.40222,52.51992],[13.40222,52.51992],[13.40224,52.51992],[13.40224,52.51992],[13.40222,52.51992]]]]},"properties":{"type":"extensiv"}},{"type":"Feature","geometry":{"type":"MultiPolygon","coordinates":[[[[13.40198,52.5199],[13.40197,52.5199],[13.40197,52.51991],[13.40198,52.51991],[13.40198,52.5199]]]]},"properties":{"type":"intensiv"}},{"type":"Feature","geometry":{"type":"MultiPolygon","coordinates":[[[[13.40235,52.51991],[13.40235,52.51991],[13.40235,52.51992],[13.40235,52.51992],[13.40235,52.51991]]]]},"properties":{"type":"extensiv"}},{"type":"Feature","geometry":{"type":"MultiPolygon","coordinates":[[[[13.40224,52.51991],[13.40223,52.51991],[13.40222,52.51991],[13.40222,52.51991],[13.40224,52.51991],[13.40224,52.51991]]]]},"properties":{"type":"extensiv"}},{"type":"Feature","geometry":{"type":"MultiPolygon","coordinates":[[[[13.40235,52.5199],[13.40235,52.5199],[13.40235,52.51991],[13.40235,52.51991],[13.40235,52.5199]]]]},"properties":{"type":"intensiv"}},{"type":"Feature","geometry":{"type":"MultiPolygon","coordinates":[[[[13.40224,52.5199],[13.40224,52.5199],[13.40224,52.5199],[13.40224,52.51991],[13.40224,52.51991],[13.40224,52.5199]]]]},"properties":{"type":"extensiv"}},{"type":"Feature","geometry":{"type":"MultiPolygon","coordinates":[[[[13.40228,52.51989],[13.40228,52.5199],[13.40229,52.5199],[13.40229,52.51989],[13.40228,52.51989]]]]},"properties":{"type":"extensiv"}},{"type":"Feature","geometry":{"type":"MultiPolygon","coordinates":[[[[13.40228,52.51989],[13.40228,52.51989],[13.40226,52.51989],[13.40226,52.51989],[13.40227,52.51989],[13.40227,52.5199],[13.40227,52.5199],[13.40227,52.51989],[13.40228,52.51989]]]]},"properties":{"type":"extensiv"}},{"type":"Feature","geometry":{"type":"MultiPolygon","coordinates":[[[[13.40249,52.52009],[13.40246,52.52008],[13.40247,52.52007],[13.40257,52.5201],[13.40257,52.52009],[13.40255,52.52007],[13.40259,52.52003],[13.40245,52.51996],[13.40243,52.51996],[13.40243,52.51995],[13.40241,52.51995],[13.40238,52.51991],[13.40236,52.51992],[13.40236,52.51991],[13.40235,52.51992],[13.40233,52.5199],[13.40232,52.5199],[13.4023,52.51988],[13.40227,52.5199],[13.40226,52.51989],[13.40228,52.51989],[13.40225,52.51988],[13.40227,52.51992],[13.40223,52.51994],[13.40221,52.51994],[13.40224,52.51993],[13.40224,52.51991],[13.40218,52.51994],[13.40219,52.51996],[13.40217,52.51996],[13.4022,52.51997],[13.40219,52.51997],[13.40223,52.51999],[13.40219,52.51999],[13.4022,52.52001],[13.40233,52.52003],[13.40231,52.52006],[13.40234,52.52005],[13.40239,52.52006],[13.40239,52.52008],[13.40247,52.52011],[13.40249,52.52009]],[[13.40244,52.52009],[13.40244,52.52009],[13.40244,52.52009],[13.40244,52.52009],[13.40244,52.52009]],[[13.40243,52.52004],[13.4024,52.52004],[13.40241,52.52001],[13.40247,52.52001],[13.40247,52.52005],[13.40243,52.52004]],[[13.40238,52.51997],[13.40237,52.51997],[13.40237,52.51996],[13.40238,52.51996],[13.40238,52.51997],[13.40239,52.51997],[13.40239,52.51997],[13.40238,52.51997],[13.40238,52.51997]],[[13.4022,52.51996],[13.4022,52.51996],[13.4022,52.51996],[13.4022,52.51996],[13.4022,52.51996]],[[13.4023,52.51994],[13.4023,52.51994],[13.40229,52.51994],[13.40229,52.51994],[13.4023,52.51994],[13.4023,52.51994],[13.40232,52.51994],[13.40232,52.51994],[13.40232,52.51994],[13.40232,52.51994],[13.40231,52.51994],[13.40231,52.51994],[13.4023,52.51994]],[[13.40232,52.51992],[13.40232,52.51993],[13.40231,52.51993],[13.40231,52.51992],[13.40232,52.51992]]]]},"properties":{"type":"intensiv"}},{"type":"Feature","geometry":{"type":"MultiPolygon","coordinates":[[[[13.40217,52.51996],[13.40216,52.51996],[13.40216,52.51996],[13.40217,52.51996],[13.40217,52.51996]]]]},"properties":{"type":"intensiv"}},{"type":"Feature","geometry":{"type":"MultiPolygon","coordinates":[[[[13.40216,52.51987],[13.40215,52.51987],[13.40215,52.51987],[13.40216,52.51987],[13.40216,52.51987]]]]},"properties":{"type":"intensiv"}},{"type":"Feature","geometry":{"type":"MultiPolygon","coordinates":[[[[13.40262,52.52029],[13.40262,52.52028],[13.40268,52.52023],[13.40271,52.52018],[13.40276,52.52015],[13.40275,52.52013],[13.40269,52.52012],[13.4027,52.5201],[13.40264,52.52007],[13.40261,52.52007],[13.4026,52.5201],[13.40263,52.52012],[13.40262,52.52015],[13.40264,52.52017],[13.40264,52.52021],[13.40262,52.5202],[13.40261,52.52023],[13.40258,52.52024],[13.40251,52.52023],[13.40247,52.52021],[13.40247,52.52018],[13.40245,52.52016],[13.40246,52.52015],[13.40243,52.52015],[13.40244,52.52013],[13.40243,52.52012],[13.40233,52.52009],[13.4023,52.52009],[13.4023,52.52008],[13.40227,52.52008],[13.40227,52.52006],[13.40219,52.52003],[13.40216,52.52004],[13.40216,52.52005],[13.40211,52.52004],[13.40211,52.52005],[13.40203,52.52006],[13.40198,52.52005],[13.40195,52.52],[13.40194,52.52001],[13.40195,52.51998],[13.40197,52.51998],[13.40197,52.51995],[13.40201,52.51994],[13.40207,52.51995],[13.40204,52.51991],[13.40213,52.51994],[13.40221,52.51987],[13.40221,52.51985],[13.40214,52.51983],[13.40212,52.5198],[13.40208,52.51979],[13.40206,52.51981],[13.40203,52.51986],[13.402,52.51987],[13.40195,52.51994],[13.40188,52.52],[13.40188,52.52002],[13.40186,52.52002],[13.40186,52.52004],[13.40191,52.52006],[13.4023,52.52019],[13.40237,52.52023],[13.40246,52.52025],[13.40259,52.5203],[13.40262,52.52029]],[[13.40239,52.52018],[13.40239,52.52019],[13.40238,52.52019],[13.40238,52.52018],[13.40239,52.52018]],[[13.40226,52.52016],[13.40226,52.52017],[13.40226,52.52017],[13.40226,52.52016],[13.40226,52.52016]],[[13.40226,52.52016],[13.40226,52.52016],[13.40226,52.52016],[13.40226,52.52015],[13.40226,52.52016]],[[13.40234,52.52014],[13.40234,52.52014],[13.40233,52.52014],[13.40233,52.52014],[13.40234,52.52014]],[[13.4024,52.52013],[13.40238,52.52013],[13.40238,52.52013],[13.40238,52.52013],[13.40238,52.52012],[13.40238,52.52012],[13.40238,52.52013],[13.4024,52.52013],[13.4024,52.52013],[13.40241,52.52013],[13.40241,52.52013],[13.4024,52.52013],[13.4024,52.52013]],[[13.40214,52.52012],[13.40214,52.52012],[13.40213,52.52012],[13.40213,52.52012],[13.40214,52.52012]],[[13.40221,52.52012],[13.40221,52.52013],[13.40221,52.52013],[13.40221,52.52012],[13.40221,52.52012]],[[13.40218,52.52013],[13.40218,52.52013],[13.40216,52.52013],[13.40216,52.52013],[13.40218,52.52013]],[[13.40221,52.52011],[13.40221,52.52011],[13.4022,52.52011],[13.4022,52.52011],[13.40221,52.52011]],[[13.40215,52.52011],[13.40215,52.52011],[13.40214,52.52011],[13.40214,52.52011],[13.40215,52.52011]],[[13.40224,52.5201],[13.40224,52.52011],[13.40222,52.5201],[13.40222,52.52008],[13.40224,52.5201]],[[13.40226,52.52008],[13.40226,52.52008],[13.40225,52.52008],[13.40225,52.52008],[13.40226,52.52008]],[[13.40219,52.52009],[13.40219,52.52009],[13.40218,52.52009],[13.40218,52.52009],[13.40219,52.52009]],[[13.40218,52.5201],[13.40218,52.5201],[13.40218,52.5201],[13.40218,52.5201],[13.40218,52.5201]],[[13.40234,52.5201],[13.40234,52.52011],[13.40233,52.52011],[13.40233,52.5201],[13.40234,52.5201]],[[13.40228,52.5201],[13.40228,52.5201],[13.40227,52.5201],[13.40227,52.5201],[13.40228,52.5201]],[[13.40224,52.52007],[13.40224,52.52008],[13.40224,52.52008],[13.40224,52.52007],[13.40224,52.52007]],[[13.40222,52.52007],[13.40222,52.52008],[13.40221,52.52008],[13.40222,52.52007],[13.40222,52.52007]],[[13.40194,52.52002],[13.40194,52.52003],[13.40194,52.52003],[13.40194,52.52002],[13.40194,52.52002]],[[13.40193,52.52003],[13.40191,52.52003],[13.40192,52.52],[13.40193,52.52003]],[[13.40216,52.51987],[13.40216,52.51987],[13.40215,52.51987],[13.40215,52.51987],[13.40216,52.51987]],[[13.40221,52.52005],[13.40221,52.52006],[13.40219,52.52006],[13.40219,52.52005],[13.40221,52.52005]]]]},"properties":{"type":"extensiv"}},{"type":"Feature","geometry":{"type":"MultiPolygon","coordinates":[[[[13.40259,52.52023],[13.40258,52.52023],[13.40258,52.52024],[13.40259,52.52024],[13.40259,52.52023]]]]},"properties":{"type":"extensiv"}},{"type":"Feature","geometry":{"type":"MultiPolygon","coordinates":[[[[13.40244,52.5201],[13.40245,52.5201],[13.40245,52.5201],[13.40245,52.5201],[13.40244,52.5201]]]]},"properties":{"type":"extensiv"}},{"type":"Feature","geometry":{"type":"MultiPolygon","coordinates":[[[[13.40257,52.5201],[13.40255,52.5201],[13.40256,52.5201],[13.40257,52.5201]]]]},"properties":{"type":"extensiv"}},{"type":"Feature","geometry":{"type":"MultiPolygon","coordinates":[[[[13.40253,52.52009],[13.40255,52.5201],[13.40255,52.52009],[13.40253,52.52009]]]]},"properties":{"type":"extensiv"}},{"type":"Feature","geometry":{"type":"MultiPolygon","coordinates":[[[[13.40239,52.52008],[13.40243,52.52009],[13.40243,52.52009],[13.40241,52.52009],[13.40241,52.52008],[13.40239,52.52008]]]]},"properties":{"type":"extensiv"}},{"type":"Feature","geometry":{"type":"MultiPolygon","coordinates":[[[[13.40257,52.52009],[13.40257,52.52009],[13.40257,52.52009],[13.40257,52.52009]]]]},"properties":{"type":"extensiv"}},{"type":"Feature","geometry":{"type":"MultiPolygon","coordinates":[[[[13.40248,52.52009],[13.40248,52.52009],[13.40249,52.52009],[13.40248,52.52009]]]]},"properties":{"type":"extensiv"}},{"type":"Feature","geometry":{"type":"MultiPolygon","coordinates":[[[[13.40252,52.52009],[13.40252,52.52009],[13.40252,52.52009],[13.40252,52.52009]]]]},"properties":{"type":"extensiv"}},{"type":"Feature","geometry":{"type":"MultiPolygon","coordinates":[[[[13.40256,52.52009],[13.40256,52.52009],[13.40256,52.52009],[13.40256,52.52009]]]]},"properties":{"type":"extensiv"}},{"type":"Feature","geometry":{"type":"MultiPolygon","coordinates":[[[[13.40255,52.52008],[13.40255,52.52008],[13.40255,52.52008],[13.40255,52.52008]]]]},"properties":{"type":"extensiv"}},{"type":"Feature","geometry":{"type":"MultiPolygon","coordinates":[[[[13.40239,52.52007],[13.40239,52.52008],[13.40239,52.52008],[13.40239,52.52007]]]]},"properties":{"type":"extensiv"}},{"type":"Feature","geometry":{"type":"MultiPolygon","coordinates":[[[[13.40256,52.52007],[13.40255,52.52007],[13.40255,52.52008],[13.40256,52.52007]]]]},"properties":{"type":"extensiv"}},{"type":"Feature","geometry":{"type":"MultiPolygon","coordinates":[[[[13.40247,52.52007],[13.40247,52.52007],[13.40247,52.52008],[13.40247,52.52007]]]]},"properties":{"type":"extensiv"}},{"type":"Feature","geometry":{"type":"MultiPolygon","coordinates":[[[[13.40248,52.52007],[13.40248,52.52007],[13.40248,52.52007],[13.40248,52.52007]]]]},"properties":{"type":"extensiv"}},{"type":"Feature","geometry":{"type":"MultiPolygon","coordinates":[[[[13.40257,52.52006],[13.40256,52.52006],[13.40256,52.52007],[13.40257,52.52006]]]]},"properties":{"type":"extensiv"}},{"type":"Feature","geometry":{"type":"MultiPolygon","coordinates":[[[[13.40233,52.52006],[13.40233,52.52006],[13.40233,52.52006],[13.40233,52.52006]]]]},"properties":{"type":"extensiv"}},{"type":"Feature","geometry":{"type":"MultiPolygon","coordinates":[[[[13.40238,52.52006],[13.40238,52.52006],[13.40239,52.52006],[13.40238,52.52006]]]]},"properties":{"type":"extensiv"}},{"type":"Feature","geometry":{"type":"MultiPolygon","coordinates":[[[[13.40231,52.52006],[13.40231,52.52006],[13.40231,52.52006],[13.40231,52.52006]]]]},"properties":{"type":"extensiv"}},{"type":"Feature","geometry":{"type":"MultiPolygon","coordinates":[[[[13.40258,52.52006],[13.40257,52.52006],[13.40257,52.52006],[13.40258,52.52006]]]]},"properties":{"type":"extensiv"}},{"type":"Feature","geometry":{"type":"MultiPolygon","coordinates":[[[[13.40234,52.52006],[13.40233,52.52006],[13.40233,52.52006],[13.40234,52.52006]]]]},"properties":{"type":"extensiv"}},{"type":"Feature","geometry":{"type":"MultiPolygon","coordinates":[[[[13.40235,52.52005],[13.40236,52.52005],[13.40236,52.52005],[13.40235,52.52005]]]]},"properties":{"type":"extensiv"}},{"type":"Feature","geometry":{"type":"MultiPolygon","coordinates":[[[[13.40216,52.52005],[13.40216,52.52004],[13.40214,52.52004],[13.40214,52.52005],[13.40214,52.52005],[13.40214,52.52005],[13.40215,52.52005],[13.40215,52.52005],[13.40216,52.52005]]]]},"properties":{"type":"extensiv"}},{"type":"Feature","geometry":{"type":"MultiPolygon","coordinates":[[[[13.40258,52.52005],[13.40258,52.52005],[13.40258,52.52005],[13.40258,52.52005]]]]},"properties":{"type":"extensiv"}},{"type":"Feature","geometry":{"type":"MultiPolygon","coordinates":[[[[13.40259,52.52003],[13.40258,52.52005],[13.40259,52.52004],[13.40259,52.52003]]]]},"properties":{"type":"extensiv"}},{"type":"Feature","geometry":{"type":"MultiPolygon","coordinates":[[[[13.40216,52.52003],[13.40215,52.52003],[13.40215,52.52004],[13.40216,52.52004],[13.40216,52.52003]]]]},"properties":{"type":"extensiv"}},{"type":"Feature","geometry":{"type":"MultiPolygon","coordinates":[[[[13.40258,52.52003],[13.40258,52.52003],[13.40258,52.52003],[13.40258,52.52003]]]]},"properties":{"type":"extensiv"}},{"type":"Feature","geometry":{"type":"MultiPolygon","coordinates":[[[[13.40253,52.52],[13.40253,52.52],[13.40253,52.52001],[13.40253,52.52001],[13.40253,52.52001],[13.40254,52.52001],[13.40254,52.52001],[13.40255,52.52001],[13.40255,52.52002],[13.40256,52.52002],[13.40256,52.52002],[13.40256,52.52002],[13.40256,52.52003],[13.40258,52.52003],[13.40253,52.52]]]]},"properties":{"type":"extensiv"}},{"type":"Feature","geometry":{"type":"MultiPolygon","coordinates":[[[[13.40225,52.52002],[13.40225,52.52002],[13.40225,52.52002],[13.40225,52.52002],[13.40225,52.52002]]]]},"properties":{"type":"extensiv"}},{"type":"Feature","geometry":{"type":"MultiPolygon","coordinates":[[[[13.40223,52.51999],[13.4022,52.51998],[13.4022,52.51997],[13.40219,52.51997],[13.4022,52.51997],[13.40216,52.51996],[13.40217,52.52001],[13.4022,52.52001],[13.40219,52.51999],[13.40223,52.51999]]]]},"properties":{"type":"extensiv"}},{"type":"Feature","geometry":{"type":"MultiPolygon","coordinates":[[[[13.40249,52.51998],[13.40249,52.51998],[13.4025,52.51998],[13.40249,52.51998]]]]},"properties":{"type":"extensiv"}},{"type":"Feature","geometry":{"type":"MultiPolygon","coordinates":[[[[13.40245,52.51996],[13.40245,52.51996],[13.40246,52.51996],[13.40245,52.51996],[13.40246,52.51996],[13.40246,52.51997],[13.40248,52.51997],[13.40248,52.51998],[13.40249,52.51998],[13.40245,52.51996]]]]},"properties":{"type":"extensiv"}},{"type":"Feature","geometry":{"type":"MultiPolygon","coordinates":[[[[13.40218,52.51996],[13.40217,52.51996],[13.40217,52.51996],[13.40217,52.51996],[13.40218,52.51996]]]]},"properties":{"type":"extensiv"}},{"type":"Feature","geometry":{"type":"MultiPolygon","coordinates":[[[[13.40245,52.51996],[13.40243,52.51995],[13.40243,52.51996],[13.40245,52.51996]]]]},"properties":{"type":"extensiv"}},{"type":"Feature","geometry":{"type":"MultiPolygon","coordinates":[[[[13.40243,52.51995],[13.40238,52.51992],[13.40241,52.51994],[13.40241,52.51995],[13.40243,52.51995]]]]},"properties":{"type":"extensiv"}},{"type":"Feature","geometry":{"type":"MultiPolygon","coordinates":[[[[13.40221,52.51992],[13.40221,52.51992],[13.40221,52.51993],[13.40221,52.51992],[13.40221,52.51992]]]]},"properties":{"type":"extensiv"}},{"type":"Feature","geometry":{"type":"MultiPolygon","coordinates":[[[[13.40237,52.51991],[13.40237,52.51991],[13.40236,52.51991],[13.40236,52.51992],[13.40237,52.51992],[13.40237,52.51991]]]]},"properties":{"type":"extensiv"}},{"type":"Feature","geometry":{"type":"MultiPolygon","coordinates":[[[[13.40235,52.5199],[13.40235,52.51991],[13.40236,52.51991],[13.40236,52.5199],[13.40235,52.5199]]]]},"properties":{"type":"extensiv"}},{"type":"Feature","geometry":{"type":"MultiPolygon","coordinates":[[[[13.40235,52.5199],[13.40235,52.5199],[13.40235,52.5199],[13.40235,52.5199],[13.40233,52.5199],[13.40233,52.51989],[13.40232,52.51989],[13.40232,52.5199],[13.40232,52.51989],[13.40232,52.5199],[13.40232,52.5199],[13.40232,52.5199],[13.40232,52.5199],[13.40233,52.5199],[13.40233,52.51991],[13.40235,52.51991],[13.40235,52.5199],[13.40235,52.5199]]]]},"properties":{"type":"extensiv"}},{"type":"Feature","geometry":{"type":"MultiPolygon","coordinates":[[[[13.4023,52.51989],[13.4023,52.51989],[13.40231,52.51989],[13.40231,52.51989],[13.4023,52.51989]]]]},"properties":{"type":"extensiv"}},{"type":"Feature","geometry":{"type":"MultiPolygon","coordinates":[[[[13.4023,52.51988],[13.40227,52.51987],[13.40226,52.51989],[13.4023,52.51988]]]]},"properties":{"type":"extensiv"}},{"type":"Feature","geometry":{"type":"MultiPolygon","coordinates":[[[[13.40996,52.51939],[13.40995,52.51939],[13.40995,52.51939],[13.40996,52.51939],[13.40996,52.51939]]]]},"properties":{"type":"intensiv"}},{"type":"Feature","geometry":{"type":"MultiPolygon","coordinates":[[[[13.4102,52.51932],[13.4102,52.51932],[13.41021,52.51932],[13.41021,52.51932],[13.4102,52.51932]]]]},"properties":{"type":"intensiv"}},{"type":"Feature","geometry":{"type":"MultiPolygon","coordinates":[[[[13.41026,52.5193],[13.41022,52.51929],[13.41019,52.5193],[13.41019,52.51931],[13.41022,52.51932],[13.41026,52.5193]]]]},"properties":{"type":"intensiv"}},{"type":"Feature","geometry":{"type":"MultiPolygon","coordinates":[[[[13.41024,52.51921],[13.41024,52.51921],[13.41023,52.51921],[13.41024,52.51922],[13.41024,52.51921]]]]},"properties":{"type":"extensiv"}},{"type":"Feature","geometry":{"type":"MultiPolygon","coordinates":[[[[13.41037,52.51928],[13.41034,52.51927],[13.41033,52.51927],[13.41031,52.51926],[13.41034,52.51925],[13.41032,52.51924],[13.41035,52.51924],[13.41034,52.51925],[13.41036,52.51926],[13.41034,52.51926],[13.41037,52.51926],[13.4104,52.51924],[13.41045,52.51925],[13.41044,52.51924],[13.41045,52.51923],[13.41032,52.51922],[13.41034,52.51924],[13.4103,52.51925],[13.41029,52.51924],[13.41031,52.51924],[13.41028,52.51924],[13.41029,52.51921],[13.41027,52.51922],[13.41028,52.51921],[13.41025,52.51921],[13.41021,52.51923],[13.41026,52.51924],[13.41027,52.51928],[13.41028,52.51928],[13.41027,52.51927],[13.41029,52.51928],[13.41028,52.51926],[13.41034,52.51928],[13.41034,52.51929],[13.41035,52.51928],[13.41037,52.5193],[13.41037,52.51928]],[[13.41028,52.51925],[13.41028,52.51926],[13.41027,52.51926],[13.41027,52.51925],[13.41028,52.51925]],[[13.41024,52.51923],[13.41024,52.51923],[13.41023,52.51923],[13.41023,52.51923],[13.41024,52.51923]],[[13.41026,52.51922],[13.41026,52.51922],[13.41025,52.51922],[13.41025,52.51922],[13.41026,52.51922]],[[13.41037,52.51924],[13.41037,52.51924],[13.41036,52.51924],[13.41036,52.51924],[13.41037,52.51924]],[[13.41039,52.51924],[13.41039,52.51924],[13.41038,52.51924],[13.41038,52.51924],[13.41039,52.51924]]]]},"properties":{"type":"intensiv"}},{"type":"Feature","geometry":{"type":"MultiPolygon","coordinates":[[[[13.41019,52.51922],[13.41017,52.51924],[13.4102,52.51924],[13.41019,52.51922]]]]},"properties":{"type":"intensiv"}},{"type":"Feature","geometry":{"type":"MultiPolygon","coordinates":[[[[13.41024,52.51921],[13.41024,52.51921],[13.41024,52.51921],[13.41024,52.51921],[13.41024,52.51921]]]]},"properties":{"type":"intensiv"}},{"type":"Feature","geometry":{"type":"MultiPolygon","coordinates":[[[[13.40991,52.51916],[13.40991,52.51916],[13.40991,52.51917],[13.40991,52.51917],[13.40991,52.51916]]]]},"properties":{"type":"intensiv"}},{"type":"Feature","geometry":{"type":"MultiPolygon","coordinates":[[[[13.40988,52.51915],[13.40988,52.51914],[13.40987,52.51914],[13.40987,52.51915],[13.40988,52.51915]]]]},"properties":{"type":"intensiv"}},{"type":"Feature","geometry":{"type":"MultiPolygon","coordinates":[[[[13.40988,52.51915],[13.40991,52.51916],[13.4099,52.51914],[13.40988,52.51915]]]]},"properties":{"type":"intensiv"}},{"type":"Feature","geometry":{"type":"MultiPolygon","coordinates":[[[[13.41,52.51914],[13.41,52.51914],[13.40999,52.51914],[13.40999,52.51914],[13.41,52.51914]]]]},"properties":{"type":"intensiv"}},{"type":"Feature","geometry":{"type":"MultiPolygon","coordinates":[[[[13.41,52.51914],[13.41002,52.51915],[13.41002,52.51914],[13.41,52.51914]]]]},"properties":{"type":"intensiv"}},{"type":"Feature","geometry":{"type":"MultiPolygon","coordinates":[[[[13.40999,52.51913],[13.40999,52.51913],[13.40999,52.51913],[13.40999,52.51913],[13.40999,52.51913]]]]},"properties":{"type":"intensiv"}},{"type":"Feature","geometry":{"type":"MultiPolygon","coordinates":[[[[13.41003,52.51913],[13.41002,52.51913],[13.41002,52.51913],[13.41003,52.51913],[13.41003,52.51913]]]]},"properties":{"type":"intensiv"}},{"type":"Feature","geometry":{"type":"MultiPolygon","coordinates":[[[[13.41001,52.51912],[13.41,52.51912],[13.41,52.51913],[13.41001,52.51913],[13.41001,52.51912]]]]},"properties":{"type":"intensiv"}},{"type":"Feature","geometry":{"type":"MultiPolygon","coordinates":[[[[13.41004,52.51912],[13.41003,52.51912],[13.41003,52.51912],[13.41004,52.51912],[13.41004,52.51912]]]]},"properties":{"type":"intensiv"}},{"type":"Feature","geometry":{"type":"MultiPolygon","coordinates":[[[[13.41014,52.51912],[13.41014,52.51912],[13.41014,52.51912],[13.41014,52.51912],[13.41014,52.51912]]]]},"properties":{"type":"intensiv"}},{"type":"Feature","geometry":{"type":"MultiPolygon","coordinates":[[[[13.40988,52.51912],[13.40985,52.51911],[13.40985,52.51913],[13.40988,52.51912]]]]},"properties":{"type":"extensiv"}},{"type":"Feature","geometry":{"type":"MultiPolygon","coordinates":[[[[13.40991,52.51911],[13.40991,52.51912],[13.40992,52.51912],[13.40992,52.51911],[13.40991,52.51911]]]]},"properties":{"type":"intensiv"}},{"type":"Feature","geometry":{"type":"MultiPolygon","coordinates":[[[[13.40994,52.51911],[13.40993,52.51911],[13.40993,52.51912],[13.40994,52.51912],[13.40994,52.51911]]]]},"properties":{"type":"intensiv"}},{"type":"Feature","geometry":{"type":"MultiPolygon","coordinates":[[[[13.41002,52.51911],[13.41002,52.51912],[13.41003,52.51912],[13.41003,52.51911],[13.41002,52.51911]]]]},"properties":{"type":"intensiv"}},{"type":"Feature","geometry":{"type":"MultiPolygon","coordinates":[[[[13.40991,52.51911],[13.4099,52.51911],[13.4099,52.51911],[13.40989,52.51911],[13.40989,52.51911],[13.40986,52.51911],[13.40986,52.51912],[13.40988,52.51912],[13.40988,52.51912],[13.4099,52.51912],[13.4099,52.51912],[13.40991,52.51912],[13.40991,52.51911]]]]},"properties":{"type":"intensiv"}},{"type":"Feature","geometry":{"type":"MultiPolygon","coordinates":[[[[13.40991,52.51911],[13.40991,52.51911],[13.40991,52.51911],[13.40991,52.51911],[13.40991,52.51911]]]]},"properties":{"type":"intensiv"}},{"type":"Feature","geometry":{"type":"MultiPolygon","coordinates":[[[[13.41002,52.51911],[13.41001,52.51911],[13.41001,52.51911],[13.41002,52.51911],[13.41002,52.51911]]]]},"properties":{"type":"intensiv"}},{"type":"Feature","geometry":{"type":"MultiPolygon","coordinates":[[[[13.40994,52.5191],[13.40994,52.51911],[13.40996,52.51911],[13.40996,52.5191],[13.40994,52.5191]]]]},"properties":{"type":"intensiv"}},{"type":"Feature","geometry":{"type":"MultiPolygon","coordinates":[[[[13.41002,52.51911],[13.41003,52.51911],[13.41003,52.5191],[13.41002,52.5191],[13.41002,52.51911]]]]},"properties":{"type":"intensiv"}},{"type":"Feature","geometry":{"type":"MultiPolygon","coordinates":[[[[13.40991,52.5191],[13.4099,52.5191],[13.4099,52.5191],[13.40991,52.5191],[13.40991,52.5191]]]]},"properties":{"type":"intensiv"}},{"type":"Feature","geometry":{"type":"MultiPolygon","coordinates":[[[[13.40994,52.5191],[13.40994,52.5191],[13.40994,52.5191],[13.40994,52.5191],[13.40994,52.5191]]]]},"properties":{"type":"intensiv"}},{"type":"Feature","geometry":{"type":"MultiPolygon","coordinates":[[[[13.40997,52.5191],[13.40997,52.5191],[13.40997,52.5191],[13.40997,52.5191],[13.40997,52.5191]]]]},"properties":{"type":"intensiv"}},{"type":"Feature","geometry":{"type":"MultiPolygon","coordinates":[[[[13.41005,52.51911],[13.41005,52.5191],[13.41003,52.5191],[13.41005,52.51911]]]]},"properties":{"type":"intensiv"}},{"type":"Feature","geometry":{"type":"MultiPolygon","coordinates":[[[[13.40986,52.51909],[13.40985,52.51909],[13.40985,52.51909],[13.40986,52.51909],[13.40986,52.51909]]]]},"properties":{"type":"extensiv"}},{"type":"Feature","geometry":{"type":"MultiPolygon","coordinates":[[[[13.40997,52.51909],[13.40996,52.51909],[13.40996,52.51909],[13.40997,52.51909],[13.40997,52.51909]]]]},"properties":{"type":"intensiv"}},{"type":"Feature","geometry":{"type":"MultiPolygon","coordinates":[[[[13.40997,52.51909],[13.40997,52.51909],[13.40998,52.51909],[13.40998,52.51909],[13.40997,52.51909]]]]},"properties":{"type":"extensiv"}},{"type":"Feature","geometry":{"type":"MultiPolygon","coordinates":[[[[13.41,52.51909],[13.41,52.51909],[13.40999,52.51909],[13.40999,52.51909],[13.41,52.51909]]]]},"properties":{"type":"extensiv"}},{"type":"Feature","geometry":{"type":"MultiPolygon","coordinates":[[[[13.40996,52.51909],[13.40996,52.51909],[13.40997,52.51909],[13.40997,52.51909],[13.40996,52.51909]]]]},"properties":{"type":"extensiv"}},{"type":"Feature","geometry":{"type":"MultiPolygon","coordinates":[[[[13.41,52.51909],[13.41003,52.51908],[13.40996,52.51908],[13.40998,52.5191],[13.41,52.51909]]]]},"properties":{"type":"intensiv"}},{"type":"Feature","geometry":{"type":"MultiPolygon","coordinates":[[[[13.40996,52.51909],[13.40995,52.51909],[13.40995,52.51909],[13.40996,52.51909],[13.40996,52.51909]]]]},"properties":{"type":"intensiv"}},{"type":"Feature","geometry":{"type":"MultiPolygon","coordinates":[[[[13.41009,52.51908],[13.41009,52.51908],[13.41008,52.51908],[13.41009,52.51908],[13.41009,52.51908]]]]},"properties":{"type":"intensiv"}},{"type":"Feature","geometry":{"type":"MultiPolygon","coordinates":[[[[13.40997,52.51907],[13.40997,52.51908],[13.40999,52.51908],[13.40999,52.51907],[13.40997,52.51907]]]]},"properties":{"type":"intensiv"}},{"type":"Feature","geometry":{"type":"MultiPolygon","coordinates":[[[[13.41001,52.51908],[13.41001,52.51907],[13.41,52.51907],[13.41,52.51907],[13.41,52.51907],[13.41,52.51908],[13.41001,52.51908]]]]},"properties":{"type":"intensiv"}},{"type":"Feature","geometry":{"type":"MultiPolygon","coordinates":[[[[13.41003,52.51906],[13.41003,52.51908],[13.41004,52.51907],[13.41003,52.51906]]]]},"properties":{"type":"intensiv"}},{"type":"Feature","geometry":{"type":"MultiPolygon","coordinates":[[[[13.40988,52.51912],[13.40985,52.51913],[13.40985,52.51911],[13.40988,52.51909],[13.40991,52.5191],[13.40992,52.51908],[13.40989,52.51909],[13.4099,52.51908],[13.40986,52.51907],[13.40986,52.51908],[13.40981,52.5191],[13.40981,52.51912],[13.40985,52.51914],[13.40989,52.51913],[13.40988,52.51912]],[[13.40986,52.51909],[13.40986,52.51909],[13.40985,52.51909],[13.40985,52.51909],[13.40986,52.51909]]]]},"properties":{"type":"intensiv"}},{"type":"Feature","geometry":{"type":"MultiPolygon","coordinates":[[[[13.41,52.51906],[13.41,52.51906],[13.41001,52.51906],[13.41001,52.51906],[13.41,52.51906]]]]},"properties":{"type":"intensiv"}},{"type":"Feature","geometry":{"type":"MultiPolygon","coordinates":[[[[13.41003,52.51906],[13.41004,52.51906],[13.41004,52.51906],[13.41003,52.51906],[13.41003,52.51906]]]]},"properties":{"type":"intensiv"}},{"type":"Feature","geometry":{"type":"MultiPolygon","coordinates":[[[[13.41004,52.51905],[13.41004,52.51905],[13.41005,52.51905],[13.41005,52.51905],[13.41004,52.51905]]]]},"properties":{"type":"intensiv"}},{"type":"Feature","geometry":{"type":"MultiPolygon","coordinates":[[[[13.41007,52.51904],[13.41006,52.51904],[13.41006,52.51905],[13.41007,52.51905],[13.41007,52.51904]]]]},"properties":{"type":"intensiv"}},{"type":"Feature","geometry":{"type":"MultiPolygon","coordinates":[[[[13.41006,52.51904],[13.41005,52.51904],[13.41005,52.51904],[13.41006,52.51904],[13.41006,52.51904]]]]},"properties":{"type":"intensiv"}},{"type":"Feature","geometry":{"type":"MultiPolygon","coordinates":[[[[13.41006,52.51904],[13.41006,52.51904],[13.41006,52.51903],[13.41006,52.51903],[13.41006,52.51904]]]]},"properties":{"type":"intensiv"}},{"type":"Feature","geometry":{"type":"MultiPolygon","coordinates":[[[[13.40999,52.51906],[13.40998,52.51906],[13.40998,52.51906],[13.40997,52.51907],[13.40999,52.51907],[13.40999,52.51906]]]]},"properties":{"type":"intensiv"}},{"type":"Feature","geometry":{"type":"MultiPolygon","coordinates":[[[[13.41004,52.51905],[13.41002,52.51904],[13.40999,52.51906],[13.41004,52.51905]]]]},"properties":{"type":"intensiv"}},{"type":"Feature","geometry":{"type":"MultiPolygon","coordinates":[[[[13.40962,52.51902],[13.4096,52.51902],[13.4096,52.51902],[13.40962,52.51902],[13.40962,52.51902]]]]},"properties":{"type":"intensiv"}},{"type":"Feature","geometry":{"type":"MultiPolygon","coordinates":[[[[13.41009,52.51902],[13.41009,52.51902],[13.41009,52.51903],[13.41009,52.51903],[13.41009,52.51902]]]]},"properties":{"type":"intensiv"}},{"type":"Feature","geometry":{"type":"MultiPolygon","coordinates":[[[[13.41012,52.51902],[13.41012,52.51902],[13.41012,52.51903],[13.41012,52.51903],[13.41012,52.51902]]]]},"properties":{"type":"intensiv"}},{"type":"Feature","geometry":{"type":"MultiPolygon","coordinates":[[[[13.41015,52.51902],[13.41015,52.51902],[13.41015,52.51903],[13.41014,52.51903],[13.41014,52.51904],[13.41015,52.51904],[13.41015,52.51903],[13.41015,52.51903],[13.41015,52.51902]]]]},"properties":{"type":"intensiv"}},{"type":"Feature","geometry":{"type":"MultiPolygon","coordinates":[[[[13.41009,52.51902],[13.4101,52.51902],[13.4101,52.51902],[13.41009,52.51902],[13.41009,52.51902]]]]},"properties":{"type":"intensiv"}},{"type":"Feature","geometry":{"type":"MultiPolygon","coordinates":[[[[13.41016,52.51902],[13.41015,52.51902],[13.41015,52.51902],[13.41016,52.51903],[13.41016,52.51902]]]]},"properties":{"type":"intensiv"}},{"type":"Feature","geometry":{"type":"MultiPolygon","coordinates":[[[[13.41017,52.51902],[13.41016,52.51902],[13.41016,52.51902],[13.41017,52.51902],[13.41017,52.51902]]]]},"properties":{"type":"intensiv"}},{"type":"Feature","geometry":{"type":"MultiPolygon","coordinates":[[[[13.41009,52.51901],[13.41008,52.51901],[13.41008,52.51902],[13.41009,52.51902],[13.41009,52.51901]]]]},"properties":{"type":"intensiv"}},{"type":"Feature","geometry":{"type":"MultiPolygon","coordinates":[[[[13.41007,52.51901],[13.41007,52.51901],[13.41007,52.51901],[13.41007,52.51901],[13.41007,52.51901]]]]},"properties":{"type":"intensiv"}},{"type":"Feature","geometry":{"type":"MultiPolygon","coordinates":[[[[13.41015,52.51901],[13.41014,52.51901],[13.41014,52.51901],[13.41015,52.51901],[13.41015,52.51901]]]]},"properties":{"type":"intensiv"}},{"type":"Feature","geometry":{"type":"MultiPolygon","coordinates":[[[[13.41007,52.519],[13.41006,52.519],[13.41006,52.51901],[13.41007,52.51901],[13.41007,52.519]]]]},"properties":{"type":"intensiv"}},{"type":"Feature","geometry":{"type":"MultiPolygon","coordinates":[[[[13.41009,52.51901],[13.41009,52.51901],[13.4101,52.51901],[13.4101,52.51901],[13.4101,52.519],[13.41009,52.519],[13.41009,52.51901]]]]},"properties":{"type":"intensiv"}},{"type":"Feature","geometry":{"type":"MultiPolygon","coordinates":[[[[13.41012,52.519],[13.41011,52.519],[13.41011,52.51901],[13.41012,52.51901],[13.41012,52.519]]]]},"properties":{"type":"intensiv"}},{"type":"Feature","geometry":{"type":"MultiPolygon","coordinates":[[[[13.41012,52.519],[13.41012,52.519],[13.41012,52.519],[13.41012,52.519],[13.41012,52.519]]]]},"properties":{"type":"intensiv"}},{"type":"Feature","geometry":{"type":"MultiPolygon","coordinates":[[[[13.41008,52.51899],[13.41007,52.51899],[13.41007,52.519],[13.41008,52.519],[13.41008,52.51899]]]]},"properties":{"type":"intensiv"}},{"type":"Feature","geometry":{"type":"MultiPolygon","coordinates":[[[[13.41012,52.51899],[13.41011,52.51899],[13.41011,52.51899],[13.41012,52.51899],[13.41012,52.51899]]]]},"properties":{"type":"intensiv"}},{"type":"Feature","geometry":{"type":"MultiPolygon","coordinates":[[[[13.4101,52.51897],[13.4101,52.51897],[13.4101,52.51897],[13.4101,52.51897],[13.4101,52.51897]]]]},"properties":{"type":"extensiv"}},{"type":"Feature","geometry":{"type":"MultiPolygon","coordinates":[[[[13.41019,52.51897],[13.41019,52.51897],[13.4102,52.51897],[13.4102,52.51897],[13.41019,52.51897]]]]},"properties":{"type":"intensiv"}},{"type":"Feature","geometry":{"type":"MultiPolygon","coordinates":[[[[13.41013,52.51896],[13.41013,52.51896],[13.41013,52.51897],[13.41013,52.51897],[13.41013,52.51896]]]]},"properties":{"type":"extensiv"}},{"type":"Feature","geometry":{"type":"MultiPolygon","coordinates":[[[[13.41016,52.51896],[13.41015,52.51896],[13.41015,52.51897],[13.41016,52.51897],[13.41016,52.51896]]]]},"properties":{"type":"extensiv"}},{"type":"Feature","geometry":{"type":"MultiPolygon","coordinates":[[[[13.41015,52.51896],[13.41013,52.51896],[13.41013,52.51896],[13.41015,52.51896],[13.41015,52.51896]]]]},"properties":{"type":"extensiv"}},{"type":"Feature","geometry":{"type":"MultiPolygon","coordinates":[[[[13.41016,52.51896],[13.41015,52.51896],[13.41015,52.51896],[13.41016,52.51896],[13.41016,52.51896]]]]},"properties":{"type":"intensiv"}},{"type":"Feature","geometry":{"type":"MultiPolygon","coordinates":[[[[13.41016,52.51896],[13.41016,52.51896],[13.41016,52.51896],[13.41016,52.51896],[13.41016,52.51896]]]]},"properties":{"type":"extensiv"}},{"type":"Feature","geometry":{"type":"MultiPolygon","coordinates":[[[[13.41013,52.51895],[13.41013,52.51896],[13.41013,52.51896],[13.41013,52.51895],[13.41013,52.51895]]]]},"properties":{"type":"extensiv"}},{"type":"Feature","geometry":{"type":"MultiPolygon","coordinates":[[[[13.41015,52.51896],[13.41016,52.51896],[13.41016,52.51895],[13.41015,52.51895],[13.41015,52.51896]]]]},"properties":{"type":"extensiv"}},{"type":"Feature","geometry":{"type":"MultiPolygon","coordinates":[[[[13.41024,52.51895],[13.41023,52.51895],[13.41023,52.51896],[13.41024,52.51896],[13.41024,52.51895]]]]},"properties":{"type":"intensiv"}},{"type":"Feature","geometry":{"type":"MultiPolygon","coordinates":[[[[13.41025,52.51895],[13.41024,52.51895],[13.41024,52.51896],[13.41025,52.51896],[13.41025,52.51895]]]]},"properties":{"type":"intensiv"}},{"type":"Feature","geometry":{"type":"MultiPolygon","coordinates":[[[[13.41024,52.51895],[13.41024,52.51895],[13.41024,52.51895],[13.41024,52.51895],[13.41024,52.51895]]]]},"properties":{"type":"intensiv"}},{"type":"Feature","geometry":{"type":"MultiPolygon","coordinates":[[[[13.41014,52.51894],[13.41014,52.51895],[13.41016,52.51895],[13.41016,52.51894],[13.41014,52.51894]]]]},"properties":{"type":"extensiv"}},{"type":"Feature","geometry":{"type":"MultiPolygon","coordinates":[[[[13.41024,52.51895],[13.41024,52.51895],[13.41024,52.51895],[13.41024,52.51895],[13.41024,52.51895]]]]},"properties":{"type":"extensiv"}},{"type":"Feature","geometry":{"type":"MultiPolygon","coordinates":[[[[13.41025,52.51895],[13.41024,52.51895],[13.41024,52.51895],[13.41025,52.51895],[13.41025,52.51895]]]]},"properties":{"type":"intensiv"}},{"type":"Feature","geometry":{"type":"MultiPolygon","coordinates":[[[[13.41017,52.51894],[13.41016,52.51894],[13.41016,52.51894],[13.41017,52.51894],[13.41017,52.51894]]]]},"properties":{"type":"extensiv"}},{"type":"Feature","geometry":{"type":"MultiPolygon","coordinates":[[[[13.41024,52.51895],[13.41024,52.51894],[13.41023,52.51895],[13.41024,52.51895]]]]},"properties":{"type":"intensiv"}},{"type":"Feature","geometry":{"type":"MultiPolygon","coordinates":[[[[13.41019,52.51893],[13.41019,52.51893],[13.41019,52.51894],[13.41019,52.51894],[13.41019,52.51893]]]]},"properties":{"type":"extensiv"}},{"type":"Feature","geometry":{"type":"MultiPolygon","coordinates":[[[[13.41022,52.51894],[13.41023,52.51894],[13.41023,52.51893],[13.41022,52.51893],[13.41022,52.51894]]]]},"properties":{"type":"intensiv"}},{"type":"Feature","geometry":{"type":"MultiPolygon","coordinates":[[[[13.41019,52.51893],[13.41017,52.51893],[13.41017,52.51893],[13.41019,52.51893],[13.41019,52.51893]]]]},"properties":{"type":"extensiv"}},{"type":"Feature","geometry":{"type":"MultiPolygon","coordinates":[[[[13.41019,52.51893],[13.41019,52.51893],[13.41019,52.51893],[13.41019,52.51893],[13.41019,52.51893]]]]},"properties":{"type":"intensiv"}},{"type":"Feature","geometry":{"type":"MultiPolygon","coordinates":[[[[13.41021,52.51893],[13.41022,52.51893],[13.41022,52.51892],[13.41021,52.51892],[13.41021,52.51893]]]]},"properties":{"type":"intensiv"}},{"type":"Feature","geometry":{"type":"MultiPolygon","coordinates":[[[[13.40939,52.51891],[13.40938,52.51892],[13.4094,52.51892],[13.40939,52.51891]]]]},"properties":{"type":"intensiv"}},{"type":"Feature","geometry":{"type":"MultiPolygon","coordinates":[[[[13.40938,52.5189],[13.40937,52.5189],[13.40937,52.51891],[13.40938,52.51891],[13.40938,52.5189]]]]},"properties":{"type":"intensiv"}},{"type":"Feature","geometry":{"type":"MultiPolygon","coordinates":[[[[13.41015,52.51897],[13.41011,52.51896],[13.4101,52.51898],[13.41012,52.51898],[13.41013,52.519],[13.41015,52.51899],[13.41013,52.51897],[13.41015,52.51897]]]]},"properties":{"type":"intensiv"}},{"type":"Feature","geometry":{"type":"MultiPolygon","coordinates":[[[[13.41019,52.51897],[13.41019,52.51895],[13.41022,52.51894],[13.41016,52.51893],[13.41014,52.51894],[13.41016,52.51895],[13.41013,52.51894],[13.41013,52.51896],[13.41016,52.51896],[13.41015,52.51897],[13.41016,52.51898],[13.41017,52.51896],[13.41019,52.51897]],[[13.41017,52.51894],[13.41017,52.51894],[13.41016,52.51894],[13.41016,52.51894],[13.41017,52.51894]]]]},"properties":{"type":"intensiv"}},{"type":"Feature","geometry":{"type":"MultiPolygon","coordinates":[[[[13.41013,52.51896],[13.41013,52.51896],[13.41013,52.51896],[13.41013,52.51896],[13.41013,52.51896]]]]},"properties":{"type":"intensiv"}},{"type":"Feature","geometry":{"type":"MultiPolygon","coordinates":[[[[13.41017,52.51892],[13.41017,52.51893],[13.41019,52.51893],[13.41019,52.51892],[13.41017,52.51892]]]]},"properties":{"type":"intensiv"}},{"type":"Feature","geometry":{"type":"MultiPolygon","coordinates":[[[[13.41017,52.51892],[13.41016,52.51892],[13.41016,52.51892],[13.41017,52.51892],[13.41017,52.51892]]]]},"properties":{"type":"intensiv"}},{"type":"Feature","geometry":{"type":"MultiPolygon","coordinates":[[[[13.41023,52.5189],[13.41022,52.5189],[13.41022,52.5189],[13.41023,52.5189],[13.41023,52.5189]]]]},"properties":{"type":"intensiv"}},{"type":"Feature","geometry":{"type":"MultiPolygon","coordinates":[[[[13.41021,52.51889],[13.41021,52.5189],[13.41022,52.5189],[13.41022,52.51889],[13.41021,52.51889]]]]},"properties":{"type":"intensiv"}},{"type":"Feature","geometry":{"type":"MultiPolygon","coordinates":[[[[13.40931,52.51887],[13.4093,52.51887],[13.4093,52.51888],[13.40931,52.51888],[13.40931,52.51887]]]]},"properties":{"type":"intensiv"}},{"type":"Feature","geometry":{"type":"MultiPolygon","coordinates":[[[[13.40933,52.51887],[13.40932,52.51888],[13.40933,52.51889],[13.40933,52.51887]]]]},"properties":{"type":"intensiv"}},{"type":"Feature","geometry":{"type":"MultiPolygon","coordinates":[[[[13.41021,52.51889],[13.4102,52.51889],[13.4102,52.51889],[13.41021,52.51889],[13.41021,52.51889]]]]},"properties":{"type":"intensiv"}},{"type":"Feature","geometry":{"type":"MultiPolygon","coordinates":[[[[13.41021,52.51889],[13.41022,52.51889],[13.41022,52.51888],[13.41021,52.51888],[13.41021,52.51889]]]]},"properties":{"type":"intensiv"}},{"type":"Feature","geometry":{"type":"MultiPolygon","coordinates":[[[[13.41014,52.51886],[13.41012,52.51886],[13.41012,52.51887],[13.41014,52.51887],[13.41014,52.51886]]]]},"properties":{"type":"intensiv"}},{"type":"Feature","geometry":{"type":"MultiPolygon","coordinates":[[[[13.41009,52.51887],[13.41009,52.51887],[13.4101,52.51887],[13.4101,52.51887],[13.41011,52.51887],[13.41011,52.51886],[13.4101,52.51886],[13.4101,52.51886],[13.41009,52.51886],[13.41009,52.51886],[13.41009,52.51886],[13.41009,52.51887]]]]},"properties":{"type":"intensiv"}},{"type":"Feature","geometry":{"type":"MultiPolygon","coordinates":[[[[13.41023,52.51886],[13.41023,52.51886],[13.41023,52.51886],[13.41023,52.51886],[13.41023,52.51886]]]]},"properties":{"type":"intensiv"}},{"type":"Feature","geometry":{"type":"MultiPolygon","coordinates":[[[[13.41026,52.51886],[13.41024,52.51886],[13.41024,52.51886],[13.41025,52.51886],[13.41026,52.51886]]]]},"properties":{"type":"intensiv"}},{"type":"Feature","geometry":{"type":"MultiPolygon","coordinates":[[[[13.41019,52.51885],[13.41018,52.51885],[13.41018,52.51885],[13.41019,52.51885],[13.41019,52.51885]]]]},"properties":{"type":"intensiv"}},{"type":"Feature","geometry":{"type":"MultiPolygon","coordinates":[[[[13.41026,52.51885],[13.41025,52.51885],[13.41025,52.51886],[13.41026,52.51886],[13.41026,52.51885]]]]},"properties":{"type":"intensiv"}},{"type":"Feature","geometry":{"type":"MultiPolygon","coordinates":[[[[13.41007,52.51884],[13.41006,52.51884],[13.41006,52.51885],[13.41007,52.51885],[13.41007,52.51884]]]]},"properties":{"type":"intensiv"}},{"type":"Feature","geometry":{"type":"MultiPolygon","coordinates":[[[[13.41019,52.51882],[13.41018,52.51882],[13.41018,52.51883],[13.41019,52.51883],[13.41019,52.51882]]]]},"properties":{"type":"intensiv"}},{"type":"Feature","geometry":{"type":"MultiPolygon","coordinates":[[[[13.41023,52.51882],[13.41022,52.51882],[13.41022,52.51883],[13.41023,52.51883],[13.41023,52.51882]]]]},"properties":{"type":"intensiv"}},{"type":"Feature","geometry":{"type":"MultiPolygon","coordinates":[[[[13.4096,52.51881],[13.40959,52.51881],[13.40959,52.51881],[13.4096,52.51881],[13.4096,52.51881]]]]},"properties":{"type":"intensiv"}},{"type":"Feature","geometry":{"type":"MultiPolygon","coordinates":[[[[13.41012,52.5188],[13.41011,52.5188],[13.41011,52.51881],[13.41012,52.51881],[13.41012,52.5188]]]]},"properties":{"type":"intensiv"}},{"type":"Feature","geometry":{"type":"MultiPolygon","coordinates":[[[[13.41015,52.5188],[13.41015,52.5188],[13.41015,52.51881],[13.41015,52.51881],[13.41015,52.5188]]]]},"properties":{"type":"intensiv"}},{"type":"Feature","geometry":{"type":"MultiPolygon","coordinates":[[[[13.41021,52.51881],[13.41017,52.5188],[13.41021,52.51883],[13.41021,52.51881]]]]},"properties":{"type":"intensiv"}},{"type":"Feature","geometry":{"type":"MultiPolygon","coordinates":[[[[13.40998,52.51879],[13.40998,52.51879],[13.40998,52.5188],[13.40998,52.5188],[13.40998,52.51879]]]]},"properties":{"type":"intensiv"}},{"type":"Feature","geometry":{"type":"MultiPolygon","coordinates":[[[[13.40998,52.51879],[13.40999,52.51879],[13.40999,52.51879],[13.40998,52.51879],[13.40998,52.51879]]]]},"properties":{"type":"intensiv"}},{"type":"Feature","geometry":{"type":"MultiPolygon","coordinates":[[[[13.41015,52.51879],[13.41015,52.5188],[13.41016,52.5188],[13.41016,52.51879],[13.41015,52.51879]]]]},"properties":{"type":"intensiv"}},{"type":"Feature","geometry":{"type":"MultiPolygon","coordinates":[[[[13.41015,52.51879],[13.41015,52.51879],[13.41014,52.51879],[13.41014,52.51879],[13.41015,52.51879]]]]},"properties":{"type":"intensiv"}},{"type":"Feature","geometry":{"type":"MultiPolygon","coordinates":[[[[13.41015,52.51878],[13.41015,52.51878],[13.41015,52.51878],[13.41015,52.51878],[13.41015,52.51878]]]]},"properties":{"type":"intensiv"}},{"type":"Feature","geometry":{"type":"MultiPolygon","coordinates":[[[[13.40998,52.51877],[13.40997,52.51877],[13.40997,52.51878],[13.40998,52.51878],[13.40998,52.51877]]]]},"properties":{"type":"intensiv"}},{"type":"Feature","geometry":{"type":"MultiPolygon","coordinates":[[[[13.40985,52.51876],[13.40985,52.51876],[13.40985,52.51877],[13.40985,52.51877],[13.40985,52.51876]]]]},"properties":{"type":"intensiv"}},{"type":"Feature","geometry":{"type":"MultiPolygon","coordinates":[[[[13.41011,52.51876],[13.4101,52.51876],[13.4101,52.51876],[13.41011,52.51876],[13.41011,52.51876]]]]},"properties":{"type":"intensiv"}},{"type":"Feature","geometry":{"type":"MultiPolygon","coordinates":[[[[13.40948,52.51875],[13.40947,52.51875],[13.40947,52.51875],[13.40948,52.51875],[13.40948,52.51875]]]]},"properties":{"type":"intensiv"}},{"type":"Feature","geometry":{"type":"MultiPolygon","coordinates":[[[[13.41002,52.51874],[13.41001,52.51874],[13.41001,52.51875],[13.41002,52.51875],[13.41002,52.51874]]]]},"properties":{"type":"intensiv"}},{"type":"Feature","geometry":{"type":"MultiPolygon","coordinates":[[[[13.41009,52.51875],[13.41008,52.51875],[13.4101,52.51875],[13.41009,52.51875]]]]},"properties":{"type":"intensiv"}},{"type":"Feature","geometry":{"type":"MultiPolygon","coordinates":[[[[13.41006,52.51875],[13.41007,52.51874],[13.41005,52.51874],[13.41006,52.51875]]]]},"properties":{"type":"intensiv"}},{"type":"Feature","geometry":{"type":"MultiPolygon","coordinates":[[[[13.40986,52.51873],[13.40985,52.51873],[13.40985,52.51873],[13.40986,52.51873],[13.40986,52.51873]]]]},"properties":{"type":"intensiv"}},{"type":"Feature","geometry":{"type":"MultiPolygon","coordinates":[[[[13.41005,52.51873],[13.41004,52.51873],[13.41004,52.51873],[13.41005,52.51873],[13.41005,52.51873]]]]},"properties":{"type":"intensiv"}},{"type":"Feature","geometry":{"type":"MultiPolygon","coordinates":[[[[13.41003,52.51872],[13.41002,52.51872],[13.41002,52.51873],[13.41003,52.51873],[13.41003,52.51872]]]]},"properties":{"type":"intensiv"}},{"type":"Feature","geometry":{"type":"MultiPolygon","coordinates":[[[[13.41001,52.51871],[13.41,52.51871],[13.41,52.51872],[13.41001,52.51872],[13.41001,52.51871]]]]},"properties":{"type":"intensiv"}},{"type":"Feature","geometry":{"type":"MultiPolygon","coordinates":[[[[13.40986,52.5187],[13.40985,52.5187],[13.40985,52.51871],[13.40986,52.51871],[13.40986,52.5187]]]]},"properties":{"type":"intensiv"}},{"type":"Feature","geometry":{"type":"MultiPolygon","coordinates":[[[[13.40997,52.5187],[13.40997,52.5187],[13.40997,52.51871],[13.40997,52.51871],[13.40997,52.5187]]]]},"properties":{"type":"intensiv"}},{"type":"Feature","geometry":{"type":"MultiPolygon","coordinates":[[[[13.41,52.5187],[13.41,52.5187],[13.41,52.51871],[13.41,52.51871],[13.41,52.5187]]]]},"properties":{"type":"intensiv"}},{"type":"Feature","geometry":{"type":"MultiPolygon","coordinates":[[[[13.40998,52.5187],[13.40998,52.5187],[13.40999,52.5187],[13.40999,52.5187],[13.40998,52.5187]]]]},"properties":{"type":"intensiv"}},{"type":"Feature","geometry":{"type":"MultiPolygon","coordinates":[[[[13.40995,52.51869],[13.40994,52.51869],[13.40994,52.5187],[13.40995,52.5187],[13.40995,52.51869]]]]},"properties":{"type":"intensiv"}},{"type":"Feature","geometry":{"type":"MultiPolygon","coordinates":[[[[13.40997,52.51869],[13.40997,52.5187],[13.40998,52.5187],[13.40998,52.51869],[13.40997,52.51869]]]]},"properties":{"type":"intensiv"}},{"type":"Feature","geometry":{"type":"MultiPolygon","coordinates":[[[[13.40995,52.51869],[13.40997,52.51869],[13.40997,52.51869],[13.40995,52.51869],[13.40995,52.51869]]]]},"properties":{"type":"intensiv"}},{"type":"Feature","geometry":{"type":"MultiPolygon","coordinates":[[[[13.40994,52.51869],[13.40995,52.51868],[13.40992,52.51868],[13.40994,52.51869]]]]},"properties":{"type":"intensiv"}},{"type":"Feature","geometry":{"type":"MultiPolygon","coordinates":[[[[13.40989,52.51865],[13.40988,52.51865],[13.40988,52.51866],[13.40989,52.51866],[13.40989,52.51865]]]]},"properties":{"type":"intensiv"}},{"type":"Feature","geometry":{"type":"MultiPolygon","coordinates":[[[[13.40984,52.51863],[13.40982,52.51863],[13.40982,52.51863],[13.40984,52.51863],[13.40984,52.51863]]]]},"properties":{"type":"intensiv"}},{"type":"Feature","geometry":{"type":"MultiPolygon","coordinates":[[[[13.40991,52.51863],[13.4099,52.51863],[13.4099,52.51864],[13.40991,52.51864],[13.40991,52.51863]]]]},"properties":{"type":"intensiv"}},{"type":"Feature","geometry":{"type":"MultiPolygon","coordinates":[[[[13.40984,52.51863],[13.40984,52.51863],[13.40984,52.51863],[13.40984,52.51863],[13.40984,52.51863]]]]},"properties":{"type":"intensiv"}},{"type":"Feature","geometry":{"type":"MultiPolygon","coordinates":[[[[13.4099,52.51863],[13.40989,52.51863],[13.40989,52.51863],[13.40989,52.51863],[13.4099,52.51863]]]]},"properties":{"type":"intensiv"}},{"type":"Feature","geometry":{"type":"MultiPolygon","coordinates":[[[[13.40976,52.51861],[13.40976,52.51861],[13.40976,52.51861],[13.40976,52.51861],[13.40976,52.51861]]]]},"properties":{"type":"intensiv"}},{"type":"Feature","geometry":{"type":"MultiPolygon","coordinates":[[[[13.40971,52.51856],[13.4097,52.51856],[13.4097,52.51856],[13.40971,52.51856],[13.40971,52.51856]]]]},"properties":{"type":"intensiv"}},{"type":"Feature","geometry":{"type":"MultiPolygon","coordinates":[[[[13.41112,52.5192],[13.41109,52.51919],[13.4111,52.51922],[13.41099,52.51919],[13.41099,52.51914],[13.41082,52.51907],[13.4108,52.51907],[13.41081,52.51909],[13.41082,52.51908],[13.41087,52.51911],[13.41081,52.5191],[13.41081,52.51912],[13.41083,52.51911],[13.41088,52.51912],[13.41085,52.51912],[13.41083,52.51915],[13.4108,52.51914],[13.41082,52.51913],[13.41081,52.51912],[13.41079,52.51912],[13.41079,52.51914],[13.41072,52.51915],[13.41075,52.51914],[13.41071,52.51913],[13.41072,52.51911],[13.41075,52.51913],[13.41078,52.51913],[13.41075,52.51912],[13.41078,52.51911],[13.41078,52.51909],[13.41079,52.5191],[13.41079,52.51908],[13.41074,52.51908],[13.41074,52.51906],[13.41071,52.51904],[13.41068,52.51905],[13.41068,52.51907],[13.4107,52.51907],[13.41068,52.51908],[13.4107,52.51909],[13.41068,52.5191],[13.41069,52.51911],[13.41067,52.51909],[13.41064,52.5191],[13.41064,52.51909],[13.41067,52.51909],[13.41068,52.51907],[13.41064,52.51907],[13.41065,52.51908],[13.41062,52.51909],[13.41064,52.51911],[13.41066,52.51911],[13.41063,52.51914],[13.41063,52.51918],[13.4106,52.51918],[13.4106,52.51917],[13.41057,52.51917],[13.41059,52.51916],[13.41055,52.51915],[13.41055,52.51917],[13.41049,52.51919],[13.41049,52.51917],[13.41047,52.51916],[13.41048,52.51917],[13.41046,52.51918],[13.41048,52.51919],[13.41044,52.51919],[13.41046,52.51921],[13.41043,52.5192],[13.41043,52.51922],[13.4104,52.51922],[13.41039,52.51921],[13.41038,52.51921],[13.41038,52.51923],[13.41035,52.51922],[13.41035,52.5192],[13.4103,52.51921],[13.41029,52.51922],[13.4103,52.51923],[13.41028,52.51924],[13.41034,52.51924],[13.41031,52.51923],[13.41032,52.51922],[13.4103,52.51922],[13.41035,52.51923],[13.41048,52.51923],[13.41043,52.51925],[13.41044,52.51929],[13.41037,52.51927],[13.41037,52.51925],[13.41034,52.51926],[13.41036,52.51925],[13.41032,52.51926],[13.41033,52.51927],[13.41036,52.51927],[13.41035,52.51928],[13.41037,52.51928],[13.41037,52.5193],[13.41035,52.51928],[13.41034,52.51929],[13.41029,52.51926],[13.41029,52.51928],[13.41027,52.51928],[13.41024,52.51924],[13.41024,52.51929],[13.41028,52.51929],[13.4102,52.51932],[13.41025,52.51933],[13.41026,52.51935],[13.41032,52.51936],[13.4103,52.51936],[13.41034,52.51937],[13.41033,52.51938],[13.41035,52.51939],[13.41038,52.51938],[13.41038,52.51941],[13.41048,52.51945],[13.41047,52.51946],[13.41051,52.51947],[13.41053,52.51949],[13.41056,52.5195],[13.41058,52.51953],[13.41063,52.51953],[13.41065,52.51955],[13.41069,52.51955],[13.41069,52.51958],[13.41074,52.51958],[13.41076,52.51956],[13.41074,52.51952],[13.41078,52.51952],[13.41078,52.51954],[13.41083,52.51955],[13.41083,52.5195],[13.41087,52.51949],[13.41088,52.51946],[13.41096,52.51942],[13.41097,52.51939],[13.41109,52.51932],[13.41113,52.51927],[13.41118,52.51925],[13.41112,52.5192]],[[13.41086,52.51922],[13.41086,52.51922],[13.41085,52.51922],[13.41085,52.51922],[13.41086,52.51922]],[[13.41077,52.51922],[13.41076,52.51922],[13.41076,52.51921],[13.41077,52.51921],[13.41077,52.51922],[13.41077,52.51922],[13.41077,52.51922],[13.41077,52.51922],[13.41077,52.51922]],[[13.41062,52.51923],[13.4106,52.51924],[13.41062,52.5192],[13.41057,52.51921],[13.41058,52.51922],[13.41057,52.51923],[13.41057,52.51924],[13.41056,52.51923],[13.41057,52.5192],[13.41055,52.51922],[13.41053,52.51921],[13.41057,52.51918],[13.41059,52.51918],[13.41057,52.5192],[13.41063,52.5192],[13.41066,52.51918],[13.41065,52.51921],[13.41066,52.51922],[13.41065,52.51922],[13.41066,52.51923],[13.41063,52.51922],[13.41062,52.51923]],[[13.41072,52.51923],[13.41072,52.51923],[13.41071,52.51923],[13.41071,52.51923],[13.41072,52.51923]],[[13.41079,52.51923],[13.41079,52.51924],[13.41077,52.51924],[13.41077,52.51923],[13.41079,52.51923]],[[13.41076,52.51924],[13.41076,52.51924],[13.41076,52.51924],[13.41076,52.51924],[13.41076,52.51924]],[[13.41057,52.51925],[13.41058,52.51926],[13.41054,52.51926],[13.41054,52.51923],[13.41053,52.51923],[13.41057,52.51925]],[[13.41065,52.51924],[13.41065,52.51924],[13.41065,52.51924],[13.41065,52.51924],[13.41065,52.51924]],[[13.41062,52.51924],[13.41062,52.51926],[13.41061,52.51926],[13.41061,52.51924],[13.41062,52.51924]],[[13.41053,52.51925],[13.41053,52.51926],[13.41052,52.51926],[13.41052,52.51925],[13.41053,52.51925]],[[13.41048,52.51925],[13.41048,52.51925],[13.41048,52.51925],[13.41048,52.51925],[13.41048,52.51925]],[[13.41045,52.51925],[13.41045,52.51926],[13.41044,52.51926],[13.41044,52.51925],[13.41045,52.51925]],[[13.41046,52.51925],[13.41046,52.51926],[13.41045,52.51926],[13.41045,52.51925],[13.41046,52.51925]],[[13.4105,52.51925],[13.4105,52.51926],[13.41049,52.51926],[13.41049,52.51925],[13.4105,52.51925]],[[13.41048,52.51926],[13.41048,52.51928],[13.41045,52.51927],[13.41048,52.51926]],[[13.41063,52.51925],[13.41063,52.51926],[13.41062,52.51926],[13.41062,52.51925],[13.41063,52.51925]],[[13.41061,52.51928],[13.4106,52.51931],[13.41056,52.51929],[13.41054,52.5193],[13.41055,52.51932],[13.41051,52.51932],[13.41051,52.51931],[13.41056,52.51929],[13.41057,52.51926],[13.4106,52.51926],[13.41061,52.51928]],[[13.41078,52.51927],[13.41078,52.51927],[13.41079,52.51927],[13.41079,52.51927],[13.41078,52.51927],[13.41078,52.51928],[13.41079,52.51928],[13.41079,52.51929],[13.41078,52.51929],[13.41078,52.51928],[13.41077,52.51928],[13.41077,52.51927],[13.41078,52.51927]],[[13.41068,52.51926],[13.41067,52.51927],[13.41067,52.51925],[13.41068,52.51926]],[[13.41082,52.51926],[13.4108,52.51926],[13.4108,52.51924],[13.41082,52.51925],[13.41082,52.51926]],[[13.41071,52.51924],[13.41071,52.51925],[13.41071,52.51925],[13.41071,52.51924],[13.41071,52.51924]],[[13.41064,52.51924],[13.41064,52.51925],[13.41063,52.51925],[13.41063,52.51924],[13.41064,52.51924]],[[13.41078,52.51924],[13.41078,52.51924],[13.41077,52.51924],[13.41077,52.51924],[13.41078,52.51924]],[[13.4107,52.51925],[13.4107,52.51925],[13.41068,52.51925],[13.41068,52.51925],[13.4107,52.51925]],[[13.41079,52.51926],[13.41079,52.51926],[13.41079,52.51926],[13.41079,52.51926],[13.41079,52.51926]],[[13.4107,52.51926],[13.4107,52.51927],[13.4107,52.51927],[13.4107,52.51926],[13.4107,52.51926]],[[13.41073,52.51926],[13.41073,52.51927],[13.41073,52.51927],[13.41073,52.51926],[13.41073,52.51926]],[[13.41065,52.51927],[13.41066,52.51927],[13.41066,52.51927],[13.41065,52.51927],[13.41065,52.51927],[13.41064,52.51927],[13.41064,52.51926],[13.41065,52.51926],[13.41065,52.51927]],[[13.41069,52.51929],[13.41068,52.51927],[13.4107,52.51928],[13.41069,52.51929]],[[13.4107,52.51928],[13.4107,52.51929],[13.4107,52.51929],[13.4107,52.51928],[13.4107,52.51928]],[[13.41067,52.51932],[13.41064,52.51931],[13.41064,52.51929],[13.41067,52.5193],[13.41067,52.51932]],[[13.41075,52.5193],[13.41075,52.51931],[13.41074,52.51931],[13.41074,52.5193],[13.41075,52.5193]],[[13.41072,52.51929],[13.41072,52.5193],[13.41071,52.5193],[13.41071,52.51929],[13.41072,52.51929]],[[13.4107,52.51929],[13.4107,52.5193],[13.4107,52.5193],[13.4107,52.51929],[13.4107,52.51929]],[[13.41076,52.51929],[13.41076,52.51929],[13.41075,52.51929],[13.41075,52.51929],[13.41076,52.51929]],[[13.4105,52.51926],[13.4105,52.51927],[13.41049,52.51927],[13.41049,52.51926],[13.4105,52.51926]],[[13.41045,52.51927],[13.41045,52.51928],[13.41045,52.51928],[13.41045,52.51927],[13.41045,52.51927]],[[13.41048,52.51928],[13.41048,52.51929],[13.41046,52.51929],[13.41046,52.51928],[13.41048,52.51928]],[[13.41051,52.51928],[13.41051,52.51929],[13.4105,52.51929],[13.4105,52.51928],[13.41051,52.51928]],[[13.41045,52.51929],[13.41045,52.51929],[13.41045,52.51929],[13.41045,52.51929],[13.41045,52.51929]],[[13.41039,52.51929],[13.41039,52.5193],[13.41038,52.5193],[13.41038,52.51929],[13.41039,52.51929]],[[13.41035,52.5193],[13.41035,52.5193],[13.41034,52.5193],[13.41034,52.5193],[13.41035,52.5193]],[[13.4103,52.5193],[13.4103,52.51931],[13.41029,52.51931],[13.41029,52.5193],[13.4103,52.5193]],[[13.41033,52.5193],[13.41033,52.51931],[13.41032,52.51931],[13.41032,52.5193],[13.41033,52.5193]],[[13.41041,52.5193],[13.41041,52.51931],[13.41039,52.51931],[13.41039,52.5193],[13.41041,52.5193]],[[13.41036,52.51931],[13.41036,52.51931],[13.41036,52.51931],[13.41036,52.51931],[13.41036,52.51931]],[[13.41042,52.51931],[13.41042,52.51931],[13.41042,52.51931],[13.41042,52.51931],[13.41042,52.51931]],[[13.41043,52.51929],[13.41043,52.5193],[13.41042,52.5193],[13.41042,52.51929],[13.41043,52.51929]],[[13.41042,52.51932],[13.41042,52.51932],[13.41042,52.51932],[13.41042,52.51932],[13.41042,52.51932]],[[13.41035,52.51932],[13.41035,52.51932],[13.41034,52.51932],[13.41034,52.51932],[13.41035,52.51932]],[[13.41029,52.51932],[13.41029,52.51933],[13.41028,52.51933],[13.41028,52.51932],[13.41029,52.51932]],[[13.41064,52.51933],[13.41064,52.51933],[13.41064,52.51933],[13.41064,52.51933],[13.41064,52.51933]],[[13.41031,52.51933],[13.41031,52.51934],[13.4103,52.51934],[13.4103,52.51933],[13.41031,52.51933],[13.41031,52.51933],[13.41033,52.51933],[13.41033,52.51933],[13.41031,52.51933]],[[13.41061,52.51934],[13.41061,52.51936],[13.41057,52.51936],[13.41061,52.51934]],[[13.41069,52.51936],[13.41068,52.51934],[13.4107,52.51933],[13.41069,52.51934],[13.41071,52.51935],[13.41069,52.51936]],[[13.41048,52.51934],[13.41048,52.51934],[13.41047,52.51934],[13.41047,52.51934],[13.41048,52.51934],[13.41048,52.51934],[13.41049,52.51934],[13.41049,52.51934],[13.41048,52.51934]],[[13.41028,52.51934],[13.41028,52.51934],[13.41027,52.51934],[13.41027,52.51934],[13.41028,52.51934]],[[13.41055,52.51934],[13.41055,52.51935],[13.41055,52.51934],[13.41055,52.51934],[13.41055,52.51934]],[[13.41051,52.51936],[13.41052,52.51936],[13.41052,52.51936],[13.41051,52.51936],[13.41051,52.51936],[13.4105,52.51936],[13.4105,52.51935],[13.41051,52.51935],[13.41051,52.51936]],[[13.41064,52.51936],[13.41064,52.51937],[13.41063,52.51937],[13.41063,52.51936],[13.41064,52.51936]],[[13.41066,52.51937],[13.41066,52.51939],[13.41062,52.51939],[13.41066,52.51936],[13.41066,52.51937]],[[13.41082,52.51936],[13.41082,52.51937],[13.41081,52.51937],[13.41081,52.51936],[13.41082,52.51936]],[[13.41069,52.51939],[13.41071,52.51938],[13.41069,52.51939],[13.41068,52.51937],[13.41072,52.51937],[13.41069,52.51939]],[[13.41057,52.51939],[13.41057,52.51939],[13.41057,52.51939],[13.41056,52.51939],[13.41056,52.51939],[13.41055,52.51939],[13.41055,52.51939],[13.41055,52.51939],[13.41055,52.51939],[13.41055,52.51939],[13.41055,52.51938],[13.41056,52.51938],[13.41056,52.51939],[13.41057,52.51939],[13.41057,52.51938],[13.41058,52.51938],[13.41057,52.51939],[13.41058,52.51939],[13.41058,52.51939],[13.41057,52.51939],[13.41057,52.51939]],[[13.41074,52.51938],[13.41074,52.51939],[13.41074,52.51939],[13.41074,52.51938],[13.41074,52.51938]],[[13.41058,52.51937],[13.41058,52.51938],[13.41057,52.51938],[13.41057,52.51937],[13.41058,52.51937]],[[13.41074,52.51936],[13.41074,52.51936],[13.41073,52.51936],[13.41073,52.51936],[13.41074,52.51936]],[[13.4107,52.51932],[13.4107,52.51933],[13.4107,52.51933],[13.4107,52.51932],[13.4107,52.51932]],[[13.41044,52.51932],[13.41044,52.51932],[13.41044,52.51932],[13.41044,52.51932],[13.41044,52.51932]],[[13.41065,52.51932],[13.41065,52.51932],[13.41064,52.51932],[13.41064,52.51932],[13.41065,52.51932]],[[13.41045,52.51926],[13.41045,52.51927],[13.41044,52.51927],[13.41044,52.51926],[13.41045,52.51926]],[[13.41049,52.51924],[13.41048,52.51925],[13.41049,52.51923],[13.41051,52.51922],[13.41052,52.51925],[13.41049,52.51925],[13.41049,52.51924]],[[13.41049,52.51922],[13.41049,52.51922],[13.41048,52.51922],[13.41048,52.51922],[13.41049,52.51922]],[[13.4105,52.51921],[13.4105,52.51921],[13.41051,52.51921],[13.41051,52.51921],[13.4105,52.51921],[13.4105,52.51922],[13.41049,52.51922],[13.41049,52.51921],[13.4105,52.51921]],[[13.41052,52.51921],[13.41052,52.5192],[13.41053,52.5192],[13.41052,52.51921]],[[13.4106,52.51923],[13.4106,52.51924],[13.41058,52.51924],[13.41058,52.51923],[13.4106,52.51923]],[[13.41081,52.51923],[13.41081,52.51924],[13.4108,52.51924],[13.4108,52.51923],[13.41081,52.51923]],[[13.41079,52.51922],[13.41079,52.51923],[13.41078,52.51923],[13.41078,52.51922],[13.41079,52.51922]],[[13.41076,52.51922],[13.41076,52.51923],[13.41075,52.51923],[13.41075,52.51922],[13.41076,52.51922]],[[13.41073,52.51922],[13.41073,52.51923],[13.41072,52.51923],[13.41072,52.51922],[13.41073,52.51922]],[[13.41071,52.51922],[13.41071,52.51922],[13.4107,52.51922],[13.4107,52.51922],[13.41071,52.51922]],[[13.41068,52.51922],[13.41068,52.51922],[13.41068,52.51922],[13.41068,52.51922],[13.41068,52.51922]],[[13.41074,52.51921],[13.41074,52.5192],[13.41074,52.5192],[13.41074,52.51921],[13.41075,52.51921],[13.41075,52.51921],[13.41074,52.51921],[13.41074,52.51922],[13.41073,52.51922],[13.41073,52.51921],[13.41074,52.51921]],[[13.41085,52.51921],[13.41085,52.51921],[13.41084,52.51921],[13.41084,52.51921],[13.41085,52.51921]],[[13.41102,52.51921],[13.41102,52.51922],[13.41102,52.51922],[13.41102,52.51921],[13.41102,52.51921]],[[13.41088,52.51919],[13.41087,52.51921],[13.41085,52.51919],[13.41088,52.51919]],[[13.41084,52.51919],[13.41084,52.51918],[13.41085,52.51918],[13.41085,52.51919],[13.41084,52.51919],[13.41084,52.51919],[13.41083,52.51919],[13.41083,52.51919],[13.41084,52.51919]],[[13.41083,52.51919],[13.41083,52.51919],[13.41082,52.51919],[13.41082,52.51919],[13.41083,52.51919]],[[13.41071,52.51919],[13.41071,52.5192],[13.41069,52.51918],[13.41071,52.51919]],[[13.4108,52.51918],[13.4108,52.51918],[13.4108,52.51918],[13.4108,52.51918],[13.4108,52.51918],[13.4108,52.51919],[13.41079,52.51919],[13.41079,52.51918],[13.4108,52.51918]],[[13.41077,52.51918],[13.41077,52.51919],[13.41076,52.51919],[13.41076,52.51918],[13.41077,52.51918]],[[13.41089,52.51917],[13.41093,52.51916],[13.41089,52.51918],[13.41089,52.51917]],[[13.41076,52.51917],[13.41077,52.51917],[13.41075,52.51918],[13.41076,52.51917]],[[13.41074,52.51918],[13.41073,52.51917],[13.41075,52.51917],[13.41074,52.51918]],[[13.41066,52.51917],[13.41066,52.51917],[13.41065,52.51917],[13.41065,52.51917],[13.41066,52.51917]],[[13.41067,52.51916],[13.41067,52.51917],[13.41066,52.51917],[13.41066,52.51916],[13.41067,52.51916]],[[13.41079,52.51916],[13.41079,52.51916],[13.41078,52.51916],[13.41078,52.51916],[13.41079,52.51916]],[[13.41071,52.51916],[13.41071,52.51916],[13.4107,52.51916],[13.4107,52.51916],[13.41071,52.51916]],[[13.41081,52.51916],[13.41081,52.51916],[13.4108,52.51916],[13.4108,52.51916],[13.41081,52.51916],[13.41081,52.51916],[13.41082,52.51916],[13.41082,52.51916],[13.41081,52.51916]],[[13.41094,52.51915],[13.41092,52.51914],[13.41095,52.51915],[13.41094,52.51915]],[[13.41069,52.51915],[13.41067,52.51914],[13.41069,52.51914],[13.41068,52.51914],[13.41069,52.51915]],[[13.41071,52.51914],[13.41071,52.51915],[13.4107,52.51915],[13.4107,52.51914],[13.41071,52.51914]],[[13.41065,52.51914],[13.41066,52.51915],[13.41064,52.51915],[13.41065,52.51914]],[[13.41066,52.51915],[13.41066,52.51916],[13.41065,52.51916],[13.41065,52.51915],[13.41066,52.51915]],[[13.41067,52.51915],[13.41067,52.51916],[13.41066,52.51916],[13.41066,52.51915],[13.41067,52.51915]],[[13.41069,52.51918],[13.41069,52.51918],[13.41068,52.51918],[13.41068,52.51918],[13.41069,52.51918]],[[13.41071,52.51921],[13.41068,52.51921],[13.41068,52.5192],[13.41068,52.5192],[13.41068,52.5192],[13.41067,52.5192],[13.41067,52.5192],[13.41066,52.5192],[13.41066,52.51919],[13.41069,52.51919],[13.41069,52.5192],[13.4107,52.5192],[13.4107,52.51921],[13.41071,52.51921],[13.41071,52.5192],[13.41071,52.5192],[13.41071,52.51921]],[[13.41082,52.5192],[13.41083,52.5192],[13.41084,52.5192],[13.41084,52.5192],[13.41082,52.5192],[13.41082,52.5192],[13.41082,52.5192],[13.41082,52.5192],[13.41082,52.5192]],[[13.41073,52.5192],[13.41073,52.5192],[13.41072,52.5192],[13.41072,52.5192],[13.41073,52.5192]],[[13.41091,52.51918],[13.41091,52.51919],[13.4109,52.51919],[13.4109,52.51918],[13.41091,52.51918]],[[13.41089,52.51919],[13.41089,52.51919],[13.41088,52.51919],[13.41088,52.51919],[13.41089,52.51919]],[[13.41072,52.5194],[13.41072,52.5194],[13.41071,52.5194],[13.41071,52.5194],[13.41072,52.5194]],[[13.4106,52.5194],[13.4106,52.51941],[13.4106,52.51941],[13.4106,52.5194],[13.4106,52.5194]],[[13.41046,52.51942],[13.41046,52.51942],[13.41046,52.51942],[13.41046,52.51942],[13.41046,52.51943],[13.41045,52.51943],[13.41045,52.51942],[13.41044,52.51942],[13.41044,52.51942],[13.41045,52.51942],[13.41045,52.51942],[13.41046,52.51942],[13.41046,52.51942]],[[13.41048,52.51942],[13.41048,52.51943],[13.41047,52.51943],[13.41047,52.51942],[13.41048,52.51942]],[[13.4106,52.51943],[13.4106,52.51943],[13.4106,52.51943],[13.4106,52.51943],[13.4106,52.51943]],[[13.41048,52.51944],[13.41051,52.51945],[13.41048,52.51946],[13.41047,52.51943],[13.41049,52.51943],[13.41048,52.51944]],[[13.41087,52.51943],[13.41087,52.51943],[13.41086,52.51943],[13.41086,52.51943],[13.41087,52.51943]],[[13.41059,52.51946],[13.41059,52.51946],[13.41059,52.51946],[13.41059,52.51946],[13.41059,52.51946]],[[13.41056,52.51947],[13.41056,52.51948],[13.41056,52.51948],[13.41056,52.51947],[13.41056,52.51947],[13.41056,52.51947],[13.41057,52.51947],[13.41057,52.51947],[13.41056,52.51947]],[[13.41054,52.51948],[13.41054,52.51948],[13.41053,52.51948],[13.41053,52.51948],[13.41054,52.51948]],[[13.41059,52.51949],[13.41062,52.5195],[13.41062,52.51951],[13.41059,52.51951],[13.41059,52.51949],[13.41057,52.51948],[13.41059,52.51949]],[[13.41076,52.5195],[13.41076,52.51951],[13.41075,52.51951],[13.41075,52.5195],[13.41076,52.5195]],[[13.41073,52.5195],[13.41073,52.5195],[13.41073,52.5195],[13.41073,52.5195],[13.41073,52.5195]],[[13.41081,52.51953],[13.4108,52.51952],[13.41082,52.51952],[13.41081,52.51953]],[[13.41066,52.51952],[13.41066,52.51953],[13.41065,52.51953],[13.41065,52.51952],[13.41066,52.51952]],[[13.41066,52.51953],[13.41066,52.51954],[13.41065,52.51954],[13.41065,52.51953],[13.41066,52.51953]],[[13.41067,52.51954],[13.41067,52.51954],[13.41067,52.51954],[13.41067,52.51954],[13.41067,52.51954]],[[13.41071,52.51954],[13.41071,52.51954],[13.4107,52.51954],[13.4107,52.51954],[13.41071,52.51954]],[[13.41073,52.51955],[13.41072,52.51956],[13.4107,52.51954],[13.41073,52.51955]],[[13.41072,52.51956],[13.41072,52.51957],[13.41071,52.51957],[13.41071,52.51956],[13.4107,52.51956],[13.4107,52.51956],[13.41072,52.51956]],[[13.41031,52.51929],[13.41029,52.51929],[13.41029,52.51928],[13.4103,52.51928],[13.4103,52.51928],[13.41031,52.51928],[13.41031,52.51929]],[[13.4104,52.51922],[13.4104,52.51922],[13.41039,52.51922],[13.41039,52.51922],[13.4104,52.51922]],[[13.41067,52.51913],[13.41067,52.51912],[13.41068,52.51912],[13.41068,52.51913],[13.41067,52.51913],[13.41067,52.51913],[13.41066,52.51913],[13.41066,52.51912],[13.41067,52.51912],[13.41067,52.51913],[13.41067,52.51913]],[[13.4107,52.51912],[13.4107,52.51912],[13.4107,52.51913],[13.41069,52.51913],[13.4107,52.51912],[13.41069,52.51912],[13.41069,52.51912],[13.4107,52.51912],[13.4107,52.51912]],[[13.41067,52.51911],[13.41067,52.51911],[13.41067,52.51911],[13.41067,52.51911],[13.41067,52.51911]],[[13.41075,52.51911],[13.41076,52.51911],[13.41076,52.51911],[13.41074,52.51911],[13.41074,52.5191],[13.41075,52.5191],[13.41075,52.5191],[13.41075,52.5191],[13.41075,52.51911]],[[13.41072,52.5191],[13.41071,52.5191],[13.41071,52.51909],[13.41072,52.51909],[13.41072,52.5191],[13.41073,52.5191],[13.41073,52.5191],[13.41072,52.5191],[13.41072,52.5191]],[[13.4107,52.5191],[13.4107,52.51911],[13.4107,52.51911],[13.4107,52.5191],[13.4107,52.5191]],[[13.41075,52.51909],[13.41075,52.51909],[13.41074,52.51909],[13.41074,52.51909],[13.41075,52.51909]],[[13.41073,52.51909],[13.41073,52.51909],[13.41073,52.51909],[13.41073,52.51909],[13.41073,52.51909]],[[13.41071,52.51908],[13.4107,52.51905],[13.41071,52.51907],[13.41073,52.51906],[13.4107,52.51908],[13.41071,52.51908]],[[13.41092,52.51914],[13.41092,52.51913],[13.41092,52.51913],[13.41092,52.51914],[13.41092,52.51914],[13.41092,52.51914],[13.4109,52.51914],[13.4109,52.51914],[13.41092,52.51914]],[[13.41088,52.51914],[13.41086,52.51913],[13.41091,52.51913],[13.41088,52.51914]],[[13.41086,52.51912],[13.41086,52.51913],[13.41086,52.51913],[13.41086,52.51912],[13.41086,52.51912]]]]},"properties":{"type":"extensiv"}},{"type":"Feature","geometry":{"type":"MultiPolygon","coordinates":[[[[13.40996,52.51938],[13.40995,52.51938],[13.40995,52.51938],[13.40996,52.51938],[13.40996,52.51938]]]]},"properties":{"type":"extensiv"}},{"type":"Feature","geometry":{"type":"MultiPolygon","coordinates":[[[[13.41019,52.51931],[13.41019,52.51932],[13.41019,52.51932],[13.41019,52.51931],[13.41019,52.51931]]]]},"properties":{"type":"extensiv"}},{"type":"Feature","geometry":{"type":"MultiPolygon","coordinates":[[[[13.41019,52.5193],[13.41017,52.51931],[13.41019,52.51931],[13.41019,52.5193]]]]},"properties":{"type":"extensiv"}},{"type":"Feature","geometry":{"type":"MultiPolygon","coordinates":[[[[13.4102,52.5193],[13.4102,52.5193],[13.41019,52.5193],[13.4102,52.5193],[13.4102,52.5193]]]]},"properties":{"type":"extensiv"}},{"type":"Feature","geometry":{"type":"MultiPolygon","coordinates":[[[[13.4102,52.5193],[13.41021,52.5193],[13.41021,52.51929],[13.4102,52.51929],[13.4102,52.5193]]]]},"properties":{"type":"extensiv"}},{"type":"Feature","geometry":{"type":"MultiPolygon","coordinates":[[[[13.41022,52.51929],[13.41023,52.51929],[13.41023,52.51928],[13.41023,52.51928],[13.41022,52.51929]]]]},"properties":{"type":"extensiv"}},{"type":"Feature","geometry":{"type":"MultiPolygon","coordinates":[[[[13.41017,52.51924],[13.41017,52.51923],[13.41016,52.51923],[13.41016,52.51925],[13.41017,52.51925],[13.41017,52.51924]]]]},"properties":{"type":"extensiv"}},{"type":"Feature","geometry":{"type":"MultiPolygon","coordinates":[[[[13.41018,52.51922],[13.41018,52.51922],[13.41018,52.51923],[13.41018,52.51923],[13.41018,52.51922]]]]},"properties":{"type":"extensiv"}},{"type":"Feature","geometry":{"type":"MultiPolygon","coordinates":[[[[13.41003,52.51913],[13.41001,52.51911],[13.41004,52.51912],[13.41003,52.5191],[13.41005,52.51911],[13.41011,52.51907],[13.41014,52.51903],[13.41023,52.51898],[13.41023,52.51894],[13.41027,52.51895],[13.41033,52.51889],[13.41037,52.51887],[13.41037,52.51886],[13.41031,52.51885],[13.41034,52.51884],[13.41032,52.51882],[13.41023,52.51883],[13.41021,52.51881],[13.4102,52.51883],[13.41017,52.51881],[13.41021,52.5188],[13.41016,52.51877],[13.41016,52.51876],[13.41013,52.51876],[13.41008,52.51872],[13.41001,52.5187],[13.41,52.51869],[13.40997,52.51868],[13.40997,52.51866],[13.40995,52.51867],[13.40991,52.51865],[13.40991,52.51863],[13.40982,52.51863],[13.40984,52.51863],[13.40976,52.5186],[13.40971,52.51855],[13.40967,52.51855],[13.40965,52.51856],[13.40966,52.51859],[13.40964,52.51859],[13.40962,52.51862],[13.40956,52.51863],[13.40957,52.51866],[13.4095,52.51868],[13.40952,52.5187],[13.40944,52.51875],[13.40937,52.51881],[13.40942,52.51883],[13.40934,52.51883],[13.4093,52.51886],[13.40927,52.51886],[13.40961,52.51904],[13.40964,52.51904],[13.40969,52.519],[13.40969,52.51898],[13.40964,52.51896],[13.40968,52.51891],[13.40972,52.51889],[13.40973,52.51887],[13.40984,52.51878],[13.40993,52.51878],[13.40995,52.51881],[13.41006,52.51884],[13.41007,52.51887],[13.4101,52.51886],[13.4101,52.51888],[13.41016,52.5189],[13.41017,52.51892],[13.41023,52.51893],[13.41019,52.51896],[13.4102,52.51897],[13.41017,52.51896],[13.41016,52.51898],[13.41013,52.51897],[13.41015,52.51899],[13.41012,52.51901],[13.41012,52.51898],[13.41008,52.51898],[13.41007,52.51899],[13.41007,52.51901],[13.41002,52.51902],[13.41002,52.51904],[13.41005,52.51905],[13.41001,52.51905],[13.41001,52.51906],[13.40997,52.51907],[13.40999,52.51908],[13.40996,52.51908],[13.41,52.51909],[13.41001,52.51908],[13.41,52.51907],[13.41003,52.51908],[13.41004,52.51906],[13.41001,52.5191],[13.40997,52.5191],[13.40997,52.51909],[13.40992,52.51908],[13.4099,52.5191],[13.40991,52.51909],[13.40988,52.51909],[13.40986,52.51911],[13.40992,52.51912],[13.40988,52.51912],[13.40989,52.51913],[13.40986,52.51914],[13.4098,52.51912],[13.40979,52.51915],[13.40984,52.51914],[13.40993,52.51919],[13.40996,52.51918],[13.40992,52.51914],[13.40997,52.51913],[13.41001,52.51918],[13.41003,52.51913]],[[13.41,52.51914],[13.41002,52.51914],[13.41002,52.51915],[13.41,52.51914]],[[13.40999,52.51913],[13.40999,52.51913],[13.40999,52.51913],[13.40999,52.51913],[13.40999,52.51913]],[[13.41001,52.51912],[13.41001,52.51913],[13.41,52.51913],[13.41,52.51912],[13.41001,52.51912]],[[13.40988,52.51915],[13.4099,52.51914],[13.40991,52.51916],[13.40988,52.51915]],[[13.40991,52.51916],[13.40991,52.51917],[13.40991,52.51917],[13.40991,52.51916],[13.40991,52.51916]],[[13.40994,52.51911],[13.40994,52.51912],[13.40993,52.51912],[13.40993,52.51911],[13.40994,52.51911]],[[13.40994,52.5191],[13.40994,52.5191],[13.40994,52.5191],[13.40994,52.5191],[13.40994,52.5191],[13.40996,52.5191],[13.40996,52.51911],[13.40994,52.51911],[13.40994,52.5191]],[[13.41007,52.51904],[13.41007,52.51905],[13.41006,52.51905],[13.41006,52.51904],[13.41007,52.51904]],[[13.41006,52.51904],[13.41006,52.51903],[13.41006,52.51903],[13.41006,52.51904],[13.41006,52.51904],[13.41006,52.51904],[13.41005,52.51904],[13.41005,52.51904],[13.41006,52.51904]],[[13.41012,52.51902],[13.41012,52.51903],[13.41012,52.51903],[13.41012,52.51902],[13.41012,52.51902]],[[13.41009,52.51902],[13.41009,52.51902],[13.4101,52.51902],[13.4101,52.51902],[13.41009,52.51902],[13.41009,52.51903],[13.41009,52.51903],[13.41009,52.51902],[13.41009,52.51902]],[[13.41009,52.51901],[13.41009,52.519],[13.4101,52.519],[13.4101,52.51901],[13.4101,52.51901],[13.41009,52.51901],[13.41009,52.51901],[13.41009,52.51902],[13.41008,52.51902],[13.41008,52.51901],[13.41009,52.51901]],[[13.41015,52.51901],[13.41015,52.51901],[13.41014,52.51901],[13.41014,52.51901],[13.41015,52.51901]],[[13.41008,52.51899],[13.41008,52.519],[13.41007,52.519],[13.41007,52.51899],[13.41008,52.51899]],[[13.41027,52.5189],[13.41027,52.51891],[13.41026,52.51891],[13.41026,52.5189],[13.41027,52.5189]],[[13.41023,52.5189],[13.41023,52.5189],[13.41022,52.5189],[13.41022,52.5189],[13.41023,52.5189]],[[13.41028,52.51889],[13.41028,52.5189],[13.41028,52.5189],[13.41028,52.51889],[13.41028,52.51889]],[[13.41021,52.51889],[13.41022,52.51889],[13.41022,52.5189],[13.41021,52.5189],[13.41021,52.51889],[13.4102,52.51889],[13.4102,52.51889],[13.41021,52.51889],[13.41021,52.51888],[13.41022,52.51888],[13.41022,52.51889],[13.41021,52.51889],[13.41021,52.51889]],[[13.41028,52.51886],[13.41026,52.51886],[13.41029,52.51885],[13.41032,52.51887],[13.41027,52.51887],[13.41028,52.51886]],[[13.41026,52.51886],[13.41025,52.51886],[13.41024,52.51886],[13.41024,52.51886],[13.41026,52.51886]],[[13.41023,52.51886],[13.41023,52.51886],[13.41023,52.51886],[13.41023,52.51886],[13.41023,52.51886]],[[13.41014,52.51886],[13.41014,52.51887],[13.41012,52.51887],[13.41012,52.51886],[13.41014,52.51886]],[[13.41026,52.51885],[13.41026,52.51884],[13.41027,52.51884],[13.41026,52.51885]],[[13.41007,52.51884],[13.41007,52.51885],[13.41006,52.51885],[13.41006,52.51884],[13.41007,52.51884]],[[13.41019,52.51885],[13.41019,52.51885],[13.41018,52.51885],[13.41018,52.51885],[13.41019,52.51885]],[[13.41019,52.51882],[13.41019,52.51883],[13.41018,52.51883],[13.41018,52.51882],[13.41019,52.51882]],[[13.41015,52.5188],[13.41015,52.51881],[13.41015,52.51881],[13.41015,52.5188],[13.41015,52.5188]],[[13.41012,52.5188],[13.41012,52.51881],[13.41011,52.51881],[13.41011,52.5188],[13.41012,52.5188]],[[13.41015,52.51879],[13.41014,52.51879],[13.41016,52.5188],[13.41015,52.51879]],[[13.40998,52.51879],[13.40998,52.51879],[13.40999,52.51879],[13.40999,52.51879],[13.40998,52.51879],[13.40998,52.5188],[13.40998,52.5188],[13.40998,52.51879],[13.40998,52.51879]],[[13.41015,52.51878],[13.41015,52.51878],[13.41015,52.51878],[13.41015,52.51878],[13.41015,52.51878]],[[13.40998,52.51877],[13.40998,52.51878],[13.40997,52.51878],[13.40997,52.51877],[13.40998,52.51877]],[[13.40953,52.51882],[13.40946,52.51881],[13.40954,52.51878],[13.40952,52.51881],[13.4095,52.51881],[13.40953,52.51882]],[[13.4096,52.51881],[13.4096,52.51881],[13.40959,52.51881],[13.40959,52.51881],[13.4096,52.51881]],[[13.40955,52.51892],[13.40954,52.51894],[13.40952,52.51894],[13.40952,52.51892],[13.40956,52.51891],[13.40955,52.51888],[13.40959,52.51884],[13.40962,52.51885],[13.40961,52.51887],[13.40966,52.51887],[13.40961,52.51888],[13.40959,52.51892],[13.40955,52.51892]],[[13.40953,52.51886],[13.40953,52.51887],[13.4095,52.51887],[13.40953,52.51886]],[[13.40931,52.51887],[13.40931,52.51888],[13.4093,52.51888],[13.4093,52.51887],[13.40931,52.51887]],[[13.40933,52.51887],[13.40933,52.51889],[13.40932,52.51888],[13.40933,52.51887]],[[13.40954,52.5189],[13.40952,52.5189],[13.40952,52.51889],[13.40953,52.51889],[13.40953,52.51889],[13.40954,52.51889],[13.40954,52.5189]],[[13.40954,52.51888],[13.40954,52.51888],[13.40953,52.51888],[13.40953,52.51888],[13.40954,52.51888]],[[13.40938,52.5189],[13.40938,52.51891],[13.40937,52.51891],[13.40937,52.5189],[13.40938,52.5189]],[[13.40939,52.51891],[13.4094,52.51892],[13.40938,52.51892],[13.40939,52.51891]],[[13.40962,52.51902],[13.40962,52.51902],[13.4096,52.51902],[13.4096,52.51902],[13.40962,52.51902]],[[13.40985,52.51876],[13.40985,52.51877],[13.40985,52.51877],[13.40985,52.51876],[13.40985,52.51876]],[[13.41011,52.51876],[13.41011,52.51876],[13.4101,52.51876],[13.4101,52.51876],[13.41011,52.51876]],[[13.40948,52.51875],[13.40948,52.51875],[13.40947,52.51875],[13.40947,52.51875],[13.40948,52.51875]],[[13.41009,52.51875],[13.4101,52.51875],[13.41008,52.51875],[13.41009,52.51875]],[[13.41006,52.51875],[13.41005,52.51874],[13.41007,52.51874],[13.41006,52.51875]],[[13.40959,52.51873],[13.40957,52.51875],[13.40963,52.51871],[13.40959,52.51873]],[[13.40986,52.51873],[13.40986,52.51873],[13.40985,52.51873],[13.40985,52.51873],[13.40986,52.51873]],[[13.41005,52.51873],[13.41005,52.51873],[13.41004,52.51873],[13.41004,52.51873],[13.41005,52.51873]],[[13.41003,52.51872],[13.41003,52.51873],[13.41002,52.51873],[13.41002,52.51872],[13.41003,52.51872]],[[13.41001,52.51871],[13.41001,52.51872],[13.41,52.51872],[13.41,52.51871],[13.41001,52.51871]],[[13.41002,52.51874],[13.41002,52.51875],[13.41001,52.51875],[13.41001,52.51874],[13.41002,52.51874]],[[13.41,52.5187],[13.41,52.51871],[13.41,52.51871],[13.41,52.5187],[13.41,52.5187]],[[13.40997,52.5187],[13.40997,52.51871],[13.40997,52.51871],[13.40997,52.5187],[13.40997,52.5187]],[[13.40986,52.5187],[13.40986,52.51871],[13.40985,52.51871],[13.40985,52.5187],[13.40986,52.5187]],[[13.40998,52.5187],[13.40997,52.5187],[13.40997,52.51869],[13.40995,52.51869],[13.40995,52.5187],[13.40994,52.5187],[13.40994,52.51869],[13.40995,52.51869],[13.40995,52.51869],[13.40997,52.51869],[13.40997,52.51869],[13.40998,52.51869],[13.40998,52.5187],[13.40999,52.5187],[13.40999,52.5187],[13.40998,52.5187],[13.40998,52.5187]],[[13.40994,52.51869],[13.40992,52.51868],[13.40995,52.51868],[13.40994,52.51869]],[[13.40989,52.51865],[13.40989,52.51866],[13.40988,52.51866],[13.40988,52.51865],[13.40989,52.51865]],[[13.40976,52.51861],[13.40976,52.51861],[13.40976,52.51861],[13.40976,52.51861],[13.40976,52.51861]],[[13.40971,52.51856],[13.40971,52.51856],[13.4097,52.51856],[13.4097,52.51856],[13.40971,52.51856]],[[13.41023,52.51882],[13.41023,52.51883],[13.41022,52.51883],[13.41022,52.51882],[13.41023,52.51882]]]]},"properties":{"type":"extensiv"}},{"type":"Feature","geometry":{"type":"MultiPolygon","coordinates":[[[[13.40996,52.51914],[13.40994,52.51915],[13.40996,52.51916],[13.40996,52.51914]]]]},"properties":{"type":"extensiv"}},{"type":"Feature","geometry":{"type":"MultiPolygon","coordinates":[[[[13.41005,52.51912],[13.41004,52.51912],[13.41004,52.51912],[13.41005,52.51912],[13.41005,52.51912]]]]},"properties":{"type":"extensiv"}},{"type":"Feature","geometry":{"type":"MultiPolygon","coordinates":[[[[13.40981,52.51911],[13.40981,52.51912],[13.40982,52.51912],[13.40982,52.51911],[13.40981,52.51911]]]]},"properties":{"type":"extensiv"}},{"type":"Feature","geometry":{"type":"MultiPolygon","coordinates":[[[[13.4099,52.51908],[13.4099,52.51908],[13.40989,52.51908],[13.40989,52.51909],[13.4099,52.51909],[13.4099,52.51908]]]]},"properties":{"type":"extensiv"}},{"type":"Feature","geometry":{"type":"MultiPolygon","coordinates":[[[[13.40986,52.51907],[13.40986,52.51907],[13.40986,52.51907],[13.40986,52.51907],[13.40986,52.51907]]]]},"properties":{"type":"extensiv"}},{"type":"Feature","geometry":{"type":"MultiPolygon","coordinates":[[[[13.41024,52.51896],[13.41024,52.51895],[13.41024,52.51895],[13.41024,52.51896],[13.41024,52.51896],[13.41024,52.51896]]]]},"properties":{"type":"extensiv"}},{"type":"Feature","geometry":{"type":"MultiPolygon","coordinates":[[[[13.41026,52.51895],[13.41025,52.51895],[13.41025,52.51895],[13.41024,52.51895],[13.41024,52.51895],[13.41025,52.51895],[13.41026,52.51895],[13.41026,52.51895]]]]},"properties":{"type":"extensiv"}},{"type":"Feature","geometry":{"type":"MultiPolygon","coordinates":[[[[13.41009,52.51887],[13.41009,52.51887],[13.4101,52.51887],[13.4101,52.51887],[13.41009,52.51887]]]]},"properties":{"type":"extensiv"}},{"type":"Feature","geometry":{"type":"MultiPolygon","coordinates":[[[[13.40942,52.51876],[13.40941,52.51876],[13.40941,52.51876],[13.40942,52.51876],[13.40942,52.51876]]]]},"properties":{"type":"extensiv"}},{"type":"Feature","geometry":{"type":"MultiPolygon","coordinates":[[[[13.40959,52.51863],[13.40959,52.51863],[13.40959,52.51863],[13.40959,52.51863],[13.40959,52.51863]]]]},"properties":{"type":"extensiv"}},{"type":"Feature","geometry":{"type":"MultiPolygon","coordinates":[[[[13.40132,52.52212],[13.40131,52.52212],[13.40131,52.52213],[13.40132,52.52213],[13.40132,52.52212]]]]},"properties":{"type":"intensiv"}},{"type":"Feature","geometry":{"type":"MultiPolygon","coordinates":[[[[13.40105,52.52209],[13.40104,52.52209],[13.40104,52.5221],[13.40105,52.5221],[13.40105,52.52209]]]]},"properties":{"type":"intensiv"}},{"type":"Feature","geometry":{"type":"MultiPolygon","coordinates":[[[[13.40132,52.5221],[13.40131,52.5221],[13.40131,52.5221],[13.40132,52.5221],[13.40132,52.5221]]]]},"properties":{"type":"intensiv"}},{"type":"Feature","geometry":{"type":"MultiPolygon","coordinates":[[[[13.40126,52.52209],[13.40125,52.52209],[13.40125,52.52209],[13.40126,52.52209],[13.40126,52.52209]]]]},"properties":{"type":"intensiv"}},{"type":"Feature","geometry":{"type":"MultiPolygon","coordinates":[[[[13.40127,52.52209],[13.40126,52.52209],[13.40127,52.52209],[13.40127,52.5221],[13.40128,52.5221],[13.40128,52.52209],[13.40129,52.52209],[13.40129,52.52209],[13.40127,52.52209]]]]},"properties":{"type":"intensiv"}},{"type":"Feature","geometry":{"type":"MultiPolygon","coordinates":[[[[13.40132,52.52209],[13.40132,52.52209],[13.40132,52.52209],[13.40132,52.52209],[13.40132,52.52209]]]]},"properties":{"type":"intensiv"}},{"type":"Feature","geometry":{"type":"MultiPolygon","coordinates":[[[[13.40126,52.52209],[13.40127,52.52209],[13.40127,52.52208],[13.40126,52.52208],[13.40126,52.52209]]]]},"properties":{"type":"intensiv"}},{"type":"Feature","geometry":{"type":"MultiPolygon","coordinates":[[[[13.40105,52.52208],[13.40104,52.52208],[13.40104,52.52208],[13.40105,52.52208],[13.40105,52.52208]]]]},"properties":{"type":"intensiv"}},{"type":"Feature","geometry":{"type":"MultiPolygon","coordinates":[[[[13.40102,52.52207],[13.40101,52.52208],[13.40102,52.52208],[13.40102,52.52207],[13.40102,52.52207]]]]},"properties":{"type":"intensiv"}},{"type":"Feature","geometry":{"type":"MultiPolygon","coordinates":[[[[13.40118,52.52207],[13.40118,52.52207],[13.40118,52.52208],[13.40118,52.52208],[13.40118,52.52207]]]]},"properties":{"type":"intensiv"}},{"type":"Feature","geometry":{"type":"MultiPolygon","coordinates":[[[[13.40116,52.52207],[13.40115,52.52207],[13.40115,52.52207],[13.40115,52.52207],[13.40116,52.52207]]]]},"properties":{"type":"intensiv"}},{"type":"Feature","geometry":{"type":"MultiPolygon","coordinates":[[[[13.40106,52.52205],[13.40105,52.52205],[13.40105,52.52206],[13.40106,52.52206],[13.40106,52.52205]]]]},"properties":{"type":"intensiv"}},{"type":"Feature","geometry":{"type":"MultiPolygon","coordinates":[[[[13.40118,52.52205],[13.40117,52.52206],[13.4012,52.52207],[13.40118,52.52205]]]]},"properties":{"type":"intensiv"}},{"type":"Feature","geometry":{"type":"MultiPolygon","coordinates":[[[[13.40121,52.52205],[13.4012,52.52205],[13.4012,52.52206],[13.40121,52.52206],[13.40121,52.52205]]]]},"properties":{"type":"intensiv"}},{"type":"Feature","geometry":{"type":"MultiPolygon","coordinates":[[[[13.40128,52.52205],[13.40127,52.52205],[13.40127,52.52206],[13.40128,52.52206],[13.40128,52.52205]]]]},"properties":{"type":"intensiv"}},{"type":"Feature","geometry":{"type":"MultiPolygon","coordinates":[[[[13.40096,52.52204],[13.40095,52.52204],[13.40095,52.52204],[13.40096,52.52204],[13.40096,52.52204]]]]},"properties":{"type":"intensiv"}},{"type":"Feature","geometry":{"type":"MultiPolygon","coordinates":[[[[13.40122,52.52204],[13.40121,52.52204],[13.40121,52.52204],[13.40122,52.52204],[13.40122,52.52204]]]]},"properties":{"type":"intensiv"}},{"type":"Feature","geometry":{"type":"MultiPolygon","coordinates":[[[[13.4013,52.52204],[13.40129,52.52204],[13.40129,52.52204],[13.4013,52.52204],[13.4013,52.52204]]]]},"properties":{"type":"intensiv"}},{"type":"Feature","geometry":{"type":"MultiPolygon","coordinates":[[[[13.40094,52.52203],[13.40093,52.52203],[13.40093,52.52203],[13.40094,52.52203],[13.40094,52.52203]]]]},"properties":{"type":"intensiv"}},{"type":"Feature","geometry":{"type":"MultiPolygon","coordinates":[[[[13.40119,52.52203],[13.40119,52.52203],[13.40121,52.52203],[13.40121,52.52203],[13.40119,52.52203]]]]},"properties":{"type":"intensiv"}},{"type":"Feature","geometry":{"type":"MultiPolygon","coordinates":[[[[13.40122,52.52204],[13.40122,52.52204],[13.40122,52.52203],[13.40122,52.52203],[13.40122,52.52204]]]]},"properties":{"type":"intensiv"}},{"type":"Feature","geometry":{"type":"MultiPolygon","coordinates":[[[[13.40116,52.52202],[13.40115,52.52202],[13.40115,52.52203],[13.40116,52.52203],[13.40116,52.52202]]]]},"properties":{"type":"intensiv"}},{"type":"Feature","geometry":{"type":"MultiPolygon","coordinates":[[[[13.40119,52.52203],[13.40119,52.52202],[13.40117,52.52202],[13.40117,52.52203],[13.40118,52.52203],[13.40118,52.52203],[13.40119,52.52203],[13.40119,52.52203],[13.40119,52.52203]]]]},"properties":{"type":"intensiv"}},{"type":"Feature","geometry":{"type":"MultiPolygon","coordinates":[[[[13.40104,52.52202],[13.40104,52.52202],[13.40105,52.52202],[13.40105,52.52202],[13.40104,52.52202]]]]},"properties":{"type":"intensiv"}},{"type":"Feature","geometry":{"type":"MultiPolygon","coordinates":[[[[13.40113,52.52202],[13.40113,52.52202],[13.40113,52.52202],[13.40113,52.52202],[13.40113,52.52202]]]]},"properties":{"type":"intensiv"}},{"type":"Feature","geometry":{"type":"MultiPolygon","coordinates":[[[[13.40104,52.52166],[13.40104,52.52165],[13.40104,52.52165],[13.40104,52.52166],[13.40104,52.52166],[13.40104,52.52166]]]]},"properties":{"type":"intensiv"}},{"type":"Feature","geometry":{"type":"MultiPolygon","coordinates":[[[[13.40102,52.52165],[13.40101,52.52165],[13.40101,52.52165],[13.40102,52.52165],[13.40102,52.52165]]]]},"properties":{"type":"intensiv"}},{"type":"Feature","geometry":{"type":"MultiPolygon","coordinates":[[[[13.40104,52.52165],[13.40104,52.52165],[13.40103,52.52165],[13.40103,52.52165],[13.40104,52.52165]]]]},"properties":{"type":"intensiv"}},{"type":"Feature","geometry":{"type":"MultiPolygon","coordinates":[[[[13.40095,52.52164],[13.40095,52.52164],[13.40096,52.52164],[13.40096,52.52163],[13.40095,52.52163],[13.40095,52.52164]]]]},"properties":{"type":"intensiv"}},{"type":"Feature","geometry":{"type":"MultiPolygon","coordinates":[[[[13.40094,52.52163],[13.40094,52.52163],[13.40094,52.52163],[13.40094,52.52163],[13.40094,52.52163]]]]},"properties":{"type":"intensiv"}},{"type":"Feature","geometry":{"type":"MultiPolygon","coordinates":[[[[13.40102,52.52163],[13.40101,52.52163],[13.40101,52.52164],[13.40102,52.52164],[13.40102,52.52163]]]]},"properties":{"type":"intensiv"}},{"type":"Feature","geometry":{"type":"MultiPolygon","coordinates":[[[[13.40106,52.52164],[13.40107,52.52163],[13.40105,52.52164],[13.40106,52.52164]]]]},"properties":{"type":"intensiv"}},{"type":"Feature","geometry":{"type":"MultiPolygon","coordinates":[[[[13.40108,52.52162],[13.40108,52.52162],[13.40107,52.52162],[13.40107,52.52163],[13.40107,52.52163],[13.40108,52.52162]]]]},"properties":{"type":"intensiv"}},{"type":"Feature","geometry":{"type":"MultiPolygon","coordinates":[[[[13.40098,52.52162],[13.40097,52.52162],[13.40097,52.52162],[13.40097,52.52162],[13.40098,52.52162]]]]},"properties":{"type":"intensiv"}},{"type":"Feature","geometry":{"type":"MultiPolygon","coordinates":[[[[13.40105,52.52163],[13.40101,52.52162],[13.40103,52.52163],[13.40102,52.52164],[13.40105,52.52163]]]]},"properties":{"type":"intensiv"}},{"type":"Feature","geometry":{"type":"MultiPolygon","coordinates":[[[[13.40106,52.52162],[13.40105,52.52162],[13.40105,52.52163],[13.40105,52.52163],[13.40105,52.52162],[13.40106,52.52162],[13.40106,52.52162]]]]},"properties":{"type":"intensiv"}},{"type":"Feature","geometry":{"type":"MultiPolygon","coordinates":[[[[13.40106,52.52162],[13.40108,52.52162],[13.40108,52.52161],[13.40106,52.52161],[13.40106,52.52162]]]]},"properties":{"type":"intensiv"}},{"type":"Feature","geometry":{"type":"MultiPolygon","coordinates":[[[[13.40109,52.52161],[13.40108,52.52161],[13.40108,52.52161],[13.40109,52.52161],[13.40109,52.52161]]]]},"properties":{"type":"intensiv"}},{"type":"Feature","geometry":{"type":"MultiPolygon","coordinates":[[[[13.40108,52.5216],[13.40108,52.5216],[13.40108,52.5216],[13.40108,52.5216],[13.40108,52.5216]]]]},"properties":{"type":"intensiv"}},{"type":"Feature","geometry":{"type":"MultiPolygon","coordinates":[[[[13.40109,52.52159],[13.40109,52.5216],[13.4011,52.5216],[13.4011,52.52159],[13.40109,52.52159]]]]},"properties":{"type":"intensiv"}},{"type":"Feature","geometry":{"type":"MultiPolygon","coordinates":[[[[13.40107,52.52158],[13.40106,52.52158],[13.40106,52.52159],[13.40107,52.52159],[13.40107,52.52158]]]]},"properties":{"type":"intensiv"}},{"type":"Feature","geometry":{"type":"MultiPolygon","coordinates":[[[[13.4011,52.52158],[13.4011,52.52159],[13.40111,52.52159],[13.40111,52.52158],[13.4011,52.52158]]]]},"properties":{"type":"intensiv"}},{"type":"Feature","geometry":{"type":"MultiPolygon","coordinates":[[[[13.4011,52.52158],[13.40106,52.52157],[13.40108,52.52159],[13.4011,52.52158]]]]},"properties":{"type":"intensiv"}},{"type":"Feature","geometry":{"type":"MultiPolygon","coordinates":[[[[13.40111,52.52157],[13.4011,52.52157],[13.4011,52.52158],[13.40111,52.52158],[13.40111,52.52157]]]]},"properties":{"type":"intensiv"}},{"type":"Feature","geometry":{"type":"MultiPolygon","coordinates":[[[[13.40109,52.52156],[13.40108,52.52157],[13.40109,52.52157],[13.40109,52.52156],[13.40109,52.52156]]]]},"properties":{"type":"intensiv"}},{"type":"Feature","geometry":{"type":"MultiPolygon","coordinates":[[[[13.40111,52.52156],[13.40111,52.52156],[13.40111,52.52157],[13.40111,52.52157],[13.40111,52.52156]]]]},"properties":{"type":"intensiv"}},{"type":"Feature","geometry":{"type":"MultiPolygon","coordinates":[[[[13.40109,52.52156],[13.40108,52.52156],[13.40108,52.52156],[13.40109,52.52156],[13.40109,52.52156]]]]},"properties":{"type":"intensiv"}},{"type":"Feature","geometry":{"type":"MultiPolygon","coordinates":[[[[13.4011,52.52156],[13.40109,52.52156],[13.40109,52.52156],[13.4011,52.52156],[13.4011,52.52156]]]]},"properties":{"type":"intensiv"}},{"type":"Feature","geometry":{"type":"MultiPolygon","coordinates":[[[[13.40111,52.52156],[13.40113,52.52156],[13.40113,52.52156],[13.40112,52.52156],[13.40112,52.52156],[13.40111,52.52156],[13.40111,52.52156]]]]},"properties":{"type":"intensiv"}},{"type":"Feature","geometry":{"type":"MultiPolygon","coordinates":[[[[13.4011,52.52155],[13.40109,52.52155],[13.40109,52.52156],[13.4011,52.52156],[13.4011,52.52155]]]]},"properties":{"type":"extensiv"}},{"type":"Feature","geometry":{"type":"MultiPolygon","coordinates":[[[[13.40091,52.52155],[13.40092,52.52155],[13.40092,52.52154],[13.40091,52.52154],[13.40091,52.52155]]]]},"properties":{"type":"extensiv"}},{"type":"Feature","geometry":{"type":"MultiPolygon","coordinates":[[[[13.40111,52.52155],[13.4011,52.52155],[13.4011,52.52155],[13.40111,52.52155],[13.40111,52.52155]]]]},"properties":{"type":"extensiv"}},{"type":"Feature","geometry":{"type":"MultiPolygon","coordinates":[[[[13.40111,52.52155],[13.4011,52.52156],[13.40111,52.52156],[13.40111,52.52155]]]]},"properties":{"type":"intensiv"}},{"type":"Feature","geometry":{"type":"MultiPolygon","coordinates":[[[[13.4011,52.52155],[13.4011,52.52155],[13.40109,52.52155],[13.40109,52.52154],[13.40109,52.52154],[13.40109,52.52155],[13.40107,52.52155],[13.40107,52.52155],[13.40109,52.52155],[13.40109,52.52156],[13.40109,52.52156],[13.40109,52.52155],[13.4011,52.52155]]]]},"properties":{"type":"intensiv"}},{"type":"Feature","geometry":{"type":"MultiPolygon","coordinates":[[[[13.40109,52.52154],[13.40109,52.52155],[13.4011,52.52155],[13.4011,52.52154],[13.40109,52.52154]]]]},"properties":{"type":"extensiv"}},{"type":"Feature","geometry":{"type":"MultiPolygon","coordinates":[[[[13.40112,52.52154],[13.40113,52.52154],[13.40113,52.52154],[13.40112,52.52154],[13.40112,52.52154]]]]},"properties":{"type":"extensiv"}},{"type":"Feature","geometry":{"type":"MultiPolygon","coordinates":[[[[13.40098,52.52152],[13.40097,52.52152],[13.40097,52.52152],[13.40098,52.52152],[13.40098,52.52152]]]]},"properties":{"type":"intensiv"}},{"type":"Feature","geometry":{"type":"MultiPolygon","coordinates":[[[[13.40097,52.52152],[13.40098,52.52152],[13.40098,52.52152],[13.40097,52.52152],[13.40097,52.52152]]]]},"properties":{"type":"extensiv"}},{"type":"Feature","geometry":{"type":"MultiPolygon","coordinates":[[[[13.40113,52.5215],[13.40112,52.5215],[13.40112,52.5215],[13.40113,52.5215],[13.40113,52.5215],[13.40113,52.5215]]]]},"properties":{"type":"intensiv"}},{"type":"Feature","geometry":{"type":"MultiPolygon","coordinates":[[[[13.40095,52.52149],[13.40096,52.52149],[13.40095,52.52149],[13.40095,52.52149],[13.40095,52.52149]]]]},"properties":{"type":"extensiv"}},{"type":"Feature","geometry":{"type":"MultiPolygon","coordinates":[[[[13.40115,52.52152],[13.40104,52.5215],[13.40104,52.52151],[13.40106,52.52151],[13.40107,52.52153],[13.40109,52.52153],[13.4011,52.52155],[13.40111,52.52153],[13.40114,52.52155],[13.40115,52.52152]]]]},"properties":{"type":"intensiv"}},{"type":"Feature","geometry":{"type":"MultiPolygon","coordinates":[[[[13.40095,52.52149],[13.40098,52.5215],[13.40098,52.52149],[13.40095,52.52149]]]]},"properties":{"type":"extensiv"}},{"type":"Feature","geometry":{"type":"MultiPolygon","coordinates":[[[[13.40099,52.52149],[13.40099,52.52149],[13.40098,52.52149],[13.40098,52.52149],[13.40099,52.52149]]]]},"properties":{"type":"extensiv"}},{"type":"Feature","geometry":{"type":"MultiPolygon","coordinates":[[[[13.40118,52.52148],[13.40118,52.52148],[13.40118,52.52149],[13.40118,52.52149],[13.40118,52.52148]]]]},"properties":{"type":"extensiv"}},{"type":"Feature","geometry":{"type":"MultiPolygon","coordinates":[[[[13.40097,52.52162],[13.40093,52.5216],[13.40096,52.52154],[13.40093,52.52153],[13.40101,52.52153],[13.40101,52.5215],[13.40098,52.52149],[13.40101,52.52149],[13.40095,52.52147],[13.40096,52.52149],[13.40094,52.52149],[13.4009,52.52155],[13.40092,52.52156],[13.40089,52.52157],[13.4009,52.52159],[13.40088,52.52159],[13.40087,52.52162],[13.40096,52.52163],[13.40097,52.52162]],[[13.40095,52.52149],[13.40098,52.52149],[13.40098,52.5215],[13.40095,52.52149]]]]},"properties":{"type":"intensiv"}},{"type":"Feature","geometry":{"type":"MultiPolygon","coordinates":[[[[13.40118,52.52151],[13.4012,52.52149],[13.40115,52.52147],[13.40113,52.52148],[13.40114,52.5215],[13.40118,52.52151]]]]},"properties":{"type":"intensiv"}},{"type":"Feature","geometry":{"type":"MultiPolygon","coordinates":[[[[13.40104,52.52201],[13.40102,52.52207],[13.40101,52.52207],[13.40102,52.52208],[13.40101,52.52208],[13.40101,52.52211],[13.40104,52.52212],[13.40128,52.52215],[13.40135,52.52211],[13.40135,52.52209],[13.40133,52.52208],[13.40134,52.52204],[13.40132,52.52203],[13.40125,52.52204],[13.40125,52.52203],[13.40122,52.52202],[13.40104,52.52201]],[[13.40113,52.52202],[13.40113,52.52202],[13.40113,52.52202],[13.40113,52.52202],[13.40113,52.52202]],[[13.40116,52.52202],[13.40116,52.52203],[13.40115,52.52203],[13.40115,52.52202],[13.40116,52.52202]],[[13.40119,52.52203],[13.40121,52.52203],[13.40117,52.52202],[13.40119,52.52203]],[[13.40122,52.52204],[13.40122,52.52204],[13.40121,52.52204],[13.40121,52.52204],[13.40122,52.52204],[13.40122,52.52203],[13.40122,52.52203],[13.40122,52.52204],[13.40122,52.52204]],[[13.40116,52.52206],[13.40115,52.52204],[13.40117,52.52204],[13.40116,52.52206]],[[13.40118,52.52205],[13.4012,52.52207],[13.40117,52.52206],[13.40118,52.52205]],[[13.40106,52.52205],[13.40106,52.52206],[13.40105,52.52206],[13.40105,52.52205],[13.40106,52.52205]],[[13.40116,52.52207],[13.40115,52.52207],[13.40115,52.52207],[13.40115,52.52207],[13.40116,52.52207]],[[13.40128,52.52205],[13.40128,52.52206],[13.40127,52.52206],[13.40127,52.52205],[13.40128,52.52205]],[[13.40121,52.52205],[13.40121,52.52206],[13.4012,52.52206],[13.4012,52.52205],[13.40121,52.52205]],[[13.4013,52.52204],[13.4013,52.52204],[13.40129,52.52204],[13.40129,52.52204],[13.4013,52.52204]],[[13.40118,52.52207],[13.40118,52.52208],[13.40118,52.52208],[13.40118,52.52207],[13.40118,52.52207]],[[13.40105,52.52208],[13.40105,52.52208],[13.40104,52.52208],[13.40104,52.52208],[13.40105,52.52208]],[[13.40127,52.52209],[13.40129,52.52209],[13.40125,52.52209],[13.40127,52.52209]],[[13.40105,52.52209],[13.40105,52.5221],[13.40104,52.5221],[13.40104,52.52209],[13.40105,52.52209]],[[13.40132,52.5221],[13.40132,52.5221],[13.40131,52.5221],[13.40131,52.5221],[13.40132,52.5221]],[[13.40132,52.52209],[13.40132,52.52209],[13.40132,52.52209],[13.40132,52.52209],[13.40132,52.52209]],[[13.40132,52.52212],[13.40132,52.52213],[13.40131,52.52213],[13.40131,52.52212],[13.40132,52.52212]]]]},"properties":{"type":"extensiv"}},{"type":"Feature","geometry":{"type":"MultiPolygon","coordinates":[[[[13.40094,52.52203],[13.40089,52.52203],[13.40088,52.52205],[13.40098,52.52206],[13.40096,52.52203],[13.40094,52.52203]],[[13.40096,52.52204],[13.40096,52.52204],[13.40095,52.52204],[13.40095,52.52204],[13.40096,52.52204]]]]},"properties":{"type":"extensiv"}},{"type":"Feature","geometry":{"type":"MultiPolygon","coordinates":[[[[13.40104,52.52165],[13.40106,52.52164],[13.40105,52.52164],[13.40105,52.52163],[13.40102,52.52164],[13.40103,52.52163],[13.40101,52.52162],[13.40105,52.52163],[13.40108,52.52161],[13.40105,52.52163],[13.40108,52.52162],[13.40117,52.52153],[13.40115,52.52152],[13.40114,52.52155],[13.40111,52.52154],[13.40111,52.52156],[13.40109,52.52156],[13.40108,52.52157],[13.40107,52.52155],[13.40109,52.52154],[13.40107,52.52153],[13.40106,52.52157],[13.40113,52.52156],[13.4011,52.52158],[13.40111,52.52159],[13.40109,52.52158],[13.4011,52.5216],[13.40106,52.52158],[13.40106,52.52161],[13.401,52.52161],[13.40099,52.52165],[13.40104,52.52165]],[[13.40102,52.52165],[13.40102,52.52165],[13.40101,52.52165],[13.40101,52.52165],[13.40102,52.52165]],[[13.40102,52.52163],[13.40102,52.52164],[13.40101,52.52164],[13.40101,52.52163],[13.40102,52.52163]],[[13.40108,52.5216],[13.40108,52.5216],[13.40108,52.5216],[13.40108,52.5216],[13.40108,52.5216]]]]},"properties":{"type":"extensiv"}},{"type":"Feature","geometry":{"type":"MultiPolygon","coordinates":[[[[13.40097,52.52162],[13.40091,52.52163],[13.40097,52.52164],[13.40097,52.52162]],[[13.40094,52.52163],[13.40094,52.52163],[13.40094,52.52163],[13.40094,52.52163],[13.40094,52.52163]]]]},"properties":{"type":"extensiv"}},{"type":"Feature","geometry":{"type":"MultiPolygon","coordinates":[[[[13.40107,52.52163],[13.40107,52.52163],[13.40107,52.52163],[13.40106,52.52163],[13.40106,52.52164],[13.40107,52.52163]]]]},"properties":{"type":"extensiv"}},{"type":"Feature","geometry":{"type":"MultiPolygon","coordinates":[[[[13.40088,52.52162],[13.40089,52.52163],[13.40089,52.52162],[13.40088,52.52162]]]]},"properties":{"type":"extensiv"}},{"type":"Feature","geometry":{"type":"MultiPolygon","coordinates":[[[[13.40088,52.5216],[13.40086,52.52162],[13.40088,52.52162],[13.40088,52.5216]]]]},"properties":{"type":"extensiv"}},{"type":"Feature","geometry":{"type":"MultiPolygon","coordinates":[[[[13.40095,52.5216],[13.40095,52.52161],[13.40097,52.52161],[13.40097,52.52161],[13.40097,52.52161],[13.40097,52.52162],[13.40098,52.52162],[13.40098,52.52161],[13.40095,52.5216]]]]},"properties":{"type":"extensiv"}},{"type":"Feature","geometry":{"type":"MultiPolygon","coordinates":[[[[13.40089,52.52157],[13.40088,52.52159],[13.4009,52.52159],[13.40089,52.52157]]]]},"properties":{"type":"extensiv"}},{"type":"Feature","geometry":{"type":"MultiPolygon","coordinates":[[[[13.40094,52.52158],[13.40094,52.52158],[13.40094,52.52159],[13.40094,52.52159],[13.40094,52.52158]]]]},"properties":{"type":"extensiv"}},{"type":"Feature","geometry":{"type":"MultiPolygon","coordinates":[[[[13.40095,52.52156],[13.40095,52.52156],[13.40094,52.52157],[13.40095,52.52156]]]]},"properties":{"type":"extensiv"}},{"type":"Feature","geometry":{"type":"MultiPolygon","coordinates":[[[[13.40091,52.52155],[13.40089,52.52157],[13.40092,52.52156],[13.40091,52.52155]]]]},"properties":{"type":"extensiv"}},{"type":"Feature","geometry":{"type":"MultiPolygon","coordinates":[[[[13.40097,52.52152],[13.40093,52.52153],[13.40096,52.52154],[13.40097,52.52152]]]]},"properties":{"type":"extensiv"}},{"type":"Feature","geometry":{"type":"MultiPolygon","coordinates":[[[[13.40092,52.52153],[13.40091,52.52154],[13.40092,52.52154],[13.40092,52.52153]]]]},"properties":{"type":"extensiv"}},{"type":"Feature","geometry":{"type":"MultiPolygon","coordinates":[[[[13.40101,52.52152],[13.40101,52.52152],[13.40101,52.52153],[13.40101,52.52153],[13.40101,52.52152]]]]},"properties":{"type":"extensiv"}},{"type":"Feature","geometry":{"type":"MultiPolygon","coordinates":[[[[13.40098,52.52152],[13.40098,52.52152],[13.40099,52.52152],[13.40099,52.52152],[13.40098,52.52152]]]]},"properties":{"type":"extensiv"}},{"type":"Feature","geometry":{"type":"MultiPolygon","coordinates":[[[[13.40114,52.52152],[13.40112,52.52152],[13.40112,52.52152],[13.40113,52.52152],[13.40113,52.52152],[13.40114,52.52152],[13.40114,52.52152]]]]},"properties":{"type":"extensiv"}},{"type":"Feature","geometry":{"type":"MultiPolygon","coordinates":[[[[13.40092,52.52151],[13.40092,52.52152],[13.40092,52.52152],[13.40092,52.52151]]]]},"properties":{"type":"extensiv"}},{"type":"Feature","geometry":{"type":"MultiPolygon","coordinates":[[[[13.40118,52.52151],[13.40118,52.52151],[13.40118,52.52151],[13.40117,52.52151],[13.40117,52.52151],[13.40116,52.52151],[13.40116,52.52151],[13.40116,52.52151],[13.40117,52.52152],[13.40118,52.52151]]]]},"properties":{"type":"extensiv"}},{"type":"Feature","geometry":{"type":"MultiPolygon","coordinates":[[[[13.401,52.52148],[13.40101,52.52149],[13.40099,52.5215],[13.40101,52.52151],[13.40102,52.52148],[13.401,52.52148]]]]},"properties":{"type":"extensiv"}},{"type":"Feature","geometry":{"type":"MultiPolygon","coordinates":[[[[13.40109,52.52151],[13.40109,52.52151],[13.40111,52.52151],[13.40111,52.52151],[13.40111,52.52151],[13.4011,52.52151],[13.40109,52.52151]]]]},"properties":{"type":"extensiv"}},{"type":"Feature","geometry":{"type":"MultiPolygon","coordinates":[[[[13.40109,52.52151],[13.40109,52.52151],[13.40109,52.5215],[13.40108,52.5215],[13.40108,52.5215],[13.40108,52.52151],[13.40109,52.52151],[13.40109,52.52151],[13.40109,52.52151]]]]},"properties":{"type":"extensiv"}},{"type":"Feature","geometry":{"type":"MultiPolygon","coordinates":[[[[13.40105,52.52149],[13.40102,52.52149],[13.40102,52.5215],[13.40104,52.52151],[13.40105,52.52149]]]]},"properties":{"type":"extensiv"}},{"type":"Feature","geometry":{"type":"MultiPolygon","coordinates":[[[[13.40093,52.5215],[13.40093,52.52151],[13.40093,52.52151],[13.40093,52.5215],[13.40093,52.5215]]]]},"properties":{"type":"extensiv"}},{"type":"Feature","geometry":{"type":"MultiPolygon","coordinates":[[[[13.40114,52.52151],[13.40115,52.52151],[13.40115,52.52151],[13.40114,52.52151]]]]},"properties":{"type":"extensiv"}},{"type":"Feature","geometry":{"type":"MultiPolygon","coordinates":[[[[13.40113,52.5215],[13.40113,52.5215],[13.40113,52.5215],[13.40114,52.5215],[13.40114,52.5215],[13.40113,52.5215]]]]},"properties":{"type":"extensiv"}},{"type":"Feature","geometry":{"type":"MultiPolygon","coordinates":[[[[13.40119,52.5215],[13.40118,52.5215],[13.40118,52.5215],[13.40119,52.5215]]]]},"properties":{"type":"extensiv"}},{"type":"Feature","geometry":{"type":"MultiPolygon","coordinates":[[[[13.40107,52.52149],[13.40107,52.5215],[13.40107,52.5215],[13.40107,52.5215],[13.40107,52.52149],[13.40107,52.52149]]]]},"properties":{"type":"extensiv"}},{"type":"Feature","geometry":{"type":"MultiPolygon","coordinates":[[[[13.40113,52.5215],[13.40113,52.52148],[13.40112,52.5215],[13.40113,52.5215]]]]},"properties":{"type":"extensiv"}},{"type":"Feature","geometry":{"type":"MultiPolygon","coordinates":[[[[13.4012,52.52149],[13.40119,52.52149],[13.40119,52.5215],[13.4012,52.52149]]]]},"properties":{"type":"extensiv"}},{"type":"Feature","geometry":{"type":"MultiPolygon","coordinates":[[[[13.40099,52.52147],[13.40095,52.52147],[13.40094,52.52149],[13.40096,52.52149],[13.40095,52.52147],[13.40099,52.52147]]]]},"properties":{"type":"extensiv"}},{"type":"Feature","geometry":{"type":"MultiPolygon","coordinates":[[[[13.40118,52.52148],[13.40118,52.52148],[13.40119,52.52148],[13.40118,52.52148]]]]},"properties":{"type":"extensiv"}},{"type":"Feature","geometry":{"type":"MultiPolygon","coordinates":[[[[13.40263,52.52226],[13.40262,52.52226],[13.40262,52.52227],[13.40263,52.52227],[13.40263,52.52226]]]]},"properties":{"type":"intensiv"}},{"type":"Feature","geometry":{"type":"MultiPolygon","coordinates":[[[[13.40273,52.52226],[13.40273,52.52226],[13.40273,52.52226],[13.40273,52.52226],[13.40273,52.52226]]]]},"properties":{"type":"intensiv"}},{"type":"Feature","geometry":{"type":"MultiPolygon","coordinates":[[[[13.40273,52.52225],[13.40272,52.52225],[13.40272,52.52226],[13.40273,52.52226],[13.40273,52.52225]]]]},"properties":{"type":"intensiv"}},{"type":"Feature","geometry":{"type":"MultiPolygon","coordinates":[[[[13.40272,52.52225],[13.40273,52.52225],[13.40273,52.52225],[13.40272,52.52225],[13.40272,52.52225]]]]},"properties":{"type":"extensiv"}},{"type":"Feature","geometry":{"type":"MultiPolygon","coordinates":[[[[13.40275,52.52225],[13.40274,52.52227],[13.40275,52.52227],[13.40275,52.52225]]]]},"properties":{"type":"intensiv"}},{"type":"Feature","geometry":{"type":"MultiPolygon","coordinates":[[[[13.40274,52.52225],[13.40274,52.52224],[13.4027,52.52224],[13.4027,52.52225],[13.4027,52.52225],[13.4027,52.52225],[13.40272,52.52225],[13.40272,52.52225],[13.40273,52.52225],[13.40273,52.52225],[13.40273,52.52225],[13.40273,52.52225],[13.40274,52.52225]]]]},"properties":{"type":"intensiv"}},{"type":"Feature","geometry":{"type":"MultiPolygon","coordinates":[[[[13.40275,52.52225],[13.40276,52.52225],[13.40276,52.52224],[13.40275,52.52224],[13.40275,52.52225]]]]},"properties":{"type":"intensiv"}},{"type":"Feature","geometry":{"type":"MultiPolygon","coordinates":[[[[13.40268,52.52223],[13.40267,52.52225],[13.40269,52.52224],[13.40268,52.52223]]]]},"properties":{"type":"intensiv"}},{"type":"Feature","geometry":{"type":"MultiPolygon","coordinates":[[[[13.40271,52.52223],[13.4027,52.52223],[13.4027,52.52224],[13.40271,52.52224],[13.40271,52.52223]]]]},"properties":{"type":"intensiv"}},{"type":"Feature","geometry":{"type":"MultiPolygon","coordinates":[[[[13.40268,52.52223],[13.40268,52.52223],[13.40267,52.52223],[13.40267,52.52222],[13.40266,52.52222],[13.40266,52.52223],[13.40268,52.52223]]]]},"properties":{"type":"intensiv"}},{"type":"Feature","geometry":{"type":"MultiPolygon","coordinates":[[[[13.40266,52.52221],[13.40265,52.52221],[13.40265,52.52222],[13.40266,52.52222],[13.40266,52.52221]]]]},"properties":{"type":"intensiv"}},{"type":"Feature","geometry":{"type":"MultiPolygon","coordinates":[[[[13.40268,52.52222],[13.40267,52.52221],[13.40267,52.52222],[13.40268,52.52222],[13.40268,52.52222]]]]},"properties":{"type":"intensiv"}},{"type":"Feature","geometry":{"type":"MultiPolygon","coordinates":[[[[13.40257,52.52209],[13.40257,52.5221],[13.40258,52.5221],[13.40258,52.52209],[13.40257,52.52209]]]]},"properties":{"type":"intensiv"}},{"type":"Feature","geometry":{"type":"MultiPolygon","coordinates":[[[[13.4026,52.52208],[13.40259,52.52208],[13.40259,52.52208],[13.4026,52.52208],[13.4026,52.52208]]]]},"properties":{"type":"intensiv"}},{"type":"Feature","geometry":{"type":"MultiPolygon","coordinates":[[[[13.40262,52.52208],[13.40261,52.52208],[13.40261,52.52208],[13.40262,52.52208],[13.40262,52.52208]]]]},"properties":{"type":"intensiv"}},{"type":"Feature","geometry":{"type":"MultiPolygon","coordinates":[[[[13.40262,52.52208],[13.40264,52.52208],[13.40264,52.52208],[13.40262,52.52207],[13.40262,52.52208]]]]},"properties":{"type":"intensiv"}},{"type":"Feature","geometry":{"type":"MultiPolygon","coordinates":[[[[13.4026,52.52207],[13.40259,52.52207],[13.40259,52.52207],[13.4026,52.52207],[13.4026,52.52207]]]]},"properties":{"type":"intensiv"}},{"type":"Feature","geometry":{"type":"MultiPolygon","coordinates":[[[[13.40264,52.52207],[13.40263,52.52207],[13.40263,52.52207],[13.40264,52.52207],[13.40264,52.52207]]]]},"properties":{"type":"intensiv"}},{"type":"Feature","geometry":{"type":"MultiPolygon","coordinates":[[[[13.40266,52.52229],[13.40267,52.52227],[13.40261,52.52225],[13.40261,52.52228],[13.40266,52.52229]],[[13.40263,52.52226],[13.40263,52.52227],[13.40262,52.52227],[13.40262,52.52226],[13.40263,52.52226]]]]},"properties":{"type":"extensiv"}},{"type":"Feature","geometry":{"type":"MultiPolygon","coordinates":[[[[13.40278,52.52225],[13.40268,52.52221],[13.40261,52.52221],[13.40262,52.52225],[13.40274,52.52227],[13.40276,52.52227],[13.40278,52.52225]],[[13.40274,52.52225],[13.40273,52.52225],[13.40273,52.52226],[13.4027,52.52225],[13.40276,52.52224],[13.40275,52.52227],[13.40274,52.52227],[13.40274,52.52225]],[[13.40268,52.52223],[13.40266,52.52222],[13.40269,52.52223],[13.40267,52.52225],[13.40268,52.52223]],[[13.40271,52.52223],[13.40271,52.52224],[13.4027,52.52224],[13.4027,52.52223],[13.40271,52.52223]],[[13.40268,52.52222],[13.40268,52.52222],[13.40267,52.52222],[13.40267,52.52221],[13.40268,52.52222]],[[13.40266,52.52221],[13.40266,52.52222],[13.40265,52.52222],[13.40265,52.52221],[13.40266,52.52221]]]]},"properties":{"type":"extensiv"}},{"type":"Feature","geometry":{"type":"MultiPolygon","coordinates":[[[[13.40267,52.52205],[13.40263,52.52203],[13.40257,52.52209],[13.40258,52.5221],[13.40255,52.52211],[13.40257,52.52216],[13.40263,52.52216],[13.4026,52.52212],[13.40267,52.52205]],[[13.40264,52.52207],[13.40264,52.52207],[13.40263,52.52207],[13.40263,52.52207],[13.40264,52.52207]],[[13.40262,52.52208],[13.40262,52.52208],[13.40261,52.52208],[13.40261,52.52208],[13.40262,52.52208],[13.40262,52.52207],[13.40264,52.52208],[13.40264,52.52208],[13.40262,52.52208]],[[13.4026,52.52208],[13.4026,52.52208],[13.40259,52.52208],[13.40259,52.52208],[13.4026,52.52208]]]]},"properties":{"type":"extensiv"}},{"type":"Feature","geometry":{"type":"MultiPolygon","coordinates":[[[[13.4101,52.51868],[13.41009,52.51868],[13.41009,52.51869],[13.4101,52.51869],[13.4101,52.51868]]]]},"properties":{"type":"extensiv"}},{"type":"Feature","geometry":{"type":"MultiPolygon","coordinates":[[[[13.41011,52.51867],[13.4101,52.51867],[13.4101,52.51868],[13.41011,52.51868],[13.41011,52.51867]]]]},"properties":{"type":"extensiv"}},{"type":"Feature","geometry":{"type":"MultiPolygon","coordinates":[[[[13.41067,52.51896],[13.41068,52.51895],[13.41066,52.51895],[13.41066,52.51894],[13.41062,52.51892],[13.41058,52.51891],[13.41044,52.51884],[13.41041,52.51884],[13.4104,52.51881],[13.41022,52.51873],[13.41016,52.51871],[13.41017,52.51869],[13.41014,52.5187],[13.41011,52.51867],[13.4101,52.51868],[13.41011,52.51867],[13.41006,52.51866],[13.41007,52.51866],[13.41006,52.51865],[13.41002,52.51866],[13.41002,52.51867],[13.41022,52.51877],[13.41032,52.5188],[13.41037,52.51884],[13.41042,52.51884],[13.41042,52.51887],[13.41045,52.51886],[13.41047,52.51889],[13.41053,52.5189],[13.41055,52.51893],[13.41057,52.51893],[13.41056,52.51894],[13.41061,52.51895],[13.41065,52.51897],[13.41067,52.51896]],[[13.41065,52.51895],[13.41065,52.51896],[13.41064,52.51896],[13.41064,52.51895],[13.41065,52.51895]],[[13.41054,52.5189],[13.41054,52.5189],[13.41053,52.5189],[13.41053,52.5189],[13.41054,52.5189]],[[13.4101,52.51868],[13.4101,52.51869],[13.41009,52.51869],[13.41009,52.51868],[13.4101,52.51868]]]]},"properties":{"type":"intensiv"}},{"type":"Feature","geometry":{"type":"MultiPolygon","coordinates":[[[[13.41002,52.51864],[13.41002,52.51864],[13.41001,52.51864],[13.41001,52.51864],[13.41002,52.51864]]]]},"properties":{"type":"extensiv"}},{"type":"Feature","geometry":{"type":"MultiPolygon","coordinates":[[[[13.40995,52.51863],[13.40995,52.51863],[13.40995,52.51863],[13.40995,52.51863],[13.40995,52.51863]]]]},"properties":{"type":"intensiv"}},{"type":"Feature","geometry":{"type":"MultiPolygon","coordinates":[[[[13.41002,52.51864],[13.41003,52.51864],[13.40996,52.51862],[13.40996,52.51864],[13.40999,52.51866],[13.41002,52.51864]]]]},"properties":{"type":"intensiv"}},{"type":"Feature","geometry":{"type":"MultiPolygon","coordinates":[[[[13.41007,52.51858],[13.41007,52.51858],[13.41007,52.51859],[13.41007,52.51859],[13.41007,52.51858]]]]},"properties":{"type":"intensiv"}},{"type":"Feature","geometry":{"type":"MultiPolygon","coordinates":[[[[13.4101,52.51858],[13.41009,52.51858],[13.41009,52.51858],[13.4101,52.51858],[13.4101,52.51858]]]]},"properties":{"type":"intensiv"}},{"type":"Feature","geometry":{"type":"MultiPolygon","coordinates":[[[[13.41011,52.51856],[13.4101,52.51856],[13.4101,52.51857],[13.41011,52.51857],[13.41011,52.51856]]]]},"properties":{"type":"intensiv"}},{"type":"Feature","geometry":{"type":"MultiPolygon","coordinates":[[[[13.41013,52.51856],[13.41013,52.51856],[13.41013,52.51857],[13.41013,52.51857],[13.41013,52.51856]]]]},"properties":{"type":"intensiv"}},{"type":"Feature","geometry":{"type":"MultiPolygon","coordinates":[[[[13.41012,52.51854],[13.41012,52.51855],[13.41013,52.51855],[13.41013,52.51854],[13.41012,52.51854]]]]},"properties":{"type":"intensiv"}},{"type":"Feature","geometry":{"type":"MultiPolygon","coordinates":[[[[13.41014,52.51853],[13.41013,52.51854],[13.41015,52.51854],[13.41014,52.51853]]]]},"properties":{"type":"intensiv"}},{"type":"Feature","geometry":{"type":"MultiPolygon","coordinates":[[[[13.40994,52.51849],[13.40994,52.51849],[13.40994,52.51849],[13.40994,52.51849],[13.40994,52.51849]]]]},"properties":{"type":"intensiv"}},{"type":"Feature","geometry":{"type":"MultiPolygon","coordinates":[[[[13.4109,52.51893],[13.41095,52.51888],[13.41082,52.51882],[13.41081,52.51884],[13.41082,52.51885],[13.41072,52.51883],[13.41069,52.5188],[13.41066,52.51879],[13.41067,52.51878],[13.41048,52.51871],[13.4105,52.51866],[13.41046,52.51866],[13.41037,52.51861],[13.41032,52.51862],[13.41032,52.5186],[13.41033,52.51859],[13.41019,52.51851],[13.41016,52.51852],[13.41014,52.51854],[13.41012,52.51853],[13.41013,52.51855],[13.41007,52.51859],[13.41001,52.51859],[13.41005,52.51862],[13.41009,52.51861],[13.41008,52.51863],[13.4102,52.51868],[13.41023,52.51871],[13.41028,52.51872],[13.4103,52.51871],[13.41032,52.51873],[13.41031,52.51875],[13.41034,52.51877],[13.41045,52.5188],[13.41044,52.51882],[13.41046,52.51883],[13.41051,52.51883],[13.41054,52.51886],[13.41056,52.51886],[13.41056,52.51888],[13.4106,52.51889],[13.41064,52.51892],[13.41067,52.51891],[13.41067,52.51892],[13.41072,52.51894],[13.41072,52.51896],[13.41075,52.51895],[13.41077,52.51898],[13.41081,52.51899],[13.41086,52.51894],[13.4109,52.51893]],[[13.41078,52.51894],[13.41078,52.51894],[13.41078,52.51894],[13.41078,52.51894],[13.41078,52.51894]],[[13.41086,52.51891],[13.41086,52.51892],[13.41086,52.51892],[13.41086,52.51891],[13.41086,52.51891]],[[13.4109,52.51887],[13.4109,52.51888],[13.4109,52.51888],[13.4109,52.51887],[13.4109,52.51887]],[[13.41037,52.51862],[13.41037,52.51862],[13.41037,52.51862],[13.41037,52.51862],[13.41037,52.51862]],[[13.4101,52.51858],[13.4101,52.51858],[13.41009,52.51858],[13.41009,52.51858],[13.4101,52.51858]],[[13.41013,52.51856],[13.41013,52.51857],[13.41013,52.51857],[13.41013,52.51856],[13.41013,52.51856]]]]},"properties":{"type":"extensiv"}},{"type":"Feature","geometry":{"type":"MultiPolygon","coordinates":[[[[13.41034,52.51882],[13.41022,52.51877],[13.41047,52.51889],[13.41045,52.51886],[13.41042,52.51887],[13.41042,52.51884],[13.4104,52.51885],[13.41034,52.51882]]]]},"properties":{"type":"extensiv"}},{"type":"Feature","geometry":{"type":"MultiPolygon","coordinates":[[[[13.41016,52.51874],[13.41021,52.51877],[13.41021,52.51877],[13.41021,52.51876],[13.41021,52.51876],[13.4102,52.51876],[13.4102,52.51876],[13.41019,52.51876],[13.41019,52.51875],[13.41019,52.51875],[13.41019,52.51875],[13.41017,52.51875],[13.41017,52.51874],[13.41016,52.51874],[13.41016,52.51874]]]]},"properties":{"type":"extensiv"}},{"type":"Feature","geometry":{"type":"MultiPolygon","coordinates":[[[[13.41025,52.51874],[13.41025,52.51875],[13.41026,52.51875],[13.41026,52.51875],[13.41027,52.51875],[13.41027,52.51876],[13.41028,52.51876],[13.41025,52.51874]]]]},"properties":{"type":"extensiv"}},{"type":"Feature","geometry":{"type":"MultiPolygon","coordinates":[[[[13.41024,52.51874],[13.41024,52.51874],[13.41025,52.51874],[13.41024,52.51874]]]]},"properties":{"type":"extensiv"}},{"type":"Feature","geometry":{"type":"MultiPolygon","coordinates":[[[[13.41015,52.51874],[13.41015,52.51874],[13.41015,52.51874],[13.41015,52.51874]]]]},"properties":{"type":"extensiv"}},{"type":"Feature","geometry":{"type":"MultiPolygon","coordinates":[[[[13.41024,52.51874],[13.41024,52.51874],[13.41024,52.51874],[13.41024,52.51874]]]]},"properties":{"type":"extensiv"}},{"type":"Feature","geometry":{"type":"MultiPolygon","coordinates":[[[[13.41013,52.51873],[13.41014,52.51873],[13.41014,52.51873],[13.41013,52.51873],[13.41013,52.51872],[13.41013,52.51872],[13.41013,52.51873]]]]},"properties":{"type":"extensiv"}},{"type":"Feature","geometry":{"type":"MultiPolygon","coordinates":[[[[13.41022,52.51873],[13.41022,52.51873],[13.41023,52.51873],[13.41022,52.51873]]]]},"properties":{"type":"extensiv"}},{"type":"Feature","geometry":{"type":"MultiPolygon","coordinates":[[[[13.41016,52.5187],[13.41016,52.51871],[13.41022,52.51873],[13.41016,52.5187]]]]},"properties":{"type":"extensiv"}},{"type":"Feature","geometry":{"type":"MultiPolygon","coordinates":[[[[13.41011,52.51872],[13.41012,52.51872],[13.41012,52.51872],[13.41011,52.51872]]]]},"properties":{"type":"extensiv"}},{"type":"Feature","geometry":{"type":"MultiPolygon","coordinates":[[[[13.41009,52.51871],[13.41009,52.51871],[13.41009,52.51871],[13.41009,52.51871]]]]},"properties":{"type":"extensiv"}},{"type":"Feature","geometry":{"type":"MultiPolygon","coordinates":[[[[13.41007,52.5187],[13.41008,52.5187],[13.41008,52.5187],[13.41007,52.5187]]]]},"properties":{"type":"extensiv"}},{"type":"Feature","geometry":{"type":"MultiPolygon","coordinates":[[[[13.41017,52.51869],[13.40993,52.51857],[13.40988,52.51861],[13.41007,52.5187],[13.41007,52.51869],[13.41002,52.51867],[13.41002,52.51866],[13.41006,52.51865],[13.41007,52.51866],[13.41006,52.51866],[13.41011,52.51867],[13.41014,52.5187],[13.41017,52.51869]],[[13.41002,52.51864],[13.40999,52.51866],[13.40996,52.51864],[13.40996,52.51862],[13.41003,52.51864],[13.41002,52.51864]],[[13.40995,52.51863],[13.40995,52.51863],[13.40995,52.51863],[13.40995,52.51863],[13.40995,52.51863]]]]},"properties":{"type":"extensiv"}},{"type":"Feature","geometry":{"type":"MultiPolygon","coordinates":[[[[13.41017,52.5187],[13.41017,52.5187],[13.41017,52.5187],[13.41017,52.5187]]]]},"properties":{"type":"extensiv"}},{"type":"Feature","geometry":{"type":"MultiPolygon","coordinates":[[[[13.41013,52.51853],[13.41013,52.51852],[13.41013,52.51852],[13.41013,52.51853],[13.41013,52.51853],[13.41013,52.51853]]]]},"properties":{"type":"extensiv"}},{"type":"Feature","geometry":{"type":"MultiPolygon","coordinates":[[[[13.40991,52.51852],[13.40991,52.51852],[13.40991,52.51853],[13.40991,52.51853],[13.40991,52.51852],[13.40991,52.51852]]]]},"properties":{"type":"extensiv"}},{"type":"Feature","geometry":{"type":"MultiPolygon","coordinates":[[[[13.41004,52.51845],[13.40996,52.51846],[13.40993,52.5185],[13.41009,52.51848],[13.41009,52.51846],[13.41004,52.51845]]]]},"properties":{"type":"extensiv"}},{"type":"Feature","geometry":{"type":"MultiPolygon","coordinates":[[[[13.40993,52.51848],[13.40993,52.51848],[13.40993,52.51848],[13.40993,52.51848]]]]},"properties":{"type":"extensiv"}},{"type":"Feature","geometry":{"type":"MultiPolygon","coordinates":[[[[13.40994,52.51847],[13.40994,52.51847],[13.40993,52.51848],[13.40994,52.51848],[13.40994,52.51847]]]]},"properties":{"type":"extensiv"}},{"type":"Feature","geometry":{"type":"MultiPolygon","coordinates":[[[[13.40995,52.51846],[13.40995,52.51847],[13.40994,52.51847],[13.40994,52.51847],[13.40994,52.51847],[13.40994,52.51847],[13.40995,52.51847],[13.40995,52.51846]]]]},"properties":{"type":"extensiv"}},{"type":"Feature","geometry":{"type":"MultiPolygon","coordinates":[[[[13.40996,52.51846],[13.40995,52.51846],[13.40995,52.51846],[13.40996,52.51846],[13.40996,52.51846]]]]},"properties":{"type":"extensiv"}},{"type":"Feature","geometry":{"type":"MultiPolygon","coordinates":[[[[13.40374,52.52252],[13.40374,52.52252],[13.40376,52.52252],[13.40376,52.52252],[13.40374,52.52252]]]]},"properties":{"type":"intensiv"}},{"type":"Feature","geometry":{"type":"MultiPolygon","coordinates":[[[[13.40378,52.52251],[13.40378,52.52251],[13.40377,52.52251],[13.40377,52.52251],[13.40378,52.52251]]]]},"properties":{"type":"intensiv"}},{"type":"Feature","geometry":{"type":"MultiPolygon","coordinates":[[[[13.40353,52.5225],[13.40353,52.5225],[13.40353,52.5225],[13.40353,52.5225],[13.40353,52.5225]]]]},"properties":{"type":"intensiv"}},{"type":"Feature","geometry":{"type":"MultiPolygon","coordinates":[[[[13.40362,52.52248],[13.40362,52.52248],[13.40362,52.52248],[13.40362,52.52248],[13.40362,52.52248]]]]},"properties":{"type":"intensiv"}},{"type":"Feature","geometry":{"type":"MultiPolygon","coordinates":[[[[13.4036,52.52247],[13.40359,52.52247],[13.40359,52.52247],[13.4036,52.52247],[13.4036,52.52247]]]]},"properties":{"type":"intensiv"}},{"type":"Feature","geometry":{"type":"MultiPolygon","coordinates":[[[[13.40356,52.52247],[13.40355,52.52247],[13.40355,52.52247],[13.40356,52.52247],[13.40356,52.52247]]]]},"properties":{"type":"intensiv"}},{"type":"Feature","geometry":{"type":"MultiPolygon","coordinates":[[[[13.40368,52.52247],[13.40368,52.52247],[13.40368,52.52247],[13.40368,52.52247],[13.40368,52.52247]]]]},"properties":{"type":"intensiv"}},{"type":"Feature","geometry":{"type":"MultiPolygon","coordinates":[[[[13.40354,52.52245],[13.40353,52.52245],[13.40353,52.52246],[13.40354,52.52246],[13.40354,52.52245]]]]},"properties":{"type":"intensiv"}},{"type":"Feature","geometry":{"type":"MultiPolygon","coordinates":[[[[13.40358,52.52245],[13.40357,52.52245],[13.40357,52.52246],[13.40358,52.52246],[13.40358,52.52245]]]]},"properties":{"type":"intensiv"}},{"type":"Feature","geometry":{"type":"MultiPolygon","coordinates":[[[[13.40356,52.52245],[13.40355,52.52245],[13.40355,52.52245],[13.40356,52.52245],[13.40356,52.52245]]]]},"properties":{"type":"intensiv"}},{"type":"Feature","geometry":{"type":"MultiPolygon","coordinates":[[[[13.40357,52.52244],[13.40356,52.52244],[13.40356,52.52244],[13.40357,52.52244],[13.40357,52.52244]]]]},"properties":{"type":"intensiv"}},{"type":"Feature","geometry":{"type":"MultiPolygon","coordinates":[[[[13.40353,52.52243],[13.40352,52.52243],[13.40352,52.52243],[13.40353,52.52243],[13.40353,52.52243]]]]},"properties":{"type":"intensiv"}},{"type":"Feature","geometry":{"type":"MultiPolygon","coordinates":[[[[13.40354,52.52243],[13.40354,52.52243],[13.40354,52.52243],[13.40354,52.52243],[13.40354,52.52243]]]]},"properties":{"type":"intensiv"}},{"type":"Feature","geometry":{"type":"MultiPolygon","coordinates":[[[[13.40343,52.52242],[13.40343,52.52242],[13.40343,52.52243],[13.40343,52.52243],[13.40343,52.52242]]]]},"properties":{"type":"intensiv"}},{"type":"Feature","geometry":{"type":"MultiPolygon","coordinates":[[[[13.40343,52.52242],[13.40343,52.52242],[13.40344,52.52242],[13.40344,52.52242],[13.40343,52.52242]]]]},"properties":{"type":"intensiv"}},{"type":"Feature","geometry":{"type":"MultiPolygon","coordinates":[[[[13.40352,52.52242],[13.40351,52.52242],[13.40351,52.52243],[13.40352,52.52243],[13.40352,52.52242]]]]},"properties":{"type":"intensiv"}},{"type":"Feature","geometry":{"type":"MultiPolygon","coordinates":[[[[13.40343,52.52241],[13.40343,52.52242],[13.40343,52.52242],[13.40343,52.52241],[13.40343,52.52241],[13.40343,52.52241]]]]},"properties":{"type":"intensiv"}},{"type":"Feature","geometry":{"type":"MultiPolygon","coordinates":[[[[13.40352,52.52241],[13.40351,52.52241],[13.40351,52.52241],[13.40352,52.52241],[13.40352,52.52241]]]]},"properties":{"type":"intensiv"}},{"type":"Feature","geometry":{"type":"MultiPolygon","coordinates":[[[[13.40349,52.52238],[13.40349,52.52238],[13.40349,52.52239],[13.40349,52.52239],[13.40349,52.52238]]]]},"properties":{"type":"intensiv"}},{"type":"Feature","geometry":{"type":"MultiPolygon","coordinates":[[[[13.40351,52.52238],[13.4035,52.52238],[13.4035,52.52239],[13.40351,52.52239],[13.40351,52.52238]]]]},"properties":{"type":"intensiv"}},{"type":"Feature","geometry":{"type":"MultiPolygon","coordinates":[[[[13.40342,52.52238],[13.40342,52.52238],[13.40343,52.52238],[13.40343,52.52238],[13.40342,52.52238]]]]},"properties":{"type":"intensiv"}},{"type":"Feature","geometry":{"type":"MultiPolygon","coordinates":[[[[13.40341,52.52237],[13.40341,52.52238],[13.40342,52.52238],[13.40342,52.52237],[13.40341,52.52237]]]]},"properties":{"type":"intensiv"}},{"type":"Feature","geometry":{"type":"MultiPolygon","coordinates":[[[[13.40341,52.52236],[13.40341,52.52236],[13.40342,52.52236],[13.40342,52.52236],[13.40341,52.52236]]]]},"properties":{"type":"intensiv"}},{"type":"Feature","geometry":{"type":"MultiPolygon","coordinates":[[[[13.40378,52.52251],[13.40379,52.52251],[13.40379,52.52249],[13.40375,52.52249],[13.40373,52.52252],[13.40376,52.52252],[13.40374,52.52253],[13.40378,52.52254],[13.40378,52.52251]]]]},"properties":{"type":"extensiv"}},{"type":"Feature","geometry":{"type":"MultiPolygon","coordinates":[[[[13.40353,52.52247],[13.40348,52.52244],[13.40347,52.52241],[13.40349,52.52241],[13.40349,52.52243],[13.4035,52.52243],[13.4035,52.52245],[13.40353,52.52247],[13.40359,52.52249],[13.40368,52.52251],[13.40371,52.52249],[13.40371,52.52246],[13.40362,52.52246],[13.40357,52.52243],[13.40352,52.52238],[13.40353,52.52232],[13.40347,52.52232],[13.40347,52.52241],[13.40346,52.52241],[13.40345,52.52231],[13.40342,52.52231],[13.40341,52.52237],[13.40343,52.52238],[13.40341,52.52238],[13.40341,52.52241],[13.40344,52.52242],[13.40343,52.52243],[13.40344,52.52244],[13.40345,52.52247],[13.40354,52.52252],[13.40364,52.52253],[13.40362,52.52251],[13.40354,52.52249],[13.40353,52.52247]],[[13.40353,52.5225],[13.40353,52.5225],[13.40353,52.5225],[13.40353,52.5225],[13.40353,52.5225]],[[13.40352,52.52241],[13.40352,52.52241],[13.40351,52.52241],[13.40351,52.52241],[13.40352,52.52241]],[[13.40351,52.52238],[13.40351,52.52239],[13.4035,52.52239],[13.4035,52.52238],[13.40351,52.52238]],[[13.40349,52.52238],[13.40349,52.52239],[13.40349,52.52239],[13.40349,52.52238],[13.40349,52.52238]],[[13.40352,52.52242],[13.40352,52.52243],[13.40351,52.52243],[13.40351,52.52242],[13.40352,52.52242]],[[13.40353,52.52243],[13.40353,52.52243],[13.40352,52.52243],[13.40352,52.52243],[13.40353,52.52243]],[[13.40354,52.52243],[13.40354,52.52243],[13.40354,52.52243],[13.40354,52.52243],[13.40354,52.52243]],[[13.40357,52.52244],[13.40357,52.52244],[13.40356,52.52244],[13.40356,52.52244],[13.40357,52.52244]],[[13.40356,52.52245],[13.40356,52.52245],[13.40355,52.52245],[13.40355,52.52245],[13.40356,52.52245]],[[13.40354,52.52245],[13.40354,52.52246],[13.40353,52.52246],[13.40353,52.52245],[13.40354,52.52245]],[[13.40358,52.52245],[13.40358,52.52246],[13.40357,52.52246],[13.40357,52.52245],[13.40358,52.52245]],[[13.40356,52.52247],[13.40356,52.52247],[13.40355,52.52247],[13.40355,52.52247],[13.40356,52.52247]],[[13.40368,52.52247],[13.40368,52.52247],[13.40368,52.52247],[13.40368,52.52247],[13.40368,52.52247]],[[13.4036,52.52247],[13.4036,52.52247],[13.40359,52.52247],[13.40359,52.52247],[13.4036,52.52247]],[[13.40362,52.52248],[13.40362,52.52248],[13.40362,52.52248],[13.40362,52.52248],[13.40362,52.52248]]]]},"properties":{"type":"extensiv"}},{"type":"Feature","geometry":{"type":"MultiPolygon","coordinates":[[[[13.40388,52.52246],[13.40388,52.52247],[13.4039,52.52247],[13.40388,52.52246]]]]},"properties":{"type":"extensiv"}},{"type":"Feature","geometry":{"type":"MultiPolygon","coordinates":[[[[13.40385,52.52245],[13.40385,52.52246],[13.40386,52.52246],[13.40385,52.52245]]]]},"properties":{"type":"extensiv"}},{"type":"Feature","geometry":{"type":"MultiPolygon","coordinates":[[[[13.40384,52.52245],[13.40384,52.52245],[13.40384,52.52245],[13.40384,52.52245]]]]},"properties":{"type":"extensiv"}},{"type":"Feature","geometry":{"type":"MultiPolygon","coordinates":[[[[13.40382,52.52245],[13.40382,52.52245],[13.40383,52.52245],[13.40382,52.52245]]]]},"properties":{"type":"extensiv"}},{"type":"Feature","geometry":{"type":"MultiPolygon","coordinates":[[[[13.40381,52.52244],[13.40381,52.52244],[13.40381,52.52244],[13.40381,52.52244]]]]},"properties":{"type":"extensiv"}},{"type":"Feature","geometry":{"type":"MultiPolygon","coordinates":[[[[13.40343,52.52242],[13.40343,52.52242],[13.40343,52.52242],[13.40343,52.52242],[13.40343,52.52242]]]]},"properties":{"type":"extensiv"}},{"type":"Feature","geometry":{"type":"MultiPolygon","coordinates":[[[[13.40348,52.52232],[13.40348,52.52232],[13.40348,52.52232],[13.40348,52.52232]]]]},"properties":{"type":"extensiv"}},{"type":"Feature","geometry":{"type":"MultiPolygon","coordinates":[[[[13.40308,52.52237],[13.40307,52.52237],[13.40307,52.52238],[13.40307,52.52238],[13.40308,52.52237]]]]},"properties":{"type":"intensiv"}},{"type":"Feature","geometry":{"type":"MultiPolygon","coordinates":[[[[13.40308,52.52236],[13.40308,52.52236],[13.40309,52.52236],[13.40308,52.52236]]]]},"properties":{"type":"intensiv"}},{"type":"Feature","geometry":{"type":"MultiPolygon","coordinates":[[[[13.4031,52.52235],[13.40309,52.52235],[13.40309,52.52236],[13.4031,52.52236],[13.4031,52.52235]]]]},"properties":{"type":"intensiv"}},{"type":"Feature","geometry":{"type":"MultiPolygon","coordinates":[[[[13.40308,52.52234],[13.40308,52.52235],[13.40309,52.52235],[13.40309,52.52234],[13.40308,52.52234]]]]},"properties":{"type":"intensiv"}},{"type":"Feature","geometry":{"type":"MultiPolygon","coordinates":[[[[13.40307,52.52234],[13.40306,52.52234],[13.40306,52.52234],[13.40307,52.52234],[13.40307,52.52234]]]]},"properties":{"type":"intensiv"}},{"type":"Feature","geometry":{"type":"MultiPolygon","coordinates":[[[[13.403,52.52233],[13.403,52.52233],[13.403,52.52233],[13.403,52.52233],[13.403,52.52233]]]]},"properties":{"type":"intensiv"}},{"type":"Feature","geometry":{"type":"MultiPolygon","coordinates":[[[[13.40295,52.52231],[13.40294,52.52231],[13.40294,52.52231],[13.40295,52.52231],[13.40295,52.52231]]]]},"properties":{"type":"intensiv"}},{"type":"Feature","geometry":{"type":"MultiPolygon","coordinates":[[[[13.40295,52.5223],[13.40295,52.52231],[13.40296,52.52231],[13.40296,52.5223],[13.40295,52.5223]]]]},"properties":{"type":"intensiv"}},{"type":"Feature","geometry":{"type":"MultiPolygon","coordinates":[[[[13.40295,52.5223],[13.40295,52.5223],[13.40295,52.5223],[13.40294,52.5223],[13.40295,52.5223]]]]},"properties":{"type":"intensiv"}},{"type":"Feature","geometry":{"type":"MultiPolygon","coordinates":[[[[13.40312,52.52228],[13.40311,52.52228],[13.40311,52.52228],[13.40311,52.52229],[13.40311,52.52229],[13.40312,52.52228]]]]},"properties":{"type":"intensiv"}},{"type":"Feature","geometry":{"type":"MultiPolygon","coordinates":[[[[13.40312,52.52228],[13.40312,52.52228],[13.40313,52.52228],[13.40313,52.52228],[13.40312,52.52228]]]]},"properties":{"type":"intensiv"}},{"type":"Feature","geometry":{"type":"MultiPolygon","coordinates":[[[[13.40306,52.52227],[13.40305,52.52227],[13.40305,52.52227],[13.40306,52.52227],[13.40306,52.52227]]]]},"properties":{"type":"intensiv"}},{"type":"Feature","geometry":{"type":"MultiPolygon","coordinates":[[[[13.40303,52.52226],[13.40303,52.52226],[13.40303,52.52226],[13.40303,52.52226],[13.40303,52.52226]]]]},"properties":{"type":"intensiv"}},{"type":"Feature","geometry":{"type":"MultiPolygon","coordinates":[[[[13.40304,52.52225],[13.40303,52.52225],[13.40303,52.52225],[13.40304,52.52225],[13.40304,52.52225]]]]},"properties":{"type":"intensiv"}},{"type":"Feature","geometry":{"type":"MultiPolygon","coordinates":[[[[13.40306,52.52224],[13.40305,52.52224],[13.40305,52.52225],[13.40306,52.52225],[13.40306,52.52224]]]]},"properties":{"type":"intensiv"}},{"type":"Feature","geometry":{"type":"MultiPolygon","coordinates":[[[[13.40304,52.52223],[13.40304,52.52223],[13.40304,52.52224],[13.40304,52.52224],[13.40304,52.52223]]]]},"properties":{"type":"intensiv"}},{"type":"Feature","geometry":{"type":"MultiPolygon","coordinates":[[[[13.40306,52.52223],[13.40305,52.52223],[13.40305,52.52224],[13.40306,52.52224],[13.40306,52.52223]]]]},"properties":{"type":"intensiv"}},{"type":"Feature","geometry":{"type":"MultiPolygon","coordinates":[[[[13.40307,52.52223],[13.40307,52.52223],[13.40307,52.52223],[13.40307,52.52223],[13.40307,52.52223]]]]},"properties":{"type":"intensiv"}},{"type":"Feature","geometry":{"type":"MultiPolygon","coordinates":[[[[13.40304,52.52222],[13.40303,52.52222],[13.40303,52.52223],[13.40304,52.52223],[13.40304,52.52222]]]]},"properties":{"type":"intensiv"}},{"type":"Feature","geometry":{"type":"MultiPolygon","coordinates":[[[[13.40301,52.52223],[13.40301,52.52222],[13.403,52.52222],[13.40301,52.52223]]]]},"properties":{"type":"intensiv"}},{"type":"Feature","geometry":{"type":"MultiPolygon","coordinates":[[[[13.40312,52.52222],[13.40311,52.52222],[13.40311,52.52223],[13.40312,52.52223],[13.40312,52.52222]]]]},"properties":{"type":"intensiv"}},{"type":"Feature","geometry":{"type":"MultiPolygon","coordinates":[[[[13.40313,52.52222],[13.40312,52.52221],[13.40312,52.52222],[13.40313,52.52222]]]]},"properties":{"type":"intensiv"}},{"type":"Feature","geometry":{"type":"MultiPolygon","coordinates":[[[[13.40301,52.5222],[13.40301,52.5222],[13.40301,52.52221],[13.40301,52.52221],[13.40301,52.5222]]]]},"properties":{"type":"intensiv"}},{"type":"Feature","geometry":{"type":"MultiPolygon","coordinates":[[[[13.40307,52.5222],[13.40307,52.5222],[13.40307,52.52222],[13.40307,52.52222],[13.40307,52.5222]]]]},"properties":{"type":"intensiv"}},{"type":"Feature","geometry":{"type":"MultiPolygon","coordinates":[[[[13.40302,52.52219],[13.40301,52.52219],[13.40301,52.52219],[13.40302,52.52219],[13.40302,52.52219]]]]},"properties":{"type":"intensiv"}},{"type":"Feature","geometry":{"type":"MultiPolygon","coordinates":[[[[13.40303,52.5222],[13.40304,52.5222],[13.40304,52.52219],[13.40303,52.52219],[13.40303,52.5222]]]]},"properties":{"type":"intensiv"}},{"type":"Feature","geometry":{"type":"MultiPolygon","coordinates":[[[[13.40307,52.52219],[13.40306,52.5222],[13.40307,52.5222],[13.40307,52.52219]]]]},"properties":{"type":"intensiv"}},{"type":"Feature","geometry":{"type":"MultiPolygon","coordinates":[[[[13.40307,52.52218],[13.40306,52.52218],[13.40306,52.52219],[13.40307,52.52219],[13.40307,52.52218]]]]},"properties":{"type":"intensiv"}},{"type":"Feature","geometry":{"type":"MultiPolygon","coordinates":[[[[13.40307,52.52218],[13.40307,52.52218],[13.40307,52.52218],[13.40307,52.52218],[13.40307,52.52218]]]]},"properties":{"type":"intensiv"}},{"type":"Feature","geometry":{"type":"MultiPolygon","coordinates":[[[[13.40302,52.52217],[13.40301,52.52217],[13.40301,52.52217],[13.40302,52.52217],[13.40302,52.52217]]]]},"properties":{"type":"intensiv"}},{"type":"Feature","geometry":{"type":"MultiPolygon","coordinates":[[[[13.40304,52.52218],[13.40305,52.52217],[13.40303,52.52217],[13.40304,52.52218]]]]},"properties":{"type":"intensiv"}},{"type":"Feature","geometry":{"type":"MultiPolygon","coordinates":[[[[13.40308,52.52216],[13.40306,52.52216],[13.40306,52.52217],[13.40308,52.52217],[13.40308,52.52216]]]]},"properties":{"type":"intensiv"}},{"type":"Feature","geometry":{"type":"MultiPolygon","coordinates":[[[[13.40302,52.52217],[13.40302,52.52215],[13.403,52.52216],[13.40302,52.52217]]]]},"properties":{"type":"intensiv"}},{"type":"Feature","geometry":{"type":"MultiPolygon","coordinates":[[[[13.40307,52.52215],[13.40306,52.52215],[13.40306,52.52216],[13.40307,52.52216],[13.40307,52.52215]]]]},"properties":{"type":"intensiv"}},{"type":"Feature","geometry":{"type":"MultiPolygon","coordinates":[[[[13.40307,52.52215],[13.40308,52.52214],[13.40306,52.52213],[13.40307,52.52215]]]]},"properties":{"type":"intensiv"}},{"type":"Feature","geometry":{"type":"MultiPolygon","coordinates":[[[[13.40308,52.52212],[13.40306,52.52212],[13.40306,52.52213],[13.40308,52.52213],[13.40308,52.52212]]]]},"properties":{"type":"intensiv"}},{"type":"Feature","geometry":{"type":"MultiPolygon","coordinates":[[[[13.40308,52.5221],[13.40307,52.5221],[13.40307,52.52211],[13.40308,52.52211],[13.40308,52.5221]]]]},"properties":{"type":"intensiv"}},{"type":"Feature","geometry":{"type":"MultiPolygon","coordinates":[[[[13.40303,52.5221],[13.40301,52.5221],[13.40301,52.5221],[13.40303,52.5221],[13.40303,52.5221]]]]},"properties":{"type":"intensiv"}},{"type":"Feature","geometry":{"type":"MultiPolygon","coordinates":[[[[13.40303,52.52208],[13.40303,52.52207],[13.40302,52.52207],[13.40302,52.52208],[13.40303,52.52208]]]]},"properties":{"type":"intensiv"}},{"type":"Feature","geometry":{"type":"MultiPolygon","coordinates":[[[[13.40303,52.52208],[13.40303,52.52208],[13.40304,52.52208],[13.40304,52.52208],[13.40305,52.52208],[13.40305,52.52207],[13.40303,52.52207],[13.40303,52.52208],[13.40303,52.52208]]]]},"properties":{"type":"intensiv"}},{"type":"Feature","geometry":{"type":"MultiPolygon","coordinates":[[[[13.40308,52.52206],[13.40307,52.52206],[13.40307,52.52209],[13.40308,52.52209],[13.40308,52.52206]]]]},"properties":{"type":"intensiv"}},{"type":"Feature","geometry":{"type":"MultiPolygon","coordinates":[[[[13.40306,52.52202],[13.40305,52.52202],[13.40305,52.52202],[13.40306,52.52202],[13.40306,52.52202]]]]},"properties":{"type":"intensiv"}},{"type":"Feature","geometry":{"type":"MultiPolygon","coordinates":[[[[13.40302,52.522],[13.40301,52.522],[13.40301,52.52201],[13.40302,52.52201],[13.40302,52.522]]]]},"properties":{"type":"intensiv"}},{"type":"Feature","geometry":{"type":"MultiPolygon","coordinates":[[[[13.40304,52.522],[13.40304,52.522],[13.40304,52.522],[13.40304,52.522],[13.40304,52.522]]]]},"properties":{"type":"intensiv"}},{"type":"Feature","geometry":{"type":"MultiPolygon","coordinates":[[[[13.40302,52.52199],[13.40301,52.52199],[13.40301,52.52199],[13.40302,52.52199],[13.40302,52.52199]]]]},"properties":{"type":"intensiv"}},{"type":"Feature","geometry":{"type":"MultiPolygon","coordinates":[[[[13.40306,52.522],[13.40306,52.52199],[13.40305,52.52199],[13.40305,52.522],[13.40306,52.522]]]]},"properties":{"type":"intensiv"}},{"type":"Feature","geometry":{"type":"MultiPolygon","coordinates":[[[[13.40306,52.522],[13.40305,52.52201],[13.40307,52.52201],[13.40307,52.522],[13.40308,52.52199],[13.40306,52.522]]]]},"properties":{"type":"intensiv"}},{"type":"Feature","geometry":{"type":"MultiPolygon","coordinates":[[[[13.40305,52.52198],[13.40304,52.52198],[13.40304,52.52199],[13.40304,52.52199],[13.40305,52.52198]]]]},"properties":{"type":"intensiv"}},{"type":"Feature","geometry":{"type":"MultiPolygon","coordinates":[[[[13.40303,52.52198],[13.40302,52.52198],[13.40302,52.52198],[13.40303,52.52198],[13.40303,52.52198]]]]},"properties":{"type":"intensiv"}},{"type":"Feature","geometry":{"type":"MultiPolygon","coordinates":[[[[13.40305,52.52198],[13.40305,52.52198],[13.40305,52.52198],[13.40305,52.52198],[13.40305,52.52198]]]]},"properties":{"type":"intensiv"}},{"type":"Feature","geometry":{"type":"MultiPolygon","coordinates":[[[[13.40303,52.52197],[13.40303,52.52198],[13.40305,52.52198],[13.40305,52.52197],[13.40303,52.52197]]]]},"properties":{"type":"intensiv"}},{"type":"Feature","geometry":{"type":"MultiPolygon","coordinates":[[[[13.403,52.52197],[13.403,52.52196],[13.40299,52.52196],[13.40299,52.52197],[13.403,52.52197]]]]},"properties":{"type":"intensiv"}},{"type":"Feature","geometry":{"type":"MultiPolygon","coordinates":[[[[13.40305,52.52196],[13.40305,52.52196],[13.40305,52.52196],[13.40305,52.52196],[13.40305,52.52196]]]]},"properties":{"type":"intensiv"}},{"type":"Feature","geometry":{"type":"MultiPolygon","coordinates":[[[[13.40299,52.52195],[13.40298,52.52195],[13.40298,52.52196],[13.40299,52.52196],[13.40299,52.52195]]]]},"properties":{"type":"intensiv"}},{"type":"Feature","geometry":{"type":"MultiPolygon","coordinates":[[[[13.40302,52.52195],[13.40302,52.52195],[13.40302,52.52195],[13.40302,52.52195],[13.40302,52.52195]]]]},"properties":{"type":"extensiv"}},{"type":"Feature","geometry":{"type":"MultiPolygon","coordinates":[[[[13.40303,52.52195],[13.40302,52.52195],[13.40302,52.52195],[13.40303,52.52195],[13.40303,52.52195]]]]},"properties":{"type":"intensiv"}},{"type":"Feature","geometry":{"type":"MultiPolygon","coordinates":[[[[13.40302,52.52195],[13.403,52.52195],[13.403,52.52197],[13.40303,52.52197],[13.40302,52.52195]]]]},"properties":{"type":"intensiv"}},{"type":"Feature","geometry":{"type":"MultiPolygon","coordinates":[[[[13.40309,52.52235],[13.40302,52.52231],[13.40298,52.52232],[13.40299,52.5223],[13.40297,52.52229],[13.40295,52.52229],[13.4029,52.52233],[13.40291,52.52235],[13.40306,52.52239],[13.40309,52.52239],[13.40311,52.52236],[13.40311,52.52235],[13.40309,52.52235]],[[13.4031,52.52235],[13.4031,52.52236],[13.40309,52.52236],[13.40309,52.52235],[13.4031,52.52235]],[[13.40308,52.52236],[13.40309,52.52236],[13.40308,52.52236],[13.40308,52.52236]],[[13.40308,52.52237],[13.40307,52.52238],[13.40307,52.52238],[13.40307,52.52237],[13.40308,52.52237]],[[13.403,52.52233],[13.403,52.52233],[13.403,52.52233],[13.403,52.52233],[13.403,52.52233]],[[13.40295,52.52231],[13.40295,52.5223],[13.40294,52.5223],[13.40295,52.5223],[13.40295,52.5223],[13.40295,52.5223],[13.40296,52.5223],[13.40296,52.52231],[13.40295,52.52231],[13.40295,52.52231],[13.40294,52.52231],[13.40294,52.52231],[13.40295,52.52231]]]]},"properties":{"type":"extensiv"}},{"type":"Feature","geometry":{"type":"MultiPolygon","coordinates":[[[[13.40302,52.5223],[13.40301,52.5223],[13.40301,52.5223],[13.40302,52.52231],[13.40302,52.5223]]]]},"properties":{"type":"extensiv"}},{"type":"Feature","geometry":{"type":"MultiPolygon","coordinates":[[[[13.403,52.5223],[13.403,52.5223],[13.403,52.5223],[13.403,52.5223],[13.403,52.5223]]]]},"properties":{"type":"extensiv"}},{"type":"Feature","geometry":{"type":"MultiPolygon","coordinates":[[[[13.403,52.5223],[13.403,52.52229],[13.40299,52.52229],[13.403,52.5223]]]]},"properties":{"type":"extensiv"}},{"type":"Feature","geometry":{"type":"MultiPolygon","coordinates":[[[[13.40313,52.52228],[13.40311,52.52229],[13.40314,52.52229],[13.40313,52.52228]]]]},"properties":{"type":"extensiv"}},{"type":"Feature","geometry":{"type":"MultiPolygon","coordinates":[[[[13.40311,52.52229],[13.40308,52.52228],[13.40309,52.52205],[13.4031,52.52204],[13.4031,52.52201],[13.40306,52.52196],[13.40305,52.52196],[13.40305,52.52195],[13.40302,52.52195],[13.40302,52.52197],[13.40305,52.52198],[13.40304,52.52199],[13.40299,52.52197],[13.40301,52.52197],[13.403,52.52195],[13.40302,52.52195],[13.403,52.52194],[13.40295,52.52198],[13.40301,52.52202],[13.40299,52.52226],[13.40305,52.52229],[13.40311,52.52229]],[[13.40306,52.52227],[13.40306,52.52227],[13.40305,52.52227],[13.40305,52.52227],[13.40306,52.52227]],[[13.40303,52.52226],[13.40303,52.52226],[13.40303,52.52226],[13.40303,52.52226],[13.40303,52.52226]],[[13.40304,52.52225],[13.40304,52.52225],[13.40303,52.52225],[13.40303,52.52225],[13.40304,52.52225]],[[13.40306,52.52224],[13.40306,52.52225],[13.40305,52.52225],[13.40305,52.52224],[13.40306,52.52224]],[[13.40306,52.52223],[13.40306,52.52224],[13.40305,52.52224],[13.40305,52.52223],[13.40306,52.52223]],[[13.40304,52.52223],[13.40304,52.52224],[13.40304,52.52224],[13.40304,52.52223],[13.40304,52.52223]],[[13.40307,52.52223],[13.40307,52.52223],[13.40307,52.52223],[13.40307,52.52223],[13.40307,52.52223]],[[13.40304,52.52222],[13.40304,52.52223],[13.40303,52.52223],[13.40303,52.52222],[13.40304,52.52222]],[[13.40301,52.52223],[13.403,52.52222],[13.40301,52.52222],[13.40301,52.52223]],[[13.40307,52.5222],[13.40307,52.52222],[13.40307,52.52222],[13.40307,52.5222],[13.40307,52.5222]],[[13.40301,52.5222],[13.40301,52.52221],[13.40301,52.52221],[13.40301,52.5222],[13.40301,52.5222]],[[13.40303,52.5222],[13.40303,52.52219],[13.40304,52.52219],[13.40304,52.5222],[13.40304,52.5222],[13.40303,52.5222],[13.40303,52.5222]],[[13.40307,52.52219],[13.40306,52.52218],[13.40307,52.52218],[13.40307,52.5222],[13.40306,52.5222],[13.40307,52.52219]],[[13.40304,52.52218],[13.40303,52.52217],[13.40305,52.52217],[13.40304,52.52218]],[[13.40302,52.52217],[13.40302,52.52217],[13.40301,52.52217],[13.40301,52.52217],[13.40302,52.52217]],[[13.40302,52.52219],[13.40302,52.52219],[13.40301,52.52219],[13.40301,52.52219],[13.40302,52.52219]],[[13.40308,52.52216],[13.40308,52.52217],[13.40306,52.52217],[13.40306,52.52216],[13.40308,52.52216]],[[13.40302,52.52217],[13.403,52.52216],[13.40302,52.52215],[13.40302,52.52217]],[[13.40307,52.52215],[13.40307,52.52216],[13.40306,52.52216],[13.40306,52.52215],[13.40307,52.52215]],[[13.40307,52.52215],[13.40306,52.52213],[13.40308,52.52214],[13.40307,52.52215]],[[13.40308,52.52212],[13.40308,52.52213],[13.40306,52.52213],[13.40306,52.52212],[13.40308,52.52212]],[[13.40308,52.5221],[13.40308,52.52211],[13.40307,52.52211],[13.40307,52.5221],[13.40308,52.5221]],[[13.40303,52.5221],[13.40303,52.5221],[13.40301,52.5221],[13.40301,52.5221],[13.40303,52.5221]],[[13.40308,52.52206],[13.40308,52.52209],[13.40307,52.52209],[13.40307,52.52206],[13.40308,52.52206]],[[13.40303,52.52208],[13.40303,52.52208],[13.40303,52.52207],[13.40305,52.52207],[13.40305,52.52208],[13.40304,52.52208],[13.40304,52.52208],[13.40303,52.52208],[13.40303,52.52208],[13.40302,52.52208],[13.40302,52.52207],[13.40303,52.52207],[13.40303,52.52208]],[[13.40306,52.52202],[13.40306,52.52202],[13.40305,52.52202],[13.40305,52.52202],[13.40306,52.52202]],[[13.40306,52.522],[13.40308,52.52199],[13.40307,52.522],[13.40307,52.52201],[13.40305,52.52201],[13.40306,52.522]],[[13.40302,52.522],[13.40302,52.52201],[13.40301,52.52201],[13.40301,52.522],[13.40302,52.522]],[[13.40302,52.52199],[13.40302,52.52199],[13.40301,52.52199],[13.40301,52.52199],[13.40302,52.52199]],[[13.40304,52.522],[13.40304,52.522],[13.40304,52.522],[13.40304,52.522],[13.40304,52.522]],[[13.40299,52.52195],[13.40299,52.52196],[13.40298,52.52196],[13.40298,52.52195],[13.40299,52.52195]]]]},"properties":{"type":"extensiv"}},{"type":"Feature","geometry":{"type":"MultiPolygon","coordinates":[[[[13.40278,52.52226],[13.40278,52.52225],[13.40276,52.52227],[13.40278,52.52226]]]]},"properties":{"type":"extensiv"}},{"type":"Feature","geometry":{"type":"MultiPolygon","coordinates":[[[[13.40311,52.52227],[13.40312,52.52226],[13.40311,52.52226],[13.40311,52.52227]]]]},"properties":{"type":"extensiv"}},{"type":"Feature","geometry":{"type":"MultiPolygon","coordinates":[[[[13.40313,52.52222],[13.40311,52.52224],[13.40314,52.52223],[13.40313,52.52222]]]]},"properties":{"type":"extensiv"}},{"type":"Feature","geometry":{"type":"MultiPolygon","coordinates":[[[[13.40313,52.52221],[13.40313,52.52221],[13.40313,52.52221],[13.40313,52.52221],[13.40313,52.52221]]]]},"properties":{"type":"extensiv"}},{"type":"Feature","geometry":{"type":"MultiPolygon","coordinates":[[[[13.40311,52.52221],[13.40312,52.52221],[13.40313,52.52221],[13.40313,52.5222],[13.40312,52.5222],[13.40312,52.5222],[13.40311,52.5222],[13.40311,52.52221]]]]},"properties":{"type":"extensiv"}},{"type":"Feature","geometry":{"type":"MultiPolygon","coordinates":[[[[13.40313,52.52219],[13.40311,52.52219],[13.40311,52.52219],[13.40313,52.52219],[13.40313,52.52219]]]]},"properties":{"type":"extensiv"}},{"type":"Feature","geometry":{"type":"MultiPolygon","coordinates":[[[[13.403,52.52193],[13.403,52.52193],[13.403,52.52193],[13.403,52.52193]]]]},"properties":{"type":"extensiv"}}]}