{"type":"FeatureCollection","features":[{"type":"Feature","geometry":{"type":"Point","coordinates":[13.41442,52.52054]},"properties":{"species":"Winter-Linde","age_years":26,"street":"Grunerstraße","crown_diameter_m":4.5,"group":"Laubbäume"}},{"type":"Feature","geometry":{"type":"Point","coordinates":[13.41451,52.52061]},"properties":{"species":"Winter-Linde","age_years":26,"street":"Grunerstraße","crown_diameter_m":5,"group":"Laubbäume"}},{"type":"Feature","geometry":{"type":"Point","coordinates":[13.41432,52.52047]},"properties":{"species":"Winter-Linde","age_years":26,"street":"Grunerstraße","crown_diameter_m":4.5,"group":"Laubbäume"}},{"type":"Feature","geometry":{"type":"Point","coordinates":[13.41391,52.52024]},"properties":{"species":"Winter-Linde","age_years":26,"street":"Grunerstraße","crown_diameter_m":5,"group":"Laubbäume"}},{"type":"Feature","geometry":{"type":"Point","coordinates":[13.41377,52.52017]},"properties":{"species":"Winter-Linde","age_years":26,"street":"Grunerstraße","crown_diameter_m":5,"group":"Laubbäume"}},{"type":"Feature","geometry":{"type":"Point","coordinates":[13.40743,52.52369]},"properties":{"species":"Spitz-Ahorn","age_years":22,"street":"Rochstraße","crown_diameter_m":10,"group":"Laubbäume"}},{"type":"Feature","geometry":{"type":"Point","coordinates":[13.40882,52.52245]},"properties":{"species":"Winter-Linde","age_years":47,"street":"Karl-Liebknecht-Straße","crown_diameter_m":8,"group":"Laubbäume"}},{"type":"Feature","geometry":{"type":"Point","coordinates":[13.40689,52.52128]},"properties":{"species":"Winter-Linde","age_years":26,"street":"Karl-Liebknecht-Straße","crown_diameter_m":8,"group":"Laubbäume"}},{"type":"Feature","geometry":{"type":"Point","coordinates":[13.40675,52.52121]},"properties":{"species":"Götterbaum","age_years":51,"street":"Karl-Liebknecht-Straße","crown_diameter_m":12,"group":"Laubbäume"}},{"type":"Feature","geometry":{"type":"Point","coordinates":[13.4066,52.52113]},"properties":{"species":"Götterbaum","age_years":55,"street":"Karl-Liebknecht-Straße","crown_diameter_m":12,"group":"Laubbäume"}},{"type":"Feature","geometry":{"type":"Point","coordinates":[13.40681,52.52124]},"properties":{"species":"Winter-Linde","age_years":24,"street":"Karl-Liebknecht-Straße","crown_diameter_m":3,"group":"Laubbäume"}},{"type":"Feature","geometry":{"type":"Point","coordinates":[13.40654,52.5211]},"properties":{"species":"Winter-Linde","age_years":26,"street":"Karl-Liebknecht-Straße","crown_diameter_m":5,"group":"Laubbäume"}},{"type":"Feature","geometry":{"type":"Point","coordinates":[13.41232,52.52446]},"properties":{"species":"Winter-Linde","age_years":27,"street":"Karl-Liebknecht-Straße","crown_diameter_m":4,"group":"Laubbäume"}},{"type":"Feature","geometry":{"type":"Point","coordinates":[13.40903,52.52238]},"properties":{"species":"Winter-Linde","age_years":36,"street":"Karl-Liebknecht-Straße","crown_diameter_m":8,"group":"Laubbäume"}},{"type":"Feature","geometry":{"type":"Point","coordinates":[13.41226,52.52441]},"properties":{"species":"Winter-Linde","age_years":31,"street":"Karl-Liebknecht-Straße","crown_diameter_m":5,"group":"Laubbäume"}},{"type":"Feature","geometry":{"type":"Point","coordinates":[13.41238,52.52451]},"properties":{"species":"Winter-Linde","age_years":28,"street":"Karl-Liebknecht-Straße","crown_diameter_m":4,"group":"Laubbäume"}},{"type":"Feature","geometry":{"type":"Point","coordinates":[13.41244,52.52456]},"properties":{"species":"Winter-Linde","age_years":36,"street":"Karl-Liebknecht-Straße","crown_diameter_m":7,"group":"Laubbäume"}},{"type":"Feature","geometry":{"type":"Point","coordinates":[13.40646,52.52106]},"properties":{"species":"Winter-Linde","age_years":27,"street":"Karl-Liebknecht-Straße","crown_diameter_m":6,"group":"Laubbäume"}},{"type":"Feature","geometry":{"type":"Point","coordinates":[13.41257,52.52466]},"properties":{"species":"Winter-Linde","age_years":31,"street":"Karl-Liebknecht-Straße","crown_diameter_m":5,"group":"Laubbäume"}},{"type":"Feature","geometry":{"type":"Point","coordinates":[13.4089,52.52248]},"properties":{"species":"Winter-Linde","age_years":31,"street":"Karl-Liebknecht-Straße","crown_diameter_m":4,"group":"Laubbäume"}},{"type":"Feature","geometry":{"type":"Point","coordinates":[13.4122,52.52436]},"properties":{"species":"Winter-Linde","age_years":36,"street":"Karl-Liebknecht-Straße","crown_diameter_m":6,"group":"Laubbäume"}},{"type":"Feature","geometry":{"type":"Point","coordinates":[13.41289,52.5249]},"properties":{"species":"Winter-Linde","age_years":36,"street":"Karl-Liebknecht-Straße","crown_diameter_m":5,"group":"Laubbäume"}},{"type":"Feature","geometry":{"type":"Point","coordinates":[13.41276,52.52481]},"properties":{"species":"Winter-Linde","age_years":31,"street":"Karl-Liebknecht-Straße","crown_diameter_m":6,"group":"Laubbäume"}},{"type":"Feature","geometry":{"type":"Point","coordinates":[13.41282,52.52486]},"properties":{"species":"Winter-Linde","age_years":36,"street":"Karl-Liebknecht-Straße","crown_diameter_m":6,"group":"Laubbäume"}},{"type":"Feature","geometry":{"type":"Point","coordinates":[13.41269,52.52475]},"properties":{"species":"Winter-Linde","age_years":36,"street":"Karl-Liebknecht-Straße","crown_diameter_m":6,"group":"Laubbäume"}},{"type":"Feature","geometry":{"type":"Point","coordinates":[13.40896,52.52243]},"properties":{"species":"Winter-Linde","age_years":42,"street":"Karl-Liebknecht-Straße","crown_diameter_m":9,"group":"Laubbäume"}},{"type":"Feature","geometry":{"type":"Point","coordinates":[13.40612,52.5209]},"properties":{"species":"Winter-Linde","age_years":24,"street":"Karl-Liebknecht-Straße","crown_diameter_m":6,"group":"Laubbäume"}},{"type":"Feature","geometry":{"type":"Point","coordinates":[13.41251,52.52461]},"properties":{"species":"Winter-Linde","age_years":36,"street":"Karl-Liebknecht-Straße","crown_diameter_m":7,"group":"Laubbäume"}},{"type":"Feature","geometry":{"type":"Point","coordinates":[13.4059,52.52078]},"properties":{"species":"Winter-Linde","age_years":23,"street":"Karl-Liebknecht-Straße","crown_diameter_m":5,"group":"Laubbäume"}},{"type":"Feature","geometry":{"type":"Point","coordinates":[13.39801,52.51781]},"properties":{"species":"Ahornblättrige Platane","age_years":93,"street":"Am Zeughaus","crown_diameter_m":20,"group":"Laubbäume"}},{"type":"Feature","geometry":{"type":"Point","coordinates":[13.39801,52.51779]},"properties":{"species":"Ahornblättrige Platane","age_years":93,"street":"Am Zeughaus","crown_diameter_m":19,"group":"Laubbäume"}},{"type":"Feature","geometry":{"type":"Point","coordinates":[13.39739,52.51916]},"properties":{"species":"Spitz-Ahorn","age_years":36,"street":"Am Zeughaus","crown_diameter_m":8,"group":"Laubbäume"}},{"type":"Feature","geometry":{"type":"Point","coordinates":[13.39761,52.51882]},"properties":{"species":"Spitz-Ahorn","age_years":36,"street":"Am Zeughaus","crown_diameter_m":10,"group":"Laubbäume"}},{"type":"Feature","geometry":{"type":"Point","coordinates":[13.39767,52.51869]},"properties":{"species":"Spitz-Ahorn","age_years":36,"street":"Am Zeughaus","crown_diameter_m":8,"group":"Laubbäume"}},{"type":"Feature","geometry":{"type":"Point","coordinates":[13.39764,52.51875]},"properties":{"species":"Spitz-Ahorn","age_years":36,"street":"Am Zeughaus","crown_diameter_m":10,"group":"Laubbäume"}},{"type":"Feature","geometry":{"type":"Point","coordinates":[13.39756,52.51889]},"properties":{"species":"Spitz-Ahorn","age_years":36,"street":"Am Zeughaus","crown_diameter_m":8,"group":"Laubbäume"}},{"type":"Feature","geometry":{"type":"Point","coordinates":[13.39752,52.51896]},"properties":{"species":"Spitz-Ahorn","age_years":36,"street":"Am Zeughaus","crown_diameter_m":6,"group":"Laubbäume"}},{"type":"Feature","geometry":{"type":"Point","coordinates":[13.39747,52.51902]},"properties":{"species":"Spitz-Ahorn","age_years":36,"street":"Am Zeughaus","crown_diameter_m":10,"group":"Laubbäume"}},{"type":"Feature","geometry":{"type":"Point","coordinates":[13.39743,52.51909]},"properties":{"species":"Berg-Ahorn, Weiss-Ahorn","age_years":36,"street":"Am Zeughaus","crown_diameter_m":8,"group":"Laubbäume"}},{"type":"Feature","geometry":{"type":"Point","coordinates":[13.39774,52.51855]},"properties":{"species":"Spitz-Ahorn","age_years":36,"street":"Am Zeughaus","crown_diameter_m":12,"group":"Laubbäume"}},{"type":"Feature","geometry":{"type":"Point","coordinates":[13.40287,52.51571]},"properties":{"species":"Ahornblättrige Platane","age_years":41,"street":"Breite Straße","crown_diameter_m":16,"group":"Laubbäume"}},{"type":"Feature","geometry":{"type":"Point","coordinates":[13.40288,52.51581]},"properties":{"species":"Ahornblättrige Platane","age_years":41,"street":"Breite Straße","crown_diameter_m":8,"group":"Laubbäume"}},{"type":"Feature","geometry":{"type":"Point","coordinates":[13.40271,52.51583]},"properties":{"species":"Ahornblättrige Platane","age_years":41,"street":"Breite Straße","crown_diameter_m":16,"group":"Laubbäume"}},{"type":"Feature","geometry":{"type":"Point","coordinates":[13.4028,52.51576]},"properties":{"species":"Ahornblättrige Platane","age_years":41,"street":"Breite Straße","crown_diameter_m":14,"group":"Laubbäume"}},{"type":"Feature","geometry":{"type":"Point","coordinates":[13.4028,52.51587]},"properties":{"species":"Ahornblättrige Platane","age_years":41,"street":"Breite Straße","crown_diameter_m":10,"group":"Laubbäume"}},{"type":"Feature","geometry":{"type":"Point","coordinates":[13.40296,52.51575]},"properties":{"species":"Ahornblättrige Platane","age_years":41,"street":"Breite Straße","crown_diameter_m":9,"group":"Laubbäume"}},{"type":"Feature","geometry":{"type":"Point","coordinates":[13.41459,52.52178]},"properties":{"species":"Gleditschie 'Inermis'","age_years":17,"street":"Alexanderplatz","crown_diameter_m":6,"group":"Laubbäume"}},{"type":"Feature","geometry":{"type":"Point","coordinates":[13.41292,52.52156]},"properties":{"species":"Japanischer Schnurbaum","age_years":19,"street":"Alexanderplatz","crown_diameter_m":9,"group":"Laubbäume"}},{"type":"Feature","geometry":{"type":"Point","coordinates":[13.41452,52.52183]},"properties":{"species":"Gleditschie 'Inermis'","age_years":17,"street":"Alexanderplatz","crown_diameter_m":6,"group":"Laubbäume"}},{"type":"Feature","geometry":{"type":"Point","coordinates":[13.41469,52.52183]},"properties":{"species":"Gleditschie 'Inermis'","age_years":17,"street":"Alexanderplatz","crown_diameter_m":6,"group":"Laubbäume"}},{"type":"Feature","geometry":{"type":"Point","coordinates":[13.4149,52.52194]},"properties":{"species":"Gleditschie 'Inermis'","age_years":17,"street":"Alexanderplatz","crown_diameter_m":6,"group":"Laubbäume"}},{"type":"Feature","geometry":{"type":"Point","coordinates":[13.41472,52.52193]},"properties":{"species":"Gleditschie 'Inermis'","age_years":17,"street":"Alexanderplatz","crown_diameter_m":6,"group":"Laubbäume"}},{"type":"Feature","geometry":{"type":"Point","coordinates":[13.4148,52.52188]},"properties":{"species":"Gleditschie 'Inermis'","age_years":17,"street":"Alexanderplatz","crown_diameter_m":6,"group":"Laubbäume"}},{"type":"Feature","geometry":{"type":"Point","coordinates":[13.41462,52.52188]},"properties":{"species":"Gleditschie 'Inermis'","age_years":17,"street":"Alexanderplatz","crown_diameter_m":5,"group":"Laubbäume"}},{"type":"Feature","geometry":{"type":"Point","coordinates":[13.41498,52.52206]},"properties":{"species":"Gleditschie 'Inermis'","age_years":17,"street":"Alexanderplatz","crown_diameter_m":5,"group":"Laubbäume"}},{"type":"Feature","geometry":{"type":"Point","coordinates":[13.41506,52.5221]},"properties":{"species":"Gleditschie 'Inermis'","age_years":17,"street":"Alexanderplatz","crown_diameter_m":4,"group":"Laubbäume"}},{"type":"Feature","geometry":{"type":"Point","coordinates":[13.41498,52.52318]},"properties":{"species":"Holländische Linde","age_years":36,"street":"Alexanderstraße","crown_diameter_m":10,"group":"Laubbäume"}},{"type":"Feature","geometry":{"type":"Point","coordinates":[13.41489,52.52322]},"properties":{"species":"Holländische Linde","age_years":36,"street":"Alexanderstraße","crown_diameter_m":8,"group":"Laubbäume"}},{"type":"Feature","geometry":{"type":"Point","coordinates":[13.41481,52.52326]},"properties":{"species":"Holländische Linde","age_years":36,"street":"Alexanderstraße","crown_diameter_m":6,"group":"Laubbäume"}},{"type":"Feature","geometry":{"type":"Point","coordinates":[13.41445,52.52341]},"properties":{"species":"Holländische Linde","age_years":36,"street":"Alexanderstraße","crown_diameter_m":9,"group":"Laubbäume"}},{"type":"Feature","geometry":{"type":"Point","coordinates":[13.41463,52.52334]},"properties":{"species":"Holländische Linde","age_years":36,"street":"Alexanderstraße","crown_diameter_m":7,"group":"Laubbäume"}},{"type":"Feature","geometry":{"type":"Point","coordinates":[13.41453,52.52338]},"properties":{"species":"Holländische Linde","age_years":36,"street":"Alexanderstraße","crown_diameter_m":6,"group":"Laubbäume"}},{"type":"Feature","geometry":{"type":"Point","coordinates":[13.41472,52.5233]},"properties":{"species":"Holländische Linde","age_years":36,"street":"Alexanderstraße","crown_diameter_m":8,"group":"Laubbäume"}},{"type":"Feature","geometry":{"type":"Point","coordinates":[13.41437,52.52345]},"properties":{"species":"Holländische Linde","age_years":36,"street":"Alexanderstraße","crown_diameter_m":8,"group":"Laubbäume"}},{"type":"Feature","geometry":{"type":"Point","coordinates":[13.41429,52.52349]},"properties":{"species":"Holländische Linde","age_years":36,"street":"Alexanderstraße","crown_diameter_m":6,"group":"Laubbäume"}},{"type":"Feature","geometry":{"type":"Point","coordinates":[13.4142,52.52353]},"properties":{"species":"Holländische Linde","age_years":36,"street":"Alexanderstraße","crown_diameter_m":8,"group":"Laubbäume"}},{"type":"Feature","geometry":{"type":"Point","coordinates":[13.41411,52.52357]},"properties":{"species":"Holländische Linde","age_years":36,"street":"Alexanderstraße","crown_diameter_m":10,"group":"Laubbäume"}},{"type":"Feature","geometry":{"type":"Point","coordinates":[13.41376,52.52372]},"properties":{"species":"Holländische Linde","age_years":36,"street":"Alexanderstraße","crown_diameter_m":7,"group":"Laubbäume"}},{"type":"Feature","geometry":{"type":"Point","coordinates":[13.41393,52.52365]},"properties":{"species":"Holländische Linde","age_years":36,"street":"Alexanderstraße","crown_diameter_m":8,"group":"Laubbäume"}},{"type":"Feature","geometry":{"type":"Point","coordinates":[13.41384,52.52369]},"properties":{"species":"Holländische Linde","age_years":36,"street":"Alexanderstraße","crown_diameter_m":6,"group":"Laubbäume"}},{"type":"Feature","geometry":{"type":"Point","coordinates":[13.41367,52.52376]},"properties":{"species":"Holländische Linde","age_years":36,"street":"Alexanderstraße","crown_diameter_m":10,"group":"Laubbäume"}},{"type":"Feature","geometry":{"type":"Point","coordinates":[13.41332,52.52391]},"properties":{"species":"Holländische Linde","age_years":36,"street":"Alexanderstraße","crown_diameter_m":8,"group":"Laubbäume"}},{"type":"Feature","geometry":{"type":"Point","coordinates":[13.41323,52.52396]},"properties":{"species":"Holländische Linde","age_years":36,"street":"Alexanderstraße","crown_diameter_m":6,"group":"Laubbäume"}},{"type":"Feature","geometry":{"type":"Point","coordinates":[13.41314,52.52399]},"properties":{"species":"Holländische Linde","age_years":36,"street":"Alexanderstraße","crown_diameter_m":8,"group":"Laubbäume"}},{"type":"Feature","geometry":{"type":"Point","coordinates":[13.41513,52.52112]},"properties":{"species":"Feld-Ulme","age_years":17,"street":"Alexanderstraße","crown_diameter_m":1.5,"group":"Laubbäume"}},{"type":"Feature","geometry":{"type":"Point","coordinates":[13.41506,52.52105]},"properties":{"species":"Feld-Ulme","age_years":17,"street":"Alexanderstraße","crown_diameter_m":4,"group":"Laubbäume"}},{"type":"Feature","geometry":{"type":"Point","coordinates":[13.41489,52.5209]},"properties":{"species":"Feld-Ulme","age_years":17,"street":"Alexanderstraße","crown_diameter_m":5,"group":"Laubbäume"}},{"type":"Feature","geometry":{"type":"Point","coordinates":[13.41497,52.52098]},"properties":{"species":"Feld-Ulme","age_years":17,"street":"Alexanderstraße","crown_diameter_m":2,"group":"Laubbäume"}},{"type":"Feature","geometry":{"type":"Point","coordinates":[13.41368,52.52114]},"properties":{"species":"Rotblühende Rosskastanie","age_years":19,"street":"Alexanderplatz","crown_diameter_m":8,"group":"Laubbäume"}},{"type":"Feature","geometry":{"type":"Point","coordinates":[13.41287,52.52162]},"properties":{"species":"Japanischer Schnurbaum","age_years":19,"street":"Alexanderplatz","crown_diameter_m":12,"group":"Laubbäume"}},{"type":"Feature","geometry":{"type":"Point","coordinates":[13.41372,52.52102]},"properties":{"species":"Rotblühende Rosskastanie","age_years":19,"street":"Alexanderplatz","crown_diameter_m":5,"group":"Laubbäume"}},{"type":"Feature","geometry":{"type":"Point","coordinates":[13.41395,52.52105]},"properties":{"species":"Rotblühende Rosskastanie","age_years":19,"street":"Alexanderplatz","crown_diameter_m":6,"group":"Laubbäume"}},{"type":"Feature","geometry":{"type":"Point","coordinates":[13.41407,52.52106]},"properties":{"species":"Rotblühende Rosskastanie","age_years":19,"street":"Alexanderplatz","crown_diameter_m":7,"group":"Laubbäume"}},{"type":"Feature","geometry":{"type":"Point","coordinates":[13.4138,52.52115]},"properties":{"species":"Rotblühende Rosskastanie","age_years":19,"street":"Alexanderplatz","crown_diameter_m":8,"group":"Laubbäume"}},{"type":"Feature","geometry":{"type":"Point","coordinates":[13.41415,52.52119]},"properties":{"species":"Rotblühende Rosskastanie","age_years":19,"street":"Alexanderplatz","crown_diameter_m":9,"group":"Laubbäume"}},{"type":"Feature","geometry":{"type":"Point","coordinates":[13.41418,52.52108]},"properties":{"species":"Rotblühende Rosskastanie","age_years":19,"street":"Alexanderplatz","crown_diameter_m":7,"group":"Laubbäume"}},{"type":"Feature","geometry":{"type":"Point","coordinates":[13.41403,52.52117]},"properties":{"species":"Rotblühende Rosskastanie","age_years":19,"street":"Alexanderplatz","crown_diameter_m":8,"group":"Laubbäume"}},{"type":"Feature","geometry":{"type":"Point","coordinates":[13.41383,52.52104]},"properties":{"species":"Rotblühende Rosskastanie","age_years":19,"street":"Alexanderplatz","crown_diameter_m":5,"group":"Laubbäume"}},{"type":"Feature","geometry":{"type":"Point","coordinates":[13.41392,52.52116]},"properties":{"species":"Rotblühende Rosskastanie","age_years":19,"street":"Alexanderplatz","crown_diameter_m":8,"group":"Laubbäume"}},{"type":"Feature","geometry":{"type":"Point","coordinates":[13.41499,52.523]},"properties":{"species":"Winter-Linde 'Greenspire'","age_years":13,"street":"Alexanderstraße","crown_diameter_m":3,"group":"Laubbäume"}},{"type":"Feature","geometry":{"type":"Point","coordinates":[13.41486,52.52306]},"properties":{"species":"Winter-Linde 'Greenspire'","age_years":13,"street":"Alexanderstraße","crown_diameter_m":4,"group":"Laubbäume"}},{"type":"Feature","geometry":{"type":"Point","coordinates":[13.41472,52.52312]},"properties":{"species":"Winter-Linde 'Greenspire'","age_years":13,"street":"Alexanderstraße","crown_diameter_m":3,"group":"Laubbäume"}},{"type":"Feature","geometry":{"type":"Point","coordinates":[13.41416,52.52338]},"properties":{"species":"Winter-Linde 'Greenspire'","age_years":13,"street":"Alexanderstraße","crown_diameter_m":3,"group":"Laubbäume"}},{"type":"Feature","geometry":{"type":"Point","coordinates":[13.4143,52.52332]},"properties":{"species":"Winter-Linde 'Greenspire'","age_years":13,"street":"Alexanderstraße","crown_diameter_m":3,"group":"Laubbäume"}},{"type":"Feature","geometry":{"type":"Point","coordinates":[13.41458,52.52319]},"properties":{"species":"Winter-Linde 'Greenspire'","age_years":13,"street":"Alexanderstraße","crown_diameter_m":3,"group":"Laubbäume"}},{"type":"Feature","geometry":{"type":"Point","coordinates":[13.41402,52.52345]},"properties":{"species":"Winter-Linde 'Greenspire'","age_years":13,"street":"Alexanderstraße","crown_diameter_m":3,"group":"Laubbäume"}},{"type":"Feature","geometry":{"type":"Point","coordinates":[13.41389,52.52351]},"properties":{"species":"Winter-Linde 'Greenspire'","age_years":13,"street":"Alexanderstraße","crown_diameter_m":2.5,"group":"Laubbäume"}},{"type":"Feature","geometry":{"type":"Point","coordinates":[13.41375,52.52357]},"properties":{"species":"Winter-Linde 'Greenspire'","age_years":13,"street":"Alexanderstraße","crown_diameter_m":3,"group":"Laubbäume"}},{"type":"Feature","geometry":{"type":"Point","coordinates":[13.41361,52.52364]},"properties":{"species":"Winter-Linde 'Greenspire'","age_years":13,"street":"Alexanderstraße","crown_diameter_m":3,"group":"Laubbäume"}},{"type":"Feature","geometry":{"type":"Point","coordinates":[13.41279,52.52402]},"properties":{"species":"Winter-Linde 'Greenspire'","age_years":13,"street":"Alexanderstraße","crown_diameter_m":2,"group":"Laubbäume"}},{"type":"Feature","geometry":{"type":"Point","coordinates":[13.4132,52.52383]},"properties":{"species":"Winter-Linde 'Greenspire'","age_years":13,"street":"Alexanderstraße","crown_diameter_m":6,"group":"Laubbäume"}},{"type":"Feature","geometry":{"type":"Point","coordinates":[13.41292,52.52396]},"properties":{"species":"Winter-Linde 'Greenspire'","age_years":13,"street":"Alexanderstraße","crown_diameter_m":2.5,"group":"Laubbäume"}},{"type":"Feature","geometry":{"type":"Point","coordinates":[13.41347,52.5237]},"properties":{"species":"Winter-Linde 'Greenspire'","age_years":13,"street":"Alexanderstraße","crown_diameter_m":3,"group":"Laubbäume"}},{"type":"Feature","geometry":{"type":"Point","coordinates":[13.41293,52.5241]},"properties":{"species":"Winter-Linde 'Greenspire'","age_years":13,"street":"Alexanderstraße","crown_diameter_m":3,"group":"Laubbäume"}},{"type":"Feature","geometry":{"type":"Point","coordinates":[13.41304,52.52418]},"properties":{"species":"Winter-Linde 'Greenspire'","age_years":13,"street":"Alexanderstraße","crown_diameter_m":4,"group":"Laubbäume"}},{"type":"Feature","geometry":{"type":"Point","coordinates":[13.41337,52.52326]},"properties":{"species":"Winter-Linde 'Greenspire'","age_years":13,"street":"Alexanderstraße","crown_diameter_m":3,"group":"Laubbäume"}},{"type":"Feature","geometry":{"type":"Point","coordinates":[13.41309,52.5234]},"properties":{"species":"Winter-Linde 'Greenspire'","age_years":13,"street":"Alexanderstraße","crown_diameter_m":4,"group":"Laubbäume"}},{"type":"Feature","geometry":{"type":"Point","coordinates":[13.41323,52.52333]},"properties":{"species":"Winter-Linde 'Greenspire'","age_years":13,"street":"Alexanderstraße","crown_diameter_m":3,"group":"Laubbäume"}},{"type":"Feature","geometry":{"type":"Point","coordinates":[13.41267,52.52359]},"properties":{"species":"Winter-Linde 'Greenspire'","age_years":13,"street":"Alexanderstraße","crown_diameter_m":2,"group":"Laubbäume"}},{"type":"Feature","geometry":{"type":"Point","coordinates":[13.41351,52.5232]},"properties":{"species":"Winter-Linde 'Greenspire'","age_years":13,"street":"Alexanderstraße","crown_diameter_m":2.5,"group":"Laubbäume"}},{"type":"Feature","geometry":{"type":"Point","coordinates":[13.41366,52.52313]},"properties":{"species":"Winter-Linde 'Greenspire'","age_years":13,"street":"Alexanderstraße","crown_diameter_m":2,"group":"Laubbäume"}},{"type":"Feature","geometry":{"type":"Point","coordinates":[13.41379,52.52307]},"properties":{"species":"Winter-Linde 'Greenspire'","age_years":13,"street":"Alexanderstraße","crown_diameter_m":3,"group":"Laubbäume"}},{"type":"Feature","geometry":{"type":"Point","coordinates":[13.41393,52.523]},"properties":{"species":"Spitz-Ahorn 'Nowusch'","age_years":13,"street":"Alexanderstraße","crown_diameter_m":2,"group":"Laubbäume"}},{"type":"Feature","geometry":{"type":"Point","coordinates":[13.41421,52.52287]},"properties":{"species":"Winter-Linde 'Greenspire'","age_years":13,"street":"Alexanderstraße","crown_diameter_m":2.2,"group":"Laubbäume"}},{"type":"Feature","geometry":{"type":"Point","coordinates":[13.41435,52.52281]},"properties":{"species":"Winter-Linde 'Greenspire'","age_years":13,"street":"Alexanderstraße","crown_diameter_m":2,"group":"Laubbäume"}},{"type":"Feature","geometry":{"type":"Point","coordinates":[13.41407,52.52294]},"properties":{"species":"Winter-Linde 'Greenspire'","age_years":13,"street":"Alexanderstraße","crown_diameter_m":2.3000000000000003,"group":"Laubbäume"}},{"type":"Feature","geometry":{"type":"Point","coordinates":[13.40731,52.51777]},"properties":{"species":"Gemeine Rosskastanie","age_years":56,"street":"Am Nußbaum","crown_diameter_m":10,"group":"Laubbäume"}},{"type":"Feature","geometry":{"type":"Point","coordinates":[13.41507,52.52314]},"properties":{"species":"Winter-Linde 'Greenspire'","age_years":13,"street":"Alexanderstraße","crown_diameter_m":2,"group":"Laubbäume"}},{"type":"Feature","geometry":{"type":"Point","coordinates":[13.40728,52.5176]},"properties":{"species":"Kugel-Ahorn","age_years":38,"street":"Am Nußbaum","crown_diameter_m":5,"group":"Laubbäume"}},{"type":"Feature","geometry":{"type":"Point","coordinates":[13.40727,52.51756]},"properties":{"species":"Kugel-Ahorn","age_years":38,"street":"Am Nußbaum","crown_diameter_m":4,"group":"Laubbäume"}},{"type":"Feature","geometry":{"type":"Point","coordinates":[13.40729,52.51763]},"properties":{"species":"Kugel-Ahorn","age_years":38,"street":"Am Nußbaum","crown_diameter_m":6,"group":"Laubbäume"}},{"type":"Feature","geometry":{"type":"Point","coordinates":[13.4072,52.51731]},"properties":{"species":"Kugel-Ahorn","age_years":38,"street":"Am Nußbaum","crown_diameter_m":6,"group":"Laubbäume"}},{"type":"Feature","geometry":{"type":"Point","coordinates":[13.40722,52.51728]},"properties":{"species":"Kugel-Ahorn","age_years":38,"street":"Am Nußbaum","crown_diameter_m":7,"group":"Laubbäume"}},{"type":"Feature","geometry":{"type":"Point","coordinates":[13.40721,52.51735]},"properties":{"species":"Kugel-Ahorn","age_years":38,"street":"Am Nußbaum","crown_diameter_m":7,"group":"Laubbäume"}},{"type":"Feature","geometry":{"type":"Point","coordinates":[13.40736,52.51779]},"properties":{"species":"Gemeine Rosskastanie","age_years":56,"street":"Am Nußbaum","crown_diameter_m":11,"group":"Laubbäume"}},{"type":"Feature","geometry":{"type":"Point","coordinates":[13.41295,52.52064]},"properties":{"species":"Winter-Linde","age_years":27,"street":"Dircksenstraße","crown_diameter_m":5,"group":"Laubbäume"}},{"type":"Feature","geometry":{"type":"Point","coordinates":[13.41302,52.52057]},"properties":{"species":"Winter-Linde","age_years":27,"street":"Dircksenstraße","crown_diameter_m":5,"group":"Laubbäume"}},{"type":"Feature","geometry":{"type":"Point","coordinates":[13.41311,52.5205]},"properties":{"species":"Winter-Linde","age_years":27,"street":"Dircksenstraße","crown_diameter_m":6,"group":"Laubbäume"}},{"type":"Feature","geometry":{"type":"Point","coordinates":[13.41335,52.5203]},"properties":{"species":"Winter-Linde","age_years":27,"street":"Dircksenstraße","crown_diameter_m":10,"group":"Laubbäume"}},{"type":"Feature","geometry":{"type":"Point","coordinates":[13.41343,52.52023]},"properties":{"species":"Winter-Linde","age_years":27,"street":"Dircksenstraße","crown_diameter_m":6,"group":"Laubbäume"}},{"type":"Feature","geometry":{"type":"Point","coordinates":[13.41327,52.52036]},"properties":{"species":"Winter-Linde","age_years":27,"street":"Dircksenstraße","crown_diameter_m":7,"group":"Laubbäume"}},{"type":"Feature","geometry":{"type":"Point","coordinates":[13.41136,52.52193]},"properties":{"species":"Winter-Linde","age_years":19,"street":"Dircksenstraße","crown_diameter_m":5,"group":"Laubbäume"}},{"type":"Feature","geometry":{"type":"Point","coordinates":[13.41046,52.52248]},"properties":{"species":"Winter-Linde","age_years":19,"street":"Dircksenstraße","crown_diameter_m":4,"group":"Laubbäume"}},{"type":"Feature","geometry":{"type":"Point","coordinates":[13.41083,52.52226]},"properties":{"species":"Winter-Linde","age_years":19,"street":"Dircksenstraße","crown_diameter_m":4,"group":"Laubbäume"}},{"type":"Feature","geometry":{"type":"Point","coordinates":[13.41122,52.52202]},"properties":{"species":"Winter-Linde","age_years":19,"street":"Dircksenstraße","crown_diameter_m":4,"group":"Laubbäume"}},{"type":"Feature","geometry":{"type":"Point","coordinates":[13.4105,52.52227]},"properties":{"species":"Winter-Linde","age_years":19,"street":"Dircksenstraße","crown_diameter_m":2,"group":"Laubbäume"}},{"type":"Feature","geometry":{"type":"Point","coordinates":[13.41067,52.52216]},"properties":{"species":"Winter-Linde","age_years":19,"street":"Dircksenstraße","crown_diameter_m":5,"group":"Laubbäume"}},{"type":"Feature","geometry":{"type":"Point","coordinates":[13.41087,52.52204]},"properties":{"species":"Winter-Linde","age_years":19,"street":"Dircksenstraße","crown_diameter_m":5,"group":"Laubbäume"}},{"type":"Feature","geometry":{"type":"Point","coordinates":[13.4112,52.52184]},"properties":{"species":"Winter-Linde","age_years":19,"street":"Dircksenstraße","crown_diameter_m":4,"group":"Laubbäume"}},{"type":"Feature","geometry":{"type":"Point","coordinates":[13.41103,52.52214]},"properties":{"species":"Winter-Linde","age_years":19,"street":"Dircksenstraße","crown_diameter_m":4,"group":"Laubbäume"}},{"type":"Feature","geometry":{"type":"Point","coordinates":[13.40063,52.52207]},"properties":{"species":"Sommer-Eiche, Stiel-Eiche","age_years":34,"street":"Burgstraße","crown_diameter_m":9,"group":"Laubbäume"}},{"type":"Feature","geometry":{"type":"Point","coordinates":[13.40311,52.51565]},"properties":{"species":"Ahornblättrige Platane","age_years":41,"street":"Breite Straße","crown_diameter_m":9,"group":"Laubbäume"}},{"type":"Feature","geometry":{"type":"Point","coordinates":[13.40295,52.51565]},"properties":{"species":"Ahornblättrige Platane","age_years":41,"street":"Breite Straße","crown_diameter_m":10,"group":"Laubbäume"}},{"type":"Feature","geometry":{"type":"Point","coordinates":[13.40303,52.5156]},"properties":{"species":"Ahornblättrige Platane","age_years":41,"street":"Breite Straße","crown_diameter_m":14,"group":"Laubbäume"}},{"type":"Feature","geometry":{"type":"Point","coordinates":[13.4032,52.51559]},"properties":{"species":"Ahornblättrige Platane","age_years":41,"street":"Breite Straße","crown_diameter_m":9,"group":"Laubbäume"}},{"type":"Feature","geometry":{"type":"Point","coordinates":[13.4031,52.51555]},"properties":{"species":"Ahornblättrige Platane","age_years":41,"street":"Breite Straße","crown_diameter_m":15,"group":"Laubbäume"}},{"type":"Feature","geometry":{"type":"Point","coordinates":[13.40327,52.51554]},"properties":{"species":"Ahornblättrige Platane","age_years":41,"street":"Breite Straße","crown_diameter_m":10,"group":"Laubbäume"}},{"type":"Feature","geometry":{"type":"Point","coordinates":[13.40335,52.51548]},"properties":{"species":"Ahornblättrige Platane","age_years":41,"street":"Breite Straße","crown_diameter_m":6,"group":"Laubbäume"}},{"type":"Feature","geometry":{"type":"Point","coordinates":[13.40325,52.51543]},"properties":{"species":"Ahornblättrige Platane","age_years":41,"street":"Breite Straße","crown_diameter_m":16,"group":"Laubbäume"}},{"type":"Feature","geometry":{"type":"Point","coordinates":[13.40318,52.51549]},"properties":{"species":"Ahornblättrige Platane","age_years":41,"street":"Breite Straße","crown_diameter_m":11,"group":"Laubbäume"}},{"type":"Feature","geometry":{"type":"Point","coordinates":[13.40338,52.51534]},"properties":{"species":"Ahornblättrige Platane","age_years":41,"street":"Breite Straße","crown_diameter_m":16,"group":"Laubbäume"}},{"type":"Feature","geometry":{"type":"Point","coordinates":[13.40348,52.51527]},"properties":{"species":"Ahornblättrige Platane","age_years":41,"street":"Breite Straße","crown_diameter_m":17,"group":"Laubbäume"}},{"type":"Feature","geometry":{"type":"Point","coordinates":[13.40347,52.51539]},"properties":{"species":"Ahornblättrige Platane","age_years":41,"street":"Breite Straße","crown_diameter_m":12,"group":"Laubbäume"}},{"type":"Feature","geometry":{"type":"Point","coordinates":[13.40475,52.51492]},"properties":{"species":"Ahornblättrige Platane","age_years":26,"street":"Breite Straße","crown_diameter_m":11,"group":"Laubbäume"}},{"type":"Feature","geometry":{"type":"Point","coordinates":[13.40464,52.515]},"properties":{"species":"Ahornblättrige Platane","age_years":26,"street":"Breite Straße","crown_diameter_m":11,"group":"Laubbäume"}},{"type":"Feature","geometry":{"type":"Point","coordinates":[13.40441,52.51516]},"properties":{"species":"Ahornblättrige Platane","age_years":77,"street":"Breite Straße","crown_diameter_m":16,"group":"Laubbäume"}},{"type":"Feature","geometry":{"type":"Point","coordinates":[13.4043,52.51523]},"properties":{"species":"Ahornblättrige Platane","age_years":75,"street":"Breite Straße","crown_diameter_m":15,"group":"Laubbäume"}},{"type":"Feature","geometry":{"type":"Point","coordinates":[13.40421,52.51531]},"properties":{"species":"Ahornblättrige Platane","age_years":46,"street":"Breite Straße","crown_diameter_m":12,"group":"Laubbäume"}},{"type":"Feature","geometry":{"type":"Point","coordinates":[13.40376,52.51563]},"properties":{"species":"Ahornblättrige Platane","age_years":41,"street":"Breite Straße","crown_diameter_m":12,"group":"Laubbäume"}},{"type":"Feature","geometry":{"type":"Point","coordinates":[13.404,52.51547]},"properties":{"species":"Ahornblättrige Platane","age_years":41,"street":"Breite Straße","crown_diameter_m":12,"group":"Laubbäume"}},{"type":"Feature","geometry":{"type":"Point","coordinates":[13.40385,52.51557]},"properties":{"species":"Ahornblättrige Platane","age_years":41,"street":"Breite Straße","crown_diameter_m":10,"group":"Laubbäume"}},{"type":"Feature","geometry":{"type":"Point","coordinates":[13.40409,52.51539]},"properties":{"species":"Ahornblättrige Platane","age_years":44,"street":"Breite Straße","crown_diameter_m":13,"group":"Laubbäume"}},{"type":"Feature","geometry":{"type":"Point","coordinates":[13.40364,52.51572]},"properties":{"species":"Ahornblättrige Platane","age_years":41,"street":"Breite Straße","crown_diameter_m":12,"group":"Laubbäume"}},{"type":"Feature","geometry":{"type":"Point","coordinates":[13.40348,52.51583]},"properties":{"species":"Ahornblättrige Platane","age_years":41,"street":"Breite Straße","crown_diameter_m":8,"group":"Laubbäume"}},{"type":"Feature","geometry":{"type":"Point","coordinates":[13.40335,52.51592]},"properties":{"species":"Ahornblättrige Platane","age_years":41,"street":"Breite Straße","crown_diameter_m":12,"group":"Laubbäume"}},{"type":"Feature","geometry":{"type":"Point","coordinates":[13.40321,52.51603]},"properties":{"species":"Ahornblättrige Platane","age_years":41,"street":"Breite Straße","crown_diameter_m":13,"group":"Laubbäume"}},{"type":"Feature","geometry":{"type":"Point","coordinates":[13.40301,52.51617]},"properties":{"species":"Ahornblättrige Platane","age_years":16,"street":"Breite Straße","crown_diameter_m":7,"group":"Laubbäume"}},{"type":"Feature","geometry":{"type":"Point","coordinates":[13.40286,52.51629]},"properties":{"species":"Ahornblättrige Platane","age_years":86,"street":"Breite Straße","crown_diameter_m":14,"group":"Laubbäume"}},{"type":"Feature","geometry":{"type":"Point","coordinates":[13.40303,52.51593]},"properties":{"species":"Ahornblättrige Platane","age_years":17,"street":"Breite Straße","crown_diameter_m":8,"group":"Laubbäume"}},{"type":"Feature","geometry":{"type":"Point","coordinates":[13.4029,52.51602]},"properties":{"species":"Ahornblättrige Platane","age_years":17,"street":"Breite Straße","crown_diameter_m":8,"group":"Laubbäume"}},{"type":"Feature","geometry":{"type":"Point","coordinates":[13.40276,52.51613]},"properties":{"species":"Ahornblättrige Platane","age_years":17,"street":"Breite Straße","crown_diameter_m":8,"group":"Laubbäume"}},{"type":"Feature","geometry":{"type":"Point","coordinates":[13.40317,52.51583]},"properties":{"species":"Ahornblättrige Platane","age_years":17,"street":"Breite Straße","crown_diameter_m":8,"group":"Laubbäume"}},{"type":"Feature","geometry":{"type":"Point","coordinates":[13.40368,52.51546]},"properties":{"species":"Ahornblättrige Platane","age_years":17,"street":"Breite Straße","crown_diameter_m":7,"group":"Laubbäume"}},{"type":"Feature","geometry":{"type":"Point","coordinates":[13.40345,52.51563]},"properties":{"species":"Ahornblättrige Platane","age_years":17,"street":"Breite Straße","crown_diameter_m":7,"group":"Laubbäume"}},{"type":"Feature","geometry":{"type":"Point","coordinates":[13.40356,52.51554]},"properties":{"species":"Ahornblättrige Platane","age_years":17,"street":"Breite Straße","crown_diameter_m":7,"group":"Laubbäume"}},{"type":"Feature","geometry":{"type":"Point","coordinates":[13.40329,52.51574]},"properties":{"species":"Ahornblättrige Platane","age_years":17,"street":"Breite Straße","crown_diameter_m":5,"group":"Laubbäume"}},{"type":"Feature","geometry":{"type":"Point","coordinates":[13.40401,52.51522]},"properties":{"species":"Ahornblättrige Platane","age_years":17,"street":"Breite Straße","crown_diameter_m":8,"group":"Laubbäume"}},{"type":"Feature","geometry":{"type":"Point","coordinates":[13.40423,52.51506]},"properties":{"species":"Ahornblättrige Platane","age_years":17,"street":"Breite Straße","crown_diameter_m":9,"group":"Laubbäume"}},{"type":"Feature","geometry":{"type":"Point","coordinates":[13.4041,52.51516]},"properties":{"species":"Ahornblättrige Platane","age_years":17,"street":"Breite Straße","crown_diameter_m":8,"group":"Laubbäume"}},{"type":"Feature","geometry":{"type":"Point","coordinates":[13.40433,52.51499]},"properties":{"species":"Ahornblättrige Platane","age_years":17,"street":"Breite Straße","crown_diameter_m":6,"group":"Laubbäume"}},{"type":"Feature","geometry":{"type":"Point","coordinates":[13.40444,52.51491]},"properties":{"species":"Ahornblättrige Platane","age_years":17,"street":"Breite Straße","crown_diameter_m":6,"group":"Laubbäume"}},{"type":"Feature","geometry":{"type":"Point","coordinates":[13.39508,52.51607]},"properties":{"species":"Winter-Linde","age_years":41,"street":"Hinter der Katholischen Kirche","crown_diameter_m":12,"group":"Laubbäume"}},{"type":"Feature","geometry":{"type":"Point","coordinates":[13.39517,52.51598]},"properties":{"species":"Winter-Linde","age_years":41,"street":"Hinter der Katholischen Kirche","crown_diameter_m":10,"group":"Laubbäume"}},{"type":"Feature","geometry":{"type":"Point","coordinates":[13.39514,52.51603]},"properties":{"species":"Winter-Linde","age_years":41,"street":"Hinter der Katholischen Kirche","crown_diameter_m":8,"group":"Laubbäume"}},{"type":"Feature","geometry":{"type":"Point","coordinates":[13.39512,52.51595]},"properties":{"species":"Winter-Linde","age_years":41,"street":"Hinter der Katholischen Kirche","crown_diameter_m":11,"group":"Laubbäume"}},{"type":"Feature","geometry":{"type":"Point","coordinates":[13.39507,52.51599]},"properties":{"species":"Winter-Linde","age_years":41,"street":"Hinter der Katholischen Kirche","crown_diameter_m":5,"group":"Laubbäume"}},{"type":"Feature","geometry":{"type":"Point","coordinates":[13.39501,52.51603]},"properties":{"species":"Winter-Linde","age_years":41,"street":"Hinter der Katholischen Kirche","crown_diameter_m":11,"group":"Laubbäume"}},{"type":"Feature","geometry":{"type":"Point","coordinates":[13.40747,52.52158]},"properties":{"species":"Winter-Linde","age_years":36,"street":"Karl-Liebknecht-Straße","crown_diameter_m":6,"group":"Laubbäume"}},{"type":"Feature","geometry":{"type":"Point","coordinates":[13.40739,52.52153]},"properties":{"species":"Winter-Linde","age_years":26,"street":"Karl-Liebknecht-Straße","crown_diameter_m":4,"group":"Laubbäume"}},{"type":"Feature","geometry":{"type":"Point","coordinates":[13.40756,52.52162]},"properties":{"species":"Winter-Linde","age_years":31,"street":"Karl-Liebknecht-Straße","crown_diameter_m":5,"group":"Laubbäume"}},{"type":"Feature","geometry":{"type":"Point","coordinates":[13.40764,52.52166]},"properties":{"species":"Winter-Linde","age_years":31,"street":"Karl-Liebknecht-Straße","crown_diameter_m":4.5,"group":"Laubbäume"}},{"type":"Feature","geometry":{"type":"Point","coordinates":[13.40785,52.52176]},"properties":{"species":"Winter-Linde","age_years":23,"street":"Karl-Liebknecht-Straße","crown_diameter_m":3,"group":"Laubbäume"}},{"type":"Feature","geometry":{"type":"Point","coordinates":[13.41263,52.5247]},"properties":{"species":"Winter-Linde","age_years":34,"street":"Karl-Liebknecht-Straße","crown_diameter_m":6,"group":"Laubbäume"}},{"type":"Feature","geometry":{"type":"Point","coordinates":[13.40889,52.5224]},"properties":{"species":"Winter-Linde","age_years":41,"street":"Karl-Liebknecht-Straße","crown_diameter_m":8,"group":"Laubbäume"}},{"type":"Feature","geometry":{"type":"Point","coordinates":[13.40875,52.5225]},"properties":{"species":"Winter-Linde","age_years":41,"street":"Karl-Liebknecht-Straße","crown_diameter_m":10,"group":"Laubbäume"}},{"type":"Feature","geometry":{"type":"Point","coordinates":[13.40896,52.52235]},"properties":{"species":"Winter-Linde","age_years":66,"street":"Karl-Liebknecht-Straße","crown_diameter_m":9,"group":"Laubbäume"}},{"type":"Feature","geometry":{"type":"Point","coordinates":[13.40428,52.51997]},"properties":{"species":"Winter-Linde 'Greenspire'","age_years":22,"street":"Karl-Liebknecht-Straße","crown_diameter_m":4.5,"group":"Laubbäume"}},{"type":"Feature","geometry":{"type":"Point","coordinates":[13.40386,52.51975]},"properties":{"species":"Winter-Linde 'Greenspire'","age_years":22,"street":"Karl-Liebknecht-Straße","crown_diameter_m":4,"group":"Laubbäume"}},{"type":"Feature","geometry":{"type":"Point","coordinates":[13.40415,52.5199]},"properties":{"species":"Winter-Linde 'Greenspire'","age_years":22,"street":"Karl-Liebknecht-Straße","crown_diameter_m":4,"group":"Laubbäume"}},{"type":"Feature","geometry":{"type":"Point","coordinates":[13.40394,52.51979]},"properties":{"species":"Winter-Linde 'Greenspire'","age_years":22,"street":"Karl-Liebknecht-Straße","crown_diameter_m":6,"group":"Laubbäume"}},{"type":"Feature","geometry":{"type":"Point","coordinates":[13.40422,52.51993]},"properties":{"species":"Winter-Linde 'Greenspire'","age_years":22,"street":"Karl-Liebknecht-Straße","crown_diameter_m":5,"group":"Laubbäume"}},{"type":"Feature","geometry":{"type":"Point","coordinates":[13.40375,52.5197]},"properties":{"species":"Winter-Linde 'Greenspire'","age_years":22,"street":"Karl-Liebknecht-Straße","crown_diameter_m":4,"group":"Laubbäume"}},{"type":"Feature","geometry":{"type":"Point","coordinates":[13.40367,52.51966]},"properties":{"species":"Winter-Linde 'Greenspire'","age_years":22,"street":"Karl-Liebknecht-Straße","crown_diameter_m":4,"group":"Laubbäume"}},{"type":"Feature","geometry":{"type":"Point","coordinates":[13.40339,52.51951]},"properties":{"species":"Winter-Linde 'Greenspire'","age_years":22,"street":"Karl-Liebknecht-Straße","crown_diameter_m":5,"group":"Laubbäume"}},{"type":"Feature","geometry":{"type":"Point","coordinates":[13.4033,52.51945]},"properties":{"species":"Winter-Linde 'Greenspire'","age_years":22,"street":"Karl-Liebknecht-Straße","crown_diameter_m":5,"group":"Laubbäume"}},{"type":"Feature","geometry":{"type":"Point","coordinates":[13.40287,52.51924]},"properties":{"species":"Winter-Linde 'Greenspire'","age_years":22,"street":"Karl-Liebknecht-Straße","crown_diameter_m":5,"group":"Laubbäume"}},{"type":"Feature","geometry":{"type":"Point","coordinates":[13.40314,52.51938]},"properties":{"species":"Winter-Linde 'Greenspire'","age_years":22,"street":"Karl-Liebknecht-Straße","crown_diameter_m":6,"group":"Laubbäume"}},{"type":"Feature","geometry":{"type":"Point","coordinates":[13.40295,52.51928]},"properties":{"species":"Winter-Linde 'Greenspire'","age_years":22,"street":"Karl-Liebknecht-Straße","crown_diameter_m":7,"group":"Laubbäume"}},{"type":"Feature","geometry":{"type":"Point","coordinates":[13.40322,52.51942]},"properties":{"species":"Winter-Linde 'Greenspire'","age_years":22,"street":"Karl-Liebknecht-Straße","crown_diameter_m":6,"group":"Laubbäume"}},{"type":"Feature","geometry":{"type":"Point","coordinates":[13.40278,52.51919]},"properties":{"species":"Winter-Linde 'Greenspire'","age_years":22,"street":"Karl-Liebknecht-Straße","crown_diameter_m":4,"group":"Laubbäume"}},{"type":"Feature","geometry":{"type":"Point","coordinates":[13.4027,52.51915]},"properties":{"species":"Winter-Linde 'Greenspire'","age_years":22,"street":"Karl-Liebknecht-Straße","crown_diameter_m":5,"group":"Laubbäume"}},{"type":"Feature","geometry":{"type":"Point","coordinates":[13.41036,52.52266]},"properties":{"species":"Kaiser-Linde","age_years":20,"street":"Karl-Liebknecht-Straße","crown_diameter_m":5,"group":"Laubbäume"}},{"type":"Feature","geometry":{"type":"Point","coordinates":[13.41134,52.52328]},"properties":{"species":"Kaiser-Linde","age_years":19,"street":"Karl-Liebknecht-Straße","crown_diameter_m":2,"group":"Laubbäume"}},{"type":"Feature","geometry":{"type":"Point","coordinates":[13.41147,52.52336]},"properties":{"species":"Kaiser-Linde","age_years":19,"street":"Karl-Liebknecht-Straße","crown_diameter_m":3,"group":"Laubbäume"}},{"type":"Feature","geometry":{"type":"Point","coordinates":[13.41184,52.5236]},"properties":{"species":"Kaiser-Linde","age_years":19,"street":"Karl-Liebknecht-Straße","crown_diameter_m":3.5,"group":"Laubbäume"}},{"type":"Feature","geometry":{"type":"Point","coordinates":[13.41296,52.52439]},"properties":{"species":"Winter-Linde","age_years":15,"street":"Karl-Liebknecht-Straße","crown_diameter_m":6,"group":"Laubbäume"}},{"type":"Feature","geometry":{"type":"Point","coordinates":[13.41276,52.52423]},"properties":{"species":"Winter-Linde","age_years":15,"street":"Karl-Liebknecht-Straße","crown_diameter_m":4,"group":"Laubbäume"}},{"type":"Feature","geometry":{"type":"Point","coordinates":[13.41286,52.52431]},"properties":{"species":"Winter-Linde","age_years":15,"street":"Karl-Liebknecht-Straße","crown_diameter_m":6,"group":"Laubbäume"}},{"type":"Feature","geometry":{"type":"Point","coordinates":[13.41194,52.52366]},"properties":{"species":"Kaiser-Linde","age_years":19,"street":"Karl-Liebknecht-Straße","crown_diameter_m":4,"group":"Laubbäume"}},{"type":"Feature","geometry":{"type":"Point","coordinates":[13.41307,52.52448]},"properties":{"species":"Winter-Linde","age_years":15,"street":"Karl-Liebknecht-Straße","crown_diameter_m":6,"group":"Laubbäume"}},{"type":"Feature","geometry":{"type":"Point","coordinates":[13.41316,52.52456]},"properties":{"species":"Winter-Linde","age_years":15,"street":"Karl-Liebknecht-Straße","crown_diameter_m":5,"group":"Laubbäume"}},{"type":"Feature","geometry":{"type":"Point","coordinates":[13.41325,52.52463]},"properties":{"species":"Winter-Linde","age_years":15,"street":"Karl-Liebknecht-Straße","crown_diameter_m":7,"group":"Laubbäume"}},{"type":"Feature","geometry":{"type":"Point","coordinates":[13.41384,52.52512]},"properties":{"species":"Winter-Linde","age_years":15,"street":"Karl-Liebknecht-Straße","crown_diameter_m":5,"group":"Laubbäume"}},{"type":"Feature","geometry":{"type":"Point","coordinates":[13.41394,52.52521]},"properties":{"species":"Winter-Linde","age_years":15,"street":"Karl-Liebknecht-Straße","crown_diameter_m":5,"group":"Laubbäume"}},{"type":"Feature","geometry":{"type":"Point","coordinates":[13.41348,52.52483]},"properties":{"species":"Winter-Linde","age_years":15,"street":"Karl-Liebknecht-Straße","crown_diameter_m":4,"group":"Laubbäume"}},{"type":"Feature","geometry":{"type":"Point","coordinates":[13.41175,52.52354]},"properties":{"species":"Kaiser-Linde","age_years":19,"street":"Karl-Liebknecht-Straße","crown_diameter_m":4,"group":"Laubbäume"}},{"type":"Feature","geometry":{"type":"Point","coordinates":[13.39934,52.52315]},"properties":{"species":"Winter-Linde","age_years":56,"street":"Monbijouplatz","crown_diameter_m":5,"group":"Laubbäume"}},{"type":"Feature","geometry":{"type":"Point","coordinates":[13.39976,52.52299]},"properties":{"species":"Winter-Linde","age_years":56,"street":"Monbijouplatz","crown_diameter_m":10,"group":"Laubbäume"}},{"type":"Feature","geometry":{"type":"Point","coordinates":[13.39979,52.52284]},"properties":{"species":"Winter-Linde","age_years":25,"street":"Monbijouplatz","crown_diameter_m":7,"group":"Laubbäume"}},{"type":"Feature","geometry":{"type":"Point","coordinates":[13.39955,52.52307]},"properties":{"species":"Winter-Linde","age_years":56,"street":"Monbijouplatz","crown_diameter_m":10,"group":"Laubbäume"}},{"type":"Feature","geometry":{"type":"Point","coordinates":[13.39944,52.52311]},"properties":{"species":"Winter-Linde","age_years":56,"street":"Monbijouplatz","crown_diameter_m":8,"group":"Laubbäume"}},{"type":"Feature","geometry":{"type":"Point","coordinates":[13.39913,52.52324]},"properties":{"species":"Winter-Linde","age_years":66,"street":"Monbijouplatz","crown_diameter_m":10,"group":"Laubbäume"}},{"type":"Feature","geometry":{"type":"Point","coordinates":[13.39889,52.5232]},"properties":{"species":"Winter-Linde","age_years":56,"street":"Monbijouplatz","crown_diameter_m":9,"group":"Laubbäume"}},{"type":"Feature","geometry":{"type":"Point","coordinates":[13.39903,52.52328]},"properties":{"species":"Winter-Linde","age_years":36,"street":"Monbijouplatz","crown_diameter_m":6,"group":"Laubbäume"}},{"type":"Feature","geometry":{"type":"Point","coordinates":[13.39897,52.52316]},"properties":{"species":"Winter-Linde","age_years":56,"street":"Monbijouplatz","crown_diameter_m":9,"group":"Laubbäume"}},{"type":"Feature","geometry":{"type":"Point","coordinates":[13.39916,52.52308]},"properties":{"species":"Winter-Linde","age_years":56,"street":"Monbijouplatz","crown_diameter_m":7,"group":"Laubbäume"}},{"type":"Feature","geometry":{"type":"Point","coordinates":[13.39927,52.52304]},"properties":{"species":"Winter-Linde","age_years":56,"street":"Monbijouplatz","crown_diameter_m":10,"group":"Laubbäume"}},{"type":"Feature","geometry":{"type":"Point","coordinates":[13.39907,52.52312]},"properties":{"species":"Winter-Linde","age_years":56,"street":"Monbijouplatz","crown_diameter_m":10,"group":"Laubbäume"}},{"type":"Feature","geometry":{"type":"Point","coordinates":[13.39936,52.52301]},"properties":{"species":"Winter-Linde","age_years":56,"street":"Monbijouplatz","crown_diameter_m":12,"group":"Laubbäume"}},{"type":"Feature","geometry":{"type":"Point","coordinates":[13.39987,52.52274]},"properties":{"species":"Winter-Linde","age_years":56,"street":"Monbijouplatz","crown_diameter_m":10,"group":"Laubbäume"}},{"type":"Feature","geometry":{"type":"Point","coordinates":[13.39996,52.52272]},"properties":{"species":"Winter-Linde","age_years":56,"street":"Monbijouplatz","crown_diameter_m":10,"group":"Laubbäume"}},{"type":"Feature","geometry":{"type":"Point","coordinates":[13.39956,52.52293]},"properties":{"species":"Winter-Linde","age_years":25,"street":"Monbijouplatz","crown_diameter_m":3,"group":"Laubbäume"}},{"type":"Feature","geometry":{"type":"Point","coordinates":[13.39966,52.52289]},"properties":{"species":"Winter-Linde","age_years":25,"street":"Monbijouplatz","crown_diameter_m":7,"group":"Laubbäume"}},{"type":"Feature","geometry":{"type":"Point","coordinates":[13.39988,52.52281]},"properties":{"species":"Winter-Linde","age_years":25,"street":"Monbijouplatz","crown_diameter_m":4,"group":"Laubbäume"}},{"type":"Feature","geometry":{"type":"Point","coordinates":[13.3987,52.52345]},"properties":{"species":"Winter-Linde","age_years":25,"street":"Monbijouplatz","crown_diameter_m":7,"group":"Laubbäume"}},{"type":"Feature","geometry":{"type":"Point","coordinates":[13.41017,52.52414]},"properties":{"species":"Winter-Linde","age_years":36,"street":"Memhardstraße","crown_diameter_m":7,"group":"Laubbäume"}},{"type":"Feature","geometry":{"type":"Point","coordinates":[13.41009,52.52415]},"properties":{"species":"Winter-Linde","age_years":36,"street":"Memhardstraße","crown_diameter_m":7,"group":"Laubbäume"}},{"type":"Feature","geometry":{"type":"Point","coordinates":[13.41013,52.52419]},"properties":{"species":"Winter-Linde","age_years":36,"street":"Memhardstraße","crown_diameter_m":8,"group":"Laubbäume"}},{"type":"Feature","geometry":{"type":"Point","coordinates":[13.41034,52.52414]},"properties":{"species":"Winter-Linde","age_years":36,"street":"Memhardstraße","crown_diameter_m":6,"group":"Laubbäume"}},{"type":"Feature","geometry":{"type":"Point","coordinates":[13.41027,52.52415]},"properties":{"species":"Winter-Linde","age_years":36,"street":"Memhardstraße","crown_diameter_m":7,"group":"Laubbäume"}},{"type":"Feature","geometry":{"type":"Point","coordinates":[13.4104,52.52412]},"properties":{"species":"Winter-Linde","age_years":36,"street":"Memhardstraße","crown_diameter_m":8,"group":"Laubbäume"}},{"type":"Feature","geometry":{"type":"Point","coordinates":[13.41025,52.52413]},"properties":{"species":"Winter-Linde","age_years":36,"street":"Memhardstraße","crown_diameter_m":4,"group":"Laubbäume"}},{"type":"Feature","geometry":{"type":"Point","coordinates":[13.4102,52.52418]},"properties":{"species":"Winter-Linde","age_years":36,"street":"Memhardstraße","crown_diameter_m":6,"group":"Laubbäume"}},{"type":"Feature","geometry":{"type":"Point","coordinates":[13.40006,52.51901]},"properties":{"species":"Winter-Linde","age_years":32,"street":"Am Lustgarten","crown_diameter_m":8,"group":"Laubbäume"}},{"type":"Feature","geometry":{"type":"Point","coordinates":[13.39997,52.5191]},"properties":{"species":"Winter-Linde","age_years":32,"street":"Am Lustgarten","crown_diameter_m":8,"group":"Laubbäume"}},{"type":"Feature","geometry":{"type":"Point","coordinates":[13.39987,52.51919]},"properties":{"species":"Winter-Linde","age_years":32,"street":"Am Lustgarten","crown_diameter_m":8,"group":"Laubbäume"}},{"type":"Feature","geometry":{"type":"Point","coordinates":[13.39977,52.51929]},"properties":{"species":"Winter-Linde","age_years":32,"street":"Am Lustgarten","crown_diameter_m":8,"group":"Laubbäume"}},{"type":"Feature","geometry":{"type":"Point","coordinates":[13.39982,52.51924]},"properties":{"species":"Winter-Linde","age_years":32,"street":"Am Lustgarten","crown_diameter_m":7,"group":"Laubbäume"}},{"type":"Feature","geometry":{"type":"Point","coordinates":[13.39991,52.51915]},"properties":{"species":"Winter-Linde","age_years":32,"street":"Am Lustgarten","crown_diameter_m":8,"group":"Laubbäume"}},{"type":"Feature","geometry":{"type":"Point","coordinates":[13.40001,52.51906]},"properties":{"species":"Winter-Linde","age_years":32,"street":"Am Lustgarten","crown_diameter_m":7,"group":"Laubbäume"}},{"type":"Feature","geometry":{"type":"Point","coordinates":[13.40011,52.51896]},"properties":{"species":"Winter-Linde","age_years":32,"street":"Am Lustgarten","crown_diameter_m":8,"group":"Laubbäume"}},{"type":"Feature","geometry":{"type":"Point","coordinates":[13.40021,52.51886]},"properties":{"species":"Winter-Linde","age_years":32,"street":"Am Lustgarten","crown_diameter_m":8,"group":"Laubbäume"}},{"type":"Feature","geometry":{"type":"Point","coordinates":[13.40036,52.51872]},"properties":{"species":"Winter-Linde","age_years":32,"street":"Am Lustgarten","crown_diameter_m":8,"group":"Laubbäume"}},{"type":"Feature","geometry":{"type":"Point","coordinates":[13.40046,52.51862]},"properties":{"species":"Winter-Linde","age_years":32,"street":"Am Lustgarten","crown_diameter_m":7,"group":"Laubbäume"}},{"type":"Feature","geometry":{"type":"Point","coordinates":[13.40055,52.51853]},"properties":{"species":"Winter-Linde","age_years":32,"street":"Am Lustgarten","crown_diameter_m":8,"group":"Laubbäume"}},{"type":"Feature","geometry":{"type":"Point","coordinates":[13.40016,52.51891]},"properties":{"species":"Winter-Linde","age_years":32,"street":"Am Lustgarten","crown_diameter_m":8,"group":"Laubbäume"}},{"type":"Feature","geometry":{"type":"Point","coordinates":[13.4006,52.51849]},"properties":{"species":"Winter-Linde","age_years":32,"street":"Am Lustgarten","crown_diameter_m":8,"group":"Laubbäume"}},{"type":"Feature","geometry":{"type":"Point","coordinates":[13.4004,52.51868]},"properties":{"species":"Winter-Linde","age_years":32,"street":"Am Lustgarten","crown_diameter_m":7,"group":"Laubbäume"}},{"type":"Feature","geometry":{"type":"Point","coordinates":[13.40031,52.51877]},"properties":{"species":"Winter-Linde","age_years":32,"street":"Am Lustgarten","crown_diameter_m":7,"group":"Laubbäume"}},{"type":"Feature","geometry":{"type":"Point","coordinates":[13.41185,52.51803]},"properties":{"species":"Winter-Linde","age_years":32,"street":"Klosterstraße","crown_diameter_m":10,"group":"Laubbäume"}},{"type":"Feature","geometry":{"type":"Point","coordinates":[13.41194,52.51792]},"properties":{"species":"Winter-Linde","age_years":31,"street":"Klosterstraße","crown_diameter_m":12,"group":"Laubbäume"}},{"type":"Feature","geometry":{"type":"Point","coordinates":[13.4116,52.51836]},"properties":{"species":"Winter-Linde","age_years":28,"street":"Klosterstraße","crown_diameter_m":7,"group":"Laubbäume"}},{"type":"Feature","geometry":{"type":"Point","coordinates":[13.41182,52.51809]},"properties":{"species":"Winter-Linde","age_years":36,"street":"Klosterstraße","crown_diameter_m":7,"group":"Laubbäume"}},{"type":"Feature","geometry":{"type":"Point","coordinates":[13.41178,52.51814]},"properties":{"species":"Winter-Linde","age_years":27,"street":"Klosterstraße","crown_diameter_m":9,"group":"Laubbäume"}},{"type":"Feature","geometry":{"type":"Point","coordinates":[13.41156,52.51841]},"properties":{"species":"Winter-Linde","age_years":28,"street":"Klosterstraße","crown_diameter_m":8,"group":"Laubbäume"}},{"type":"Feature","geometry":{"type":"Point","coordinates":[13.41164,52.51831]},"properties":{"species":"Winter-Linde","age_years":28,"street":"Klosterstraße","crown_diameter_m":7,"group":"Laubbäume"}},{"type":"Feature","geometry":{"type":"Point","coordinates":[13.4005,52.51858]},"properties":{"species":"Winter-Linde","age_years":32,"street":"Am Lustgarten","crown_diameter_m":6,"group":"Laubbäume"}},{"type":"Feature","geometry":{"type":"Point","coordinates":[13.41173,52.5182]},"properties":{"species":"Winter-Linde","age_years":36,"street":"Klosterstraße","crown_diameter_m":9,"group":"Laubbäume"}},{"type":"Feature","geometry":{"type":"Point","coordinates":[13.41169,52.51826]},"properties":{"species":"Winter-Linde","age_years":46,"street":"Klosterstraße","crown_diameter_m":6,"group":"Laubbäume"}},{"type":"Feature","geometry":{"type":"Point","coordinates":[13.40733,52.52353]},"properties":{"species":"Vogelbeere","age_years":36,"street":"Rochstraße","crown_diameter_m":6,"group":"Laubbäume"}},{"type":"Feature","geometry":{"type":"Point","coordinates":[13.40775,52.52415]},"properties":{"species":"Spitz-Ahorn","age_years":18,"street":"Rochstraße","crown_diameter_m":5,"group":"Laubbäume"}},{"type":"Feature","geometry":{"type":"Point","coordinates":[13.40754,52.52386]},"properties":{"species":"Spitz-Ahorn","age_years":18,"street":"Rochstraße","crown_diameter_m":5,"group":"Laubbäume"}},{"type":"Feature","geometry":{"type":"Point","coordinates":[13.40787,52.52432]},"properties":{"species":"Spitz-Ahorn","age_years":18,"street":"Rochstraße","crown_diameter_m":5,"group":"Laubbäume"}},{"type":"Feature","geometry":{"type":"Point","coordinates":[13.40764,52.524]},"properties":{"species":"Spitz-Ahorn","age_years":18,"street":"Rochstraße","crown_diameter_m":5.5,"group":"Laubbäume"}},{"type":"Feature","geometry":{"type":"Point","coordinates":[13.40739,52.52395]},"properties":{"species":"Spitz-Ahorn","age_years":18,"street":"Rochstraße","crown_diameter_m":5.5,"group":"Laubbäume"}},{"type":"Feature","geometry":{"type":"Point","coordinates":[13.40749,52.52408]},"properties":{"species":"Spitz-Ahorn","age_years":18,"street":"Rochstraße","crown_diameter_m":7,"group":"Laubbäume"}},{"type":"Feature","geometry":{"type":"Point","coordinates":[13.4074,52.52364]},"properties":{"species":"Spitz-Ahorn","age_years":22,"street":"Rochstraße","crown_diameter_m":6,"group":"Laubbäume"}},{"type":"Feature","geometry":{"type":"Point","coordinates":[13.4076,52.52423]},"properties":{"species":"Spitz-Ahorn","age_years":18,"street":"Rochstraße","crown_diameter_m":5,"group":"Laubbäume"}},{"type":"Feature","geometry":{"type":"Point","coordinates":[13.41357,52.51499]},"properties":{"species":"Spitz-Ahorn","age_years":56,"street":"Rolandufer","crown_diameter_m":10,"group":"Laubbäume"}},{"type":"Feature","geometry":{"type":"Point","coordinates":[13.41386,52.51502]},"properties":{"species":"Silber-Ahorn","age_years":106,"street":"Rolandufer","crown_diameter_m":16,"group":"Laubbäume"}},{"type":"Feature","geometry":{"type":"Point","coordinates":[13.41414,52.51506]},"properties":{"species":"Spitz-Ahorn","age_years":46,"street":"Rolandufer","crown_diameter_m":11,"group":"Laubbäume"}},{"type":"Feature","geometry":{"type":"Point","coordinates":[13.414,52.51504]},"properties":{"species":"Silber-Ahorn","age_years":86,"street":"Rolandufer","crown_diameter_m":15,"group":"Laubbäume"}},{"type":"Feature","geometry":{"type":"Point","coordinates":[13.4147,52.51514]},"properties":{"species":"Spitz-Ahorn","age_years":61,"street":"Rolandufer","crown_diameter_m":10,"group":"Laubbäume"}},{"type":"Feature","geometry":{"type":"Point","coordinates":[13.4148,52.51511]},"properties":{"species":"Silber-Ahorn","age_years":106,"street":"Rolandufer","crown_diameter_m":18,"group":"Laubbäume"}},{"type":"Feature","geometry":{"type":"Point","coordinates":[13.41485,52.51516]},"properties":{"species":"Spitz-Ahorn","age_years":41,"street":"Rolandufer","crown_diameter_m":5,"group":"Laubbäume"}},{"type":"Feature","geometry":{"type":"Point","coordinates":[13.41497,52.51518]},"properties":{"species":"Berg-Ahorn, Weiss-Ahorn","age_years":51,"street":"Rolandufer","crown_diameter_m":8,"group":"Laubbäume"}},{"type":"Feature","geometry":{"type":"Point","coordinates":[13.41502,52.51511]},"properties":{"species":"Spitz-Ahorn","age_years":56,"street":"Rolandufer","crown_diameter_m":10,"group":"Laubbäume"}},{"type":"Feature","geometry":{"type":"Point","coordinates":[13.41518,52.5151]},"properties":{"species":"Sommer-Eiche, Stiel-Eiche","age_years":66,"street":"Rolandufer","crown_diameter_m":11,"group":"Laubbäume"}},{"type":"Feature","geometry":{"type":"Point","coordinates":[13.41533,52.51514]},"properties":{"species":"Sommer-Eiche, Stiel-Eiche","age_years":51,"street":"Rolandufer","crown_diameter_m":11,"group":"Laubbäume"}},{"type":"Feature","geometry":{"type":"Point","coordinates":[13.40732,52.52386]},"properties":{"species":"Spitz-Ahorn","age_years":18,"street":"Rochstraße","crown_diameter_m":5,"group":"Laubbäume"}},{"type":"Feature","geometry":{"type":"Point","coordinates":[13.40926,52.51506]},"properties":{"species":"Spitz-Ahorn","age_years":48,"street":"Rolandufer","crown_diameter_m":10,"group":"Laubbäume"}},{"type":"Feature","geometry":{"type":"Point","coordinates":[13.40717,52.5236]},"properties":{"species":"Spitz-Ahorn","age_years":18,"street":"Rochstraße","crown_diameter_m":4.5,"group":"Laubbäume"}},{"type":"Feature","geometry":{"type":"Point","coordinates":[13.40725,52.52374]},"properties":{"species":"Spitz-Ahorn","age_years":18,"street":"Rochstraße","crown_diameter_m":4.5,"group":"Laubbäume"}},{"type":"Feature","geometry":{"type":"Point","coordinates":[13.40912,52.51507]},"properties":{"species":"Spitz-Ahorn","age_years":48,"street":"Rolandufer","crown_diameter_m":9,"group":"Laubbäume"}},{"type":"Feature","geometry":{"type":"Point","coordinates":[13.40941,52.51504]},"properties":{"species":"Spitz-Ahorn","age_years":48,"street":"Rolandufer","crown_diameter_m":10,"group":"Laubbäume"}},{"type":"Feature","geometry":{"type":"Point","coordinates":[13.40969,52.51501]},"properties":{"species":"Spitz-Ahorn","age_years":48,"street":"Rolandufer","crown_diameter_m":10,"group":"Laubbäume"}},{"type":"Feature","geometry":{"type":"Point","coordinates":[13.40955,52.51502]},"properties":{"species":"Spitz-Ahorn","age_years":46,"street":"Rolandufer","crown_diameter_m":8,"group":"Laubbäume"}},{"type":"Feature","geometry":{"type":"Point","coordinates":[13.40984,52.51499]},"properties":{"species":"Spitz-Ahorn","age_years":43,"street":"Rolandufer","crown_diameter_m":8,"group":"Laubbäume"}},{"type":"Feature","geometry":{"type":"Point","coordinates":[13.40999,52.51497]},"properties":{"species":"Spitz-Ahorn","age_years":51,"street":"Rolandufer","crown_diameter_m":9,"group":"Laubbäume"}},{"type":"Feature","geometry":{"type":"Point","coordinates":[13.41014,52.51496]},"properties":{"species":"Spitz-Ahorn","age_years":51,"street":"Rolandufer","crown_diameter_m":9,"group":"Laubbäume"}},{"type":"Feature","geometry":{"type":"Point","coordinates":[13.41028,52.51495]},"properties":{"species":"Spitz-Ahorn","age_years":51,"street":"Rolandufer","crown_diameter_m":8,"group":"Laubbäume"}},{"type":"Feature","geometry":{"type":"Point","coordinates":[13.41044,52.51495]},"properties":{"species":"Spitz-Ahorn","age_years":41,"street":"Rolandufer","crown_diameter_m":8,"group":"Laubbäume"}},{"type":"Feature","geometry":{"type":"Point","coordinates":[13.40401,52.5207]},"properties":{"species":"Kleinkronige Winter-Linde","age_years":21,"street":"Spandauer Straße","crown_diameter_m":3,"group":"Laubbäume"}},{"type":"Feature","geometry":{"type":"Point","coordinates":[13.40598,52.52489]},"properties":{"species":"Amerikanische Rot-Eiche","age_years":28,"street":"Neue Schönhauser Straße","crown_diameter_m":6,"group":"Laubbäume"}},{"type":"Feature","geometry":{"type":"Point","coordinates":[13.39465,52.52463]},"properties":{"species":"Holländische Linde","age_years":44,"street":"Oranienburger Straße","crown_diameter_m":9,"group":"Laubbäume"}},{"type":"Feature","geometry":{"type":"Point","coordinates":[13.39473,52.52461]},"properties":{"species":"Holländische Linde","age_years":44,"street":"Oranienburger Straße","crown_diameter_m":9,"group":"Laubbäume"}},{"type":"Feature","geometry":{"type":"Point","coordinates":[13.39731,52.52392]},"properties":{"species":"Holländische Linde","age_years":66,"street":"Oranienburger Straße","crown_diameter_m":6,"group":"Laubbäume"}},{"type":"Feature","geometry":{"type":"Point","coordinates":[13.39714,52.52397]},"properties":{"species":"Holländische Linde","age_years":66,"street":"Oranienburger Straße","crown_diameter_m":6,"group":"Laubbäume"}},{"type":"Feature","geometry":{"type":"Point","coordinates":[13.40681,52.51659]},"properties":{"species":"Winter-Linde","age_years":44,"street":"Nikolaikirchplatz","crown_diameter_m":8,"group":"Laubbäume"}},{"type":"Feature","geometry":{"type":"Point","coordinates":[13.40675,52.51664]},"properties":{"species":"Winter-Linde","age_years":56,"street":"Nikolaikirchplatz","crown_diameter_m":11,"group":"Laubbäume"}},{"type":"Feature","geometry":{"type":"Point","coordinates":[13.39478,52.52442]},"properties":{"species":"Holländische Linde","age_years":66,"street":"Oranienburger Straße","crown_diameter_m":12,"group":"Laubbäume"}},{"type":"Feature","geometry":{"type":"Point","coordinates":[13.40582,52.52485]},"properties":{"species":"Amerikanische Rot-Eiche","age_years":28,"street":"Neue Schönhauser Straße","crown_diameter_m":7,"group":"Laubbäume"}},{"type":"Feature","geometry":{"type":"Point","coordinates":[13.40675,52.51659]},"properties":{"species":"Winter-Linde","age_years":41,"street":"Nikolaikirchplatz","crown_diameter_m":10,"group":"Laubbäume"}},{"type":"Feature","geometry":{"type":"Point","coordinates":[13.39469,52.52444]},"properties":{"species":"Holländische Linde","age_years":66,"street":"Oranienburger Straße","crown_diameter_m":12,"group":"Laubbäume"}},{"type":"Feature","geometry":{"type":"Point","coordinates":[13.40458,52.52175]},"properties":{"species":"Ahornblättrige Platane","age_years":46,"street":"Rosenstraße","crown_diameter_m":14,"group":"Laubbäume"}},{"type":"Feature","geometry":{"type":"Point","coordinates":[13.40451,52.52178]},"properties":{"species":"Ahornblättrige Platane","age_years":32,"street":"Rosenstraße","crown_diameter_m":14,"group":"Laubbäume"}},{"type":"Feature","geometry":{"type":"Point","coordinates":[13.4046,52.5218]},"properties":{"species":"Ahornblättrige Platane","age_years":41,"street":"Rosenstraße","crown_diameter_m":14,"group":"Laubbäume"}},{"type":"Feature","geometry":{"type":"Point","coordinates":[13.40686,52.51816]},"properties":{"species":"Holländische Linde","age_years":36,"street":"Rathausstraße","crown_diameter_m":7,"group":"Laubbäume"}},{"type":"Feature","geometry":{"type":"Point","coordinates":[13.40639,52.5179]},"properties":{"species":"Holländische Linde","age_years":36,"street":"Rathausstraße","crown_diameter_m":5,"group":"Laubbäume"}},{"type":"Feature","geometry":{"type":"Point","coordinates":[13.40691,52.51812]},"properties":{"species":"Holländische Linde","age_years":36,"street":"Rathausstraße","crown_diameter_m":5,"group":"Laubbäume"}},{"type":"Feature","geometry":{"type":"Point","coordinates":[13.40678,52.51813]},"properties":{"species":"Holländische Linde","age_years":36,"street":"Rathausstraße","crown_diameter_m":7,"group":"Laubbäume"}},{"type":"Feature","geometry":{"type":"Point","coordinates":[13.40661,52.51799]},"properties":{"species":"Holländische Linde","age_years":36,"street":"Rathausstraße","crown_diameter_m":6,"group":"Laubbäume"}},{"type":"Feature","geometry":{"type":"Point","coordinates":[13.40669,52.51802]},"properties":{"species":"Holländische Linde","age_years":36,"street":"Rathausstraße","crown_diameter_m":10,"group":"Laubbäume"}},{"type":"Feature","geometry":{"type":"Point","coordinates":[13.40655,52.51796]},"properties":{"species":"Holländische Linde","age_years":36,"street":"Rathausstraße","crown_diameter_m":8,"group":"Laubbäume"}},{"type":"Feature","geometry":{"type":"Point","coordinates":[13.40647,52.51793]},"properties":{"species":"Holländische Linde","age_years":36,"street":"Rathausstraße","crown_diameter_m":7,"group":"Laubbäume"}},{"type":"Feature","geometry":{"type":"Point","coordinates":[13.40628,52.51791]},"properties":{"species":"Holländische Linde","age_years":36,"street":"Rathausstraße","crown_diameter_m":11,"group":"Laubbäume"}},{"type":"Feature","geometry":{"type":"Point","coordinates":[13.40633,52.51787]},"properties":{"species":"Holländische Linde","age_years":36,"street":"Rathausstraße","crown_diameter_m":9,"group":"Laubbäume"}},{"type":"Feature","geometry":{"type":"Point","coordinates":[13.40642,52.51797]},"properties":{"species":"Holländische Linde","age_years":36,"street":"Rathausstraße","crown_diameter_m":7,"group":"Laubbäume"}},{"type":"Feature","geometry":{"type":"Point","coordinates":[13.4062,52.51788]},"properties":{"species":"Holländische Linde","age_years":36,"street":"Rathausstraße","crown_diameter_m":5,"group":"Laubbäume"}},{"type":"Feature","geometry":{"type":"Point","coordinates":[13.40598,52.51779]},"properties":{"species":"Holländische Linde","age_years":36,"street":"Rathausstraße","crown_diameter_m":6,"group":"Laubbäume"}},{"type":"Feature","geometry":{"type":"Point","coordinates":[13.40606,52.51782]},"properties":{"species":"Holländische Linde","age_years":23,"street":"Rathausstraße","crown_diameter_m":7,"group":"Laubbäume"}},{"type":"Feature","geometry":{"type":"Point","coordinates":[13.40614,52.51786]},"properties":{"species":"Holländische Linde","age_years":36,"street":"Rathausstraße","crown_diameter_m":11,"group":"Laubbäume"}},{"type":"Feature","geometry":{"type":"Point","coordinates":[13.40591,52.51777]},"properties":{"species":"Holländische Linde","age_years":36,"street":"Rathausstraße","crown_diameter_m":12,"group":"Laubbäume"}},{"type":"Feature","geometry":{"type":"Point","coordinates":[13.40568,52.51767]},"properties":{"species":"Holländische Linde","age_years":36,"street":"Rathausstraße","crown_diameter_m":14,"group":"Laubbäume"}},{"type":"Feature","geometry":{"type":"Point","coordinates":[13.40576,52.5177]},"properties":{"species":"Holländische Linde","age_years":36,"street":"Rathausstraße","crown_diameter_m":12,"group":"Laubbäume"}},{"type":"Feature","geometry":{"type":"Point","coordinates":[13.40552,52.51763]},"properties":{"species":"Japanischer Schnurbaum","age_years":36,"street":"Rathausstraße","crown_diameter_m":12,"group":"Laubbäume"}},{"type":"Feature","geometry":{"type":"Point","coordinates":[13.40795,52.51764]},"properties":{"species":"Winter-Linde","age_years":36,"street":"Spandauer Straße","crown_diameter_m":7,"group":"Laubbäume"}},{"type":"Feature","geometry":{"type":"Point","coordinates":[13.40801,52.51759]},"properties":{"species":"Winter-Linde","age_years":33,"street":"Spandauer Straße","crown_diameter_m":6,"group":"Laubbäume"}},{"type":"Feature","geometry":{"type":"Point","coordinates":[13.40806,52.51755]},"properties":{"species":"Winter-Linde","age_years":31,"street":"Spandauer Straße","crown_diameter_m":8,"group":"Laubbäume"}},{"type":"Feature","geometry":{"type":"Point","coordinates":[13.40754,52.51795]},"properties":{"species":"Winter-Linde","age_years":31,"street":"Spandauer Straße","crown_diameter_m":8,"group":"Laubbäume"}},{"type":"Feature","geometry":{"type":"Point","coordinates":[13.40778,52.51777]},"properties":{"species":"Winter-Linde","age_years":26,"street":"Spandauer Straße","crown_diameter_m":6,"group":"Laubbäume"}},{"type":"Feature","geometry":{"type":"Point","coordinates":[13.40749,52.51799]},"properties":{"species":"Winter-Linde","age_years":31,"street":"Spandauer Straße","crown_diameter_m":9,"group":"Laubbäume"}},{"type":"Feature","geometry":{"type":"Point","coordinates":[13.40744,52.51803]},"properties":{"species":"Winter-Linde","age_years":31,"street":"Spandauer Straße","crown_diameter_m":7,"group":"Laubbäume"}},{"type":"Feature","geometry":{"type":"Point","coordinates":[13.40789,52.51768]},"properties":{"species":"Winter-Linde","age_years":31,"street":"Spandauer Straße","crown_diameter_m":6,"group":"Laubbäume"}},{"type":"Feature","geometry":{"type":"Point","coordinates":[13.39884,52.52366]},"properties":{"species":"Winter-Linde","age_years":26,"street":"Oranienburger Straße","crown_diameter_m":8,"group":"Laubbäume"}},{"type":"Feature","geometry":{"type":"Point","coordinates":[13.39651,52.52398]},"properties":{"species":"Esche 'Altena'","age_years":15,"street":"Oranienburger Straße","crown_diameter_m":2,"group":"Laubbäume"}},{"type":"Feature","geometry":{"type":"Point","coordinates":[13.3985,52.52365]},"properties":{"species":"Silber-Linde 'Brabant'","age_years":10,"street":"Oranienburger Straße","crown_diameter_m":2,"group":"Laubbäume"}},{"type":"Feature","geometry":{"type":"Point","coordinates":[13.39689,52.52388]},"properties":{"species":"Winter-Linde 'Greenspire'","age_years":21,"street":"Oranienburger Straße","crown_diameter_m":3,"group":"Laubbäume"}},{"type":"Feature","geometry":{"type":"Point","coordinates":[13.39873,52.52365]},"properties":{"species":"Winter-Linde","age_years":26,"street":"Oranienburger Straße","crown_diameter_m":8,"group":"Laubbäume"}},{"type":"Feature","geometry":{"type":"Point","coordinates":[13.39591,52.52413]},"properties":{"species":"Esche 'Altena'","age_years":15,"street":"Oranienburger Straße","crown_diameter_m":1,"group":"Laubbäume"}},{"type":"Feature","geometry":{"type":"Point","coordinates":[13.39572,52.52418]},"properties":{"species":"Esche 'Altena'","age_years":15,"street":"Oranienburger Straße","crown_diameter_m":2,"group":"Laubbäume"}},{"type":"Feature","geometry":{"type":"Point","coordinates":[13.39698,52.52401]},"properties":{"species":"Pyramiden-Hainbuche","age_years":15,"street":"Oranienburger Straße","crown_diameter_m":3,"group":"Laubbäume"}},{"type":"Feature","geometry":{"type":"Point","coordinates":[13.39761,52.52385]},"properties":{"species":"Holländische Linde","age_years":66,"street":"Oranienburger Straße","crown_diameter_m":6,"group":"Laubbäume"}},{"type":"Feature","geometry":{"type":"Point","coordinates":[13.39653,52.52413]},"properties":{"species":"Holländische Linde","age_years":46,"street":"Oranienburger Straße","crown_diameter_m":6,"group":"Laubbäume"}},{"type":"Feature","geometry":{"type":"Point","coordinates":[13.39563,52.52437]},"properties":{"species":"Winter-Linde 'Greenspire'","age_years":21,"street":"Oranienburger Straße","crown_diameter_m":4,"group":"Laubbäume"}},{"type":"Feature","geometry":{"type":"Point","coordinates":[13.39574,52.52434]},"properties":{"species":"Winter-Linde 'Greenspire'","age_years":21,"street":"Oranienburger Straße","crown_diameter_m":3,"group":"Laubbäume"}},{"type":"Feature","geometry":{"type":"Point","coordinates":[13.39587,52.52431]},"properties":{"species":"Winter-Linde 'Greenspire'","age_years":21,"street":"Oranienburger Straße","crown_diameter_m":4,"group":"Laubbäume"}},{"type":"Feature","geometry":{"type":"Point","coordinates":[13.39603,52.52427]},"properties":{"species":"Winter-Linde 'Greenspire'","age_years":21,"street":"Oranienburger Straße","crown_diameter_m":3,"group":"Laubbäume"}},{"type":"Feature","geometry":{"type":"Point","coordinates":[13.39616,52.52423]},"properties":{"species":"Winter-Linde 'Greenspire'","age_years":21,"street":"Oranienburger Straße","crown_diameter_m":2.5,"group":"Laubbäume"}},{"type":"Feature","geometry":{"type":"Point","coordinates":[13.39668,52.52409]},"properties":{"species":"Winter-Linde 'Greenspire'","age_years":21,"street":"Oranienburger Straße","crown_diameter_m":3,"group":"Laubbäume"}},{"type":"Feature","geometry":{"type":"Point","coordinates":[13.39684,52.52405]},"properties":{"species":"Winter-Linde 'Greenspire'","age_years":21,"street":"Oranienburger Straße","crown_diameter_m":3,"group":"Laubbäume"}},{"type":"Feature","geometry":{"type":"Point","coordinates":[13.39845,52.52358]},"properties":{"species":"Ahornblättrige Platane","age_years":66,"street":"Oranienburger Straße","crown_diameter_m":16,"group":"Laubbäume"}},{"type":"Feature","geometry":{"type":"Point","coordinates":[13.39837,52.52363]},"properties":{"species":"Holländische Linde","age_years":76,"street":"Oranienburger Straße","crown_diameter_m":14,"group":"Laubbäume"}},{"type":"Feature","geometry":{"type":"Point","coordinates":[13.3968,52.5239]},"properties":{"species":"Holländische Linde","age_years":61,"street":"Oranienburger Straße","crown_diameter_m":9,"group":"Laubbäume"}},{"type":"Feature","geometry":{"type":"Point","coordinates":[13.39631,52.52403]},"properties":{"species":"Holländische Linde","age_years":61,"street":"Oranienburger Straße","crown_diameter_m":9,"group":"Laubbäume"}},{"type":"Feature","geometry":{"type":"Point","coordinates":[13.39555,52.52423]},"properties":{"species":"Holländische Linde","age_years":51,"street":"Oranienburger Straße","crown_diameter_m":9,"group":"Laubbäume"}},{"type":"Feature","geometry":{"type":"Point","coordinates":[13.3961,52.52408]},"properties":{"species":"Holländische Linde","age_years":71,"street":"Oranienburger Straße","crown_diameter_m":9,"group":"Laubbäume"}},{"type":"Feature","geometry":{"type":"Point","coordinates":[13.39601,52.5241]},"properties":{"species":"Holländische Linde","age_years":56,"street":"Oranienburger Straße","crown_diameter_m":6,"group":"Laubbäume"}},{"type":"Feature","geometry":{"type":"Point","coordinates":[13.3962,52.52405]},"properties":{"species":"Holländische Linde","age_years":56,"street":"Oranienburger Straße","crown_diameter_m":6,"group":"Laubbäume"}},{"type":"Feature","geometry":{"type":"Point","coordinates":[13.39489,52.52439]},"properties":{"species":"Holländische Linde","age_years":71,"street":"Oranienburger Straße","crown_diameter_m":12,"group":"Laubbäume"}},{"type":"Feature","geometry":{"type":"Point","coordinates":[13.39736,52.52375]},"properties":{"species":"Esche 'Altena'","age_years":15,"street":"Oranienburger Straße","crown_diameter_m":5,"group":"Laubbäume"}},{"type":"Feature","geometry":{"type":"Point","coordinates":[13.39534,52.52428]},"properties":{"species":"Esche 'Altena'","age_years":15,"street":"Oranienburger Straße","crown_diameter_m":2,"group":"Laubbäume"}},{"type":"Feature","geometry":{"type":"Point","coordinates":[13.3984,52.52344]},"properties":{"species":"Esche 'Altena'","age_years":15,"street":"Oranienburger Straße","crown_diameter_m":3,"group":"Laubbäume"}},{"type":"Feature","geometry":{"type":"Point","coordinates":[13.39824,52.5235]},"properties":{"species":"Esche 'Altena'","age_years":15,"street":"Oranienburger Straße","crown_diameter_m":3,"group":"Laubbäume"}},{"type":"Feature","geometry":{"type":"Point","coordinates":[13.3981,52.52354]},"properties":{"species":"Esche 'Altena'","age_years":15,"street":"Oranienburger Straße","crown_diameter_m":3,"group":"Laubbäume"}},{"type":"Feature","geometry":{"type":"Point","coordinates":[13.39792,52.52359]},"properties":{"species":"Esche 'Altena'","age_years":15,"street":"Oranienburger Straße","crown_diameter_m":3,"group":"Laubbäume"}},{"type":"Feature","geometry":{"type":"Point","coordinates":[13.39754,52.5237]},"properties":{"species":"Esche 'Altena'","age_years":15,"street":"Oranienburger Straße","crown_diameter_m":6,"group":"Laubbäume"}},{"type":"Feature","geometry":{"type":"Point","coordinates":[13.39773,52.52364]},"properties":{"species":"Esche 'Altena'","age_years":15,"street":"Oranienburger Straße","crown_diameter_m":5,"group":"Laubbäume"}},{"type":"Feature","geometry":{"type":"Point","coordinates":[13.4136,52.51563]},"properties":{"species":"Zweigriffliger Weissdorn","age_years":26,"street":"Stralauer Straße","crown_diameter_m":3,"group":"Laubbäume"}},{"type":"Feature","geometry":{"type":"Point","coordinates":[13.41349,52.51563]},"properties":{"species":"Zweigriffliger Weissdorn","age_years":26,"street":"Stralauer Straße","crown_diameter_m":3,"group":"Laubbäume"}},{"type":"Feature","geometry":{"type":"Point","coordinates":[13.41336,52.51563]},"properties":{"species":"Zweigriffliger Weissdorn","age_years":26,"street":"Stralauer Straße","crown_diameter_m":3,"group":"Laubbäume"}},{"type":"Feature","geometry":{"type":"Point","coordinates":[13.404,52.52055]},"properties":{"species":"Winter-Linde","age_years":31,"street":"Spandauer Straße","crown_diameter_m":8,"group":"Laubbäume"}},{"type":"Feature","geometry":{"type":"Point","coordinates":[13.41266,52.51567]},"properties":{"species":"Zweigriffliger Weissdorn","age_years":26,"street":"Stralauer Straße","crown_diameter_m":3,"group":"Laubbäume"}},{"type":"Feature","geometry":{"type":"Point","coordinates":[13.41255,52.51569]},"properties":{"species":"Zweigriffliger Weissdorn","age_years":26,"street":"Stralauer Straße","crown_diameter_m":2,"group":"Laubbäume"}},{"type":"Feature","geometry":{"type":"Point","coordinates":[13.40429,52.5206]},"properties":{"species":"Winter-Linde","age_years":23,"street":"Spandauer Straße","crown_diameter_m":7,"group":"Laubbäume"}},{"type":"Feature","geometry":{"type":"Point","coordinates":[13.40463,52.51703]},"properties":{"species":"Kugel-Ahorn","age_years":36,"street":"Spreeufer","crown_diameter_m":8,"group":"Laubbäume"}},{"type":"Feature","geometry":{"type":"Point","coordinates":[13.40446,52.52036]},"properties":{"species":"Kleinkronige Winter-Linde","age_years":21,"street":"Spandauer Straße","crown_diameter_m":1,"group":"Laubbäume"}},{"type":"Feature","geometry":{"type":"Point","coordinates":[13.40419,52.52056]},"properties":{"species":"Kleinkronige Winter-Linde","age_years":21,"street":"Spandauer Straße","crown_diameter_m":4,"group":"Laubbäume"}},{"type":"Feature","geometry":{"type":"Point","coordinates":[13.40369,52.52093]},"properties":{"species":"Kleinkronige Winter-Linde","age_years":21,"street":"Spandauer Straße","crown_diameter_m":4,"group":"Laubbäume"}},{"type":"Feature","geometry":{"type":"Point","coordinates":[13.40358,52.52101]},"properties":{"species":"Kleinkronige Winter-Linde","age_years":21,"street":"Spandauer Straße","crown_diameter_m":5,"group":"Laubbäume"}},{"type":"Feature","geometry":{"type":"Point","coordinates":[13.41301,52.51564]},"properties":{"species":"Zweigriffliger Weissdorn","age_years":26,"street":"Stralauer Straße","crown_diameter_m":2,"group":"Laubbäume"}},{"type":"Feature","geometry":{"type":"Point","coordinates":[13.40336,52.52118]},"properties":{"species":"Kleinkronige Winter-Linde","age_years":21,"street":"Spandauer Straße","crown_diameter_m":4,"group":"Laubbäume"}},{"type":"Feature","geometry":{"type":"Point","coordinates":[13.40325,52.52126]},"properties":{"species":"Kleinkronige Winter-Linde","age_years":21,"street":"Spandauer Straße","crown_diameter_m":4,"group":"Laubbäume"}},{"type":"Feature","geometry":{"type":"Point","coordinates":[13.40335,52.52131]},"properties":{"species":"Winter-Linde 'Greenspire'","age_years":21,"street":"Spandauer Straße","crown_diameter_m":8,"group":"Laubbäume"}},{"type":"Feature","geometry":{"type":"Point","coordinates":[13.40412,52.52061]},"properties":{"species":"Kleinkronige Winter-Linde","age_years":21,"street":"Spandauer Straße","crown_diameter_m":3,"group":"Laubbäume"}},{"type":"Feature","geometry":{"type":"Point","coordinates":[13.40347,52.5211]},"properties":{"species":"Kleinkronige Winter-Linde","age_years":21,"street":"Spandauer Straße","crown_diameter_m":3,"group":"Laubbäume"}},{"type":"Feature","geometry":{"type":"Point","coordinates":[13.40368,52.52106]},"properties":{"species":"Winter-Linde 'Greenspire'","age_years":21,"street":"Spandauer Straße","crown_diameter_m":4,"group":"Laubbäume"}},{"type":"Feature","geometry":{"type":"Point","coordinates":[13.40401,52.52082]},"properties":{"species":"Winter-Linde 'Greenspire'","age_years":21,"street":"Spandauer Straße","crown_diameter_m":5,"group":"Laubbäume"}},{"type":"Feature","geometry":{"type":"Point","coordinates":[13.40357,52.52115]},"properties":{"species":"Winter-Linde 'Greenspire'","age_years":21,"street":"Spandauer Straße","crown_diameter_m":7,"group":"Laubbäume"}},{"type":"Feature","geometry":{"type":"Point","coordinates":[13.40379,52.52071]},"properties":{"species":"Winter-Linde","age_years":31,"street":"Spandauer Straße","crown_diameter_m":8,"group":"Laubbäume"}},{"type":"Feature","geometry":{"type":"Point","coordinates":[13.40347,52.52096]},"properties":{"species":"Winter-Linde","age_years":23,"street":"Spandauer Straße","crown_diameter_m":7,"group":"Laubbäume"}},{"type":"Feature","geometry":{"type":"Point","coordinates":[13.40303,52.52116]},"properties":{"species":"Winter-Linde","age_years":31,"street":"Spandauer Straße","crown_diameter_m":10,"group":"Laubbäume"}},{"type":"Feature","geometry":{"type":"Point","coordinates":[13.40391,52.52051]},"properties":{"species":"Winter-Linde","age_years":26,"street":"Spandauer Straße","crown_diameter_m":6,"group":"Laubbäume"}},{"type":"Feature","geometry":{"type":"Point","coordinates":[13.40325,52.521]},"properties":{"species":"Winter-Linde","age_years":36,"street":"Spandauer Straße","crown_diameter_m":7,"group":"Laubbäume"}},{"type":"Feature","geometry":{"type":"Point","coordinates":[13.40348,52.52083]},"properties":{"species":"Winter-Linde","age_years":24,"street":"Spandauer Straße","crown_diameter_m":8,"group":"Laubbäume"}},{"type":"Feature","geometry":{"type":"Point","coordinates":[13.40324,52.52113]},"properties":{"species":"Winter-Linde","age_years":23,"street":"Spandauer Straße","crown_diameter_m":8,"group":"Laubbäume"}},{"type":"Feature","geometry":{"type":"Point","coordinates":[13.40413,52.52034]},"properties":{"species":"Winter-Linde","age_years":23,"street":"Spandauer Straße","crown_diameter_m":8,"group":"Laubbäume"}},{"type":"Feature","geometry":{"type":"Point","coordinates":[13.40398,52.52045]},"properties":{"species":"Winter-Linde","age_years":26,"street":"Spandauer Straße","crown_diameter_m":6,"group":"Laubbäume"}},{"type":"Feature","geometry":{"type":"Point","coordinates":[13.4037,52.52067]},"properties":{"species":"Winter-Linde","age_years":24,"street":"Spandauer Straße","crown_diameter_m":5,"group":"Laubbäume"}},{"type":"Feature","geometry":{"type":"Point","coordinates":[13.40314,52.52108]},"properties":{"species":"Winter-Linde","age_years":31,"street":"Spandauer Straße","crown_diameter_m":9,"group":"Laubbäume"}},{"type":"Feature","geometry":{"type":"Point","coordinates":[13.40313,52.52121]},"properties":{"species":"Winter-Linde","age_years":22,"street":"Spandauer Straße","crown_diameter_m":8,"group":"Laubbäume"}},{"type":"Feature","geometry":{"type":"Point","coordinates":[13.40337,52.52092]},"properties":{"species":"Winter-Linde","age_years":31,"street":"Spandauer Straße","crown_diameter_m":8,"group":"Laubbäume"}},{"type":"Feature","geometry":{"type":"Point","coordinates":[13.40357,52.52087]},"properties":{"species":"Winter-Linde","age_years":22,"street":"Spandauer Straße","crown_diameter_m":8,"group":"Laubbäume"}},{"type":"Feature","geometry":{"type":"Point","coordinates":[13.40391,52.52077]},"properties":{"species":"Winter-Linde","age_years":23,"street":"Spandauer Straße","crown_diameter_m":5,"group":"Laubbäume"}},{"type":"Feature","geometry":{"type":"Point","coordinates":[13.40388,52.52064]},"properties":{"species":"Winter-Linde","age_years":31,"street":"Spandauer Straße","crown_diameter_m":8,"group":"Laubbäume"}},{"type":"Feature","geometry":{"type":"Point","coordinates":[13.40435,52.52044]},"properties":{"species":"Winter-Linde","age_years":23,"street":"Spandauer Straße","crown_diameter_m":5,"group":"Laubbäume"}},{"type":"Feature","geometry":{"type":"Point","coordinates":[13.40335,52.52104]},"properties":{"species":"Winter-Linde","age_years":23,"street":"Spandauer Straße","crown_diameter_m":8,"group":"Laubbäume"}},{"type":"Feature","geometry":{"type":"Point","coordinates":[13.40346,52.52123]},"properties":{"species":"Winter-Linde","age_years":23,"street":"Spandauer Straße","crown_diameter_m":7,"group":"Laubbäume"}},{"type":"Feature","geometry":{"type":"Point","coordinates":[13.40379,52.52098]},"properties":{"species":"Winter-Linde","age_years":23,"street":"Spandauer Straße","crown_diameter_m":5,"group":"Laubbäume"}},{"type":"Feature","geometry":{"type":"Point","coordinates":[13.4039,52.5209]},"properties":{"species":"Winter-Linde","age_years":23,"street":"Spandauer Straße","crown_diameter_m":7,"group":"Laubbäume"}},{"type":"Feature","geometry":{"type":"Point","coordinates":[13.40421,52.52066]},"properties":{"species":"Winter-Linde","age_years":23,"street":"Spandauer Straße","crown_diameter_m":5,"group":"Laubbäume"}},{"type":"Feature","geometry":{"type":"Point","coordinates":[13.40444,52.52049]},"properties":{"species":"Winter-Linde","age_years":23,"street":"Spandauer Straße","crown_diameter_m":7,"group":"Laubbäume"}},{"type":"Feature","geometry":{"type":"Point","coordinates":[13.40454,52.52041]},"properties":{"species":"Winter-Linde","age_years":23,"street":"Spandauer Straße","crown_diameter_m":3,"group":"Laubbäume"}},{"type":"Feature","geometry":{"type":"Point","coordinates":[13.40465,52.51701]},"properties":{"species":"Kugel-Ahorn","age_years":36,"street":"Spreeufer","crown_diameter_m":7,"group":"Laubbäume"}},{"type":"Feature","geometry":{"type":"Point","coordinates":[13.4041,52.52075]},"properties":{"species":"Winter-Linde","age_years":23,"street":"Spandauer Straße","crown_diameter_m":5,"group":"Laubbäume"}},{"type":"Feature","geometry":{"type":"Point","coordinates":[13.39755,52.51541]},"properties":{"species":"Winter-Linde","age_years":30,"street":"Werderscher Markt","crown_diameter_m":6,"group":"Laubbäume"}},{"type":"Feature","geometry":{"type":"Point","coordinates":[13.40573,52.5251]},"properties":{"species":"Säulenförmiger Spitz-Ahorn","age_years":16,"street":"Weinmeisterstraße","crown_diameter_m":4,"group":"Laubbäume"}},{"type":"Feature","geometry":{"type":"Point","coordinates":[13.39768,52.51544]},"properties":{"species":"Winter-Linde","age_years":30,"street":"Werderscher Markt","crown_diameter_m":5,"group":"Laubbäume"}},{"type":"Feature","geometry":{"type":"Point","coordinates":[13.39694,52.51532]},"properties":{"species":"Winter-Linde","age_years":30,"street":"Werderscher Markt","crown_diameter_m":6,"group":"Laubbäume"}},{"type":"Feature","geometry":{"type":"Point","coordinates":[13.39705,52.51533]},"properties":{"species":"Winter-Linde","age_years":30,"street":"Werderscher Markt","crown_diameter_m":6,"group":"Laubbäume"}},{"type":"Feature","geometry":{"type":"Point","coordinates":[13.39699,52.51518]},"properties":{"species":"Krim-Linde","age_years":30,"street":"Werderscher Markt","crown_diameter_m":6,"group":"Laubbäume"}},{"type":"Feature","geometry":{"type":"Point","coordinates":[13.39711,52.5152]},"properties":{"species":"Krim-Linde","age_years":30,"street":"Werderscher Markt","crown_diameter_m":6,"group":"Laubbäume"}},{"type":"Feature","geometry":{"type":"Point","coordinates":[13.39755,52.51527]},"properties":{"species":"Krim-Linde","age_years":30,"street":"Werderscher Markt","crown_diameter_m":6,"group":"Laubbäume"}},{"type":"Feature","geometry":{"type":"Point","coordinates":[13.41041,52.51504]},"properties":{"species":"Spitz-Ahorn","age_years":31,"street":"Neue Jüdenstraße","crown_diameter_m":6,"group":"Laubbäume"}},{"type":"Feature","geometry":{"type":"Point","coordinates":[13.41047,52.51533]},"properties":{"species":"Spitz-Ahorn","age_years":31,"street":"Neue Jüdenstraße","crown_diameter_m":10,"group":"Laubbäume"}},{"type":"Feature","geometry":{"type":"Point","coordinates":[13.4105,52.51545]},"properties":{"species":"Spitz-Ahorn","age_years":26,"street":"Neue Jüdenstraße","crown_diameter_m":8,"group":"Laubbäume"}},{"type":"Feature","geometry":{"type":"Point","coordinates":[13.4106,52.51581]},"properties":{"species":"Spitz-Ahorn","age_years":26,"street":"Neue Jüdenstraße","crown_diameter_m":9,"group":"Laubbäume"}},{"type":"Feature","geometry":{"type":"Point","coordinates":[13.41053,52.51556]},"properties":{"species":"Spitz-Ahorn","age_years":26,"street":"Neue Jüdenstraße","crown_diameter_m":9,"group":"Laubbäume"}},{"type":"Feature","geometry":{"type":"Point","coordinates":[13.41057,52.51568]},"properties":{"species":"Spitz-Ahorn","age_years":28,"street":"Neue Jüdenstraße","crown_diameter_m":11,"group":"Laubbäume"}},{"type":"Feature","geometry":{"type":"Point","coordinates":[13.41063,52.51593]},"properties":{"species":"Spitz-Ahorn","age_years":26,"street":"Neue Jüdenstraße","crown_diameter_m":8,"group":"Laubbäume"}},{"type":"Feature","geometry":{"type":"Point","coordinates":[13.41051,52.51594]},"properties":{"species":"Spitz-Ahorn","age_years":26,"street":"Neue Jüdenstraße","crown_diameter_m":5,"group":"Laubbäume"}},{"type":"Feature","geometry":{"type":"Point","coordinates":[13.41047,52.51582]},"properties":{"species":"Spitz-Ahorn","age_years":26,"street":"Neue Jüdenstraße","crown_diameter_m":4,"group":"Laubbäume"}},{"type":"Feature","geometry":{"type":"Point","coordinates":[13.41044,52.5157]},"properties":{"species":"Spitz-Ahorn","age_years":26,"street":"Neue Jüdenstraße","crown_diameter_m":4,"group":"Laubbäume"}},{"type":"Feature","geometry":{"type":"Point","coordinates":[13.4103,52.51506]},"properties":{"species":"Spitz-Ahorn","age_years":31,"street":"Neue Jüdenstraße","crown_diameter_m":9,"group":"Laubbäume"}},{"type":"Feature","geometry":{"type":"Point","coordinates":[13.41032,52.51516]},"properties":{"species":"Spitz-Ahorn","age_years":19,"street":"Neue Jüdenstraße","crown_diameter_m":4,"group":"Laubbäume"}},{"type":"Feature","geometry":{"type":"Point","coordinates":[13.41035,52.51534]},"properties":{"species":"Spitz-Ahorn","age_years":26,"street":"Neue Jüdenstraße","crown_diameter_m":5,"group":"Laubbäume"}},{"type":"Feature","geometry":{"type":"Point","coordinates":[13.41043,52.51515]},"properties":{"species":"Spitz-Ahorn","age_years":31,"street":"Neue Jüdenstraße","crown_diameter_m":9,"group":"Laubbäume"}},{"type":"Feature","geometry":{"type":"Point","coordinates":[13.406,52.51649]},"properties":{"species":"Robinie","age_years":36,"street":"Propststraße","crown_diameter_m":4.5,"group":"Laubbäume"}},{"type":"Feature","geometry":{"type":"Point","coordinates":[13.40567,52.51618]},"properties":{"species":"Amur-Kirsche 'Amber Beauty'","age_years":13,"street":"Propststraße","crown_diameter_m":2,"group":"Laubbäume"}},{"type":"Feature","geometry":{"type":"Point","coordinates":[13.40572,52.51623]},"properties":{"species":"Rotblättrige Nelken-Kirsche","age_years":13,"street":"Propststraße","crown_diameter_m":2.5,"group":"Laubbäume"}},{"type":"Feature","geometry":{"type":"Point","coordinates":[13.40577,52.51627]},"properties":{"species":"Amur-Kirsche 'Amber Beauty'","age_years":13,"street":"Propststraße","crown_diameter_m":5.5,"group":"Laubbäume"}},{"type":"Feature","geometry":{"type":"Point","coordinates":[13.40563,52.51638]},"properties":{"species":"Amur-Kirsche 'Amber Beauty'","age_years":13,"street":"Propststraße","crown_diameter_m":3,"group":"Laubbäume"}},{"type":"Feature","geometry":{"type":"Point","coordinates":[13.40542,52.51637]},"properties":{"species":"Amur-Kirsche 'Amber Beauty'","age_years":13,"street":"Propststraße","crown_diameter_m":3,"group":"Laubbäume"}},{"type":"Feature","geometry":{"type":"Point","coordinates":[13.40553,52.51638]},"properties":{"species":"Rotblättrige Nelken-Kirsche","age_years":13,"street":"Propststraße","crown_diameter_m":2,"group":"Laubbäume"}},{"type":"Feature","geometry":{"type":"Point","coordinates":[13.40839,52.51674]},"properties":{"species":"Götterbaum","age_years":38,"street":"Eiergasse","crown_diameter_m":15,"group":"Laubbäume"}},{"type":"Feature","geometry":{"type":"Point","coordinates":[13.40829,52.51674]},"properties":{"species":"Götterbaum","age_years":38,"street":"Eiergasse","crown_diameter_m":13,"group":"Laubbäume"}},{"type":"Feature","geometry":{"type":"Point","coordinates":[13.40468,52.52212]},"properties":{"species":"Ahornblättrige Platane","age_years":17,"street":"An der Spandauer Brücke","crown_diameter_m":4.5,"group":"Laubbäume"}},{"type":"Feature","geometry":{"type":"Point","coordinates":[13.40605,52.51644]},"properties":{"species":"Robinie","age_years":36,"street":"Propststraße","crown_diameter_m":5,"group":"Laubbäume"}},{"type":"Feature","geometry":{"type":"Point","coordinates":[13.40626,52.51661]},"properties":{"species":"Robinie","age_years":36,"street":"Propststraße","crown_diameter_m":3,"group":"Laubbäume"}},{"type":"Feature","geometry":{"type":"Point","coordinates":[13.40314,52.51492]},"properties":{"species":"Hahnensporn-Weissdorn","age_years":14,"street":"Neumannsgasse","crown_diameter_m":2,"group":"Laubbäume"}},{"type":"Feature","geometry":{"type":"Point","coordinates":[13.40298,52.51484]},"properties":{"species":"Hahnensporn-Weissdorn","age_years":14,"street":"Neumannsgasse","crown_diameter_m":2,"group":"Laubbäume"}},{"type":"Feature","geometry":{"type":"Point","coordinates":[13.40246,52.52299]},"properties":{"species":"Winter-Linde","age_years":46,"street":"Am Zwirngraben","crown_diameter_m":12,"group":"Laubbäume"}},{"type":"Feature","geometry":{"type":"Point","coordinates":[13.40256,52.52297]},"properties":{"species":"Winter-Linde","age_years":46,"street":"Am Zwirngraben","crown_diameter_m":12,"group":"Laubbäume"}},{"type":"Feature","geometry":{"type":"Point","coordinates":[13.40255,52.52301]},"properties":{"species":"Winter-Linde","age_years":46,"street":"Am Zwirngraben","crown_diameter_m":10,"group":"Laubbäume"}},{"type":"Feature","geometry":{"type":"Point","coordinates":[13.4026,52.52306]},"properties":{"species":"Rotblühende Rosskastanie","age_years":26,"street":"Am Zwirngraben","crown_diameter_m":7,"group":"Laubbäume"}},{"type":"Feature","geometry":{"type":"Point","coordinates":[13.40286,52.52304]},"properties":{"species":"Rotblühende Rosskastanie","age_years":26,"street":"Am Zwirngraben","crown_diameter_m":7,"group":"Laubbäume"}},{"type":"Feature","geometry":{"type":"Point","coordinates":[13.40294,52.52302]},"properties":{"species":"Götterbaum","age_years":56,"street":"Am Zwirngraben","crown_diameter_m":16,"group":"Laubbäume"}},{"type":"Feature","geometry":{"type":"Point","coordinates":[13.40294,52.523]},"properties":{"species":"Götterbaum","age_years":51,"street":"Am Zwirngraben","crown_diameter_m":10,"group":"Laubbäume"}},{"type":"Feature","geometry":{"type":"Point","coordinates":[13.40298,52.523]},"properties":{"species":"Götterbaum","age_years":82,"street":"Am Zwirngraben","crown_diameter_m":16,"group":"Laubbäume"}},{"type":"Feature","geometry":{"type":"Point","coordinates":[13.40328,52.52305]},"properties":{"species":"Sommer-Linde","age_years":66,"street":"Am Zwirngraben","crown_diameter_m":9,"group":"Laubbäume"}},{"type":"Feature","geometry":{"type":"Point","coordinates":[13.40321,52.52309]},"properties":{"species":"Rotblühende Rosskastanie","age_years":26,"street":"Am Zwirngraben","crown_diameter_m":6,"group":"Laubbäume"}},{"type":"Feature","geometry":{"type":"Point","coordinates":[13.40263,52.52323]},"properties":{"species":"Rotblühende Rosskastanie","age_years":31,"street":"Am Zwirngraben","crown_diameter_m":8,"group":"Laubbäume"}},{"type":"Feature","geometry":{"type":"Point","coordinates":[13.40257,52.5232]},"properties":{"species":"Rotblühende Rosskastanie","age_years":26,"street":"Am Zwirngraben","crown_diameter_m":6,"group":"Laubbäume"}},{"type":"Feature","geometry":{"type":"Point","coordinates":[13.40249,52.52317]},"properties":{"species":"Sommer-Linde","age_years":51,"street":"Am Zwirngraben","crown_diameter_m":8,"group":"Laubbäume"}},{"type":"Feature","geometry":{"type":"Point","coordinates":[13.40242,52.52314]},"properties":{"species":"Winter-Linde","age_years":66,"street":"Am Zwirngraben","crown_diameter_m":10,"group":"Laubbäume"}},{"type":"Feature","geometry":{"type":"Point","coordinates":[13.40211,52.52293]},"properties":{"species":"Sommer-Linde","age_years":66,"street":"Am Zwirngraben","crown_diameter_m":13,"group":"Laubbäume"}},{"type":"Feature","geometry":{"type":"Point","coordinates":[13.40309,52.52152]},"properties":{"species":"Ahornblättrige Platane","age_years":36,"street":"Anna-Louisa-Karsch-Straße","crown_diameter_m":9,"group":"Laubbäume"}},{"type":"Feature","geometry":{"type":"Point","coordinates":[13.40344,52.52164]},"properties":{"species":"Ahornblättrige Platane","age_years":36,"street":"Anna-Louisa-Karsch-Straße","crown_diameter_m":10,"group":"Laubbäume"}},{"type":"Feature","geometry":{"type":"Point","coordinates":[13.40415,52.52187]},"properties":{"species":"Ahornblättrige Platane","age_years":36,"street":"Anna-Louisa-Karsch-Straße","crown_diameter_m":10,"group":"Laubbäume"}},{"type":"Feature","geometry":{"type":"Point","coordinates":[13.41452,52.52474]},"properties":{"species":"Japanische Zierkirsche 'Kanzan'","age_years":15,"street":"Alex-Wedding-Straße","crown_diameter_m":6,"group":"Laubbäume"}},{"type":"Feature","geometry":{"type":"Point","coordinates":[13.41462,52.52482]},"properties":{"species":"Japanische Zierkirsche 'Kanzan'","age_years":15,"street":"Alex-Wedding-Straße","crown_diameter_m":5,"group":"Laubbäume"}},{"type":"Feature","geometry":{"type":"Point","coordinates":[13.41472,52.52491]},"properties":{"species":"Japanische Zierkirsche 'Kanzan'","age_years":15,"street":"Alex-Wedding-Straße","crown_diameter_m":6,"group":"Laubbäume"}},{"type":"Feature","geometry":{"type":"Point","coordinates":[13.40221,52.52299]},"properties":{"species":"Rotblühende Rosskastanie","age_years":26,"street":"Am Zwirngraben","crown_diameter_m":8,"group":"Laubbäume"}},{"type":"Feature","geometry":{"type":"Point","coordinates":[13.40368,52.52172]},"properties":{"species":"Ahornblättrige Platane","age_years":36,"street":"Anna-Louisa-Karsch-Straße","crown_diameter_m":10,"group":"Laubbäume"}},{"type":"Feature","geometry":{"type":"Point","coordinates":[13.39758,52.51614]},"properties":{"species":"Weisser Maulbeerbaum","age_years":12,"street":"Niederlagstraße","crown_diameter_m":6,"group":"Laubbäume"}},{"type":"Feature","geometry":{"type":"Point","coordinates":[13.39756,52.51619]},"properties":{"species":"Weisser Maulbeerbaum","age_years":12,"street":"Niederlagstraße","crown_diameter_m":6,"group":"Laubbäume"}},{"type":"Feature","geometry":{"type":"Point","coordinates":[13.39748,52.51635]},"properties":{"species":"Weisser Maulbeerbaum","age_years":12,"street":"Niederlagstraße","crown_diameter_m":5,"group":"Laubbäume"}},{"type":"Feature","geometry":{"type":"Point","coordinates":[13.39746,52.51642]},"properties":{"species":"Weisser Maulbeerbaum","age_years":12,"street":"Niederlagstraße","crown_diameter_m":4.5,"group":"Laubbäume"}},{"type":"Feature","geometry":{"type":"Point","coordinates":[13.39742,52.51638]},"properties":{"species":"Weisser Maulbeerbaum","age_years":12,"street":"Niederlagstraße","crown_diameter_m":4,"group":"Laubbäume"}},{"type":"Feature","geometry":{"type":"Point","coordinates":[13.4098,52.52439]},"properties":{"species":"Winter-Linde","age_years":20,"street":"Rosa-Luxemburg-Straße","crown_diameter_m":6,"group":"Laubbäume"}},{"type":"Feature","geometry":{"type":"Point","coordinates":[13.40985,52.52446]},"properties":{"species":"Winter-Linde","age_years":20,"street":"Rosa-Luxemburg-Straße","crown_diameter_m":7,"group":"Laubbäume"}},{"type":"Feature","geometry":{"type":"Point","coordinates":[13.4099,52.52452]},"properties":{"species":"Winter-Linde","age_years":20,"street":"Rosa-Luxemburg-Straße","crown_diameter_m":6,"group":"Laubbäume"}},{"type":"Feature","geometry":{"type":"Point","coordinates":[13.4101,52.52477]},"properties":{"species":"Winter-Linde","age_years":20,"street":"Rosa-Luxemburg-Straße","crown_diameter_m":8,"group":"Laubbäume"}},{"type":"Feature","geometry":{"type":"Point","coordinates":[13.41015,52.52484]},"properties":{"species":"Winter-Linde","age_years":20,"street":"Rosa-Luxemburg-Straße","crown_diameter_m":6,"group":"Laubbäume"}},{"type":"Feature","geometry":{"type":"Point","coordinates":[13.41022,52.52494]},"properties":{"species":"Winter-Linde","age_years":20,"street":"Rosa-Luxemburg-Straße","crown_diameter_m":6,"group":"Laubbäume"}},{"type":"Feature","geometry":{"type":"Point","coordinates":[13.41028,52.52502]},"properties":{"species":"Winter-Linde","age_years":20,"street":"Rosa-Luxemburg-Straße","crown_diameter_m":5,"group":"Laubbäume"}},{"type":"Feature","geometry":{"type":"Point","coordinates":[13.41038,52.52514]},"properties":{"species":"Winter-Linde","age_years":20,"street":"Rosa-Luxemburg-Straße","crown_diameter_m":5,"group":"Laubbäume"}},{"type":"Feature","geometry":{"type":"Point","coordinates":[13.41061,52.52514]},"properties":{"species":"Winter-Linde","age_years":20,"street":"Rosa-Luxemburg-Straße","crown_diameter_m":4,"group":"Laubbäume"}},{"type":"Feature","geometry":{"type":"Point","coordinates":[13.41054,52.52506]},"properties":{"species":"Winter-Linde","age_years":20,"street":"Rosa-Luxemburg-Straße","crown_diameter_m":5,"group":"Laubbäume"}},{"type":"Feature","geometry":{"type":"Point","coordinates":[13.41048,52.52498]},"properties":{"species":"Winter-Linde","age_years":20,"street":"Rosa-Luxemburg-Straße","crown_diameter_m":3,"group":"Laubbäume"}},{"type":"Feature","geometry":{"type":"Point","coordinates":[13.41041,52.52489]},"properties":{"species":"Winter-Linde","age_years":20,"street":"Rosa-Luxemburg-Straße","crown_diameter_m":5,"group":"Laubbäume"}},{"type":"Feature","geometry":{"type":"Point","coordinates":[13.41034,52.5248]},"properties":{"species":"Winter-Linde","age_years":20,"street":"Rosa-Luxemburg-Straße","crown_diameter_m":3,"group":"Laubbäume"}},{"type":"Feature","geometry":{"type":"Point","coordinates":[13.41017,52.52457]},"properties":{"species":"Winter-Linde","age_years":20,"street":"Rosa-Luxemburg-Straße","crown_diameter_m":5,"group":"Laubbäume"}},{"type":"Feature","geometry":{"type":"Point","coordinates":[13.41028,52.52472]},"properties":{"species":"Winter-Linde","age_years":20,"street":"Rosa-Luxemburg-Straße","crown_diameter_m":4,"group":"Laubbäume"}},{"type":"Feature","geometry":{"type":"Point","coordinates":[13.41466,52.52467]},"properties":{"species":"Japanische Zierkirsche 'Kanzan'","age_years":15,"street":"Alex-Wedding-Straße","crown_diameter_m":5,"group":"Laubbäume"}},{"type":"Feature","geometry":{"type":"Point","coordinates":[13.41497,52.52493]},"properties":{"species":"Japanische Zierkirsche 'Kanzan'","age_years":15,"street":"Alex-Wedding-Straße","crown_diameter_m":11,"group":"Laubbäume"}},{"type":"Feature","geometry":{"type":"Point","coordinates":[13.41487,52.52484]},"properties":{"species":"Japanische Zierkirsche 'Kanzan'","age_years":15,"street":"Alex-Wedding-Straße","crown_diameter_m":6,"group":"Laubbäume"}},{"type":"Feature","geometry":{"type":"Point","coordinates":[13.41477,52.52476]},"properties":{"species":"Japanische Zierkirsche 'Kanzan'","age_years":15,"street":"Alex-Wedding-Straße","crown_diameter_m":7,"group":"Laubbäume"}},{"type":"Feature","geometry":{"type":"Point","coordinates":[13.40825,52.5251]},"properties":{"species":"Spitz-Ahorn","age_years":17,"street":"Max-Beer-Straße","crown_diameter_m":6,"group":"Laubbäume"}},{"type":"Feature","geometry":{"type":"Point","coordinates":[13.40819,52.52497]},"properties":{"species":"Spitz-Ahorn","age_years":17,"street":"Max-Beer-Straße","crown_diameter_m":6,"group":"Laubbäume"}},{"type":"Feature","geometry":{"type":"Point","coordinates":[13.4081,52.52474]},"properties":{"species":"Spitz-Ahorn","age_years":17,"street":"Max-Beer-Straße","crown_diameter_m":7,"group":"Laubbäume"}},{"type":"Feature","geometry":{"type":"Point","coordinates":[13.39662,52.51902]},"properties":{"species":"Rot-Ahorn","age_years":22,"street":"Hinter dem Gießhaus","crown_diameter_m":7,"group":"Laubbäume"}},{"type":"Feature","geometry":{"type":"Point","coordinates":[13.39655,52.51899]},"properties":{"species":"Rot-Ahorn","age_years":22,"street":"Hinter dem Gießhaus","crown_diameter_m":7,"group":"Laubbäume"}},{"type":"Feature","geometry":{"type":"Point","coordinates":[13.39648,52.51896]},"properties":{"species":"Rot-Ahorn","age_years":22,"street":"Hinter dem Gießhaus","crown_diameter_m":6,"group":"Laubbäume"}},{"type":"Feature","geometry":{"type":"Point","coordinates":[13.3964,52.51893]},"properties":{"species":"Rot-Ahorn","age_years":22,"street":"Hinter dem Gießhaus","crown_diameter_m":8,"group":"Laubbäume"}},{"type":"Feature","geometry":{"type":"Point","coordinates":[13.39633,52.51891]},"properties":{"species":"Rot-Ahorn","age_years":22,"street":"Hinter dem Gießhaus","crown_diameter_m":6,"group":"Laubbäume"}},{"type":"Feature","geometry":{"type":"Point","coordinates":[13.39618,52.51885]},"properties":{"species":"Rot-Ahorn","age_years":22,"street":"Hinter dem Gießhaus","crown_diameter_m":8,"group":"Laubbäume"}},{"type":"Feature","geometry":{"type":"Point","coordinates":[13.39625,52.51888]},"properties":{"species":"Rot-Ahorn","age_years":22,"street":"Hinter dem Gießhaus","crown_diameter_m":8,"group":"Laubbäume"}},{"type":"Feature","geometry":{"type":"Point","coordinates":[13.4106,52.52096]},"properties":{"species":"Winter-Linde","age_years":56,"street":"Panoramastraße","crown_diameter_m":12,"group":"Laubbäume"}},{"type":"Feature","geometry":{"type":"Point","coordinates":[13.41051,52.52091]},"properties":{"species":"Winter-Linde","age_years":56,"street":"Panoramastraße","crown_diameter_m":12,"group":"Laubbäume"}},{"type":"Feature","geometry":{"type":"Point","coordinates":[13.39517,52.51567]},"properties":{"species":"Rosskastanie","age_years":10,"street":"Hinter der Katholischen Kirche","crown_diameter_m":4,"group":"Laubbäume"}},{"type":"Feature","geometry":{"type":"Point","coordinates":[13.3953,52.51555]},"properties":{"species":"Resista Ulme 'Regal'","age_years":10,"street":"Hinter der Katholischen Kirche","crown_diameter_m":3,"group":"Laubbäume"}},{"type":"Feature","geometry":{"type":"Point","coordinates":[13.39535,52.51535]},"properties":{"species":"Resista Ulme 'Regal'","age_years":10,"street":"Hinter der Katholischen Kirche","crown_diameter_m":3,"group":"Laubbäume"}},{"type":"Feature","geometry":{"type":"Point","coordinates":[13.39537,52.51526]},"properties":{"species":"Resista Ulme 'Regal'","age_years":10,"street":"Hinter der Katholischen Kirche","crown_diameter_m":3,"group":"Laubbäume"}},{"type":"Feature","geometry":{"type":"Point","coordinates":[13.39563,52.51527]},"properties":{"species":"Resista Ulme 'Regal'","age_years":10,"street":"Hinter der Katholischen Kirche","crown_diameter_m":5,"group":"Laubbäume"}},{"type":"Feature","geometry":{"type":"Point","coordinates":[13.39561,52.51538]},"properties":{"species":"Resista Ulme 'Regal'","age_years":10,"street":"Hinter der Katholischen Kirche","crown_diameter_m":4,"group":"Laubbäume"}},{"type":"Feature","geometry":{"type":"Point","coordinates":[13.39559,52.5155]},"properties":{"species":"Resista Ulme 'Regal'","age_years":10,"street":"Hinter der Katholischen Kirche","crown_diameter_m":5,"group":"Laubbäume"}},{"type":"Feature","geometry":{"type":"Point","coordinates":[13.39556,52.51564]},"properties":{"species":"Resista Ulme 'Regal'","age_years":10,"street":"Hinter der Katholischen Kirche","crown_diameter_m":4,"group":"Laubbäume"}},{"type":"Feature","geometry":{"type":"Point","coordinates":[13.39554,52.51575]},"properties":{"species":"Resista Ulme 'Regal'","age_years":10,"street":"Hinter der Katholischen Kirche","crown_diameter_m":3,"group":"Laubbäume"}},{"type":"Feature","geometry":{"type":"Point","coordinates":[13.39552,52.51586]},"properties":{"species":"Resista Ulme 'Regal'","age_years":10,"street":"Hinter der Katholischen Kirche","crown_diameter_m":3.5,"group":"Laubbäume"}},{"type":"Feature","geometry":{"type":"Point","coordinates":[13.3955,52.51596]},"properties":{"species":"Resista Ulme 'Regal'","age_years":10,"street":"Hinter der Katholischen Kirche","crown_diameter_m":4,"group":"Laubbäume"}},{"type":"Feature","geometry":{"type":"Point","coordinates":[13.39548,52.51605]},"properties":{"species":"Resista Ulme 'Regal'","age_years":10,"street":"Hinter der Katholischen Kirche","crown_diameter_m":4,"group":"Laubbäume"}},{"type":"Feature","geometry":{"type":"Point","coordinates":[13.40638,52.52102]},"properties":{"species":"Silber-Linde 'Brabant'","age_years":9,"street":"Karl-Liebknecht-Straße","crown_diameter_m":3,"group":"Laubbäume"}},{"type":"Feature","geometry":{"type":"Point","coordinates":[13.41338,52.52474]},"properties":{"species":"Silber-Linde","age_years":11,"street":"Karl-Liebknecht-Straße","crown_diameter_m":3,"group":"Laubbäume"}},{"type":"Feature","geometry":{"type":"Point","coordinates":[13.41295,52.52164]},"properties":{"species":"Japanischer Schnurbaum 'Regent'","age_years":8,"street":"Alexanderplatz","crown_diameter_m":5,"group":"Laubbäume"}},{"type":"Feature","geometry":{"type":"Point","coordinates":[13.41182,52.51964]},"properties":{"species":"Hainbuche","age_years":8,"street":"Rathausstraße","crown_diameter_m":4.5,"group":"Laubbäume"}},{"type":"Feature","geometry":{"type":"Point","coordinates":[13.41178,52.51972]},"properties":{"species":"Hainbuche","age_years":8,"street":"Rathausstraße","crown_diameter_m":4,"group":"Laubbäume"}},{"type":"Feature","geometry":{"type":"Point","coordinates":[13.41172,52.51973]},"properties":{"species":"Hainbuche","age_years":8,"street":"Rathausstraße","crown_diameter_m":4.5,"group":"Laubbäume"}},{"type":"Feature","geometry":{"type":"Point","coordinates":[13.41166,52.51977]},"properties":{"species":"Hainbuche","age_years":8,"street":"Rathausstraße","crown_diameter_m":4,"group":"Laubbäume"}},{"type":"Feature","geometry":{"type":"Point","coordinates":[13.41159,52.51983]},"properties":{"species":"Hainbuche","age_years":8,"street":"Rathausstraße","crown_diameter_m":4.5,"group":"Laubbäume"}},{"type":"Feature","geometry":{"type":"Point","coordinates":[13.41157,52.51996]},"properties":{"species":"Hainbuche","age_years":8,"street":"Rathausstraße","crown_diameter_m":4,"group":"Laubbäume"}},{"type":"Feature","geometry":{"type":"Point","coordinates":[13.41168,52.51998]},"properties":{"species":"Hainbuche","age_years":8,"street":"Rathausstraße","crown_diameter_m":4,"group":"Laubbäume"}},{"type":"Feature","geometry":{"type":"Point","coordinates":[13.41172,52.51996]},"properties":{"species":"Hainbuche","age_years":8,"street":"Rathausstraße","crown_diameter_m":4,"group":"Laubbäume"}},{"type":"Feature","geometry":{"type":"Point","coordinates":[13.41054,52.52043]},"properties":{"species":"Japanischer Schnurbaum","age_years":11,"street":"Panoramastraße","crown_diameter_m":6,"group":"Laubbäume"}},{"type":"Feature","geometry":{"type":"Point","coordinates":[13.41048,52.52047]},"properties":{"species":"Japanischer Schnurbaum","age_years":11,"street":"Panoramastraße","crown_diameter_m":5,"group":"Laubbäume"}},{"type":"Feature","geometry":{"type":"Point","coordinates":[13.41046,52.52045]},"properties":{"species":"Japanischer Schnurbaum","age_years":11,"street":"Panoramastraße","crown_diameter_m":4,"group":"Laubbäume"}},{"type":"Feature","geometry":{"type":"Point","coordinates":[13.41031,52.52059]},"properties":{"species":"Winter-Linde","age_years":58,"street":"Panoramastraße","crown_diameter_m":13,"group":"Laubbäume"}},{"type":"Feature","geometry":{"type":"Point","coordinates":[13.41022,52.52065]},"properties":{"species":"Winter-Linde","age_years":58,"street":"Panoramastraße","crown_diameter_m":9,"group":"Laubbäume"}},{"type":"Feature","geometry":{"type":"Point","coordinates":[13.41022,52.52059]},"properties":{"species":"Spitz-Ahorn","age_years":11,"street":"Panoramastraße","crown_diameter_m":4,"group":"Laubbäume"}},{"type":"Feature","geometry":{"type":"Point","coordinates":[13.41064,52.52115]},"properties":{"species":"Japanischer Schnurbaum","age_years":13,"street":"Panoramastraße","crown_diameter_m":7,"group":"Laubbäume"}},{"type":"Feature","geometry":{"type":"Point","coordinates":[13.41068,52.52119]},"properties":{"species":"Japanischer Schnurbaum","age_years":13,"street":"Panoramastraße","crown_diameter_m":7,"group":"Laubbäume"}},{"type":"Feature","geometry":{"type":"Point","coordinates":[13.4106,52.52123]},"properties":{"species":"Japanischer Schnurbaum","age_years":13,"street":"Panoramastraße","crown_diameter_m":6,"group":"Laubbäume"}},{"type":"Feature","geometry":{"type":"Point","coordinates":[13.41035,52.52143]},"properties":{"species":"Japanischer Schnurbaum","age_years":13,"street":"Panoramastraße","crown_diameter_m":5,"group":"Laubbäume"}},{"type":"Feature","geometry":{"type":"Point","coordinates":[13.4103,52.52148]},"properties":{"species":"Japanischer Schnurbaum","age_years":13,"street":"Panoramastraße","crown_diameter_m":6,"group":"Laubbäume"}},{"type":"Feature","geometry":{"type":"Point","coordinates":[13.41022,52.52146]},"properties":{"species":"Japanischer Schnurbaum","age_years":13,"street":"Panoramastraße","crown_diameter_m":6,"group":"Laubbäume"}},{"type":"Feature","geometry":{"type":"Point","coordinates":[13.40143,52.51865]},"properties":{"species":"Ahornblättrige Platane","age_years":79,"street":"Schloßplatz","crown_diameter_m":12,"group":"Laubbäume"}},{"type":"Feature","geometry":{"type":"Point","coordinates":[13.40122,52.51858]},"properties":{"species":"Ahornblättrige Platane","age_years":54,"street":"Schloßplatz","crown_diameter_m":10,"group":"Laubbäume"}},{"type":"Feature","geometry":{"type":"Point","coordinates":[13.40115,52.51852]},"properties":{"species":"Ahornblättrige Platane","age_years":83,"street":"Schloßplatz","crown_diameter_m":11,"group":"Laubbäume"}},{"type":"Feature","geometry":{"type":"Point","coordinates":[13.40131,52.51861]},"properties":{"species":"Ahornblättrige Platane","age_years":48,"street":"Schloßplatz","crown_diameter_m":10,"group":"Laubbäume"}},{"type":"Feature","geometry":{"type":"Point","coordinates":[13.40137,52.51863]},"properties":{"species":"Ahornblättrige Platane","age_years":52,"street":"Schloßplatz","crown_diameter_m":11,"group":"Laubbäume"}},{"type":"Feature","geometry":{"type":"Point","coordinates":[13.40173,52.51877]},"properties":{"species":"Ahornblättrige Platane","age_years":70,"street":"Schloßplatz","crown_diameter_m":10,"group":"Laubbäume"}},{"type":"Feature","geometry":{"type":"Point","coordinates":[13.41445,52.52411]},"properties":{"species":"Gleditschie 'Shademaster'","age_years":9,"street":"Alex-Wedding-Straße","crown_diameter_m":7,"group":"Laubbäume"}},{"type":"Feature","geometry":{"type":"Point","coordinates":[13.4147,52.524]},"properties":{"species":"Gleditschie 'Shademaster'","age_years":9,"street":"Alex-Wedding-Straße","crown_diameter_m":5,"group":"Laubbäume"}},{"type":"Feature","geometry":{"type":"Point","coordinates":[13.41457,52.52406]},"properties":{"species":"Gleditschie 'Shademaster'","age_years":9,"street":"Alex-Wedding-Straße","crown_diameter_m":5,"group":"Laubbäume"}},{"type":"Feature","geometry":{"type":"Point","coordinates":[13.41493,52.52399]},"properties":{"species":"Resista Ulme 'Regal'","age_years":9,"street":"Keibelstraße","crown_diameter_m":5,"group":"Laubbäume"}},{"type":"Feature","geometry":{"type":"Point","coordinates":[13.41432,52.52417]},"properties":{"species":"Gleditschie 'Shademaster'","age_years":9,"street":"Alex-Wedding-Straße","crown_diameter_m":6,"group":"Laubbäume"}},{"type":"Feature","geometry":{"type":"Point","coordinates":[13.41164,52.52407]},"properties":{"species":"Winter-Linde","age_years":82,"street":"Memhardstraße","crown_diameter_m":8,"group":"Laubbäume"}},{"type":"Feature","geometry":{"type":"Point","coordinates":[13.41143,52.52408]},"properties":{"species":"Winter-Linde","age_years":70,"street":"Memhardstraße","crown_diameter_m":7,"group":"Laubbäume"}},{"type":"Feature","geometry":{"type":"Point","coordinates":[13.41068,52.5237]},"properties":{"species":"Holländische Linde","age_years":72,"street":"Memhardstraße","crown_diameter_m":8,"group":"Laubbäume"}},{"type":"Feature","geometry":{"type":"Point","coordinates":[13.41093,52.52377]},"properties":{"species":"Holländische Linde","age_years":64,"street":"Memhardstraße","crown_diameter_m":6,"group":"Laubbäume"}},{"type":"Feature","geometry":{"type":"Point","coordinates":[13.41052,52.52378]},"properties":{"species":"Holländische Linde","age_years":64,"street":"Memhardstraße","crown_diameter_m":7,"group":"Laubbäume"}},{"type":"Feature","geometry":{"type":"Point","coordinates":[13.41043,52.5238]},"properties":{"species":"Holländische Linde","age_years":84,"street":"Memhardstraße","crown_diameter_m":8,"group":"Laubbäume"}},{"type":"Feature","geometry":{"type":"Point","coordinates":[13.41069,52.5237]},"properties":{"species":"Holländische Linde","age_years":72,"street":"Memhardstraße","crown_diameter_m":8,"group":"Laubbäume"}},{"type":"Feature","geometry":{"type":"Point","coordinates":[13.41067,52.52371]},"properties":{"species":"Holländische Linde","age_years":58,"street":"Memhardstraße","crown_diameter_m":8,"group":"Laubbäume"}},{"type":"Feature","geometry":{"type":"Point","coordinates":[13.40694,52.51558]},"properties":{"species":"Kugel-Ahorn","age_years":37,"street":"Spreeufer","crown_diameter_m":4,"group":"Laubbäume"}},{"type":"Feature","geometry":{"type":"Point","coordinates":[13.40644,52.51579]},"properties":{"species":"Apfel","age_years":37,"street":"Spreeufer","crown_diameter_m":9,"group":"Laubbäume"}},{"type":"Feature","geometry":{"type":"Point","coordinates":[13.40675,52.51561]},"properties":{"species":"Sauerkirsche","age_years":37,"street":"Spreeufer","crown_diameter_m":9,"group":"Obstbäume"}},{"type":"Feature","geometry":{"type":"Point","coordinates":[13.40665,52.51568]},"properties":{"species":"Weisser Maulbeerbaum","age_years":20,"street":"Spreeufer","crown_diameter_m":11,"group":"Laubbäume"}},{"type":"Feature","geometry":{"type":"Point","coordinates":[13.40699,52.51556]},"properties":{"species":"Kugel-Ahorn","age_years":37,"street":"Spreeufer","crown_diameter_m":4,"group":"Laubbäume"}},{"type":"Feature","geometry":{"type":"Point","coordinates":[13.40746,52.51793]},"properties":{"species":"Silber-Linde","age_years":50,"street":"Spandauer Straße","crown_diameter_m":7,"group":"Laubbäume"}},{"type":"Feature","geometry":{"type":"Point","coordinates":[13.40743,52.51793]},"properties":{"species":"Silber-Linde","age_years":47,"street":"Spandauer Straße","crown_diameter_m":7,"group":"Laubbäume"}},{"type":"Feature","geometry":{"type":"Point","coordinates":[13.40747,52.51791]},"properties":{"species":"Silber-Linde","age_years":50,"street":"Spandauer Straße","crown_diameter_m":10,"group":"Laubbäume"}},{"type":"Feature","geometry":{"type":"Point","coordinates":[13.40947,52.51855]},"properties":{"species":"Rot-Buche","age_years":13,"street":"Jüdenstraße","crown_diameter_m":4,"group":"Laubbäume"}},{"type":"Feature","geometry":{"type":"Point","coordinates":[13.41444,52.52325]},"properties":{"species":"Resista Ulme 'Rebona'","age_years":8,"street":"Alexanderstraße","crown_diameter_m":3,"group":"Laubbäume"}},{"type":"Feature","geometry":{"type":"Point","coordinates":[13.41331,52.52359]},"properties":{"species":"Resista Ulme 'Rebona'","age_years":8,"street":"Alexanderstraße","crown_diameter_m":3,"group":"Laubbäume"}},{"type":"Feature","geometry":{"type":"Point","coordinates":[13.41501,52.5228]},"properties":{"species":"Resista Ulme 'Rebona'","age_years":8,"street":"Alexanderstraße","crown_diameter_m":2,"group":"Laubbäume"}},{"type":"Feature","geometry":{"type":"Point","coordinates":[13.41322,52.52352]},"properties":{"species":"Resista Ulme 'Rebona'","age_years":8,"street":"Alexanderstraße","crown_diameter_m":1.5,"group":"Laubbäume"}},{"type":"Feature","geometry":{"type":"Point","coordinates":[13.39821,52.51562]},"properties":{"species":"Ahornblättrige Platane","age_years":116,"street":"Werderscher Markt","crown_diameter_m":19,"group":"Laubbäume"}},{"type":"Feature","geometry":{"type":"Point","coordinates":[13.39845,52.51567]},"properties":{"species":"Ahornblättrige Platane","age_years":116,"street":"Werderscher Markt","crown_diameter_m":19,"group":"Laubbäume"}},{"type":"Feature","geometry":{"type":"Point","coordinates":[13.39874,52.5232]},"properties":{"species":"Holländische Linde","age_years":56,"street":"Monbijouplatz","crown_diameter_m":11,"group":"Laubbäume"}},{"type":"Feature","geometry":{"type":"Point","coordinates":[13.39869,52.52312]},"properties":{"species":"Holländische Linde","age_years":25,"street":"Monbijouplatz","crown_diameter_m":4,"group":"Laubbäume"}},{"type":"Feature","geometry":{"type":"Point","coordinates":[13.399,52.52296]},"properties":{"species":"Holländische Linde","age_years":25,"street":"Monbijouplatz","crown_diameter_m":5,"group":"Laubbäume"}},{"type":"Feature","geometry":{"type":"Point","coordinates":[13.39892,52.52297]},"properties":{"species":"Holländische Linde","age_years":25,"street":"Monbijouplatz","crown_diameter_m":4,"group":"Laubbäume"}},{"type":"Feature","geometry":{"type":"Point","coordinates":[13.39872,52.52301]},"properties":{"species":"Holländische Linde","age_years":25,"street":"Monbijouplatz","crown_diameter_m":3,"group":"Laubbäume"}},{"type":"Feature","geometry":{"type":"Point","coordinates":[13.39917,52.52292]},"properties":{"species":"Holländische Linde","age_years":25,"street":"Monbijouplatz","crown_diameter_m":8,"group":"Laubbäume"}},{"type":"Feature","geometry":{"type":"Point","coordinates":[13.39882,52.52299]},"properties":{"species":"Holländische Linde","age_years":25,"street":"Monbijouplatz","crown_diameter_m":4,"group":"Laubbäume"}},{"type":"Feature","geometry":{"type":"Point","coordinates":[13.3991,52.52293]},"properties":{"species":"Holländische Linde","age_years":25,"street":"Monbijouplatz","crown_diameter_m":7,"group":"Laubbäume"}},{"type":"Feature","geometry":{"type":"Point","coordinates":[13.39935,52.52289]},"properties":{"species":"Holländische Linde","age_years":25,"street":"Monbijouplatz","crown_diameter_m":9,"group":"Laubbäume"}},{"type":"Feature","geometry":{"type":"Point","coordinates":[13.39864,52.52305]},"properties":{"species":"Holländische Linde","age_years":25,"street":"Monbijouplatz","crown_diameter_m":3,"group":"Laubbäume"}},{"type":"Feature","geometry":{"type":"Point","coordinates":[13.39928,52.5229]},"properties":{"species":"Holländische Linde","age_years":25,"street":"Monbijouplatz","crown_diameter_m":8,"group":"Laubbäume"}},{"type":"Feature","geometry":{"type":"Point","coordinates":[13.40656,52.51803]},"properties":{"species":"Zierkirsche 'Pink Perfection'","age_years":6,"street":"Rathausstraße","crown_diameter_m":3,"group":"Laubbäume"}},{"type":"Feature","geometry":{"type":"Point","coordinates":[13.40247,52.52248]},"properties":{"species":"Gewöhnliche Esche","age_years":16,"street":"Henriette-Herz-Platz","crown_diameter_m":5,"group":"Laubbäume"}},{"type":"Feature","geometry":{"type":"Point","coordinates":[13.40194,52.52238]},"properties":{"species":"Gewöhnliche Esche","age_years":16,"street":"Henriette-Herz-Platz","crown_diameter_m":4,"group":"Laubbäume"}},{"type":"Feature","geometry":{"type":"Point","coordinates":[13.40208,52.5224]},"properties":{"species":"Gewöhnliche Esche","age_years":16,"street":"Henriette-Herz-Platz","crown_diameter_m":3,"group":"Laubbäume"}},{"type":"Feature","geometry":{"type":"Point","coordinates":[13.40238,52.5224]},"properties":{"species":"Gewöhnliche Esche","age_years":16,"street":"Henriette-Herz-Platz","crown_diameter_m":4,"group":"Laubbäume"}},{"type":"Feature","geometry":{"type":"Point","coordinates":[13.4021,52.52234]},"properties":{"species":"Gewöhnliche Esche","age_years":16,"street":"Henriette-Herz-Platz","crown_diameter_m":3,"group":"Laubbäume"}},{"type":"Feature","geometry":{"type":"Point","coordinates":[13.40234,52.52246]},"properties":{"species":"Gewöhnliche Esche","age_years":16,"street":"Henriette-Herz-Platz","crown_diameter_m":3,"group":"Laubbäume"}},{"type":"Feature","geometry":{"type":"Point","coordinates":[13.40196,52.52232]},"properties":{"species":"Gewöhnliche Esche","age_years":16,"street":"Henriette-Herz-Platz","crown_diameter_m":4,"group":"Laubbäume"}},{"type":"Feature","geometry":{"type":"Point","coordinates":[13.40223,52.52236]},"properties":{"species":"Gewöhnliche Esche","age_years":16,"street":"Henriette-Herz-Platz","crown_diameter_m":4,"group":"Laubbäume"}},{"type":"Feature","geometry":{"type":"Point","coordinates":[13.40249,52.52243]},"properties":{"species":"Gewöhnliche Esche","age_years":16,"street":"Henriette-Herz-Platz","crown_diameter_m":4,"group":"Laubbäume"}},{"type":"Feature","geometry":{"type":"Point","coordinates":[13.40221,52.52242]},"properties":{"species":"Gewöhnliche Esche","age_years":16,"street":"Henriette-Herz-Platz","crown_diameter_m":6,"group":"Laubbäume"}},{"type":"Feature","geometry":{"type":"Point","coordinates":[13.40223,52.52182]},"properties":{"species":"Berg-Ahorn, Weiss-Ahorn","age_years":38,"street":"Garnisonkirchplatz","crown_diameter_m":9,"group":"Laubbäume"}},{"type":"Feature","geometry":{"type":"Point","coordinates":[13.4021,52.52207]},"properties":{"species":"Kirsche","age_years":26,"street":"Garnisonkirchplatz","crown_diameter_m":5,"group":"Laubbäume"}},{"type":"Feature","geometry":{"type":"Point","coordinates":[13.40187,52.52209]},"properties":{"species":"Sommer-Eiche, Stiel-Eiche","age_years":167,"street":"Garnisonkirchplatz","crown_diameter_m":20,"group":"Laubbäume"}},{"type":"Feature","geometry":{"type":"Point","coordinates":[13.40225,52.5218]},"properties":{"species":"Berg-Ahorn, Weiss-Ahorn","age_years":36,"street":"Garnisonkirchplatz","crown_diameter_m":7,"group":"Laubbäume"}},{"type":"Feature","geometry":{"type":"Point","coordinates":[13.40213,52.52177]},"properties":{"species":"Hainbuche","age_years":26,"street":"Garnisonkirchplatz","crown_diameter_m":5,"group":"Laubbäume"}},{"type":"Feature","geometry":{"type":"Point","coordinates":[13.40232,52.52185]},"properties":{"species":"Kirsche","age_years":26,"street":"Garnisonkirchplatz","crown_diameter_m":7,"group":"Laubbäume"}},{"type":"Feature","geometry":{"type":"Point","coordinates":[13.40207,52.52214]},"properties":{"species":"Felsenbirne","age_years":26,"street":"Garnisonkirchplatz","crown_diameter_m":5,"group":"Großsträucher"}},{"type":"Feature","geometry":{"type":"Point","coordinates":[13.40204,52.52194]},"properties":{"species":"Gemeine Rosskastanie","age_years":118,"street":"Garnisonkirchplatz","crown_diameter_m":20,"group":"Laubbäume"}},{"type":"Feature","geometry":{"type":"Point","coordinates":[13.40203,52.52206]},"properties":{"species":"Robinie","age_years":66,"street":"Garnisonkirchplatz","crown_diameter_m":11,"group":"Laubbäume"}},{"type":"Feature","geometry":{"type":"Point","coordinates":[13.40217,52.5217]},"properties":{"species":"Linde","age_years":90,"street":"Garnisonkirchplatz","crown_diameter_m":12,"group":"Laubbäume"}},{"type":"Feature","geometry":{"type":"Point","coordinates":[13.40233,52.52152]},"properties":{"species":"Felsenbirne","age_years":26,"street":"Garnisonkirchplatz","crown_diameter_m":6,"group":"Großsträucher"}},{"type":"Feature","geometry":{"type":"Point","coordinates":[13.40241,52.52166]},"properties":{"species":"Ahornblättrige Platane","age_years":148,"street":"Garnisonkirchplatz","crown_diameter_m":20,"group":"Laubbäume"}},{"type":"Feature","geometry":{"type":"Point","coordinates":[13.40253,52.52156]},"properties":{"species":"Linde","age_years":88,"street":"Garnisonkirchplatz","crown_diameter_m":11,"group":"Laubbäume"}},{"type":"Feature","geometry":{"type":"Point","coordinates":[13.4023,52.52179]},"properties":{"species":"Berg-Ahorn, Weiss-Ahorn","age_years":49,"street":"Garnisonkirchplatz","crown_diameter_m":14,"group":"Laubbäume"}},{"type":"Feature","geometry":{"type":"Point","coordinates":[13.41072,52.52025]},"properties":{"species":"Holländische Linde","age_years":70,"street":"Panoramastraße","crown_diameter_m":9,"group":"Laubbäume"}},{"type":"Feature","geometry":{"type":"Point","coordinates":[13.41423,52.5243]},"properties":{"species":"Japanische Zierkirsche 'Kanzan'","age_years":9,"street":"Alex-Wedding-Straße","crown_diameter_m":4,"group":"Laubbäume"}},{"type":"Feature","geometry":{"type":"Point","coordinates":[13.41431,52.52437]},"properties":{"species":"Japanische Zierkirsche 'Kanzan'","age_years":9,"street":"Alex-Wedding-Straße","crown_diameter_m":4,"group":"Laubbäume"}},{"type":"Feature","geometry":{"type":"Point","coordinates":[13.41457,52.52459]},"properties":{"species":"Japanische Zierkirsche 'Kanzan'","age_years":9,"street":"Alex-Wedding-Straße","crown_diameter_m":4,"group":"Laubbäume"}},{"type":"Feature","geometry":{"type":"Point","coordinates":[13.41449,52.52452]},"properties":{"species":"Japanische Zierkirsche 'Kanzan'","age_years":9,"street":"Alex-Wedding-Straße","crown_diameter_m":4,"group":"Laubbäume"}},{"type":"Feature","geometry":{"type":"Point","coordinates":[13.41439,52.52445]},"properties":{"species":"Japanische Zierkirsche 'Kanzan'","age_years":9,"street":"Alex-Wedding-Straße","crown_diameter_m":4,"group":"Laubbäume"}},{"type":"Feature","geometry":{"type":"Point","coordinates":[13.41344,52.52463]},"properties":{"species":"Spitz-Ahorn","age_years":38,"street":"Karl-Liebknecht-Straße","crown_diameter_m":9,"group":"Laubbäume"}},{"type":"Feature","geometry":{"type":"Point","coordinates":[13.41352,52.5247]},"properties":{"species":"Spitz-Ahorn","age_years":29,"street":"Karl-Liebknecht-Straße","crown_diameter_m":6.5,"group":"Laubbäume"}},{"type":"Feature","geometry":{"type":"Point","coordinates":[13.41359,52.52477]},"properties":{"species":"Spitz-Ahorn","age_years":20,"street":"Karl-Liebknecht-Straße","crown_diameter_m":5,"group":"Laubbäume"}},{"type":"Feature","geometry":{"type":"Point","coordinates":[13.41378,52.52492]},"properties":{"species":"Spitz-Ahorn","age_years":48,"street":"Karl-Liebknecht-Straße","crown_diameter_m":9,"group":"Laubbäume"}},{"type":"Feature","geometry":{"type":"Point","coordinates":[13.4137,52.52485]},"properties":{"species":"Spitz-Ahorn","age_years":58,"street":"Karl-Liebknecht-Straße","crown_diameter_m":6,"group":"Laubbäume"}},{"type":"Feature","geometry":{"type":"Point","coordinates":[13.41295,52.52497]},"properties":{"species":"Silber-Linde 'Szeleste'","age_years":6,"street":"Karl-Liebknecht-Straße","crown_diameter_m":1.5,"group":"Laubbäume"}},{"type":"Feature","geometry":{"type":"Point","coordinates":[13.40775,52.52171]},"properties":{"species":"Silber-Linde 'Szeleste'","age_years":6,"street":"Karl-Liebknecht-Straße","crown_diameter_m":1.5,"group":"Laubbäume"}},{"type":"Feature","geometry":{"type":"Point","coordinates":[13.4033,52.51501]},"properties":{"species":"Rot-Ahorn","age_years":6,"street":"Neumannsgasse","crown_diameter_m":2,"group":"Laubbäume"}},{"type":"Feature","geometry":{"type":"Point","coordinates":[13.39804,52.52378]},"properties":{"species":"Rot-Ahorn","age_years":6,"street":"Oranienburger Straße","crown_diameter_m":1.5,"group":"Laubbäume"}},{"type":"Feature","geometry":{"type":"Point","coordinates":[13.40596,52.51772]},"properties":{"species":"Rot-Ahorn","age_years":6,"street":"Rathausstraße","crown_diameter_m":2,"group":"Laubbäume"}},{"type":"Feature","geometry":{"type":"Point","coordinates":[13.40695,52.51819]},"properties":{"species":"Rot-Ahorn","age_years":6,"street":"Rathausstraße","crown_diameter_m":1.5,"group":"Laubbäume"}},{"type":"Feature","geometry":{"type":"Point","coordinates":[13.41278,52.51566]},"properties":{"species":"Zierkirsche 'Pink Perfection'","age_years":6,"street":"Stralauer Straße","crown_diameter_m":2,"group":"Laubbäume"}},{"type":"Feature","geometry":{"type":"Point","coordinates":[13.41313,52.51563]},"properties":{"species":"Zierkirsche 'Pink Perfection'","age_years":6,"street":"Stralauer Straße","crown_diameter_m":2,"group":"Laubbäume"}},{"type":"Feature","geometry":{"type":"Point","coordinates":[13.40825,52.51729]},"properties":{"species":"Gleditschie 'Skyline'","age_years":4,"street":"Spandauer Straße","crown_diameter_m":4,"group":"Laubbäume"}},{"type":"Feature","geometry":{"type":"Point","coordinates":[13.40818,52.51736]},"properties":{"species":"Gleditschie 'Skyline'","age_years":4,"street":"Spandauer Straße","crown_diameter_m":4,"group":"Laubbäume"}},{"type":"Feature","geometry":{"type":"Point","coordinates":[13.40853,52.51704]},"properties":{"species":"Gleditschie 'Skyline'","age_years":4,"street":"Spandauer Straße","crown_diameter_m":4,"group":"Laubbäume"}},{"type":"Feature","geometry":{"type":"Point","coordinates":[13.40811,52.51743]},"properties":{"species":"Gleditschie 'Skyline'","age_years":4,"street":"Spandauer Straße","crown_diameter_m":4,"group":"Laubbäume"}},{"type":"Feature","geometry":{"type":"Point","coordinates":[13.40846,52.51711]},"properties":{"species":"Gleditschie 'Skyline'","age_years":4,"street":"Spandauer Straße","crown_diameter_m":4,"group":"Laubbäume"}},{"type":"Feature","geometry":{"type":"Point","coordinates":[13.40831,52.51723]},"properties":{"species":"Gleditschie 'Skyline'","age_years":4,"street":"Spandauer Straße","crown_diameter_m":4,"group":"Laubbäume"}},{"type":"Feature","geometry":{"type":"Point","coordinates":[13.4084,52.51716]},"properties":{"species":"Gleditschie 'Skyline'","age_years":4,"street":"Spandauer Straße","crown_diameter_m":4,"group":"Laubbäume"}},{"type":"Feature","geometry":{"type":"Point","coordinates":[13.41054,52.51862]},"properties":{"species":"Feldahorn 'Elsrijk'","age_years":4,"street":"Grunerstraße","crown_diameter_m":3,"group":"Laubbäume"}},{"type":"Feature","geometry":{"type":"Point","coordinates":[13.41156,52.51911]},"properties":{"species":"Feldahorn 'Elsrijk'","age_years":4,"street":"Grunerstraße","crown_diameter_m":2.5,"group":"Laubbäume"}},{"type":"Feature","geometry":{"type":"Point","coordinates":[13.4104,52.51856]},"properties":{"species":"Amberbaum","age_years":4,"street":"Grunerstraße","crown_diameter_m":1.5,"group":"Laubbäume"}},{"type":"Feature","geometry":{"type":"Point","coordinates":[13.412,52.51931]},"properties":{"species":"Amberbaum","age_years":4,"street":"Grunerstraße","crown_diameter_m":1.5,"group":"Laubbäume"}},{"type":"Feature","geometry":{"type":"Point","coordinates":[13.41129,52.51898]},"properties":{"species":"Feldahorn 'Elsrijk'","age_years":4,"street":"Grunerstraße","crown_diameter_m":3,"group":"Laubbäume"}},{"type":"Feature","geometry":{"type":"Point","coordinates":[13.41112,52.5189]},"properties":{"species":"Amberbaum","age_years":4,"street":"Grunerstraße","crown_diameter_m":1.5,"group":"Laubbäume"}},{"type":"Feature","geometry":{"type":"Point","coordinates":[13.41184,52.51924]},"properties":{"species":"Feldahorn 'Elsrijk'","age_years":4,"street":"Grunerstraße","crown_diameter_m":3,"group":"Laubbäume"}},{"type":"Feature","geometry":{"type":"Point","coordinates":[13.4117,52.51918]},"properties":{"species":"Amberbaum","age_years":4,"street":"Grunerstraße","crown_diameter_m":2,"group":"Laubbäume"}},{"type":"Feature","geometry":{"type":"Point","coordinates":[13.41027,52.51849]},"properties":{"species":"Feldahorn 'Elsrijk'","age_years":4,"street":"Grunerstraße","crown_diameter_m":2.5,"group":"Laubbäume"}},{"type":"Feature","geometry":{"type":"Point","coordinates":[13.41081,52.51875]},"properties":{"species":"Feldahorn 'Elsrijk'","age_years":4,"street":"Grunerstraße","crown_diameter_m":2.5,"group":"Laubbäume"}},{"type":"Feature","geometry":{"type":"Point","coordinates":[13.41013,52.51842]},"properties":{"species":"Amberbaum","age_years":4,"street":"Grunerstraße","crown_diameter_m":1.5,"group":"Laubbäume"}},{"type":"Feature","geometry":{"type":"Point","coordinates":[13.41068,52.51869]},"properties":{"species":"Amberbaum","age_years":4,"street":"Grunerstraße","crown_diameter_m":1.5,"group":"Laubbäume"}},{"type":"Feature","geometry":{"type":"Point","coordinates":[13.4093,52.51802]},"properties":{"species":"Amberbaum","age_years":4,"street":"Grunerstraße","crown_diameter_m":2,"group":"Laubbäume"}},{"type":"Feature","geometry":{"type":"Point","coordinates":[13.40876,52.51775]},"properties":{"species":"Amberbaum","age_years":4,"street":"Grunerstraße","crown_diameter_m":1.5,"group":"Laubbäume"}},{"type":"Feature","geometry":{"type":"Point","coordinates":[13.40944,52.51809]},"properties":{"species":"Feldahorn 'Elsrijk'","age_years":4,"street":"Grunerstraße","crown_diameter_m":3,"group":"Laubbäume"}},{"type":"Feature","geometry":{"type":"Point","coordinates":[13.40916,52.51795]},"properties":{"species":"Feldahorn 'Elsrijk'","age_years":4,"street":"Grunerstraße","crown_diameter_m":2.5,"group":"Laubbäume"}},{"type":"Feature","geometry":{"type":"Point","coordinates":[13.40889,52.51781]},"properties":{"species":"Feldahorn 'Elsrijk'","age_years":4,"street":"Grunerstraße","crown_diameter_m":2,"group":"Laubbäume"}},{"type":"Feature","geometry":{"type":"Point","coordinates":[13.40903,52.51788]},"properties":{"species":"Amberbaum","age_years":4,"street":"Grunerstraße","crown_diameter_m":1.5,"group":"Laubbäume"}},{"type":"Feature","geometry":{"type":"Point","coordinates":[13.40891,52.51755]},"properties":{"species":"Feldahorn 'Elsrijk'","age_years":4,"street":"Grunerstraße","crown_diameter_m":2,"group":"Laubbäume"}},{"type":"Feature","geometry":{"type":"Point","coordinates":[13.40905,52.51762]},"properties":{"species":"Amberbaum","age_years":3,"street":"Grunerstraße","crown_diameter_m":1.5,"group":"Laubbäume"}},{"type":"Feature","geometry":{"type":"Point","coordinates":[13.40919,52.51769]},"properties":{"species":"Feldahorn 'Elsrijk'","age_years":4,"street":"Grunerstraße","crown_diameter_m":2,"group":"Laubbäume"}},{"type":"Feature","geometry":{"type":"Point","coordinates":[13.40946,52.51783]},"properties":{"species":"Feldahorn 'Elsrijk'","age_years":4,"street":"Grunerstraße","crown_diameter_m":2,"group":"Laubbäume"}},{"type":"Feature","geometry":{"type":"Point","coordinates":[13.4096,52.5179]},"properties":{"species":"Amberbaum","age_years":4,"street":"Grunerstraße","crown_diameter_m":1,"group":"Laubbäume"}},{"type":"Feature","geometry":{"type":"Point","coordinates":[13.40933,52.51776]},"properties":{"species":"Amberbaum","age_years":4,"street":"Grunerstraße","crown_diameter_m":1.5,"group":"Laubbäume"}},{"type":"Feature","geometry":{"type":"Point","coordinates":[13.40857,52.51676]},"properties":{"species":"Gleditschie 'Skyline'","age_years":4,"street":"Mühlendamm","crown_diameter_m":4,"group":"Laubbäume"}},{"type":"Feature","geometry":{"type":"Point","coordinates":[13.40842,52.51664]},"properties":{"species":"Gleditschie 'Skyline'","age_years":4,"street":"Mühlendamm","crown_diameter_m":4,"group":"Laubbäume"}},{"type":"Feature","geometry":{"type":"Point","coordinates":[13.40815,52.51638]},"properties":{"species":"Gleditschie 'Skyline'","age_years":4,"street":"Mühlendamm","crown_diameter_m":4,"group":"Laubbäume"}},{"type":"Feature","geometry":{"type":"Point","coordinates":[13.40825,52.51649]},"properties":{"species":"Gleditschie 'Skyline'","age_years":4,"street":"Mühlendamm","crown_diameter_m":4,"group":"Laubbäume"}},{"type":"Feature","geometry":{"type":"Point","coordinates":[13.40796,52.51622]},"properties":{"species":"Gleditschie 'Skyline'","age_years":4,"street":"Mühlendamm","crown_diameter_m":2.5,"group":"Laubbäume"}},{"type":"Feature","geometry":{"type":"Point","coordinates":[13.40806,52.51631]},"properties":{"species":"Gleditschie 'Skyline'","age_years":4,"street":"Mühlendamm","crown_diameter_m":4,"group":"Laubbäume"}},{"type":"Feature","geometry":{"type":"Point","coordinates":[13.40834,52.51656]},"properties":{"species":"Gleditschie 'Skyline'","age_years":4,"street":"Mühlendamm","crown_diameter_m":4,"group":"Laubbäume"}},{"type":"Feature","geometry":{"type":"Point","coordinates":[13.40069,52.51573]},"properties":{"species":"Gold-Gleditschie","age_years":5,"street":"Schloßplatz","crown_diameter_m":5,"group":"Laubbäume"}},{"type":"Feature","geometry":{"type":"Point","coordinates":[13.40036,52.51581]},"properties":{"species":"Gold-Gleditschie","age_years":5,"street":"Schloßplatz","crown_diameter_m":4,"group":"Laubbäume"}},{"type":"Feature","geometry":{"type":"Point","coordinates":[13.40021,52.51577]},"properties":{"species":"Gold-Gleditschie","age_years":5,"street":"Schloßplatz","crown_diameter_m":5,"group":"Laubbäume"}},{"type":"Feature","geometry":{"type":"Point","coordinates":[13.40053,52.51575]},"properties":{"species":"Gold-Gleditschie","age_years":5,"street":"Schloßplatz","crown_diameter_m":5,"group":"Laubbäume"}},{"type":"Feature","geometry":{"type":"Point","coordinates":[13.40032,52.51566]},"properties":{"species":"Gold-Gleditschie","age_years":5,"street":"Schloßplatz","crown_diameter_m":4,"group":"Laubbäume"}},{"type":"Feature","geometry":{"type":"Point","coordinates":[13.40033,52.51576]},"properties":{"species":"Gold-Gleditschie","age_years":5,"street":"Schloßplatz","crown_diameter_m":4,"group":"Laubbäume"}},{"type":"Feature","geometry":{"type":"Point","coordinates":[13.40045,52.51566]},"properties":{"species":"Gold-Gleditschie","age_years":5,"street":"Schloßplatz","crown_diameter_m":5,"group":"Laubbäume"}},{"type":"Feature","geometry":{"type":"Point","coordinates":[13.40053,52.5159]},"properties":{"species":"Gold-Gleditschie","age_years":5,"street":"Schloßplatz","crown_diameter_m":3,"group":"Laubbäume"}},{"type":"Feature","geometry":{"type":"Point","coordinates":[13.40057,52.51581]},"properties":{"species":"Gold-Gleditschie","age_years":5,"street":"Schloßplatz","crown_diameter_m":3,"group":"Laubbäume"}},{"type":"Feature","geometry":{"type":"Point","coordinates":[13.40993,52.51504]},"properties":{"species":"Zweigriffliger Weissdorn","age_years":26,"street":"Rolandufer","crown_diameter_m":5,"group":"Laubbäume"}},{"type":"Feature","geometry":{"type":"Point","coordinates":[13.40965,52.51507]},"properties":{"species":"Götterbaum","age_years":54,"street":"Rolandufer","crown_diameter_m":15,"group":"Laubbäume"}},{"type":"Feature","geometry":{"type":"Point","coordinates":[13.40911,52.51514]},"properties":{"species":"Zweigriffliger Weissdorn","age_years":54,"street":"Rolandufer","crown_diameter_m":9,"group":"Laubbäume"}},{"type":"Feature","geometry":{"type":"Point","coordinates":[13.40923,52.51512]},"properties":{"species":"Götterbaum","age_years":34,"street":"Rolandufer","crown_diameter_m":16,"group":"Laubbäume"}},{"type":"Feature","geometry":{"type":"Point","coordinates":[13.40894,52.51516]},"properties":{"species":"Götterbaum","age_years":52,"street":"Rolandufer","crown_diameter_m":16,"group":"Laubbäume"}},{"type":"Feature","geometry":{"type":"Point","coordinates":[13.40958,52.51508]},"properties":{"species":"Götterbaum","age_years":34,"street":"Rolandufer","crown_diameter_m":10,"group":"Laubbäume"}},{"type":"Feature","geometry":{"type":"Point","coordinates":[13.40854,52.51525]},"properties":{"species":"Schwarz-Erle","age_years":44,"street":"Rolandufer","crown_diameter_m":6,"group":"Laubbäume"}},{"type":"Feature","geometry":{"type":"Point","coordinates":[13.40858,52.51524]},"properties":{"species":"Schwarz-Erle","age_years":44,"street":"Rolandufer","crown_diameter_m":10,"group":"Laubbäume"}},{"type":"Feature","geometry":{"type":"Point","coordinates":[13.40864,52.51521]},"properties":{"species":"Götterbaum","age_years":44,"street":"Rolandufer","crown_diameter_m":10,"group":"Laubbäume"}},{"type":"Feature","geometry":{"type":"Point","coordinates":[13.40892,52.5151]},"properties":{"species":"Spitz-Ahorn","age_years":53,"street":"Rolandufer","crown_diameter_m":13,"group":"Laubbäume"}},{"type":"Feature","geometry":{"type":"Point","coordinates":[13.40828,52.51529]},"properties":{"species":"Götterbaum","age_years":54,"street":"Rolandufer","crown_diameter_m":18,"group":"Laubbäume"}},{"type":"Feature","geometry":{"type":"Point","coordinates":[13.40796,52.51528]},"properties":{"species":"Berg-Ahorn, Weiss-Ahorn","age_years":42,"street":"Rolandufer","crown_diameter_m":9,"group":"Laubbäume"}},{"type":"Feature","geometry":{"type":"Point","coordinates":[13.40803,52.51527]},"properties":{"species":"Spitz-Ahorn","age_years":42,"street":"Rolandufer","crown_diameter_m":7,"group":"Laubbäume"}},{"type":"Feature","geometry":{"type":"Point","coordinates":[13.40841,52.5152]},"properties":{"species":"Spitz-Ahorn","age_years":27,"street":"Rolandufer","crown_diameter_m":6,"group":"Laubbäume"}},{"type":"Feature","geometry":{"type":"Point","coordinates":[13.40863,52.51515]},"properties":{"species":"Spitz-Ahorn","age_years":45,"street":"Rolandufer","crown_diameter_m":10,"group":"Laubbäume"}},{"type":"Feature","geometry":{"type":"Point","coordinates":[13.40877,52.51513]},"properties":{"species":"Spitz-Ahorn","age_years":42,"street":"Rolandufer","crown_diameter_m":11,"group":"Laubbäume"}},{"type":"Feature","geometry":{"type":"Point","coordinates":[13.40816,52.51525]},"properties":{"species":"Spitz-Ahorn","age_years":50,"street":"Rolandufer","crown_diameter_m":13,"group":"Laubbäume"}},{"type":"Feature","geometry":{"type":"Point","coordinates":[13.40836,52.51528]},"properties":{"species":"Götterbaum","age_years":39,"street":"Rolandufer","crown_diameter_m":14,"group":"Laubbäume"}},{"type":"Feature","geometry":{"type":"Point","coordinates":[13.40851,52.51525]},"properties":{"species":"Schwarz-Erle","age_years":33,"street":"Rolandufer","crown_diameter_m":6,"group":"Laubbäume"}},{"type":"Feature","geometry":{"type":"Point","coordinates":[13.40854,52.51517]},"properties":{"species":"Spitz-Ahorn","age_years":25,"street":"Rolandufer","crown_diameter_m":6,"group":"Laubbäume"}},{"type":"Feature","geometry":{"type":"Point","coordinates":[13.40807,52.51534]},"properties":{"species":"Sand-Birke","age_years":43,"street":"Rolandufer","crown_diameter_m":12,"group":"Laubbäume"}},{"type":"Feature","geometry":{"type":"Point","coordinates":[13.40828,52.51522]},"properties":{"species":"Spitz-Ahorn","age_years":23,"street":"Rolandufer","crown_diameter_m":6,"group":"Laubbäume"}},{"type":"Feature","geometry":{"type":"Point","coordinates":[13.39904,52.51746]},"properties":{"species":"Gold-Gleditschie","age_years":4,"street":"Schloßplatz","crown_diameter_m":3,"group":"Laubbäume"}},{"type":"Feature","geometry":{"type":"Point","coordinates":[13.39912,52.51741]},"properties":{"species":"Gold-Gleditschie","age_years":4,"street":"Schloßplatz","crown_diameter_m":3,"group":"Laubbäume"}},{"type":"Feature","geometry":{"type":"Point","coordinates":[13.39921,52.51733]},"properties":{"species":"Gold-Gleditschie","age_years":4,"street":"Schloßplatz","crown_diameter_m":3.5,"group":"Laubbäume"}},{"type":"Feature","geometry":{"type":"Point","coordinates":[13.39926,52.5172]},"properties":{"species":"Gold-Gleditschie","age_years":4,"street":"Schloßplatz","crown_diameter_m":3,"group":"Laubbäume"}},{"type":"Feature","geometry":{"type":"Point","coordinates":[13.39952,52.51718]},"properties":{"species":"Gold-Gleditschie","age_years":4,"street":"Schloßplatz","crown_diameter_m":3.5,"group":"Laubbäume"}},{"type":"Feature","geometry":{"type":"Point","coordinates":[13.39941,52.51726]},"properties":{"species":"Gold-Gleditschie","age_years":4,"street":"Schloßplatz","crown_diameter_m":3.5,"group":"Laubbäume"}},{"type":"Feature","geometry":{"type":"Point","coordinates":[13.39926,52.51745]},"properties":{"species":"Gold-Gleditschie","age_years":4,"street":"Schloßplatz","crown_diameter_m":3,"group":"Laubbäume"}},{"type":"Feature","geometry":{"type":"Point","coordinates":[13.41492,52.52273]},"properties":{"species":"Amberbaum 'Worplesdon'","age_years":2,"street":"Alexanderstraße","crown_diameter_m":1,"group":"Laubbäume"}},{"type":"Feature","geometry":{"type":"Point","coordinates":[13.40936,52.51863]},"properties":{"species":"Pyramiden-Hainbuche","age_years":4,"street":"Jüdenstraße","crown_diameter_m":1.5,"group":"Laubbäume"}},{"type":"Feature","geometry":{"type":"Point","coordinates":[13.4129,52.52378]},"properties":{"species":"Amberbaum 'Worplesdon'","age_years":2,"street":"Alexanderstraße","crown_diameter_m":1.5,"group":"Laubbäume"}},{"type":"Feature","geometry":{"type":"Point","coordinates":[13.41318,52.52366]},"properties":{"species":"Zerr-Eiche","age_years":2,"street":"Alexanderstraße","crown_diameter_m":1.5,"group":"Laubbäume"}},{"type":"Feature","geometry":{"type":"Point","coordinates":[13.4089,52.51615]},"properties":{"species":"Japanischer Schnurbaum 'Regent'","age_years":3,"street":"Molkenmarkt","crown_diameter_m":3,"group":"Laubbäume"}},{"type":"Feature","geometry":{"type":"Point","coordinates":[13.40861,52.51605]},"properties":{"species":"Japanischer Schnurbaum 'Regent'","age_years":3,"street":"Molkenmarkt","crown_diameter_m":3,"group":"Laubbäume"}},{"type":"Feature","geometry":{"type":"Point","coordinates":[13.40923,52.51637]},"properties":{"species":"Gewöhnliche Hopfenbuche","age_years":3,"street":"Molkenmarkt","crown_diameter_m":1,"group":"Laubbäume"}},{"type":"Feature","geometry":{"type":"Point","coordinates":[13.41008,52.51625]},"properties":{"species":"Gewöhnliche Hopfenbuche","age_years":3,"street":"Molkenmarkt","crown_diameter_m":1.5,"group":"Laubbäume"}},{"type":"Feature","geometry":{"type":"Point","coordinates":[13.40991,52.51628]},"properties":{"species":"Gewöhnliche Hopfenbuche","age_years":3,"street":"Molkenmarkt","crown_diameter_m":1.5,"group":"Laubbäume"}},{"type":"Feature","geometry":{"type":"Point","coordinates":[13.40974,52.51631]},"properties":{"species":"Gewöhnliche Hopfenbuche","age_years":3,"street":"Molkenmarkt","crown_diameter_m":1.5,"group":"Laubbäume"}},{"type":"Feature","geometry":{"type":"Point","coordinates":[13.40942,52.51635]},"properties":{"species":"Gewöhnliche Hopfenbuche","age_years":3,"street":"Molkenmarkt","crown_diameter_m":1.5,"group":"Laubbäume"}},{"type":"Feature","geometry":{"type":"Point","coordinates":[13.41025,52.51623]},"properties":{"species":"Gewöhnliche Hopfenbuche","age_years":3,"street":"Molkenmarkt","crown_diameter_m":1.5,"group":"Laubbäume"}},{"type":"Feature","geometry":{"type":"Point","coordinates":[13.40957,52.51633]},"properties":{"species":"Gewöhnliche Hopfenbuche","age_years":3,"street":"Molkenmarkt","crown_diameter_m":1,"group":"Laubbäume"}},{"type":"Feature","geometry":{"type":"Point","coordinates":[13.40922,52.51621]},"properties":{"species":"Gewöhnliche Hopfenbuche","age_years":3,"street":"Stralauer Straße","crown_diameter_m":1,"group":"Laubbäume"}},{"type":"Feature","geometry":{"type":"Point","coordinates":[13.40929,52.5162]},"properties":{"species":"Gewöhnliche Hopfenbuche","age_years":3,"street":"Stralauer Straße","crown_diameter_m":1.5,"group":"Laubbäume"}},{"type":"Feature","geometry":{"type":"Point","coordinates":[13.40953,52.51617]},"properties":{"species":"Gewöhnliche Hopfenbuche","age_years":3,"street":"Stralauer Straße","crown_diameter_m":1,"group":"Laubbäume"}},{"type":"Feature","geometry":{"type":"Point","coordinates":[13.40963,52.51616]},"properties":{"species":"Gewöhnliche Hopfenbuche","age_years":3,"street":"Stralauer Straße","crown_diameter_m":1.5,"group":"Laubbäume"}},{"type":"Feature","geometry":{"type":"Point","coordinates":[13.4102,52.51819]},"properties":{"species":"Feld-Ahorn","age_years":3,"street":"Grunerstraße","crown_diameter_m":2,"group":"Laubbäume"}},{"type":"Feature","geometry":{"type":"Point","coordinates":[13.41034,52.51826]},"properties":{"species":"Amberbaum","age_years":3,"street":"Grunerstraße","crown_diameter_m":1.5,"group":"Laubbäume"}},{"type":"Feature","geometry":{"type":"Point","coordinates":[13.41103,52.51859]},"properties":{"species":"Feld-Ahorn","age_years":3,"street":"Grunerstraße","crown_diameter_m":2,"group":"Laubbäume"}},{"type":"Feature","geometry":{"type":"Point","coordinates":[13.4115,52.51881]},"properties":{"species":"Feld-Ahorn","age_years":3,"street":"Grunerstraße","crown_diameter_m":2.5,"group":"Laubbäume"}},{"type":"Feature","geometry":{"type":"Point","coordinates":[13.41163,52.51888]},"properties":{"species":"Feld-Ahorn","age_years":3,"street":"Grunerstraße","crown_diameter_m":1,"group":"Laubbäume"}},{"type":"Feature","geometry":{"type":"Point","coordinates":[13.41178,52.51895]},"properties":{"species":"Feld-Ahorn","age_years":3,"street":"Grunerstraße","crown_diameter_m":1.5,"group":"Laubbäume"}},{"type":"Feature","geometry":{"type":"Point","coordinates":[13.41191,52.51901]},"properties":{"species":"Amberbaum","age_years":3,"street":"Grunerstraße","crown_diameter_m":1,"group":"Laubbäume"}},{"type":"Feature","geometry":{"type":"Point","coordinates":[13.41205,52.51908]},"properties":{"species":"Feld-Ahorn","age_years":3,"street":"Grunerstraße","crown_diameter_m":2,"group":"Laubbäume"}},{"type":"Feature","geometry":{"type":"Point","coordinates":[13.41219,52.51915]},"properties":{"species":"Amberbaum","age_years":3,"street":"Grunerstraße","crown_diameter_m":1.5,"group":"Laubbäume"}},{"type":"Feature","geometry":{"type":"Point","coordinates":[13.39786,52.5238]},"properties":{"species":"Gewöhnliche Hopfenbuche","age_years":3,"street":"Oranienburger Straße","crown_diameter_m":1,"group":"Laubbäume"}},{"type":"Feature","geometry":{"type":"Point","coordinates":[13.40595,52.51639]},"properties":{"species":"Echte Kugel-Akazie","age_years":1,"street":"Propststraße","crown_diameter_m":1,"group":"Laubbäume"}},{"type":"Feature","geometry":{"type":"Point","coordinates":[13.41485,52.52287]},"properties":{"species":"Zerr-Eiche","age_years":2,"street":"Alexanderstraße","crown_diameter_m":1.5,"group":"Laubbäume"}},{"type":"Feature","geometry":{"type":"Point","coordinates":[13.41472,52.52293]},"properties":{"species":"Zierkirsche 'Umineko'","age_years":2,"street":"Alexanderstraße","crown_diameter_m":1.5,"group":"Laubbäume"}},{"type":"Feature","geometry":{"type":"Point","coordinates":[13.41458,52.52299]},"properties":{"species":"Amberbaum 'Worplesdon'","age_years":2,"street":"Alexanderstraße","crown_diameter_m":1.5,"group":"Laubbäume"}},{"type":"Feature","geometry":{"type":"Point","coordinates":[13.41444,52.52306]},"properties":{"species":"Zerr-Eiche","age_years":2,"street":"Alexanderstraße","crown_diameter_m":1.5,"group":"Laubbäume"}},{"type":"Feature","geometry":{"type":"Point","coordinates":[13.4143,52.52313]},"properties":{"species":"Zierkirsche 'Umineko'","age_years":2,"street":"Alexanderstraße","crown_diameter_m":1.5,"group":"Laubbäume"}},{"type":"Feature","geometry":{"type":"Point","coordinates":[13.41393,52.52328]},"properties":{"species":"Amberbaum 'Worplesdon'","age_years":2,"street":"Alexanderstraße","crown_diameter_m":1.5,"group":"Laubbäume"}},{"type":"Feature","geometry":{"type":"Point","coordinates":[13.41304,52.52372]},"properties":{"species":"Zierkirsche 'Umineko'","age_years":2,"street":"Alexanderstraße","crown_diameter_m":1.5,"group":"Laubbäume"}},{"type":"Feature","geometry":{"type":"Point","coordinates":[13.41263,52.52391]},"properties":{"species":"Zierkirsche 'Umineko'","age_years":2,"street":"Alexanderstraße","crown_diameter_m":1.5,"group":"Laubbäume"}},{"type":"Feature","geometry":{"type":"Point","coordinates":[13.41388,52.52324]},"properties":{"species":"Amberbaum 'Worplesdon'","age_years":2,"street":"Alexanderstraße","crown_diameter_m":1.5,"group":"Laubbäume"}},{"type":"Feature","geometry":{"type":"Point","coordinates":[13.41361,52.52336]},"properties":{"species":"Zierkirsche 'Umineko'","age_years":2,"street":"Alexanderstraße","crown_diameter_m":1.5,"group":"Laubbäume"}},{"type":"Feature","geometry":{"type":"Point","coordinates":[13.41396,52.52323]},"properties":{"species":"Zierapfel 'Red Sentinel'","age_years":2,"street":"Alexanderstraße","crown_diameter_m":1.5,"group":"Laubbäume"}},{"type":"Feature","geometry":{"type":"Point","coordinates":[13.41384,52.52329]},"properties":{"species":"Zierapfel 'Red Sentinel'","age_years":2,"street":"Alexanderstraße","crown_diameter_m":1.5,"group":"Laubbäume"}},{"type":"Feature","geometry":{"type":"Point","coordinates":[13.41292,52.52372]},"properties":{"species":"Zierapfel 'Red Sentinel'","age_years":2,"street":"Alexanderstraße","crown_diameter_m":1.5,"group":"Laubbäume"}},{"type":"Feature","geometry":{"type":"Point","coordinates":[13.41278,52.52378]},"properties":{"species":"Zierapfel 'Red Sentinel'","age_years":2,"street":"Alexanderstraße","crown_diameter_m":1.5,"group":"Laubbäume"}},{"type":"Feature","geometry":{"type":"Point","coordinates":[13.4128,52.52371]},"properties":{"species":"Zierkirsche 'Umineko'","age_years":2,"street":"Alexanderstraße","crown_diameter_m":1.5,"group":"Laubbäume"}},{"type":"Feature","geometry":{"type":"Point","coordinates":[13.41266,52.52378]},"properties":{"species":"Zerr-Eiche","age_years":2,"street":"Alexanderstraße","crown_diameter_m":1.5,"group":"Laubbäume"}},{"type":"Feature","geometry":{"type":"Point","coordinates":[13.41253,52.52384]},"properties":{"species":"Amberbaum 'Worplesdon'","age_years":2,"street":"Alexanderstraße","crown_diameter_m":1.5,"group":"Laubbäume"}},{"type":"Feature","geometry":{"type":"Point","coordinates":[13.4129,52.51565]},"properties":{"species":"Echter Rotdorn","age_years":2,"street":"Stralauer Straße","crown_diameter_m":1.5,"group":"Laubbäume"}},{"type":"Feature","geometry":{"type":"Point","coordinates":[13.41489,52.52279]},"properties":{"species":"Zierapfel 'Red Sentinel'","age_years":2,"street":"Alexanderstraße","crown_diameter_m":1.5,"group":"Laubbäume"}},{"type":"Feature","geometry":{"type":"Point","coordinates":[13.41295,52.52365]},"properties":{"species":"Amberbaum 'Worplesdon'","age_years":2,"street":"Alexanderstraße","crown_diameter_m":1.5,"group":"Laubbäume"}},{"type":"Feature","geometry":{"type":"Point","coordinates":[13.41308,52.52359]},"properties":{"species":"Zerr-Eiche","age_years":2,"street":"Alexanderstraße","crown_diameter_m":1.5,"group":"Laubbäume"}},{"type":"Feature","geometry":{"type":"Point","coordinates":[13.41358,52.52341]},"properties":{"species":"Zierapfel 'Red Sentinel'","age_years":2,"street":"Alexanderstraße","crown_diameter_m":1.5,"group":"Laubbäume"}},{"type":"Feature","geometry":{"type":"Point","coordinates":[13.4137,52.52335]},"properties":{"species":"Zierapfel 'Red Sentinel'","age_years":2,"street":"Alexanderstraße","crown_diameter_m":1.5,"group":"Laubbäume"}},{"type":"Feature","geometry":{"type":"Point","coordinates":[13.41436,52.52299]},"properties":{"species":"Zierkirsche 'Umineko'","age_years":2,"street":"Alexanderstraße","crown_diameter_m":1.5,"group":"Laubbäume"}},{"type":"Feature","geometry":{"type":"Point","coordinates":[13.41449,52.52293]},"properties":{"species":"Amberbaum 'Worplesdon'","age_years":2,"street":"Alexanderstraße","crown_diameter_m":1.5,"group":"Laubbäume"}},{"type":"Feature","geometry":{"type":"Point","coordinates":[13.41464,52.52286]},"properties":{"species":"Zerr-Eiche","age_years":2,"street":"Alexanderstraße","crown_diameter_m":1.5,"group":"Laubbäume"}},{"type":"Feature","geometry":{"type":"Point","coordinates":[13.41477,52.5228]},"properties":{"species":"Zierkirsche 'Umineko'","age_years":2,"street":"Alexanderstraße","crown_diameter_m":1.5,"group":"Laubbäume"}},{"type":"Feature","geometry":{"type":"Point","coordinates":[13.40593,52.51646]},"properties":{"species":"Echte Kugel-Akazie","age_years":1,"street":"Propststraße","crown_diameter_m":1,"group":"Laubbäume"}},{"type":"Feature","geometry":{"type":"Point","coordinates":[13.40621,52.51651]},"properties":{"species":"Echte Kugel-Akazie","age_years":1,"street":"Propststraße","crown_diameter_m":1,"group":"Laubbäume"}},{"type":"Feature","geometry":{"type":"Point","coordinates":[13.39908,52.52297]},"properties":{"species":"Eingriffliger Weissdorn","age_years":5,"street":"Monbijouplatz","crown_diameter_m":2,"group":"Laubbäume"}},{"type":"Feature","geometry":{"type":"Point","coordinates":[13.39946,52.51713]},"properties":{"species":"Gold-Gleditschie","age_years":4,"street":"Schloßplatz","crown_diameter_m":3,"group":"Laubbäume"}},{"type":"Feature","geometry":{"type":"Point","coordinates":[13.41048,52.51831]},"properties":{"species":"Feldahorn 'Elsrijk'","age_years":3,"street":"Grunerstraße","crown_diameter_m":1,"group":"Laubbäume"}},{"type":"Feature","geometry":{"type":"Point","coordinates":[13.41062,52.51838]},"properties":{"species":"Feldahorn 'Elsrijk'","age_years":3,"street":"Grunerstraße","crown_diameter_m":1,"group":"Laubbäume"}},{"type":"Feature","geometry":{"type":"Point","coordinates":[13.41073,52.51845]},"properties":{"species":"Feldahorn 'Elsrijk'","age_years":3,"street":"Grunerstraße","crown_diameter_m":1,"group":"Laubbäume"}},{"type":"Feature","geometry":{"type":"Point","coordinates":[13.41087,52.51852]},"properties":{"species":"Feldahorn 'Elsrijk'","age_years":3,"street":"Grunerstraße","crown_diameter_m":1,"group":"Laubbäume"}},{"type":"Feature","geometry":{"type":"Point","coordinates":[13.41373,52.51563]},"properties":{"species":"Zierkirsche 'Umineko'","age_years":2,"street":"Stralauer Straße","crown_diameter_m":1.5,"group":"Laubbäume"}},{"type":"Feature","geometry":{"type":"Point","coordinates":[13.41384,52.51563]},"properties":{"species":"Zierapfel 'Red Sentinel'","age_years":2,"street":"Stralauer Straße","crown_diameter_m":1.5,"group":"Laubbäume"}},{"type":"Feature","geometry":{"type":"Point","coordinates":[13.39776,52.52382]},"properties":{"species":"Zerr-Eiche","age_years":1,"street":"Oranienburger Straße","crown_diameter_m":1,"group":"Laubbäume"}},{"type":"Feature","geometry":{"type":"Point","coordinates":[13.41428,52.51508]},"properties":{"species":"Feldahorn 'Elsrijk'","age_years":1,"street":"Rolandufer","crown_diameter_m":1.5,"group":"Laubbäume"}},{"type":"Feature","geometry":{"type":"Point","coordinates":[13.41493,52.51511]},"properties":{"species":"Feldahorn 'Elsrijk'","age_years":1,"street":"Rolandufer","crown_diameter_m":1.5,"group":"Laubbäume"}},{"type":"Feature","geometry":{"type":"Point","coordinates":[13.40614,52.51648]},"properties":{"species":"Echte Kugel-Akazie","age_years":1,"street":"Propststraße","crown_diameter_m":1,"group":"Laubbäume"}},{"type":"Feature","geometry":{"type":"Point","coordinates":[13.40632,52.51656]},"properties":{"species":"Echte Kugel-Akazie","age_years":1,"street":"Propststraße","crown_diameter_m":1.5,"group":"Laubbäume"}},{"type":"Feature","geometry":{"type":"Point","coordinates":[13.40615,52.51656]},"properties":{"species":"Echte Kugel-Akazie","age_years":1,"street":"Propststraße","crown_diameter_m":1,"group":"Laubbäume"}},{"type":"Feature","geometry":{"type":"Point","coordinates":[13.40607,52.51653]},"properties":{"species":"Echte Kugel-Akazie","age_years":1,"street":"Propststraße","crown_diameter_m":1,"group":"Laubbäume"}},{"type":"Feature","geometry":{"type":"Point","coordinates":[13.40997,52.52461]},"properties":{"species":"Kleinkronige Winter-Linde","age_years":1,"street":"Rosa-Luxemburg-Straße","crown_diameter_m":1.5,"group":"Laubbäume"}}]}