{"type":"FeatureCollection","features":[{"type":"Feature","geometry":{"type":"Polygon","coordinates":[[[7.58684,47.55867],[7.58685,47.55905],[7.58705,47.55907],[7.58718,47.55867],[7.58714,47.55866],[7.58703,47.55905],[7.58699,47.55906],[7.58688,47.55905],[7.58687,47.55866],[7.58684,47.55867]]]},"properties":{"class":"befestigt.Trottoir"}},{"type":"Feature","geometry":{"type":"Polygon","coordinates":[[[7.58687,47.55889],[7.58687,47.55893],[7.58707,47.55892],[7.58709,47.55888],[7.58687,47.55889]]]},"properties":{"class":"Gebaeude.Gebaeude"}},{"type":"Feature","geometry":{"type":"Polygon","coordinates":[[[7.5879,47.55954],[7.58799,47.55961],[7.5882,47.55946],[7.58809,47.5594],[7.5879,47.55954]]]},"properties":{"class":"Gebaeude.Gebaeude"}},{"type":"Feature","geometry":{"type":"Polygon","coordinates":[[[7.58754,47.55952],[7.58766,47.55964],[7.58791,47.55953],[7.58773,47.55943],[7.58754,47.55952]]]},"properties":{"class":"Gebaeude.Gebaeude"}},{"type":"Feature","geometry":{"type":"Polygon","coordinates":[[[7.58766,47.55964],[7.5878,47.55974],[7.58799,47.55961],[7.5879,47.55954],[7.58766,47.55964]]]},"properties":{"class":"Gebaeude.Gebaeude"}},{"type":"Feature","geometry":{"type":"Polygon","coordinates":[[[7.58823,47.55929],[7.58835,47.55934],[7.58847,47.55912],[7.58838,47.55908],[7.58823,47.55929]]]},"properties":{"class":"Gebaeude.Gebaeude"}},{"type":"Feature","geometry":{"type":"Polygon","coordinates":[[[7.58886,47.55954],[7.58887,47.55955],[7.58894,47.55948],[7.58894,47.55948],[7.58895,47.55948],[7.58895,47.55948],[7.58895,47.55948],[7.58895,47.55948],[7.58895,47.55948],[7.58895,47.55948],[7.58895,47.55948],[7.58896,47.55948],[7.58896,47.55948],[7.58896,47.55948],[7.58896,47.55948],[7.58896,47.55948],[7.58896,47.55948],[7.58896,47.55948],[7.58896,47.55948],[7.58897,47.55948],[7.58903,47.55942],[7.58903,47.55942],[7.58903,47.55942],[7.58903,47.55941],[7.58904,47.55941],[7.58904,47.55941],[7.58904,47.55941],[7.58904,47.55941],[7.58904,47.5594],[7.58904,47.5594],[7.58904,47.55938],[7.589,47.55942],[7.589,47.55942],[7.589,47.55942],[7.589,47.55942],[7.589,47.55942],[7.589,47.55942],[7.589,47.55942],[7.589,47.55942],[7.58899,47.55942],[7.58899,47.55942],[7.58899,47.55942],[7.58899,47.55942],[7.58899,47.55942],[7.58899,47.55942],[7.58899,47.55942],[7.58899,47.55942],[7.58899,47.55942],[7.58899,47.55942],[7.58899,47.55942],[7.58886,47.55954]]]},"properties":{"class":"befestigt.uebrige_befestigte.uebrige_befestigte"}},{"type":"Feature","geometry":{"type":"Polygon","coordinates":[[[7.58844,47.55922],[7.58854,47.55918],[7.58847,47.55912],[7.58844,47.55922]]]},"properties":{"class":"Gebaeude.Gebaeude"}},{"type":"Feature","geometry":{"type":"MultiPolygon","coordinates":[[[[7.58739,47.55936],[7.58777,47.55923],[7.58773,47.55918],[7.58735,47.55932],[7.58739,47.55936]]],[[[7.58739,47.55936],[7.58739,47.55936],[7.58739,47.55936],[7.58739,47.55936]]]]},"properties":{"class":"befestigt.Strasse_Weg"}},{"type":"Feature","geometry":{"type":"Polygon","coordinates":[[[7.58987,47.55796],[7.59005,47.55802],[7.59012,47.55792],[7.59,47.55781],[7.58987,47.55796]]]},"properties":{"class":"befestigt.uebrige_befestigte.uebrige_befestigte"}},{"type":"Feature","geometry":{"type":"Polygon","coordinates":[[[7.58898,47.55914],[7.58918,47.55921],[7.58964,47.55888],[7.58963,47.55882],[7.59002,47.55851],[7.58997,47.55848],[7.58985,47.55855],[7.58962,47.5588],[7.58949,47.55873],[7.5893,47.55889],[7.58937,47.55892],[7.58921,47.55905],[7.58914,47.55903],[7.58898,47.55914]]]},"properties":{"class":"befestigt.uebrige_befestigte.uebrige_befestigte"}},{"type":"Feature","geometry":{"type":"Polygon","coordinates":[[[7.58942,47.55798],[7.5896,47.55808],[7.58968,47.55799],[7.5895,47.55791],[7.58942,47.55798]]]},"properties":{"class":"befestigt.uebrige_befestigte.uebrige_befestigte"}},{"type":"Feature","geometry":{"type":"Polygon","coordinates":[[[7.58964,47.55782],[7.58977,47.55787],[7.5898,47.55784],[7.58969,47.55779],[7.58964,47.55782]]]},"properties":{"class":"befestigt.uebrige_befestigte.uebrige_befestigte"}},{"type":"Feature","geometry":{"type":"Polygon","coordinates":[[[7.5895,47.55791],[7.58968,47.55799],[7.58971,47.55794],[7.58954,47.55787],[7.5895,47.55791]]]},"properties":{"class":"Gebaeude.Gebaeude"}},{"type":"Feature","geometry":{"type":"Polygon","coordinates":[[[7.58903,47.55779],[7.58918,47.55786],[7.58923,47.55782],[7.58918,47.55779],[7.58943,47.55757],[7.58955,47.55762],[7.58949,47.55767],[7.58963,47.55775],[7.58976,47.55766],[7.58939,47.55748],[7.58922,47.55756],[7.58926,47.55759],[7.58903,47.55779]]]},"properties":{"class":"Gebaeude.Gebaeude"}},{"type":"Feature","geometry":{"type":"Polygon","coordinates":[[[7.58881,47.55744],[7.58906,47.55761],[7.58916,47.55754],[7.5889,47.55736],[7.58881,47.55744]]]},"properties":{"class":"Gebaeude.Gebaeude"}},{"type":"Feature","geometry":{"type":"Polygon","coordinates":[[[7.58875,47.55748],[7.589,47.55762],[7.58907,47.55762],[7.58881,47.55744],[7.58875,47.55748]]]},"properties":{"class":"Gebaeude.Gebaeude"}},{"type":"Feature","geometry":{"type":"Polygon","coordinates":[[[7.58906,47.55805],[7.58921,47.5581],[7.58927,47.55803],[7.58911,47.55797],[7.58906,47.55805]]]},"properties":{"class":"Gebaeude.Gebaeude"}},{"type":"Feature","geometry":{"type":"Polygon","coordinates":[[[7.58842,47.55776],[7.58877,47.55791],[7.58886,47.55783],[7.5885,47.55768],[7.58842,47.55776]]]},"properties":{"class":"Gebaeude.Gebaeude"}},{"type":"Feature","geometry":{"type":"Polygon","coordinates":[[[7.58795,47.55835],[7.58834,47.5585],[7.58843,47.55836],[7.5886,47.55841],[7.58872,47.55816],[7.58857,47.55817],[7.58859,47.55814],[7.5882,47.55802],[7.58795,47.55835]],[[7.58816,47.55823],[7.58825,47.55812],[7.58839,47.55817],[7.58832,47.5583],[7.58816,47.55823]],[[7.58832,47.5581],[7.58833,47.55808],[7.58838,47.5581],[7.58838,47.55811],[7.58834,47.5581],[7.58833,47.55811],[7.58832,47.5581]]]},"properties":{"class":"Gebaeude.Gebaeude"}},{"type":"Feature","geometry":{"type":"Polygon","coordinates":[[[7.58832,47.5581],[7.58833,47.55811],[7.58834,47.5581],[7.58838,47.55811],[7.58838,47.5581],[7.58833,47.55808],[7.58832,47.5581]]]},"properties":{"class":"befestigt.uebrige_befestigte.uebrige_befestigte"}},{"type":"Feature","geometry":{"type":"Polygon","coordinates":[[[7.58865,47.55757],[7.589,47.55777],[7.58911,47.55767],[7.58875,47.55748],[7.58865,47.55757]]]},"properties":{"class":"Gebaeude.Gebaeude"}},{"type":"Feature","geometry":{"type":"Polygon","coordinates":[[[7.58851,47.55788],[7.58859,47.55787],[7.58853,47.55785],[7.58851,47.55788]]]},"properties":{"class":"befestigt.uebrige_befestigte.uebrige_befestigte"}},{"type":"Feature","geometry":{"type":"Polygon","coordinates":[[[7.58834,47.5585],[7.58846,47.55854],[7.58836,47.55866],[7.58868,47.55877],[7.58873,47.55867],[7.58881,47.55869],[7.58888,47.55858],[7.58877,47.55854],[7.58866,47.55873],[7.58848,47.55868],[7.58865,47.55842],[7.58843,47.55836],[7.58834,47.5585]]]},"properties":{"class":"befestigt.uebrige_befestigte.uebrige_befestigte"}},{"type":"Feature","geometry":{"type":"Polygon","coordinates":[[[7.58911,47.55797],[7.58927,47.55803],[7.58936,47.55794],[7.58921,47.55788],[7.58913,47.55791],[7.58911,47.55797]]]},"properties":{"class":"Gebaeude.Gebaeude"}},{"type":"Feature","geometry":{"type":"Polygon","coordinates":[[[7.58685,47.55838],[7.58686,47.55846],[7.58723,47.55847],[7.58735,47.55826],[7.58724,47.55818],[7.58718,47.5583],[7.58706,47.5583],[7.58707,47.55837],[7.58685,47.55838]]]},"properties":{"class":"Gebaeude.Gebaeude"}},{"type":"Feature","geometry":{"type":"Polygon","coordinates":[[[7.58682,47.55847],[7.58684,47.55853],[7.58709,47.5585],[7.58709,47.55855],[7.58719,47.55853],[7.58723,47.55847],[7.58682,47.55847]]]},"properties":{"class":"Gebaeude.Gebaeude"}},{"type":"Feature","geometry":{"type":"Polygon","coordinates":[[[7.58684,47.55823],[7.58685,47.55838],[7.58707,47.55837],[7.58701,47.55823],[7.58684,47.55823]]]},"properties":{"class":"Gebaeude.Gebaeude"}},{"type":"Feature","geometry":{"type":"Polygon","coordinates":[[[7.58698,47.55749],[7.58786,47.55767],[7.58842,47.55668],[7.58821,47.55668],[7.58817,47.55674],[7.58827,47.55677],[7.58781,47.55765],[7.58698,47.55749]]]},"properties":{"class":"befestigt.Trottoir"}},{"type":"Feature","geometry":{"type":"Polygon","coordinates":[[[7.58747,47.55777],[7.58769,47.55781],[7.58775,47.55774],[7.58754,47.55766],[7.58747,47.55777]]]},"properties":{"class":"Gebaeude.Gebaeude"}},{"type":"Feature","geometry":{"type":"Polygon","coordinates":[[[7.58733,47.55773],[7.58747,47.55777],[7.58752,47.55767],[7.58738,47.55763],[7.58733,47.55773]]]},"properties":{"class":"Gebaeude.Gebaeude"}},{"type":"Feature","geometry":{"type":"Polygon","coordinates":[[[7.58729,47.55782],[7.5876,47.55792],[7.58769,47.55781],[7.58733,47.55773],[7.58729,47.55782]]]},"properties":{"class":"Gebaeude.Gebaeude"}},{"type":"Feature","geometry":{"type":"Polygon","coordinates":[[[7.58693,47.55821],[7.5871,47.55825],[7.58714,47.55815],[7.58696,47.5581],[7.58693,47.55821]]]},"properties":{"class":"Gebaeude.Gebaeude"}},{"type":"Feature","geometry":{"type":"Polygon","coordinates":[[[7.58683,47.55802],[7.58705,47.55802],[7.58731,47.55761],[7.58695,47.55753],[7.5873,47.55763],[7.58702,47.55802],[7.58683,47.55802]]]},"properties":{"class":"befestigt.Trottoir"}},{"type":"Feature","geometry":{"type":"Polygon","coordinates":[[[7.58901,47.55646],[7.58922,47.55652],[7.58924,47.55646],[7.58904,47.55641],[7.58901,47.55646]]]},"properties":{"class":"Gebaeude.Gebaeude"}},{"type":"Feature","geometry":{"type":"Polygon","coordinates":[[[7.58817,47.55735],[7.58833,47.5574],[7.58847,47.55711],[7.58832,47.55706],[7.58817,47.55735]]]},"properties":{"class":"Gebaeude.Gebaeude"}},{"type":"Feature","geometry":{"type":"Polygon","coordinates":[[[7.58802,47.55761],[7.58816,47.55767],[7.58832,47.5574],[7.58816,47.55735],[7.58814,47.55751],[7.58809,47.5575],[7.58802,47.55761]]]},"properties":{"class":"Gebaeude.Gebaeude"}},{"type":"Feature","geometry":{"type":"Polygon","coordinates":[[[7.58825,47.55754],[7.58839,47.55761],[7.58848,47.55753],[7.58838,47.55748],[7.58828,47.55749],[7.58825,47.55754]]]},"properties":{"class":"Gebaeude.Gebaeude"}},{"type":"Feature","geometry":{"type":"MultiPolygon","coordinates":[[[[7.58838,47.55667],[7.58838,47.55667],[7.58838,47.55667],[7.58838,47.55667]]],[[[7.58822,47.55719],[7.58843,47.55682],[7.58857,47.55668],[7.58915,47.5569],[7.5892,47.55684],[7.58885,47.55671],[7.58899,47.55641],[7.58908,47.55597],[7.58897,47.55596],[7.58889,47.55638],[7.58881,47.55651],[7.58847,47.55647],[7.58838,47.55667],[7.58842,47.55668],[7.58788,47.55764],[7.588,47.55762],[7.58822,47.55719]],[[7.58867,47.55666],[7.58884,47.5566],[7.58878,47.55668],[7.58867,47.55666]]]]},"properties":{"class":"befestigt.Strasse_Weg"}},{"type":"Feature","geometry":{"type":"Polygon","coordinates":[[[7.58867,47.55617],[7.58887,47.5562],[7.58889,47.55613],[7.58867,47.5561],[7.58867,47.55617]]]},"properties":{"class":"Gebaeude.Gebaeude"}},{"type":"Feature","geometry":{"type":"Polygon","coordinates":[[[7.58944,47.55617],[7.58953,47.55623],[7.58958,47.55608],[7.58949,47.55607],[7.58944,47.55617]]]},"properties":{"class":"Gebaeude.Gebaeude"}},{"type":"Feature","geometry":{"type":"Polygon","coordinates":[[[7.58945,47.55635],[7.58972,47.55643],[7.58985,47.5563],[7.58961,47.55619],[7.58965,47.55611],[7.58957,47.55609],[7.58945,47.55635]]]},"properties":{"class":"Gebaeude.Gebaeude"}},{"type":"Feature","geometry":{"type":"Polygon","coordinates":[[[7.58961,47.55619],[7.58985,47.5563],[7.58995,47.5562],[7.58965,47.55611],[7.58961,47.55619]]]},"properties":{"class":"Gebaeude.Gebaeude"}},{"type":"Feature","geometry":{"type":"Polygon","coordinates":[[[7.58907,47.55676],[7.58931,47.55685],[7.58944,47.55672],[7.58916,47.55661],[7.58907,47.55676]]]},"properties":{"class":"Gebaeude.Gebaeude"}},{"type":"Feature","geometry":{"type":"Polygon","coordinates":[[[7.58904,47.55641],[7.58928,47.55647],[7.58933,47.55639],[7.58907,47.55632],[7.58904,47.55641]]]},"properties":{"class":"Gebaeude.Gebaeude"}},{"type":"Feature","geometry":{"type":"Polygon","coordinates":[[[7.58921,47.55612],[7.58936,47.55615],[7.58942,47.55605],[7.58926,47.55603],[7.58921,47.55612]]]},"properties":{"class":"Gebaeude.Gebaeude"}},{"type":"Feature","geometry":{"type":"Polygon","coordinates":[[[7.58869,47.55601],[7.58889,47.55603],[7.5889,47.55599],[7.58869,47.55596],[7.58869,47.55601]]]},"properties":{"class":"Gebaeude.Gebaeude"}},{"type":"Feature","geometry":{"type":"Polygon","coordinates":[[[7.58862,47.5565],[7.58879,47.5565],[7.58886,47.55628],[7.58866,47.55626],[7.58862,47.5565]]]},"properties":{"class":"Gebaeude.Gebaeude"}},{"type":"Feature","geometry":{"type":"Polygon","coordinates":[[[7.58891,47.55671],[7.58907,47.55676],[7.58913,47.55668],[7.58907,47.55666],[7.5891,47.55661],[7.58897,47.55657],[7.58891,47.55671]]]},"properties":{"class":"Gebaeude.Gebaeude"}},{"type":"Feature","geometry":{"type":"Polygon","coordinates":[[[7.58791,47.55692],[7.58817,47.55697],[7.58822,47.55688],[7.58801,47.55682],[7.58791,47.55692]]]},"properties":{"class":"Gebaeude.Gebaeude"}},{"type":"Feature","geometry":{"type":"Polygon","coordinates":[[[7.58784,47.55678],[7.588,47.55684],[7.58809,47.55671],[7.58794,47.55667],[7.58784,47.55678]]]},"properties":{"class":"Gebaeude.Gebaeude"}},{"type":"Feature","geometry":{"type":"Polygon","coordinates":[[[7.58705,47.55749],[7.5875,47.55759],[7.58755,47.55748],[7.58765,47.55751],[7.58767,47.55746],[7.58789,47.55752],[7.58797,47.55738],[7.58731,47.55727],[7.58725,47.55739],[7.58712,47.55736],[7.58705,47.55749]]]},"properties":{"class":"Gebaeude.Gebaeude"}},{"type":"Feature","geometry":{"type":"Polygon","coordinates":[[[7.58694,47.55742],[7.58705,47.55749],[7.58711,47.55738],[7.587,47.55735],[7.58694,47.55742]]]},"properties":{"class":"Gebaeude.Gebaeude"}},{"type":"Feature","geometry":{"type":"Polygon","coordinates":[[[7.58716,47.5571],[7.58718,47.55714],[7.5875,47.55681],[7.58736,47.55682],[7.58734,47.55693],[7.58716,47.5571]]]},"properties":{"class":"befestigt.Trottoir"}},{"type":"Feature","geometry":{"type":"Polygon","coordinates":[[[7.58766,47.55672],[7.58784,47.55679],[7.58794,47.55667],[7.58779,47.55662],[7.58766,47.55672]]]},"properties":{"class":"Gebaeude.Gebaeude"}},{"type":"Feature","geometry":{"type":"Polygon","coordinates":[[[7.58789,47.5571],[7.58809,47.55713],[7.58817,47.55697],[7.58796,47.55693],[7.58789,47.5571]]]},"properties":{"class":"Gebaeude.Gebaeude"}},{"type":"Feature","geometry":{"type":"Polygon","coordinates":[[[7.58847,47.55647],[7.58862,47.5565],[7.58869,47.55596],[7.5889,47.55599],[7.58871,47.55594],[7.58875,47.55572],[7.58895,47.5553],[7.58881,47.55528],[7.58869,47.55557],[7.58847,47.55647]]]},"properties":{"class":"befestigt.Strasse_Weg"}},{"type":"Feature","geometry":{"type":"Polygon","coordinates":[[[7.58844,47.55555],[7.58868,47.5556],[7.58869,47.55557],[7.58844,47.55555]]]},"properties":{"class":"Gebaeude.Gebaeude"}},{"type":"Feature","geometry":{"type":"Polygon","coordinates":[[[7.58837,47.55561],[7.58849,47.55563],[7.58851,47.5556],[7.5884,47.55558],[7.58837,47.55561]]]},"properties":{"class":"Gebaeude.Gebaeude"}},{"type":"Feature","geometry":{"type":"Polygon","coordinates":[[[7.58834,47.55585],[7.58839,47.55594],[7.58857,47.55597],[7.58859,47.55587],[7.58834,47.55585]]]},"properties":{"class":"Gebaeude.Gebaeude"}},{"type":"Feature","geometry":{"type":"Polygon","coordinates":[[[7.58777,47.55571],[7.58792,47.55577],[7.58793,47.55573],[7.588,47.55573],[7.58801,47.55563],[7.58791,47.5557],[7.58777,47.55571]]]},"properties":{"class":"befestigt.uebrige_befestigte.uebrige_befestigte"}},{"type":"Feature","geometry":{"type":"Polygon","coordinates":[[[7.58795,47.55564],[7.58801,47.55563],[7.58801,47.55556],[7.58795,47.55556],[7.58795,47.55564]]]},"properties":{"class":"Gebaeude.Gebaeude"}},{"type":"Feature","geometry":{"type":"Polygon","coordinates":[[[7.58782,47.55615],[7.58807,47.55629],[7.58812,47.55625],[7.58786,47.55611],[7.58782,47.55615]]]},"properties":{"class":"Gebaeude.Gebaeude"}},{"type":"Feature","geometry":{"type":"Polygon","coordinates":[[[7.58776,47.55617],[7.58802,47.55632],[7.58807,47.55629],[7.58789,47.55618],[7.5878,47.55614],[7.58776,47.55617]]]},"properties":{"class":"Gebaeude.Gebaeude"}},{"type":"Feature","geometry":{"type":"Polygon","coordinates":[[[7.58786,47.55567],[7.58786,47.5557],[7.58795,47.55567],[7.58795,47.55556],[7.58786,47.55558],[7.58786,47.55567]]]},"properties":{"class":"Gebaeude.Gebaeude"}},{"type":"Feature","geometry":{"type":"Polygon","coordinates":[[[7.58788,47.55658],[7.5883,47.5567],[7.58838,47.55667],[7.58848,47.55647],[7.58809,47.55635],[7.58788,47.55658]]]},"properties":{"class":"Gebaeude.Gebaeude"}},{"type":"Feature","geometry":{"type":"Polygon","coordinates":[[[7.58778,47.55568],[7.58786,47.5557],[7.58786,47.55558],[7.58779,47.55559],[7.58778,47.55568]]]},"properties":{"class":"Gebaeude.Gebaeude"}},{"type":"Feature","geometry":{"type":"Polygon","coordinates":[[[7.5872,47.55599],[7.58724,47.55606],[7.58743,47.55601],[7.5874,47.55595],[7.5872,47.55599]]]},"properties":{"class":"Gebaeude.Gebaeude"}},{"type":"Feature","geometry":{"type":"Polygon","coordinates":[[[7.58739,47.55592],[7.58752,47.55611],[7.58756,47.5561],[7.58754,47.55606],[7.58765,47.55603],[7.58782,47.55615],[7.58786,47.55611],[7.58799,47.55617],[7.58807,47.55606],[7.58798,47.55597],[7.58806,47.55598],[7.58803,47.55593],[7.5881,47.55593],[7.58801,47.55581],[7.58798,47.55591],[7.58785,47.5559],[7.58787,47.5558],[7.58776,47.55579],[7.58774,47.55584],[7.58743,47.55588],[7.58739,47.55592]],[[7.58746,47.55597],[7.58779,47.55592],[7.58774,47.55605],[7.58765,47.55597],[7.58748,47.55601],[7.58746,47.55597]]]},"properties":{"class":"humusiert.Gartenanlage.Gartenanlage"}},{"type":"Feature","geometry":{"type":"Polygon","coordinates":[[[7.58763,47.55594],[7.58768,47.55603],[7.58777,47.55605],[7.58779,47.55592],[7.58763,47.55594]]]},"properties":{"class":"Gebaeude.Gebaeude"}},{"type":"Feature","geometry":{"type":"Polygon","coordinates":[[[7.58724,47.55606],[7.58729,47.55614],[7.5875,47.55608],[7.58745,47.55601],[7.58724,47.55606]]]},"properties":{"class":"Gebaeude.Gebaeude"}},{"type":"Feature","geometry":{"type":"Polygon","coordinates":[[[7.58769,47.5563],[7.58789,47.55643],[7.58797,47.55637],[7.58781,47.55627],[7.58769,47.5563]]]},"properties":{"class":"Gebaeude.Gebaeude"}},{"type":"Feature","geometry":{"type":"Polygon","coordinates":[[[7.58802,47.5561],[7.58823,47.55618],[7.58828,47.55613],[7.58808,47.55606],[7.58802,47.5561]]]},"properties":{"class":"Gebaeude.Gebaeude"}},{"type":"Feature","geometry":{"type":"Polygon","coordinates":[[[7.58747,47.55634],[7.58757,47.55642],[7.58761,47.55639],[7.58767,47.55643],[7.58764,47.55646],[7.58779,47.55654],[7.58789,47.55643],[7.58776,47.55636],[7.58768,47.55641],[7.58755,47.55631],[7.58747,47.55634]]]},"properties":{"class":"Gebaeude.Gebaeude"}},{"type":"Feature","geometry":{"type":"Polygon","coordinates":[[[7.58754,47.55606],[7.58756,47.5561],[7.58767,47.55606],[7.58765,47.55603],[7.58754,47.55606]]]},"properties":{"class":"Gebaeude.Gebaeude"}},{"type":"Feature","geometry":{"type":"Polygon","coordinates":[[[7.58729,47.55614],[7.58731,47.55617],[7.58752,47.55611],[7.5875,47.55608],[7.58729,47.55614]]]},"properties":{"class":"Gebaeude.Gebaeude"}},{"type":"Feature","geometry":{"type":"Polygon","coordinates":[[[7.58717,47.55591],[7.58718,47.55595],[7.58743,47.55591],[7.58742,47.55588],[7.58717,47.55591]]]},"properties":{"class":"Gebaeude.Gebaeude"}},{"type":"Feature","geometry":{"type":"Polygon","coordinates":[[[7.58731,47.55584],[7.58732,47.55585],[7.58732,47.55584],[7.58733,47.55586],[7.58738,47.55584],[7.58737,47.55581],[7.58731,47.55584]]]},"properties":{"class":"befestigt.uebrige_befestigte.uebrige_befestigte"}},{"type":"Feature","geometry":{"type":"Polygon","coordinates":[[[7.58822,47.55624],[7.58836,47.55628],[7.58839,47.55623],[7.58853,47.55624],[7.58854,47.5561],[7.58838,47.55609],[7.58822,47.55624]]]},"properties":{"class":"Gebaeude.Gebaeude"}},{"type":"Feature","geometry":{"type":"Polygon","coordinates":[[[7.5881,47.55588],[7.5881,47.55593],[7.58831,47.55593],[7.58829,47.55586],[7.5881,47.55588]]]},"properties":{"class":"Gebaeude.Gebaeude"}},{"type":"Feature","geometry":{"type":"Polygon","coordinates":[[[7.58801,47.55579],[7.58801,47.55585],[7.58808,47.55589],[7.58829,47.55586],[7.58827,47.55578],[7.58801,47.55579]]]},"properties":{"class":"Gebaeude.Gebaeude"}},{"type":"Feature","geometry":{"type":"Polygon","coordinates":[[[7.588,47.55579],[7.58827,47.55578],[7.58828,47.55575],[7.588,47.55574],[7.588,47.55579]]]},"properties":{"class":"Gebaeude.Gebaeude"}},{"type":"Feature","geometry":{"type":"Polygon","coordinates":[[[7.58699,47.55623],[7.58704,47.55628],[7.58723,47.5562],[7.5872,47.55616],[7.58699,47.55623]]]},"properties":{"class":"Gebaeude.Gebaeude"}},{"type":"Feature","geometry":{"type":"Polygon","coordinates":[[[7.58667,47.55618],[7.58685,47.55635],[7.58683,47.55627],[7.5872,47.55616],[7.58718,47.55612],[7.58708,47.55615],[7.58703,47.55608],[7.58692,47.55615],[7.58696,47.55619],[7.58691,47.55621],[7.58686,47.55615],[7.58667,47.55618]]]},"properties":{"class":"befestigt.uebrige_befestigte.uebrige_befestigte"}},{"type":"Feature","geometry":{"type":"Polygon","coordinates":[[[7.58663,47.55647],[7.58672,47.55658],[7.58679,47.55654],[7.5867,47.55644],[7.58663,47.55647]]]},"properties":{"class":"Gebaeude.Gebaeude"}},{"type":"Feature","geometry":{"type":"Polygon","coordinates":[[[7.5871,47.55651],[7.58735,47.55671],[7.5875,47.55664],[7.58725,47.55644],[7.5871,47.55651]],[[7.58724,47.55658],[7.58732,47.55652],[7.58736,47.55655],[7.58727,47.5566],[7.58724,47.55658]]]},"properties":{"class":"Gebaeude.Gebaeude"}},{"type":"Feature","geometry":{"type":"Polygon","coordinates":[[[7.58724,47.55658],[7.58727,47.5566],[7.58736,47.55655],[7.58732,47.55652],[7.58724,47.55658]]]},"properties":{"class":"befestigt.uebrige_befestigte.uebrige_befestigte"}},{"type":"Feature","geometry":{"type":"Polygon","coordinates":[[[7.58633,47.55666],[7.58656,47.55665],[7.58646,47.55653],[7.58635,47.55657],[7.58633,47.55666]]]},"properties":{"class":"Gebaeude.Gebaeude"}},{"type":"Feature","geometry":{"type":"Polygon","coordinates":[[[7.58705,47.55654],[7.58706,47.55655],[7.58708,47.55656],[7.58708,47.55656],[7.58713,47.55654],[7.58713,47.55653],[7.58713,47.55653],[7.58711,47.55652],[7.5871,47.55652],[7.58706,47.55654],[7.58705,47.55654]]]},"properties":{"class":"Gebaeude.Gebaeude"}},{"type":"Feature","geometry":{"type":"Polygon","coordinates":[[[7.58708,47.55656],[7.58708,47.55656],[7.5871,47.55658],[7.58711,47.55658],[7.58715,47.55655],[7.58715,47.55655],[7.58713,47.55653],[7.58713,47.55654],[7.58708,47.55656],[7.58708,47.55656]]]},"properties":{"class":"befestigt.uebrige_befestigte.uebrige_befestigte"}},{"type":"Feature","geometry":{"type":"Polygon","coordinates":[[[7.58663,47.5561],[7.58667,47.55618],[7.58675,47.55617],[7.58669,47.55608],[7.58663,47.5561]]]},"properties":{"class":"Gebaeude.Gebaeude"}},{"type":"Feature","geometry":{"type":"Polygon","coordinates":[[[7.58707,47.55632],[7.58717,47.55645],[7.58728,47.55643],[7.58717,47.55629],[7.58707,47.55632]]]},"properties":{"class":"Gebaeude.Gebaeude"}},{"type":"Feature","geometry":{"type":"Polygon","coordinates":[[[7.58723,47.55638],[7.58728,47.55643],[7.58737,47.55638],[7.58723,47.55638]]]},"properties":{"class":"befestigt.uebrige_befestigte.uebrige_befestigte"}},{"type":"Feature","geometry":{"type":"Polygon","coordinates":[[[7.58645,47.55682],[7.58652,47.55694],[7.58667,47.5569],[7.58659,47.55677],[7.58645,47.55682]]]},"properties":{"class":"Gebaeude.Gebaeude"}},{"type":"Feature","geometry":{"type":"Polygon","coordinates":[[[7.5866,47.5567],[7.58675,47.55688],[7.58688,47.55685],[7.58673,47.55666],[7.5866,47.5567]]]},"properties":{"class":"Gebaeude.Gebaeude"}},{"type":"Feature","geometry":{"type":"Polygon","coordinates":[[[7.58647,47.55665],[7.58648,47.55666],[7.58648,47.55666],[7.58648,47.55666],[7.58651,47.55665],[7.5865,47.55664],[7.58647,47.55664],[7.58647,47.55665]]]},"properties":{"class":"befestigt.uebrige_befestigte.uebrige_befestigte"}},{"type":"Feature","geometry":{"type":"Polygon","coordinates":[[[7.58688,47.55661],[7.58695,47.55668],[7.58706,47.55665],[7.587,47.55661],[7.58706,47.55655],[7.58688,47.55661]]]},"properties":{"class":"befestigt.uebrige_befestigte.uebrige_befestigte"}},{"type":"Feature","geometry":{"type":"Polygon","coordinates":[[[7.587,47.55661],[7.5872,47.55677],[7.58725,47.55676],[7.58703,47.55658],[7.587,47.55661]]]},"properties":{"class":"Gebaeude.Gebaeude"}},{"type":"Feature","geometry":{"type":"Polygon","coordinates":[[[7.58683,47.55668],[7.58694,47.55683],[7.5872,47.55677],[7.58706,47.55665],[7.58695,47.55668],[7.58691,47.55662],[7.58683,47.55668]]]},"properties":{"class":"Gebaeude.Gebaeude"}},{"type":"Feature","geometry":{"type":"Polygon","coordinates":[[[7.58709,47.55665],[7.58713,47.55668],[7.58716,47.55665],[7.58709,47.55665]]]},"properties":{"class":"befestigt.uebrige_befestigte.uebrige_befestigte"}},{"type":"Feature","geometry":{"type":"Polygon","coordinates":[[[7.5866,47.55664],[7.58664,47.55669],[7.58676,47.55665],[7.5867,47.55659],[7.5866,47.55664]]]},"properties":{"class":"Gebaeude.Gebaeude"}},{"type":"Feature","geometry":{"type":"Polygon","coordinates":[[[7.58582,47.55838],[7.58589,47.55854],[7.58598,47.55852],[7.58609,47.55866],[7.58644,47.55859],[7.5864,47.55849],[7.58629,47.55849],[7.58623,47.55836],[7.58604,47.55836],[7.58612,47.55853],[7.58604,47.55855],[7.58591,47.55838],[7.58582,47.55838]]]},"properties":{"class":"Gebaeude.Gebaeude"}},{"type":"Feature","geometry":{"type":"Polygon","coordinates":[[[7.58563,47.55861],[7.58564,47.55866],[7.5858,47.55865],[7.58585,47.55858],[7.58563,47.55861]]]},"properties":{"class":"Gebaeude.Gebaeude"}},{"type":"Feature","geometry":{"type":"Polygon","coordinates":[[[7.58559,47.55838],[7.58562,47.55857],[7.58589,47.55854],[7.58582,47.55838],[7.58569,47.55843],[7.58568,47.55838],[7.58559,47.55838]]]},"properties":{"class":"Gebaeude.Gebaeude"}},{"type":"Feature","geometry":{"type":"Polygon","coordinates":[[[7.58587,47.55856],[7.58589,47.55857],[7.58591,47.55858],[7.58592,47.55859],[7.58592,47.55859],[7.58592,47.55859],[7.58593,47.55858],[7.58588,47.55854],[7.58588,47.55854],[7.58588,47.55854],[7.58587,47.55856]]]},"properties":{"class":"Gebaeude.Gebaeude"}},{"type":"Feature","geometry":{"type":"Polygon","coordinates":[[[7.58592,47.55859],[7.58605,47.55868],[7.58609,47.55866],[7.58598,47.55852],[7.58592,47.55859]]]},"properties":{"class":"Gebaeude.Gebaeude"}},{"type":"Feature","geometry":{"type":"Polygon","coordinates":[[[7.58592,47.55801],[7.58595,47.55812],[7.58622,47.55814],[7.58617,47.55803],[7.58592,47.55801]]]},"properties":{"class":"Gebaeude.Gebaeude"}},{"type":"Feature","geometry":{"type":"Polygon","coordinates":[[[7.58635,47.55842],[7.58637,47.55846],[7.58673,47.55844],[7.58672,47.55839],[7.58635,47.55842]],[[7.58655,47.5584],[7.58659,47.5584],[7.58659,47.55841],[7.58655,47.55842],[7.58655,47.5584]]]},"properties":{"class":"Gebaeude.Gebaeude"}},{"type":"Feature","geometry":{"type":"Polygon","coordinates":[[[7.58643,47.55841],[7.58643,47.55841],[7.5865,47.55841],[7.58649,47.55839],[7.58647,47.55839],[7.58646,47.55839],[7.58643,47.55841]]]},"properties":{"class":"befestigt.uebrige_befestigte.uebrige_befestigte"}},{"type":"Feature","geometry":{"type":"Polygon","coordinates":[[[7.58653,47.55825],[7.58654,47.55831],[7.58672,47.55828],[7.58672,47.55824],[7.58653,47.55825]]]},"properties":{"class":"Gebaeude.Gebaeude"}},{"type":"Feature","geometry":{"type":"Polygon","coordinates":[[[7.58565,47.55889],[7.58578,47.55894],[7.58588,47.55887],[7.58566,47.5588],[7.58565,47.55889]]]},"properties":{"class":"Gebaeude.Gebaeude"}},{"type":"Feature","geometry":{"type":"Polygon","coordinates":[[[7.58568,47.55842],[7.58576,47.55841],[7.58568,47.55838],[7.58568,47.55842]]]},"properties":{"class":"befestigt.uebrige_befestigte.uebrige_befestigte"}},{"type":"Feature","geometry":{"type":"Polygon","coordinates":[[[7.58415,47.5574],[7.58423,47.55773],[7.58427,47.55853],[7.58439,47.55925],[7.5849,47.55918],[7.58493,47.55881],[7.58554,47.55886],[7.58554,47.5588],[7.58485,47.55874],[7.58481,47.55913],[7.5845,47.55916],[7.58439,47.55804],[7.5844,47.55745],[7.58437,47.55741],[7.58415,47.5574]]]},"properties":{"class":"befestigt.Strasse_Weg"}},{"type":"Feature","geometry":{"type":"Polygon","coordinates":[[[7.58446,47.55744],[7.58446,47.55752],[7.58452,47.55751],[7.58452,47.55755],[7.58446,47.55754],[7.58446,47.55762],[7.58452,47.55761],[7.58452,47.55765],[7.58446,47.55764],[7.58447,47.55772],[7.58453,47.55772],[7.58454,47.55803],[7.58471,47.55802],[7.58471,47.55789],[7.58479,47.55788],[7.58471,47.55787],[7.5847,47.55764],[7.58479,47.55764],[7.58476,47.55774],[7.58506,47.55773],[7.58503,47.5577],[7.58505,47.55741],[7.58475,47.55741],[7.58478,47.55751],[7.58469,47.55751],[7.58469,47.55741],[7.58446,47.55744]]]},"properties":{"class":"Gebaeude.Gebaeude"}},{"type":"Feature","geometry":{"type":"Polygon","coordinates":[[[7.58446,47.55752],[7.58452,47.55755],[7.58452,47.55751],[7.58446,47.55752]]]},"properties":{"class":"befestigt.uebrige_befestigte.uebrige_befestigte"}},{"type":"Feature","geometry":{"type":"Polygon","coordinates":[[[7.58452,47.55807],[7.58454,47.55813],[7.5849,47.55812],[7.5849,47.55801],[7.58454,47.55803],[7.58452,47.55807]]]},"properties":{"class":"Gebaeude.Gebaeude"}},{"type":"Feature","geometry":{"type":"Polygon","coordinates":[[[7.58452,47.55901],[7.58455,47.55916],[7.58481,47.55913],[7.5848,47.55904],[7.58472,47.55905],[7.58471,47.55899],[7.58452,47.55901]]]},"properties":{"class":"Gebaeude.Gebaeude"}},{"type":"Feature","geometry":{"type":"Polygon","coordinates":[[[7.58503,47.55785],[7.58531,47.55791],[7.58545,47.5579],[7.58545,47.55783],[7.58503,47.55785]]]},"properties":{"class":"Gebaeude.Gebaeude"}},{"type":"Feature","geometry":{"type":"Polygon","coordinates":[[[7.58487,47.55798],[7.58487,47.55802],[7.58497,47.55801],[7.58497,47.55798],[7.58487,47.55798]]]},"properties":{"class":"Gebaeude.Gebaeude"}},{"type":"Feature","geometry":{"type":"Polygon","coordinates":[[[7.5845,47.55869],[7.5845,47.55884],[7.58475,47.55883],[7.58475,47.55868],[7.5845,47.55869]]]},"properties":{"class":"Gebaeude.Gebaeude"}},{"type":"Feature","geometry":{"type":"Polygon","coordinates":[[[7.58486,47.55848],[7.5853,47.5585],[7.58512,47.55849],[7.58511,47.55838],[7.58487,47.55837],[7.58486,47.55848]]]},"properties":{"class":"Gebaeude.Gebaeude"}},{"type":"Feature","geometry":{"type":"Polygon","coordinates":[[[7.58529,47.55718],[7.58531,47.55723],[7.58549,47.55722],[7.5855,47.55711],[7.58533,47.55711],[7.58533,47.55718],[7.58529,47.55718]]]},"properties":{"class":"Gebaeude.Gebaeude"}},{"type":"Feature","geometry":{"type":"Polygon","coordinates":[[[7.58536,47.55711],[7.5855,47.55711],[7.5855,47.55705],[7.58536,47.55704],[7.58536,47.55711]]]},"properties":{"class":"Gebaeude.Gebaeude"}},{"type":"Feature","geometry":{"type":"Polygon","coordinates":[[[7.58511,47.55682],[7.58518,47.55712],[7.58522,47.55711],[7.58519,47.55681],[7.58511,47.55682]]]},"properties":{"class":"Gebaeude.Gebaeude"}},{"type":"Feature","geometry":{"type":"Polygon","coordinates":[[[7.58489,47.55687],[7.58504,47.55713],[7.58509,47.55712],[7.58494,47.55685],[7.58489,47.55687]]]},"properties":{"class":"Gebaeude.Gebaeude"}},{"type":"Feature","geometry":{"type":"Polygon","coordinates":[[[7.58506,47.55705],[7.58509,47.55714],[7.58514,47.55713],[7.58511,47.55702],[7.58506,47.55705]]]},"properties":{"class":"Gebaeude.Gebaeude"}},{"type":"Feature","geometry":{"type":"Polygon","coordinates":[[[7.58501,47.55715],[7.58502,47.55721],[7.58511,47.5572],[7.58509,47.55714],[7.58501,47.55715]]]},"properties":{"class":"Gebaeude.Gebaeude"}},{"type":"Feature","geometry":{"type":"Polygon","coordinates":[[[7.58521,47.55704],[7.58527,47.55704],[7.58527,47.55703],[7.58527,47.55703],[7.58526,47.55703],[7.58521,47.55703],[7.58521,47.55703],[7.58521,47.55704]]]},"properties":{"class":"Gebaeude.Gebaeude"}},{"type":"Feature","geometry":{"type":"Polygon","coordinates":[[[7.58417,47.55685],[7.58426,47.55698],[7.58453,47.5569],[7.58439,47.55677],[7.58417,47.55685]]]},"properties":{"class":"Gebaeude.Gebaeude"}},{"type":"Feature","geometry":{"type":"Polygon","coordinates":[[[7.58439,47.55677],[7.58453,47.5569],[7.58467,47.55684],[7.58453,47.55671],[7.58439,47.55677]]]},"properties":{"class":"Gebaeude.Gebaeude"}},{"type":"Feature","geometry":{"type":"Polygon","coordinates":[[[7.58423,47.55666],[7.58434,47.55679],[7.58446,47.55674],[7.58437,47.55665],[7.58481,47.55651],[7.58475,47.55644],[7.58423,47.55666]]]},"properties":{"class":"befestigt.uebrige_befestigte.uebrige_befestigte"}},{"type":"Feature","geometry":{"type":"Polygon","coordinates":[[[7.58463,47.55665],[7.58478,47.55679],[7.58482,47.55677],[7.58468,47.55663],[7.58463,47.55665]]]},"properties":{"class":"Gebaeude.Gebaeude"}},{"type":"Feature","geometry":{"type":"Polygon","coordinates":[[[7.58407,47.55679],[7.58428,47.55714],[7.5844,47.55745],[7.58439,47.55804],[7.58446,47.55889],[7.5845,47.55916],[7.58455,47.55916],[7.5845,47.55892],[7.58446,47.55741],[7.58434,47.55706],[7.5841,47.55675],[7.58475,47.55644],[7.58481,47.55651],[7.58486,47.5565],[7.58478,47.55642],[7.58537,47.55619],[7.58538,47.55614],[7.58418,47.55665],[7.58407,47.55679]]]},"properties":{"class":"befestigt.Trottoir"}},{"type":"Feature","geometry":{"type":"Polygon","coordinates":[[[7.5846,47.55672],[7.58471,47.55683],[7.58478,47.55679],[7.58467,47.55669],[7.5846,47.55672]]]},"properties":{"class":"Gebaeude.Gebaeude"}},{"type":"Feature","geometry":{"type":"Polygon","coordinates":[[[7.58461,47.55656],[7.58482,47.55677],[7.5849,47.55673],[7.58468,47.55653],[7.58461,47.55656]]]},"properties":{"class":"Gebaeude.Gebaeude"}},{"type":"Feature","geometry":{"type":"Polygon","coordinates":[[[7.58417,47.55715],[7.58417,47.55715],[7.58417,47.55716],[7.58418,47.55716],[7.58418,47.55717],[7.58418,47.55717],[7.58418,47.55718],[7.58418,47.55718],[7.58419,47.55722],[7.5842,47.55726],[7.5842,47.55727],[7.5842,47.55727],[7.58421,47.55728],[7.58421,47.55728],[7.58421,47.55729],[7.58421,47.55729],[7.58421,47.5573],[7.58421,47.5573],[7.58422,47.5573],[7.58422,47.5573],[7.58422,47.5573],[7.58422,47.5573],[7.58422,47.5573],[7.58422,47.5573],[7.58422,47.5573],[7.58422,47.5573],[7.58422,47.5573],[7.58422,47.5573],[7.58422,47.5573],[7.58422,47.5573],[7.58422,47.5573],[7.58422,47.5573],[7.58422,47.5573],[7.58422,47.5573],[7.58422,47.5573],[7.58422,47.5573],[7.58423,47.5573],[7.58423,47.5573],[7.58423,47.5573],[7.58423,47.5573],[7.58423,47.5573],[7.58423,47.5573],[7.58423,47.5573],[7.58423,47.5573],[7.58423,47.5573],[7.58423,47.5573],[7.58423,47.5573],[7.58423,47.5573],[7.58423,47.5573],[7.58423,47.5573],[7.58423,47.5573],[7.58423,47.5573],[7.58423,47.5573],[7.58423,47.5573],[7.58423,47.5573],[7.58423,47.55729],[7.58423,47.55729],[7.58423,47.55728],[7.58423,47.55728],[7.58423,47.55728],[7.58423,47.55727],[7.58423,47.55727],[7.58422,47.55723],[7.58421,47.55718],[7.58421,47.55717],[7.5842,47.55717],[7.5842,47.55716],[7.5842,47.55716],[7.5842,47.55715],[7.5842,47.55715],[7.58419,47.55714],[7.58419,47.55714],[7.58419,47.55714],[7.58419,47.55714],[7.58419,47.55714],[7.58419,47.55714],[7.58419,47.55714],[7.58419,47.55714],[7.58419,47.55714],[7.58419,47.55714],[7.58419,47.55714],[7.58419,47.55713],[7.58419,47.55713],[7.58419,47.55713],[7.58419,47.55713],[7.58419,47.55713],[7.58419,47.55713],[7.58418,47.55713],[7.58418,47.55713],[7.58418,47.55713],[7.58418,47.55713],[7.58418,47.55713],[7.58418,47.55713],[7.58418,47.55713],[7.58418,47.55713],[7.58418,47.55713],[7.58418,47.55713],[7.58418,47.55713],[7.58418,47.55713],[7.58418,47.55713],[7.58418,47.55713],[7.58418,47.55713],[7.58418,47.55714],[7.58418,47.55714],[7.58418,47.55714],[7.58418,47.55714],[7.58418,47.55714],[7.58418,47.55714],[7.58417,47.55714],[7.58417,47.55714],[7.58417,47.55714],[7.58417,47.55714],[7.58417,47.55715],[7.58417,47.55715],[7.58417,47.55715]]]},"properties":{"class":"befestigt.Verkehrsinsel"}},{"type":"Feature","geometry":{"type":"Polygon","coordinates":[[[7.58545,47.55696],[7.58551,47.55697],[7.58552,47.5569],[7.58547,47.55688],[7.58545,47.55696]]]},"properties":{"class":"Gebaeude.Gebaeude"}},{"type":"Feature","geometry":{"type":"Polygon","coordinates":[[[7.58482,47.55726],[7.58483,47.55736],[7.58496,47.55736],[7.58494,47.55725],[7.58482,47.55726]]]},"properties":{"class":"Gebaeude.Gebaeude"}},{"type":"Feature","geometry":{"type":"Polygon","coordinates":[[[7.58516,47.55635],[7.5853,47.5565],[7.58535,47.55648],[7.58522,47.55633],[7.58516,47.55635]]]},"properties":{"class":"Gebaeude.Gebaeude"}},{"type":"Feature","geometry":{"type":"Polygon","coordinates":[[[7.5851,47.55637],[7.58525,47.55652],[7.5853,47.5565],[7.58515,47.55635],[7.5851,47.55637]]]},"properties":{"class":"Gebaeude.Gebaeude"}},{"type":"Feature","geometry":{"type":"Polygon","coordinates":[[[7.58493,47.55644],[7.58501,47.55652],[7.58507,47.5565],[7.585,47.55641],[7.58493,47.55644]]]},"properties":{"class":"Gebaeude.Gebaeude"}},{"type":"Feature","geometry":{"type":"Polygon","coordinates":[[[7.58501,47.55652],[7.58511,47.55662],[7.58517,47.55658],[7.58507,47.5565],[7.58501,47.55652]]]},"properties":{"class":"Gebaeude.Gebaeude"}},{"type":"Feature","geometry":{"type":"Polygon","coordinates":[[[7.58458,47.55706],[7.58468,47.55704],[7.58462,47.55697],[7.58458,47.55699],[7.58458,47.55706]]]},"properties":{"class":"Gebaeude.Gebaeude"}},{"type":"Feature","geometry":{"type":"Polygon","coordinates":[[[7.58471,47.55693],[7.58482,47.55707],[7.58493,47.55709],[7.58481,47.55689],[7.58471,47.55693]]]},"properties":{"class":"Gebaeude.Gebaeude"}},{"type":"Feature","geometry":{"type":"Polygon","coordinates":[[[7.58437,47.55665],[7.58446,47.55674],[7.58453,47.55671],[7.58444,47.55662],[7.58437,47.55665]]]},"properties":{"class":"Gebaeude.Gebaeude"}},{"type":"Feature","geometry":{"type":"Polygon","coordinates":[[[7.58452,47.5567],[7.58458,47.55676],[7.58462,47.55674],[7.58456,47.55668],[7.58452,47.5567]]]},"properties":{"class":"Gebaeude.Gebaeude"}},{"type":"Feature","geometry":{"type":"Polygon","coordinates":[[[7.58456,47.55665],[7.58462,47.55671],[7.58467,47.55669],[7.58462,47.55662],[7.58456,47.55665]]]},"properties":{"class":"befestigt.uebrige_befestigte.uebrige_befestigte"}},{"type":"Feature","geometry":{"type":"Polygon","coordinates":[[[7.58299,47.55601],[7.58385,47.55669],[7.58423,47.55648],[7.58432,47.55648],[7.58444,47.55605],[7.58439,47.55592],[7.58418,47.55575],[7.5839,47.5558],[7.584,47.55581],[7.58404,47.55594],[7.58349,47.55594],[7.58344,47.55591],[7.58345,47.55587],[7.58299,47.55601]],[[7.58312,47.55603],[7.5834,47.55595],[7.58342,47.55599],[7.58438,47.55604],[7.58435,47.55615],[7.58428,47.55614],[7.5842,47.55646],[7.58383,47.55665],[7.58321,47.55616],[7.58312,47.55603]],[[7.58406,47.55584],[7.58421,47.55581],[7.58438,47.55597],[7.5841,47.55595],[7.58406,47.55584]]]},"properties":{"class":"befestigt.Trottoir"}},{"type":"Feature","geometry":{"type":"Polygon","coordinates":[[[7.58312,47.55603],[7.58321,47.55616],[7.58363,47.55649],[7.58387,47.55635],[7.58362,47.55614],[7.58347,47.55624],[7.5832,47.556],[7.58312,47.55603]]]},"properties":{"class":"Gebaeude.Gebaeude"}},{"type":"Feature","geometry":{"type":"Polygon","coordinates":[[[7.58406,47.55584],[7.5841,47.55595],[7.58438,47.55597],[7.58421,47.55581],[7.58406,47.55584]]]},"properties":{"class":"humusiert.uebrige_humusierte.uebrige_humusierte"}},{"type":"Feature","geometry":{"type":"Polygon","coordinates":[[[7.58386,47.55617],[7.58399,47.55625],[7.58401,47.55619],[7.5841,47.5562],[7.58412,47.55611],[7.58388,47.55611],[7.58386,47.55617]]]},"properties":{"class":"befestigt.uebrige_befestigte.uebrige_befestigte"}},{"type":"Feature","geometry":{"type":"Polygon","coordinates":[[[7.58441,47.55583],[7.58451,47.55595],[7.58456,47.55596],[7.58471,47.55569],[7.58465,47.55567],[7.58445,47.55573],[7.5844,47.55577],[7.58441,47.55583]]]},"properties":{"class":"humusiert.uebrige_humusierte.uebrige_humusierte"}},{"type":"Feature","geometry":{"type":"Polygon","coordinates":[[[7.58344,47.5559],[7.58351,47.55594],[7.58405,47.55594],[7.584,47.55581],[7.5839,47.5558],[7.58344,47.5559]],[[7.58365,47.55593],[7.58365,47.55584],[7.58379,47.55585],[7.58378,47.55593],[7.58365,47.55593]]]},"properties":{"class":"humusiert.uebrige_humusierte.uebrige_humusierte"}},{"type":"Feature","geometry":{"type":"Polygon","coordinates":[[[7.58365,47.55593],[7.58378,47.55593],[7.58379,47.55585],[7.58365,47.55584],[7.58365,47.55593]]]},"properties":{"class":"Gebaeude.Gebaeude"}},{"type":"Feature","geometry":{"type":"Polygon","coordinates":[[[7.58397,47.55561],[7.58398,47.55562],[7.58398,47.55562],[7.58398,47.55562],[7.58398,47.55562],[7.58398,47.55562],[7.58398,47.55562],[7.58398,47.55562],[7.58398,47.55562],[7.58398,47.55562],[7.58398,47.55562],[7.58398,47.55562],[7.58398,47.55562],[7.58398,47.55562],[7.58398,47.55562],[7.58398,47.55562],[7.58398,47.55562],[7.58398,47.55562],[7.58398,47.55562],[7.58398,47.55562],[7.58399,47.55562],[7.58399,47.55562],[7.58399,47.55562],[7.58399,47.55562],[7.58399,47.55562],[7.58399,47.55562],[7.58399,47.55562],[7.58399,47.55562],[7.58399,47.55562],[7.58399,47.55562],[7.58399,47.55562],[7.58399,47.55562],[7.58399,47.55562],[7.58399,47.55562],[7.58399,47.55561],[7.58399,47.55561],[7.58399,47.55561],[7.58399,47.55561],[7.58399,47.55561],[7.58399,47.55561],[7.58399,47.55561],[7.58399,47.55561],[7.58399,47.55561],[7.58399,47.55561],[7.58399,47.55561],[7.58399,47.5556],[7.58398,47.5556],[7.58398,47.5556],[7.58398,47.5556],[7.58398,47.5556],[7.58398,47.5556],[7.58398,47.5556],[7.58398,47.5556],[7.58398,47.5556],[7.58398,47.5556],[7.58398,47.5556],[7.58398,47.5556],[7.58397,47.5556],[7.58397,47.5556],[7.58397,47.5556],[7.58397,47.5556],[7.58397,47.5556],[7.58397,47.5556],[7.58397,47.5556],[7.58397,47.5556],[7.58397,47.5556],[7.58397,47.5556],[7.58397,47.5556],[7.58397,47.5556],[7.58397,47.5556],[7.58397,47.5556],[7.58397,47.5556],[7.58397,47.5556],[7.58397,47.5556],[7.58397,47.5556],[7.58397,47.5556],[7.58396,47.5556],[7.58396,47.5556],[7.58396,47.5556],[7.58396,47.5556],[7.58396,47.5556],[7.58396,47.5556],[7.58396,47.5556],[7.58396,47.5556],[7.58396,47.5556],[7.58396,47.5556],[7.58396,47.5556],[7.58396,47.5556],[7.58396,47.5556],[7.58396,47.5556],[7.58396,47.5556],[7.58396,47.5556],[7.58396,47.55561],[7.58397,47.55561],[7.58397,47.55561],[7.58397,47.55561],[7.58397,47.55561]]]},"properties":{"class":"befestigt.Verkehrsinsel"}},{"type":"Feature","geometry":{"type":"Polygon","coordinates":[[[7.58465,47.55595],[7.58497,47.55607],[7.58506,47.55603],[7.58475,47.55593],[7.5848,47.5557],[7.58465,47.55595]]]},"properties":{"class":"befestigt.uebrige_befestigte.uebrige_befestigte"}},{"type":"Feature","geometry":{"type":"Polygon","coordinates":[[[7.58453,47.55632],[7.58458,47.55639],[7.58471,47.55633],[7.58466,47.55627],[7.58453,47.55632]]]},"properties":{"class":"Gebaeude.Gebaeude"}},{"type":"Feature","geometry":{"type":"Polygon","coordinates":[[[7.58484,47.55611],[7.58498,47.5562],[7.58505,47.55616],[7.58488,47.55607],[7.58484,47.55611]]]},"properties":{"class":"Gebaeude.Gebaeude"}},{"type":"Feature","geometry":{"type":"Polygon","coordinates":[[[7.58472,47.55603],[7.58476,47.55604],[7.58475,47.55623],[7.58484,47.55618],[7.58478,47.55614],[7.5849,47.55606],[7.58472,47.55603]]]},"properties":{"class":"befestigt.uebrige_befestigte.uebrige_befestigte"}},{"type":"Feature","geometry":{"type":"Polygon","coordinates":[[[7.58398,47.55778],[7.58398,47.55781],[7.58414,47.55781],[7.58417,47.55844],[7.5842,47.55844],[7.58417,47.55779],[7.58398,47.55778]]]},"properties":{"class":"humusiert.Gartenanlage.Gartenanlage"}},{"type":"Feature","geometry":{"type":"Polygon","coordinates":[[[7.5837,47.55736],[7.58376,47.55759],[7.58387,47.55761],[7.58378,47.55731],[7.5837,47.55736]]]},"properties":{"class":"befestigt.uebrige_befestigte.uebrige_befestigte"}},{"type":"Feature","geometry":{"type":"Polygon","coordinates":[[[7.58342,47.55721],[7.584,47.55705],[7.58397,47.55702],[7.58342,47.55721]]]},"properties":{"class":"befestigt.Verkehrsinsel"}},{"type":"Feature","geometry":{"type":"Polygon","coordinates":[[[7.58508,47.55587],[7.58541,47.55603],[7.58561,47.55595],[7.5854,47.5557],[7.58534,47.55573],[7.58549,47.55585],[7.58529,47.55594],[7.58515,47.55583],[7.58508,47.55587]]]},"properties":{"class":"Gebaeude.Gebaeude"}},{"type":"Feature","geometry":{"type":"Polygon","coordinates":[[[7.58635,47.5554],[7.5865,47.55555],[7.58641,47.55558],[7.58647,47.55567],[7.58672,47.5556],[7.58643,47.55536],[7.58635,47.5554]]]},"properties":{"class":"Gebaeude.Gebaeude"}},{"type":"Feature","geometry":{"type":"Polygon","coordinates":[[[7.58479,47.55575],[7.58499,47.55582],[7.58517,47.55551],[7.58493,47.55546],[7.58479,47.55575]]]},"properties":{"class":"Gebaeude.Gebaeude"}},{"type":"Feature","geometry":{"type":"Polygon","coordinates":[[[7.58537,47.55619],[7.58541,47.55624],[7.58549,47.55621],[7.58552,47.55624],[7.58596,47.55601],[7.58617,47.55598],[7.58615,47.55595],[7.5865,47.55584],[7.58658,47.55586],[7.58666,47.55596],[7.5868,47.55591],[7.58669,47.55579],[7.5871,47.55562],[7.58537,47.55619]]]},"properties":{"class":"befestigt.uebrige_befestigte.uebrige_befestigte"}},{"type":"Feature","geometry":{"type":"Polygon","coordinates":[[[7.58537,47.55619],[7.58708,47.5556],[7.58733,47.55545],[7.58727,47.5554],[7.58696,47.55559],[7.5856,47.55605],[7.58538,47.55614],[7.58537,47.55619]]]},"properties":{"class":"befestigt.Trottoir"}},{"type":"Feature","geometry":{"type":"Polygon","coordinates":[[[7.58582,47.55657],[7.58597,47.55656],[7.58595,47.55653],[7.5861,47.55648],[7.58583,47.55653],[7.58582,47.55657]]]},"properties":{"class":"Gebaeude.Gebaeude"}},{"type":"Feature","geometry":{"type":"Polygon","coordinates":[[[7.58557,47.55656],[7.58568,47.55665],[7.58582,47.55657],[7.58576,47.55648],[7.58557,47.55656]]]},"properties":{"class":"Gebaeude.Gebaeude"}},{"type":"Feature","geometry":{"type":"Polygon","coordinates":[[[7.58591,47.55665],[7.58601,47.55676],[7.58611,47.55674],[7.58616,47.5566],[7.58591,47.55665]]]},"properties":{"class":"befestigt.uebrige_befestigte.uebrige_befestigte"}},{"type":"Feature","geometry":{"type":"Polygon","coordinates":[[[7.58576,47.55688],[7.58582,47.5569],[7.58592,47.55678],[7.58591,47.55675],[7.58597,47.55675],[7.58592,47.55671],[7.58576,47.55688]]]},"properties":{"class":"Gebaeude.Gebaeude"}},{"type":"Feature","geometry":{"type":"Polygon","coordinates":[[[7.58528,47.55677],[7.58533,47.55678],[7.58541,47.55664],[7.58537,47.55663],[7.58528,47.55677]]]},"properties":{"class":"Gebaeude.Gebaeude"}},{"type":"Feature","geometry":{"type":"Polygon","coordinates":[[[7.58537,47.55663],[7.58538,47.55664],[7.58539,47.55664],[7.58541,47.55664],[7.58541,47.55664],[7.58543,47.55661],[7.58543,47.55661],[7.58544,47.55659],[7.5854,47.55658],[7.58539,47.55661],[7.58537,47.55663],[7.58537,47.55663]]]},"properties":{"class":"befestigt.uebrige_befestigte.uebrige_befestigte"}},{"type":"Feature","geometry":{"type":"Polygon","coordinates":[[[7.58521,47.55675],[7.58528,47.55677],[7.5854,47.55658],[7.58527,47.55658],[7.58522,47.55663],[7.58528,47.55665],[7.58521,47.55675]]]},"properties":{"class":"Gebaeude.Gebaeude"}},{"type":"Feature","geometry":{"type":"Polygon","coordinates":[[[7.58581,47.55608],[7.58594,47.55624],[7.58608,47.55619],[7.58596,47.55601],[7.58581,47.55608]]]},"properties":{"class":"Gebaeude.Gebaeude"}},{"type":"Feature","geometry":{"type":"Polygon","coordinates":[[[7.58627,47.55603],[7.58631,47.55608],[7.58643,47.55604],[7.58639,47.55599],[7.58627,47.55603]]]},"properties":{"class":"befestigt.uebrige_befestigte.uebrige_befestigte"}},{"type":"Feature","geometry":{"type":"Polygon","coordinates":[[[7.58699,47.55567],[7.58711,47.55577],[7.58707,47.55578],[7.58711,47.55586],[7.58719,47.55583],[7.58705,47.55564],[7.58699,47.55567]]]},"properties":{"class":"Gebaeude.Gebaeude"}},{"type":"Feature","geometry":{"type":"Polygon","coordinates":[[[7.58553,47.55682],[7.5856,47.55684],[7.58568,47.55671],[7.5856,47.5567],[7.58553,47.55682]]]},"properties":{"class":"Gebaeude.Gebaeude"}},{"type":"Feature","geometry":{"type":"Polygon","coordinates":[[[7.58554,47.55671],[7.58559,47.55673],[7.58559,47.55673],[7.5856,47.5567],[7.5856,47.5567],[7.58556,47.55669],[7.58554,47.55671]]]},"properties":{"class":"befestigt.uebrige_befestigte.uebrige_befestigte"}},{"type":"Feature","geometry":{"type":"Polygon","coordinates":[[[7.5856,47.5567],[7.5857,47.55669],[7.58565,47.55666],[7.5856,47.5567]]]},"properties":{"class":"befestigt.uebrige_befestigte.uebrige_befestigte"}},{"type":"Feature","geometry":{"type":"Polygon","coordinates":[[[7.593,47.56029],[7.59366,47.56048],[7.59382,47.56032],[7.59342,47.56011],[7.59335,47.56017],[7.59323,47.56011],[7.593,47.56029]],[[7.59325,47.5603],[7.59331,47.5602],[7.59361,47.56031],[7.59358,47.56036],[7.59335,47.56026],[7.59331,47.56032],[7.59325,47.5603]]]},"properties":{"class":"Gebaeude.Gebaeude"}},{"type":"Feature","geometry":{"type":"Polygon","coordinates":[[[7.59323,47.56011],[7.59335,47.56017],[7.59342,47.56011],[7.5933,47.56005],[7.59323,47.56011]]]},"properties":{"class":"Gebaeude.Gebaeude"}},{"type":"Feature","geometry":{"type":"Polygon","coordinates":[[[7.59325,47.5603],[7.59331,47.56032],[7.59335,47.56026],[7.59358,47.56036],[7.59361,47.56031],[7.59331,47.5602],[7.59325,47.5603]]]},"properties":{"class":"befestigt.uebrige_befestigte.uebrige_befestigte"}},{"type":"Feature","geometry":{"type":"Polygon","coordinates":[[[7.58591,47.56089],[7.58599,47.56089],[7.58602,47.56095],[7.58623,47.56089],[7.58615,47.56079],[7.58609,47.56082],[7.58604,47.56076],[7.58592,47.56079],[7.58598,47.56087],[7.58591,47.56089]]]},"properties":{"class":"Gebaeude.Gebaeude"}},{"type":"Feature","geometry":{"type":"Polygon","coordinates":[[[7.59041,47.55633],[7.59055,47.55635],[7.59063,47.55627],[7.59054,47.5562],[7.59041,47.55633]]]},"properties":{"class":"humusiert.Gartenanlage.Gartenanlage"}},{"type":"Feature","geometry":{"type":"Polygon","coordinates":[[[7.59079,47.56074],[7.59198,47.56118],[7.59202,47.56113],[7.59128,47.56087],[7.59087,47.56066],[7.59079,47.56074]]]},"properties":{"class":"befestigt.Strasse_Weg"}},{"type":"Feature","geometry":{"type":"Polygon","coordinates":[[[7.58701,47.55972],[7.58705,47.55991],[7.58726,47.5599],[7.58724,47.5598],[7.58729,47.5598],[7.58722,47.55972],[7.58701,47.55972]]]},"properties":{"class":"Gebaeude.Gebaeude"}},{"type":"Feature","geometry":{"type":"Polygon","coordinates":[[[7.58705,47.55991],[7.58706,47.55999],[7.58743,47.55998],[7.58742,47.55989],[7.58705,47.55991]]]},"properties":{"class":"befestigt.Strasse_Weg"}},{"type":"Feature","geometry":{"type":"Polygon","coordinates":[[[7.58402,47.55693],[7.58411,47.55702],[7.58404,47.55689],[7.58402,47.55693]]]},"properties":{"class":"befestigt.Verkehrsinsel"}},{"type":"Feature","geometry":{"type":"Polygon","coordinates":[[[7.58339,47.56156],[7.58342,47.56159],[7.58367,47.56148],[7.58355,47.56134],[7.58395,47.56116],[7.58353,47.56134],[7.58338,47.5615],[7.58339,47.56156]]]},"properties":{"class":"humusiert.Gartenanlage.Gartenanlage"}},{"type":"Feature","geometry":{"type":"Polygon","coordinates":[[[7.58831,47.5577],[7.58842,47.55776],[7.58928,47.5571],[7.58916,47.557],[7.58831,47.5577]]]},"properties":{"class":"befestigt.Strasse_Weg"}},{"type":"Feature","geometry":{"type":"Polygon","coordinates":[[[7.58912,47.55601],[7.58958,47.55608],[7.58995,47.5562],[7.59,47.55614],[7.58954,47.55603],[7.58984,47.55549],[7.59044,47.55563],[7.59047,47.55558],[7.58983,47.55543],[7.5899,47.55518],[7.58983,47.55517],[7.58972,47.5555],[7.58945,47.55601],[7.58914,47.55597],[7.58912,47.55601]]]},"properties":{"class":"befestigt.Strasse_Weg"}},{"type":"Feature","geometry":{"type":"Polygon","coordinates":[[[7.5898,47.55556],[7.59018,47.55566],[7.59023,47.55557],[7.58984,47.55549],[7.5898,47.55556]]]},"properties":{"class":"Gebaeude.Gebaeude"}},{"type":"Feature","geometry":{"type":"Polygon","coordinates":[[[7.58889,47.5589],[7.58897,47.55891],[7.589,47.55887],[7.58892,47.55885],[7.58889,47.5589]]]},"properties":{"class":"Gebaeude.Gebaeude"}},{"type":"Feature","geometry":{"type":"Polygon","coordinates":[[[7.58893,47.55908],[7.58895,47.5591],[7.58901,47.55905],[7.58901,47.55905],[7.58902,47.55904],[7.58902,47.55904],[7.58902,47.55904],[7.58905,47.559],[7.58904,47.559],[7.58903,47.55899],[7.58902,47.55899],[7.58902,47.559],[7.58899,47.55902],[7.58899,47.55902],[7.58899,47.55902],[7.58899,47.55902],[7.58896,47.55904],[7.58897,47.55905],[7.58897,47.55905],[7.58893,47.55908]]]},"properties":{"class":"Gebaeude.Gebaeude"}},{"type":"Feature","geometry":{"type":"Polygon","coordinates":[[[7.58873,47.55924],[7.58876,47.55926],[7.58875,47.55926],[7.58876,47.55926],[7.58876,47.55926],[7.58876,47.55926],[7.58883,47.55922],[7.58882,47.55921],[7.58882,47.55921],[7.5888,47.5592],[7.58873,47.55924]]]},"properties":{"class":"Gebaeude.Gebaeude"}},{"type":"Feature","geometry":{"type":"Polygon","coordinates":[[[7.58786,47.55847],[7.58836,47.55866],[7.58846,47.55854],[7.58795,47.55836],[7.58786,47.55847]]]},"properties":{"class":"Gebaeude.Gebaeude"}},{"type":"Feature","geometry":{"type":"Polygon","coordinates":[[[7.58731,47.55858],[7.58757,47.55863],[7.58818,47.55785],[7.58818,47.55779],[7.58799,47.55773],[7.58792,47.55775],[7.58731,47.55858]],[[7.58743,47.55847],[7.58795,47.55776],[7.58815,47.55781],[7.58762,47.55852],[7.58743,47.55847]]]},"properties":{"class":"befestigt.Trottoir"}},{"type":"Feature","geometry":{"type":"Polygon","coordinates":[[[7.58582,47.5569],[7.58587,47.55691],[7.58597,47.5568],[7.58592,47.55678],[7.58582,47.5569]]]},"properties":{"class":"Gebaeude.Gebaeude"}},{"type":"Feature","geometry":{"type":"Polygon","coordinates":[[[7.58394,47.56001],[7.584,47.56017],[7.58437,47.56005],[7.58422,47.55981],[7.58396,47.55989],[7.58403,47.56],[7.58409,47.55999],[7.58394,47.56001]],[[7.58407,47.55991],[7.5842,47.55996],[7.58412,47.55998],[7.58407,47.55991]]]},"properties":{"class":"Gebaeude.Gebaeude"}},{"type":"Feature","geometry":{"type":"Polygon","coordinates":[[[7.58407,47.55991],[7.58412,47.55998],[7.5842,47.55996],[7.58407,47.55991]]]},"properties":{"class":"humusiert.Gartenanlage.Gartenanlage"}},{"type":"Feature","geometry":{"type":"Polygon","coordinates":[[[7.58377,47.55952],[7.58379,47.55962],[7.58403,47.55959],[7.58401,47.55949],[7.58377,47.55952]]]},"properties":{"class":"Gebaeude.Gebaeude"}},{"type":"Feature","geometry":{"type":"Polygon","coordinates":[[[7.58845,47.55952],[7.58845,47.55953],[7.58846,47.55953],[7.58846,47.55954],[7.58846,47.55954],[7.58847,47.55955],[7.58847,47.55955],[7.58847,47.55956],[7.58847,47.55956],[7.58847,47.55956],[7.58847,47.55956],[7.58848,47.55956],[7.58848,47.55956],[7.58848,47.55957],[7.58848,47.55957],[7.58848,47.55957],[7.58848,47.55957],[7.58849,47.55957],[7.58849,47.55957],[7.58849,47.55957],[7.58849,47.55957],[7.5885,47.55957],[7.5885,47.55957],[7.5885,47.55957],[7.5885,47.55957],[7.5885,47.55957],[7.58851,47.55957],[7.58851,47.55957],[7.58851,47.55957],[7.58851,47.55957],[7.58851,47.55957],[7.58851,47.55957],[7.58851,47.55957],[7.58851,47.55957],[7.58851,47.55957],[7.58851,47.55957],[7.58852,47.55957],[7.58852,47.55957],[7.58852,47.55957],[7.58852,47.55957],[7.58852,47.55956],[7.58852,47.55956],[7.58852,47.55956],[7.58852,47.55956],[7.58852,47.55956],[7.58852,47.55956],[7.58852,47.55956],[7.58852,47.55956],[7.58852,47.55955],[7.58852,47.55955],[7.58852,47.55955],[7.58852,47.55955],[7.58852,47.55955],[7.58852,47.55954],[7.58852,47.55954],[7.58851,47.55954],[7.58851,47.55954],[7.58851,47.55954],[7.58851,47.55953],[7.5885,47.55953],[7.5885,47.55953],[7.5885,47.55952],[7.58849,47.55952],[7.58849,47.55952],[7.58847,47.55951],[7.58847,47.55951],[7.58847,47.55951],[7.58847,47.55951],[7.58847,47.55951],[7.58846,47.55951],[7.58846,47.55951],[7.58846,47.55951],[7.58846,47.55951],[7.58846,47.55951],[7.58845,47.55951],[7.58845,47.55951],[7.58845,47.55951],[7.58845,47.55951],[7.58845,47.55951],[7.58845,47.55951],[7.58845,47.55951],[7.58845,47.55951],[7.58845,47.55951],[7.58845,47.55951],[7.58845,47.55951],[7.58845,47.55951],[7.58845,47.55951],[7.58845,47.55951],[7.58845,47.55951],[7.58845,47.55952],[7.58845,47.55952],[7.58845,47.55952],[7.58845,47.55952],[7.58845,47.55952],[7.58845,47.55952],[7.58845,47.55952],[7.58845,47.55952],[7.58845,47.55952],[7.58845,47.55952],[7.58845,47.55952],[7.58845,47.55952],[7.58845,47.55952],[7.58845,47.55952]]]},"properties":{"class":"befestigt.Verkehrsinsel"}},{"type":"Feature","geometry":{"type":"Polygon","coordinates":[[[7.58632,47.5578],[7.58634,47.55787],[7.58648,47.55786],[7.58646,47.55778],[7.58632,47.5578]]]},"properties":{"class":"Gebaeude.Gebaeude"}},{"type":"Feature","geometry":{"type":"Polygon","coordinates":[[[7.5863,47.55794],[7.58631,47.55801],[7.58647,47.55801],[7.58646,47.55793],[7.5863,47.55794]]]},"properties":{"class":"Gebaeude.Gebaeude"}},{"type":"Feature","geometry":{"type":"Polygon","coordinates":[[[7.58619,47.55796],[7.5862,47.55802],[7.58631,47.55801],[7.5863,47.55794],[7.58619,47.55796]]]},"properties":{"class":"Gebaeude.Gebaeude"}},{"type":"Feature","geometry":{"type":"Polygon","coordinates":[[[7.58596,47.55782],[7.58608,47.55782],[7.58606,47.55776],[7.58597,47.55775],[7.58596,47.55782]]]},"properties":{"class":"befestigt.uebrige_befestigte.uebrige_befestigte"}},{"type":"Feature","geometry":{"type":"Polygon","coordinates":[[[7.5861,47.55775],[7.58614,47.55781],[7.58629,47.55778],[7.58624,47.5577],[7.5861,47.55775]]]},"properties":{"class":"Gebaeude.Gebaeude"}},{"type":"Feature","geometry":{"type":"MultiPolygon","coordinates":[[[[7.5862,47.55764],[7.5863,47.5578],[7.58646,47.55778],[7.58638,47.55759],[7.58634,47.55759],[7.58638,47.55757],[7.58636,47.55753],[7.58629,47.55756],[7.58632,47.5576],[7.5862,47.55764]]]]},"properties":{"class":"befestigt.uebrige_befestigte.uebrige_befestigte"}},{"type":"Feature","geometry":{"type":"Polygon","coordinates":[[[7.58645,47.55774],[7.58646,47.55778],[7.58672,47.55777],[7.58671,47.55772],[7.58645,47.55774]]]},"properties":{"class":"Gebaeude.Gebaeude"}},{"type":"Feature","geometry":{"type":"Polygon","coordinates":[[[7.58639,47.55761],[7.58645,47.55774],[7.58655,47.55773],[7.58653,47.55766],[7.5867,47.55765],[7.58664,47.55755],[7.58639,47.55761]]]},"properties":{"class":"Gebaeude.Gebaeude"}},{"type":"Feature","geometry":{"type":"Polygon","coordinates":[[[7.58647,47.55783],[7.58671,47.55787],[7.58671,47.55782],[7.58647,47.55783]]]},"properties":{"class":"Gebaeude.Gebaeude"}},{"type":"Feature","geometry":{"type":"Polygon","coordinates":[[[7.58586,47.55748],[7.58588,47.5576],[7.58621,47.55749],[7.58614,47.55739],[7.58586,47.55748]]]},"properties":{"class":"Gebaeude.Gebaeude"}},{"type":"Feature","geometry":{"type":"Polygon","coordinates":[[[7.58611,47.55756],[7.58613,47.55759],[7.58655,47.55742],[7.58652,47.5574],[7.58611,47.55756]]]},"properties":{"class":"Gebaeude.Gebaeude"}},{"type":"Feature","geometry":{"type":"Polygon","coordinates":[[[7.58598,47.55757],[7.586,47.5576],[7.58612,47.55755],[7.58598,47.55757]]]},"properties":{"class":"befestigt.uebrige_befestigte.uebrige_befestigte"}},{"type":"Feature","geometry":{"type":"Polygon","coordinates":[[[7.58584,47.55725],[7.58586,47.55729],[7.58599,47.55726],[7.58602,47.5573],[7.58607,47.55737],[7.58598,47.5574],[7.58599,47.55744],[7.58614,47.55739],[7.5861,47.55735],[7.58618,47.55732],[7.58605,47.55733],[7.58603,47.5573],[7.58611,47.55728],[7.58607,47.55723],[7.586,47.55726],[7.58593,47.55718],[7.58584,47.55725]]]},"properties":{"class":"befestigt.uebrige_befestigte.uebrige_befestigte"}},{"type":"Feature","geometry":{"type":"Polygon","coordinates":[[[7.5861,47.55735],[7.58614,47.55739],[7.58642,47.55728],[7.58637,47.55723],[7.5861,47.55735]]]},"properties":{"class":"Gebaeude.Gebaeude"}},{"type":"Feature","geometry":{"type":"Polygon","coordinates":[[[7.58581,47.55739],[7.58584,47.55748],[7.58607,47.55737],[7.58601,47.55731],[7.58581,47.55739]]]},"properties":{"class":"humusiert.Gartenanlage.Gartenanlage"}},{"type":"Feature","geometry":{"type":"Polygon","coordinates":[[[7.58607,47.55723],[7.58611,47.55728],[7.58633,47.55718],[7.58628,47.55713],[7.58607,47.55723]]]},"properties":{"class":"Gebaeude.Gebaeude"}},{"type":"Feature","geometry":{"type":"Polygon","coordinates":[[[7.58558,47.55717],[7.58569,47.55716],[7.58568,47.55712],[7.58559,47.55713],[7.58558,47.55717]]]},"properties":{"class":"Gebaeude.Gebaeude"}},{"type":"Feature","geometry":{"type":"Polygon","coordinates":[[[7.58564,47.55709],[7.58566,47.55709],[7.58568,47.55709],[7.58568,47.55706],[7.58568,47.55706],[7.58566,47.55706],[7.58565,47.55706],[7.58565,47.55706],[7.58564,47.55708],[7.58564,47.55709]]]},"properties":{"class":"befestigt.uebrige_befestigte.uebrige_befestigte"}},{"type":"Feature","geometry":{"type":"Polygon","coordinates":[[[7.5858,47.55719],[7.58585,47.55718],[7.58582,47.55711],[7.58592,47.55699],[7.58589,47.55697],[7.58581,47.5571],[7.5858,47.55719]]]},"properties":{"class":"Gebaeude.Gebaeude"}},{"type":"Feature","geometry":{"type":"Polygon","coordinates":[[[7.58599,47.55711],[7.58611,47.55704],[7.58607,47.55702],[7.58599,47.55711]]]},"properties":{"class":"Gebaeude.Gebaeude"}},{"type":"Feature","geometry":{"type":"Polygon","coordinates":[[[7.58584,47.55711],[7.58596,47.55699],[7.58592,47.55698],[7.58584,47.55711]]]},"properties":{"class":"Gebaeude.Gebaeude"}},{"type":"Feature","geometry":{"type":"Polygon","coordinates":[[[7.58566,47.55737],[7.58577,47.55737],[7.58584,47.5576],[7.58588,47.5576],[7.58581,47.55739],[7.58595,47.55734],[7.58591,47.55728],[7.58586,47.55729],[7.58587,47.55733],[7.58566,47.55737]]]},"properties":{"class":"befestigt.Strasse_Weg"}},{"type":"Feature","geometry":{"type":"Polygon","coordinates":[[[7.58592,47.55729],[7.58595,47.55733],[7.58602,47.55731],[7.58599,47.55726],[7.58592,47.55729]]]},"properties":{"class":"Gebaeude.Gebaeude"}},{"type":"Feature","geometry":{"type":"Polygon","coordinates":[[[7.5856,47.557],[7.58565,47.55701],[7.58567,47.55693],[7.58561,47.55693],[7.5856,47.557]]]},"properties":{"class":"Gebaeude.Gebaeude"}},{"type":"Feature","geometry":{"type":"Polygon","coordinates":[[[7.586,47.5576],[7.58603,47.55763],[7.58613,47.55759],[7.58611,47.55756],[7.586,47.5576]]]},"properties":{"class":"Gebaeude.Gebaeude"}},{"type":"Feature","geometry":{"type":"Polygon","coordinates":[[[7.58603,47.55766],[7.58611,47.55775],[7.58624,47.55771],[7.58619,47.55764],[7.58632,47.5576],[7.58629,47.55756],[7.58603,47.55766]]]},"properties":{"class":"Gebaeude.Gebaeude"}},{"type":"Feature","geometry":{"type":"Polygon","coordinates":[[[7.5857,47.55799],[7.5858,47.55799],[7.58581,47.55791],[7.5857,47.5579],[7.5857,47.55799]]]},"properties":{"class":"Gebaeude.Gebaeude"}},{"type":"Feature","geometry":{"type":"Polygon","coordinates":[[[7.58569,47.55737],[7.58581,47.55795],[7.58588,47.55795],[7.58588,47.55769],[7.58603,47.55769],[7.58596,47.55758],[7.58584,47.5576],[7.58577,47.55737],[7.58569,47.55737]]]},"properties":{"class":"humusiert.Gartenanlage.Gartenanlage"}},{"type":"Feature","geometry":{"type":"Polygon","coordinates":[[[7.58588,47.55775],[7.58606,47.55776],[7.58599,47.55769],[7.58588,47.55769],[7.58588,47.55775]]]},"properties":{"class":"Gebaeude.Gebaeude"}},{"type":"Feature","geometry":{"type":"Polygon","coordinates":[[[7.58656,47.55797],[7.58656,47.55801],[7.5867,47.55801],[7.5867,47.55797],[7.58656,47.55797]]]},"properties":{"class":"Gebaeude.Gebaeude"}},{"type":"Feature","geometry":{"type":"Polygon","coordinates":[[[7.5856,47.55703],[7.58565,47.55704],[7.58565,47.55701],[7.5856,47.557],[7.5856,47.557],[7.5856,47.557],[7.5856,47.55703]]]},"properties":{"class":"Gebaeude.Gebaeude"}},{"type":"Feature","geometry":{"type":"Polygon","coordinates":[[[7.58653,47.55766],[7.58655,47.55773],[7.58671,47.55772],[7.5867,47.55765],[7.58653,47.55766]]]},"properties":{"class":"Gebaeude.Gebaeude"}},{"type":"Feature","geometry":{"type":"Polygon","coordinates":[[[7.58638,47.56042],[7.58642,47.56058],[7.58674,47.56087],[7.58709,47.56059],[7.58685,47.56034],[7.58672,47.56037],[7.58674,47.56041],[7.58653,47.5605],[7.5865,47.56041],[7.58638,47.56042]]]},"properties":{"class":"Gebaeude.Gebaeude"}},{"type":"Feature","geometry":{"type":"Polygon","coordinates":[[[7.58618,47.56003],[7.58631,47.56065],[7.58666,47.56099],[7.58682,47.56107],[7.58722,47.56076],[7.58768,47.56012],[7.58792,47.55998],[7.58786,47.55995],[7.58778,47.55999],[7.58785,47.55995],[7.58764,47.55986],[7.58764,47.56003],[7.58741,47.56031],[7.58728,47.56034],[7.5871,47.56023],[7.587,47.55982],[7.58681,47.55984],[7.58688,47.56023],[7.58713,47.56059],[7.58674,47.56091],[7.5864,47.56063],[7.58625,47.56],[7.5863,47.55998],[7.58631,47.56009],[7.58667,47.56006],[7.58666,47.55999],[7.58637,47.56005],[7.58634,47.55988],[7.58623,47.55994],[7.58618,47.56003]],[[7.58631,47.55993],[7.58633,47.55993],[7.58634,47.55993],[7.58634,47.55995],[7.58634,47.55995],[7.58631,47.55995],[7.58631,47.55995],[7.58631,47.55993]],[[7.58711,47.56037],[7.58711,47.56037],[7.58711,47.56037],[7.58711,47.56037],[7.58711,47.56037],[7.58711,47.56037],[7.58711,47.56037],[7.58711,47.56037],[7.58711,47.56036],[7.58711,47.56036],[7.58711,47.56036],[7.58711,47.56036],[7.58711,47.56036],[7.58711,47.56036],[7.58711,47.56036],[7.58711,47.56036],[7.58711,47.56036],[7.58711,47.56036],[7.58711,47.56036],[7.58711,47.56036],[7.58711,47.56036],[7.58711,47.56036],[7.58711,47.56036],[7.58711,47.56036],[7.58711,47.56036],[7.58711,47.56036],[7.58711,47.56036],[7.58711,47.56036],[7.58711,47.56036],[7.58711,47.56036],[7.58711,47.56036],[7.58711,47.56036],[7.58712,47.56036],[7.58712,47.56036],[7.58712,47.56036],[7.58712,47.56036],[7.58712,47.56036],[7.58712,47.56036],[7.58712,47.56036],[7.58712,47.56036],[7.58712,47.56036],[7.58712,47.56036],[7.58716,47.56039],[7.58717,47.56041],[7.58718,47.56041],[7.58718,47.56042],[7.58718,47.56042],[7.58719,47.56042],[7.58719,47.56043],[7.58719,47.56043],[7.5872,47.56044],[7.5872,47.56044],[7.5872,47.56044],[7.5872,47.56044],[7.5872,47.56044],[7.5872,47.56044],[7.5872,47.56045],[7.5872,47.56045],[7.58721,47.56046],[7.58721,47.56046],[7.58721,47.56046],[7.58721,47.56047],[7.58721,47.56047],[7.58721,47.56047],[7.58721,47.56047],[7.58721,47.56047],[7.58721,47.56047],[7.58721,47.56047],[7.58721,47.56047],[7.58721,47.56047],[7.58721,47.56047],[7.58721,47.56047],[7.58721,47.56047],[7.58721,47.56047],[7.58721,47.56047],[7.58721,47.56047],[7.58721,47.56047],[7.58721,47.56047],[7.58721,47.56047],[7.58721,47.56047],[7.58721,47.56047],[7.58721,47.56047],[7.5872,47.56047],[7.5872,47.56047],[7.5872,47.56047],[7.5872,47.56047],[7.5872,47.56047],[7.5872,47.56047],[7.5872,47.56047],[7.5872,47.56047],[7.5872,47.56047],[7.5872,47.56047],[7.5872,47.56047],[7.5872,47.56047],[7.5872,47.56047],[7.5872,47.56047],[7.5872,47.56047],[7.5872,47.56047],[7.5872,47.56047],[7.58719,47.56046],[7.58719,47.56046],[7.58719,47.56046],[7.58719,47.56045],[7.58718,47.56045],[7.58718,47.56045],[7.58716,47.56043],[7.58711,47.56037]],[[7.58718,47.56036],[7.58736,47.56038],[7.58727,47.56048],[7.58718,47.56036]]]},"properties":{"class":"befestigt.Strasse_Weg"}},{"type":"Feature","geometry":{"type":"Polygon","coordinates":[[[7.58634,47.55988],[7.58637,47.56005],[7.58666,47.55999],[7.58664,47.55986],[7.58634,47.55988]]]},"properties":{"class":"befestigt.uebrige_befestigte.uebrige_befestigte"}},{"type":"Feature","geometry":{"type":"Polygon","coordinates":[[[7.58724,47.5598],[7.58726,47.5599],[7.58732,47.55989],[7.58731,47.55982],[7.58724,47.5598]]]},"properties":{"class":"Gebaeude.Gebaeude"}},{"type":"Feature","geometry":{"type":"Polygon","coordinates":[[[7.58731,47.55982],[7.58732,47.55989],[7.5876,47.5599],[7.5875,47.55974],[7.58731,47.55982]]]},"properties":{"class":"Gebaeude.Gebaeude"}},{"type":"Feature","geometry":{"type":"Polygon","coordinates":[[[7.58718,47.56036],[7.58727,47.56048],[7.58736,47.56038],[7.58718,47.56036]]]},"properties":{"class":"befestigt.Verkehrsinsel"}},{"type":"Feature","geometry":{"type":"Polygon","coordinates":[[[7.58778,47.55998],[7.58778,47.55998],[7.58778,47.55998],[7.58778,47.55999],[7.58778,47.55999],[7.58778,47.55999],[7.58778,47.55999],[7.58778,47.55999],[7.58778,47.55999],[7.58778,47.55999],[7.58778,47.55999],[7.58778,47.55999],[7.58778,47.55999],[7.58778,47.55999],[7.58778,47.55999],[7.58779,47.55999],[7.58779,47.55999],[7.58779,47.55999],[7.58779,47.55999],[7.58779,47.55999],[7.58779,47.55999],[7.58779,47.55999],[7.58779,47.55999],[7.58779,47.55999],[7.58779,47.55998],[7.5878,47.55998],[7.5878,47.55998],[7.58781,47.55998],[7.58781,47.55998],[7.58781,47.55997],[7.58782,47.55997],[7.58782,47.55997],[7.58783,47.55997],[7.58783,47.55997],[7.58784,47.55996],[7.58784,47.55996],[7.58785,47.55996],[7.58785,47.55996],[7.58786,47.55995],[7.58787,47.55995],[7.58787,47.55995],[7.58787,47.55995],[7.58787,47.55995],[7.58787,47.55995],[7.58788,47.55995],[7.58788,47.55995],[7.58788,47.55995],[7.58788,47.55995],[7.58788,47.55995],[7.58788,47.55995],[7.58788,47.55995],[7.58788,47.55995],[7.58788,47.55995],[7.58788,47.55995],[7.58788,47.55995],[7.58788,47.55995],[7.58788,47.55994],[7.58788,47.55994],[7.58788,47.55994],[7.58788,47.55994],[7.58788,47.55994],[7.58788,47.55994],[7.58788,47.55994],[7.58788,47.55994],[7.58788,47.55994],[7.58788,47.55994],[7.58787,47.55994],[7.58787,47.55994],[7.58787,47.55994],[7.58787,47.55994],[7.58787,47.55994],[7.58787,47.55994],[7.58787,47.55994],[7.58787,47.55994],[7.58787,47.55994],[7.58787,47.55994],[7.58787,47.55994],[7.58787,47.55994],[7.58787,47.55994],[7.58787,47.55994],[7.58787,47.55994],[7.58787,47.55994],[7.58786,47.55994],[7.58786,47.55994],[7.58785,47.55995],[7.58784,47.55995],[7.58784,47.55995],[7.58784,47.55995],[7.58783,47.55996],[7.58783,47.55996],[7.58782,47.55996],[7.58782,47.55996],[7.58781,47.55996],[7.58781,47.55997],[7.5878,47.55997],[7.5878,47.55997],[7.58779,47.55997],[7.58779,47.55998],[7.58779,47.55998],[7.58778,47.55998],[7.58778,47.55998],[7.58778,47.55998],[7.58778,47.55998],[7.58778,47.55998],[7.58778,47.55998],[7.58778,47.55998],[7.58778,47.55998],[7.58778,47.55998],[7.58778,47.55998],[7.58778,47.55998],[7.58778,47.55998],[7.58778,47.55998],[7.58778,47.55998],[7.58778,47.55998],[7.58778,47.55998],[7.58778,47.55998],[7.58778,47.55998],[7.58778,47.55998],[7.58778,47.55998],[7.58778,47.55998],[7.58778,47.55998]]]},"properties":{"class":"befestigt.Verkehrsinsel"}},{"type":"Feature","geometry":{"type":"Polygon","coordinates":[[[7.58712,47.56097],[7.58729,47.56107],[7.58736,47.56103],[7.58718,47.56092],[7.58712,47.56097]]]},"properties":{"class":"Gebaeude.Gebaeude"}},{"type":"Feature","geometry":{"type":"Polygon","coordinates":[[[7.58699,47.56107],[7.587,47.56113],[7.5871,47.5612],[7.58729,47.56107],[7.58712,47.56097],[7.58699,47.56107]]]},"properties":{"class":"Gebaeude.Gebaeude"}},{"type":"Feature","geometry":{"type":"Polygon","coordinates":[[[7.58657,47.56171],[7.58742,47.56101],[7.58775,47.56058],[7.58731,47.56107],[7.5871,47.5612],[7.587,47.56113],[7.58699,47.56107],[7.58689,47.56111],[7.58705,47.56121],[7.58699,47.56126],[7.58695,47.56124],[7.58687,47.56139],[7.58657,47.56171]]]},"properties":{"class":"befestigt.Strasse_Weg"}},{"type":"Feature","geometry":{"type":"Polygon","coordinates":[[[7.58613,47.55981],[7.58623,47.55994],[7.58633,47.55989],[7.58677,47.55984],[7.58674,47.55969],[7.58662,47.55968],[7.58632,47.55974],[7.58626,47.55968],[7.58615,47.55973],[7.5862,47.55978],[7.58613,47.55981]]]},"properties":{"class":"Gebaeude.Gebaeude"}},{"type":"Feature","geometry":{"type":"Polygon","coordinates":[[[7.58567,47.55917],[7.58572,47.55939],[7.58615,47.55934],[7.58609,47.55932],[7.5861,47.55927],[7.58601,47.55928],[7.58599,47.55921],[7.5858,47.55923],[7.58589,47.55915],[7.58567,47.55917]]]},"properties":{"class":"Gebaeude.Gebaeude"}},{"type":"Feature","geometry":{"type":"Polygon","coordinates":[[[7.58522,47.56018],[7.58543,47.56015],[7.5855,47.56028],[7.58582,47.56011],[7.5857,47.55997],[7.5855,47.56001],[7.58543,47.55993],[7.58533,47.55998],[7.58543,47.56007],[7.58522,47.56018]]]},"properties":{"class":"Gebaeude.Gebaeude"}},{"type":"Feature","geometry":{"type":"Polygon","coordinates":[[[7.58574,47.56004],[7.58582,47.56011],[7.58611,47.55994],[7.58608,47.55988],[7.58574,47.56004]]]},"properties":{"class":"Gebaeude.Gebaeude"}},{"type":"Feature","geometry":{"type":"Polygon","coordinates":[[[7.5847,47.55967],[7.58479,47.55984],[7.58511,47.55978],[7.58504,47.55961],[7.5847,47.55967]]]},"properties":{"class":"Gebaeude.Gebaeude"}},{"type":"Feature","geometry":{"type":"Polygon","coordinates":[[[7.5861,47.55976],[7.58613,47.55981],[7.5862,47.55978],[7.58615,47.55973],[7.5861,47.55976]]]},"properties":{"class":"befestigt.uebrige_befestigte.uebrige_befestigte"}},{"type":"Feature","geometry":{"type":"Polygon","coordinates":[[[7.58543,47.55993],[7.5855,47.56001],[7.5857,47.55997],[7.58577,47.56003],[7.58593,47.55992],[7.58587,47.55992],[7.5858,47.5598],[7.58573,47.55979],[7.58568,47.55982],[7.58574,47.55985],[7.58571,47.55988],[7.58562,47.55983],[7.58543,47.55993]]]},"properties":{"class":"humusiert.Gartenanlage.Gartenanlage"}},{"type":"Feature","geometry":{"type":"Polygon","coordinates":[[[7.5853,47.55948],[7.58533,47.55963],[7.5854,47.55961],[7.58536,47.55948],[7.5853,47.55948]]]},"properties":{"class":"Gebaeude.Gebaeude"}},{"type":"Feature","geometry":{"type":"Polygon","coordinates":[[[7.58504,47.55959],[7.58511,47.55978],[7.58525,47.55976],[7.58515,47.55964],[7.58519,47.55963],[7.58521,47.55969],[7.58532,47.55968],[7.58542,47.55982],[7.58549,47.55978],[7.58558,47.55985],[7.58569,47.55978],[7.58562,47.55973],[7.58578,47.55963],[7.58574,47.55961],[7.58558,47.5597],[7.58548,47.55959],[7.58533,47.55963],[7.58532,47.55959],[7.58504,47.55959]]]},"properties":{"class":"befestigt.uebrige_befestigte.uebrige_befestigte"}},{"type":"Feature","geometry":{"type":"Polygon","coordinates":[[[7.58536,47.55948],[7.5854,47.55961],[7.58549,47.55959],[7.58544,47.55947],[7.58536,47.55948]]]},"properties":{"class":"Gebaeude.Gebaeude"}},{"type":"Feature","geometry":{"type":"Polygon","coordinates":[[[7.58547,47.55956],[7.58551,47.55964],[7.58568,47.55955],[7.58547,47.55956]]]},"properties":{"class":"Gebaeude.Gebaeude"}},{"type":"Feature","geometry":{"type":"Polygon","coordinates":[[[7.58544,47.55947],[7.58547,47.55956],[7.58554,47.55956],[7.58551,47.55946],[7.58544,47.55947]]]},"properties":{"class":"Gebaeude.Gebaeude"}},{"type":"Feature","geometry":{"type":"Polygon","coordinates":[[[7.58553,47.55952],[7.58554,47.55956],[7.58567,47.55953],[7.58553,47.55952]]]},"properties":{"class":"Gebaeude.Gebaeude"}},{"type":"Feature","geometry":{"type":"Polygon","coordinates":[[[7.58521,47.55969],[7.58528,47.55983],[7.58538,47.55978],[7.58532,47.55968],[7.58521,47.55969]]]},"properties":{"class":"Gebaeude.Gebaeude"}},{"type":"Feature","geometry":{"type":"Polygon","coordinates":[[[7.58515,47.55964],[7.58519,47.55973],[7.58523,47.55972],[7.58519,47.55963],[7.58515,47.55964]]]},"properties":{"class":"Gebaeude.Gebaeude"}},{"type":"Feature","geometry":{"type":"Polygon","coordinates":[[[7.58485,47.55998],[7.58493,47.56012],[7.58536,47.55997],[7.58528,47.5599],[7.58499,47.56001],[7.58498,47.55998],[7.58526,47.55987],[7.58524,47.55984],[7.58485,47.55998]]]},"properties":{"class":"Gebaeude.Gebaeude"}},{"type":"Feature","geometry":{"type":"Polygon","coordinates":[[[7.58498,47.55998],[7.58499,47.56001],[7.58528,47.5599],[7.58536,47.55997],[7.58546,47.55992],[7.5854,47.55993],[7.5853,47.55985],[7.58498,47.55998]]]},"properties":{"class":"befestigt.uebrige_befestigte.uebrige_befestigte"}},{"type":"Feature","geometry":{"type":"Polygon","coordinates":[[[7.58608,47.55871],[7.58611,47.55876],[7.5862,47.55873],[7.58622,47.55879],[7.58641,47.55879],[7.58641,47.55876],[7.58623,47.55876],[7.58623,47.55867],[7.58644,47.55865],[7.58644,47.55876],[7.58674,47.55875],[7.58674,47.55861],[7.58638,47.55862],[7.58608,47.55871]]]},"properties":{"class":"Gebaeude.Gebaeude"}},{"type":"Feature","geometry":{"type":"Polygon","coordinates":[[[7.58498,47.5602],[7.58506,47.56031],[7.58503,47.56023],[7.58543,47.56007],[7.58533,47.55998],[7.58534,47.56003],[7.58515,47.56008],[7.58519,47.56015],[7.58498,47.5602]]]},"properties":{"class":"befestigt.uebrige_befestigte.uebrige_befestigte"}},{"type":"Feature","geometry":{"type":"Polygon","coordinates":[[[7.58486,47.55933],[7.5849,47.5594],[7.5856,47.5594],[7.58558,47.5592],[7.5855,47.55919],[7.5849,47.55918],[7.58486,47.55933]]]},"properties":{"class":"Gebaeude.Gebaeude"}},{"type":"Feature","geometry":{"type":"Polygon","coordinates":[[[7.58694,47.55952],[7.5871,47.56023],[7.58723,47.56033],[7.58739,47.56033],[7.58765,47.56002],[7.58764,47.55984],[7.58716,47.55934],[7.58698,47.55937],[7.58694,47.55952]],[[7.58696,47.55951],[7.58701,47.55948],[7.58697,47.55944],[7.58714,47.55936],[7.58759,47.55983],[7.58761,47.56001],[7.58736,47.56029],[7.58717,47.56027],[7.58708,47.56013],[7.58701,47.55972],[7.58714,47.55973],[7.58713,47.55969],[7.58696,47.55951]]]},"properties":{"class":"befestigt.Trottoir"}},{"type":"Feature","geometry":{"type":"Polygon","coordinates":[[[7.58542,47.5604],[7.58548,47.5604],[7.58566,47.56056],[7.58578,47.56052],[7.58558,47.56032],[7.58542,47.5604]]]},"properties":{"class":"humusiert.Gartenanlage.Gartenanlage"}},{"type":"Feature","geometry":{"type":"Polygon","coordinates":[[[7.58608,47.56115],[7.58618,47.56124],[7.58636,47.56113],[7.58626,47.56106],[7.58608,47.56115]]]},"properties":{"class":"Gebaeude.Gebaeude"}},{"type":"Feature","geometry":{"type":"Polygon","coordinates":[[[7.58588,47.56134],[7.58588,47.56134],[7.58588,47.56134],[7.58588,47.56134],[7.58588,47.56134],[7.58588,47.56134],[7.58588,47.56134],[7.58588,47.56134],[7.58588,47.56134],[7.58588,47.56134],[7.58588,47.56134],[7.58588,47.56134],[7.58588,47.56134],[7.58588,47.56134],[7.58588,47.56134],[7.58588,47.56134],[7.58588,47.56134],[7.58588,47.56134],[7.58588,47.56134],[7.58588,47.56134],[7.58588,47.56134],[7.58588,47.56134],[7.58588,47.56134],[7.58588,47.56134],[7.58588,47.56134],[7.58588,47.56134],[7.58588,47.56134],[7.58588,47.56134],[7.58588,47.56134],[7.58588,47.56134],[7.58588,47.56134],[7.58588,47.56134],[7.5859,47.56135],[7.58594,47.56138],[7.58594,47.56138],[7.58594,47.56138],[7.58594,47.56138],[7.58594,47.56138],[7.58595,47.56138],[7.58595,47.56138],[7.58595,47.56138],[7.58595,47.56138],[7.58595,47.56138],[7.58595,47.56138],[7.58595,47.56138],[7.58595,47.56138],[7.58596,47.56138],[7.58596,47.56138],[7.58596,47.56138],[7.58596,47.56138],[7.58596,47.56138],[7.58596,47.56138],[7.58596,47.56138],[7.58596,47.56138],[7.58596,47.56138],[7.58596,47.56138],[7.58596,47.56138],[7.58596,47.56138],[7.58596,47.56138],[7.58596,47.56138],[7.58596,47.56138],[7.58596,47.56138],[7.58596,47.56137],[7.58596,47.56137],[7.58596,47.56137],[7.58596,47.56137],[7.58596,47.56137],[7.58596,47.56137],[7.58596,47.56137],[7.58596,47.56137],[7.58596,47.56137],[7.58596,47.56137],[7.58596,47.56137],[7.58596,47.56137],[7.58596,47.56137],[7.58596,47.56137],[7.58596,47.56137],[7.58596,47.56137],[7.58596,47.56137],[7.58596,47.56137],[7.58596,47.56137],[7.58596,47.56137],[7.58596,47.56137],[7.58596,47.56137],[7.58596,47.56137],[7.58596,47.56137],[7.58591,47.56135],[7.58589,47.56134],[7.58589,47.56134],[7.58589,47.56134],[7.58589,47.56134],[7.58589,47.56134],[7.58589,47.56134],[7.58589,47.56134],[7.58589,47.56134],[7.58588,47.56134],[7.58588,47.56134],[7.58588,47.56134],[7.58588,47.56134],[7.58588,47.56134],[7.58588,47.56134],[7.58588,47.56134],[7.58588,47.56134]]]},"properties":{"class":"befestigt.Verkehrsinsel"}},{"type":"Feature","geometry":{"type":"Polygon","coordinates":[[[7.58614,47.56141],[7.58618,47.56143],[7.58626,47.56135],[7.58614,47.56141]]]},"properties":{"class":"befestigt.Verkehrsinsel"}},{"type":"Feature","geometry":{"type":"Polygon","coordinates":[[[7.58629,47.56154],[7.58667,47.56162],[7.58681,47.56147],[7.58655,47.56131],[7.58629,47.56154]],[[7.58643,47.56146],[7.58654,47.56138],[7.58662,47.56144],[7.58656,47.56151],[7.58643,47.56146]]]},"properties":{"class":"Gebaeude.Gebaeude"}},{"type":"Feature","geometry":{"type":"Polygon","coordinates":[[[7.58569,47.5611],[7.58577,47.5612],[7.5859,47.56114],[7.58581,47.56104],[7.58569,47.5611]]]},"properties":{"class":"Gebaeude.Gebaeude"}},{"type":"Feature","geometry":{"type":"Polygon","coordinates":[[[7.58563,47.56104],[7.58569,47.5611],[7.58578,47.56106],[7.58572,47.561],[7.58563,47.56104]]]},"properties":{"class":"Gebaeude.Gebaeude"}},{"type":"Feature","geometry":{"type":"Polygon","coordinates":[[[7.58655,47.56131],[7.58681,47.56147],[7.58687,47.56139],[7.58664,47.56125],[7.58655,47.56131]]]},"properties":{"class":"Gebaeude.Gebaeude"}},{"type":"Feature","geometry":{"type":"Polygon","coordinates":[[[7.58664,47.56125],[7.58685,47.56139],[7.58688,47.56134],[7.58668,47.56122],[7.58664,47.56125]]]},"properties":{"class":"Gebaeude.Gebaeude"}},{"type":"Feature","geometry":{"type":"Polygon","coordinates":[[[7.58452,47.56024],[7.58456,47.5603],[7.58478,47.56023],[7.58452,47.56024]]]},"properties":{"class":"humusiert.Gartenanlage.Gartenanlage"}},{"type":"Feature","geometry":{"type":"Polygon","coordinates":[[[7.58422,47.55981],[7.58432,47.55997],[7.58444,47.55997],[7.58434,47.5598],[7.58422,47.55981]]]},"properties":{"class":"humusiert.Gartenanlage.Gartenanlage"}},{"type":"Feature","geometry":{"type":"Polygon","coordinates":[[[7.58432,47.55997],[7.58437,47.56005],[7.58465,47.55997],[7.58459,47.55986],[7.58442,47.55992],[7.58444,47.55997],[7.58432,47.55997]]]},"properties":{"class":"Gebaeude.Gebaeude"}},{"type":"Feature","geometry":{"type":"Polygon","coordinates":[[[7.58361,47.56017],[7.58383,47.56012],[7.58375,47.55975],[7.58363,47.55978],[7.58364,47.55983],[7.58369,47.55983],[7.58371,47.55992],[7.58365,47.55995],[7.58371,47.55994],[7.58373,47.56003],[7.58367,47.56003],[7.58369,47.56012],[7.58361,47.56017]]]},"properties":{"class":"humusiert.Gartenanlage.Gartenanlage"}},{"type":"Feature","geometry":{"type":"Polygon","coordinates":[[[7.58421,47.55952],[7.58425,47.55963],[7.58428,47.55962],[7.58425,47.55951],[7.58421,47.55952]]]},"properties":{"class":"Gebaeude.Gebaeude"}},{"type":"Feature","geometry":{"type":"Polygon","coordinates":[[[7.58425,47.55951],[7.58428,47.55962],[7.58434,47.55961],[7.5843,47.55951],[7.58425,47.55951]]]},"properties":{"class":"Gebaeude.Gebaeude"}},{"type":"Feature","geometry":{"type":"Polygon","coordinates":[[[7.5854,47.55607],[7.58685,47.55557],[7.58714,47.55541],[7.58717,47.55533],[7.58709,47.55527],[7.58702,47.55541],[7.58682,47.55556],[7.58647,47.55567],[7.58645,47.55564],[7.5862,47.55572],[7.58616,47.55568],[7.58611,47.5557],[7.58615,47.55577],[7.58559,47.55593],[7.5854,47.55607]]]},"properties":{"class":"befestigt.Trottoir"}},{"type":"Feature","geometry":{"type":"Polygon","coordinates":[[[7.58551,47.5607],[7.58556,47.56077],[7.5857,47.56072],[7.58565,47.56065],[7.58551,47.5607]]]},"properties":{"class":"befestigt.uebrige_befestigte.uebrige_befestigte"}},{"type":"Feature","geometry":{"type":"Polygon","coordinates":[[[7.58439,47.55925],[7.58471,47.56002],[7.5851,47.5606],[7.58519,47.56051],[7.58517,47.56046],[7.58511,47.56045],[7.5849,47.56013],[7.58458,47.5595],[7.58495,47.55945],[7.58498,47.55962],[7.58504,47.55961],[7.58503,47.5595],[7.58564,47.55944],[7.5856,47.5594],[7.58489,47.5594],[7.58486,47.55932],[7.58489,47.55932],[7.58487,47.55923],[7.5849,47.55918],[7.58439,47.55925]]]},"properties":{"class":"befestigt.Strasse_Weg"}},{"type":"Feature","geometry":{"type":"Polygon","coordinates":[[[7.58683,47.55808],[7.58697,47.55808],[7.58733,47.55822],[7.58735,47.55826],[7.58718,47.55858],[7.58722,47.55857],[7.58784,47.55773],[7.58737,47.55763],[7.5871,47.55806],[7.5874,47.55818],[7.58737,47.55822],[7.58698,47.55807],[7.58683,47.55808]],[[7.58711,47.55805],[7.58738,47.55763],[7.58774,47.55773],[7.58741,47.55817],[7.58711,47.55805]]]},"properties":{"class":"befestigt.Trottoir"}},{"type":"Feature","geometry":{"type":"Polygon","coordinates":[[[7.58597,47.55658],[7.58598,47.55659],[7.58604,47.55658],[7.58605,47.55657],[7.58605,47.55657],[7.58604,47.55657],[7.58604,47.55656],[7.58597,47.55658]]]},"properties":{"class":"befestigt.uebrige_befestigte.uebrige_befestigte"}},{"type":"Feature","geometry":{"type":"Polygon","coordinates":[[[7.58263,47.56333],[7.58273,47.56336],[7.58281,47.56332],[7.5837,47.56255],[7.58454,47.56196],[7.58516,47.56179],[7.58588,47.56145],[7.58522,47.5608],[7.58472,47.56004],[7.58445,47.55946],[7.58427,47.55854],[7.58422,47.55766],[7.58409,47.55723],[7.584,47.55714],[7.58396,47.55713],[7.58417,47.55779],[7.5842,47.55844],[7.58438,47.55949],[7.58443,47.5595],[7.58477,47.56021],[7.58518,47.56076],[7.58516,47.56078],[7.58576,47.56142],[7.58567,47.56146],[7.58571,47.56151],[7.58513,47.56177],[7.58477,47.56183],[7.58447,47.56195],[7.5837,47.56248],[7.58278,47.56328],[7.58263,47.56333]]]},"properties":{"class":"befestigt.Trottoir"}},{"type":"Feature","geometry":{"type":"Polygon","coordinates":[[[7.585,47.55537],[7.58527,47.55557],[7.58539,47.5555],[7.5856,47.55552],[7.58567,47.55549],[7.58564,47.55546],[7.58585,47.55538],[7.58579,47.55541],[7.58591,47.55557],[7.58563,47.55571],[7.58549,47.55559],[7.58549,47.55564],[7.58538,47.55567],[7.5855,47.55565],[7.58558,47.55574],[7.58554,47.55577],[7.58557,47.5558],[7.58634,47.55551],[7.58641,47.55558],[7.5865,47.55555],[7.58635,47.5554],[7.58607,47.55554],[7.5859,47.5554],[7.58599,47.55536],[7.58575,47.55521],[7.58571,47.55523],[7.58583,47.55529],[7.58581,47.55535],[7.58554,47.55549],[7.5854,47.55543],[7.58544,47.55541],[7.5854,47.55537],[7.58533,47.55539],[7.58536,47.55534],[7.5853,47.5553],[7.58531,47.55525],[7.58523,47.55537],[7.58503,47.55532],[7.585,47.55537]]]},"properties":{"class":"befestigt.uebrige_befestigte.uebrige_befestigte"}},{"type":"Feature","geometry":{"type":"Polygon","coordinates":[[[7.59196,47.56057],[7.59214,47.56063],[7.59218,47.56058],[7.59196,47.56057]]]},"properties":{"class":"Gebaeude.Gebaeude"}},{"type":"Feature","geometry":{"type":"Polygon","coordinates":[[[7.588,47.55567],[7.58828,47.5557],[7.5883,47.55567],[7.58801,47.55563],[7.588,47.55567]]]},"properties":{"class":"Gebaeude.Gebaeude"}},{"type":"Feature","geometry":{"type":"Polygon","coordinates":[[[7.58647,47.55932],[7.58668,47.55931],[7.58669,47.5592],[7.58648,47.5592],[7.58647,47.55932]]]},"properties":{"class":"befestigt.uebrige_befestigte.uebrige_befestigte"}},{"type":"Feature","geometry":{"type":"Polygon","coordinates":[[[7.58577,47.56073],[7.58585,47.56082],[7.58593,47.56079],[7.58586,47.5607],[7.58577,47.56073]]]},"properties":{"class":"befestigt.uebrige_befestigte.uebrige_befestigte"}},{"type":"Feature","geometry":{"type":"Polygon","coordinates":[[[7.58495,47.55545],[7.58517,47.55551],[7.58498,47.55583],[7.58508,47.55587],[7.58585,47.55538],[7.58564,47.55546],[7.58567,47.55549],[7.5856,47.55552],[7.58539,47.5555],[7.58527,47.55557],[7.58507,47.55539],[7.585,47.55537],[7.58495,47.55545]]]},"properties":{"class":"humusiert.Gartenanlage.Gartenanlage"}},{"type":"Feature","geometry":{"type":"Polygon","coordinates":[[[7.58435,47.55649],[7.58435,47.55649],[7.58435,47.55649],[7.58435,47.55649],[7.58435,47.55649],[7.58435,47.55649],[7.58435,47.55649],[7.58435,47.55649],[7.58435,47.55649],[7.58435,47.55649],[7.58435,47.55649],[7.58435,47.55649],[7.58435,47.55649],[7.58435,47.55649],[7.58435,47.55649],[7.58435,47.55649],[7.58435,47.55649],[7.58435,47.55649],[7.58435,47.55649],[7.58435,47.55649],[7.58435,47.55649],[7.58435,47.55649],[7.58435,47.55649],[7.58435,47.55649],[7.58435,47.55649],[7.58435,47.55649],[7.58435,47.55649],[7.58435,47.55649],[7.58435,47.55649],[7.58435,47.55649],[7.58435,47.55649],[7.58435,47.55649],[7.58435,47.55649],[7.58435,47.55649],[7.58435,47.55649],[7.58435,47.55649],[7.58435,47.55649],[7.58436,47.55649],[7.58436,47.55649],[7.58436,47.55649],[7.58436,47.55649],[7.58436,47.55649],[7.58436,47.55649],[7.58436,47.55649],[7.58436,47.55649],[7.58436,47.55647],[7.58436,47.55647],[7.58436,47.55647],[7.58436,47.55647],[7.58436,47.55647],[7.58436,47.55647],[7.58436,47.55647],[7.58436,47.55647],[7.58436,47.55647],[7.58436,47.55647],[7.58436,47.55647],[7.58436,47.55647],[7.58436,47.55647],[7.58436,47.55647],[7.58436,47.55647],[7.58436,47.55647],[7.58436,47.55647],[7.58436,47.55647],[7.58436,47.55647],[7.58436,47.55647],[7.58436,47.55647],[7.58436,47.55647],[7.58436,47.55647],[7.58435,47.55647],[7.58435,47.55647],[7.58435,47.55647],[7.58435,47.55647],[7.58435,47.55647],[7.58435,47.55647],[7.58435,47.55647],[7.58435,47.55647],[7.58435,47.55647],[7.58435,47.55647],[7.58435,47.55647],[7.58435,47.55647],[7.58435,47.55647],[7.58435,47.55647],[7.58435,47.55647],[7.58435,47.55647],[7.58435,47.55647],[7.58435,47.55647],[7.58435,47.55647],[7.58435,47.55647],[7.58435,47.55649]]]},"properties":{"class":"befestigt.Verkehrsinsel"}},{"type":"Feature","geometry":{"type":"Polygon","coordinates":[[[7.58441,47.55645],[7.58449,47.55643],[7.58443,47.55638],[7.58441,47.55645]]]},"properties":{"class":"befestigt.Verkehrsinsel"}},{"type":"Feature","geometry":{"type":"Polygon","coordinates":[[[7.58746,47.55597],[7.58748,47.55601],[7.58765,47.55597],[7.58763,47.55594],[7.58746,47.55597]]]},"properties":{"class":"Gebaeude.Gebaeude"}},{"type":"Feature","geometry":{"type":"Polygon","coordinates":[[[7.58875,47.55573],[7.58875,47.55579],[7.58897,47.55582],[7.58899,47.55577],[7.58875,47.55573]]]},"properties":{"class":"Gebaeude.Gebaeude"}},{"type":"Feature","geometry":{"type":"Polygon","coordinates":[[[7.58634,47.5571],[7.58675,47.55702],[7.58673,47.55699],[7.58693,47.55694],[7.58707,47.55705],[7.58679,47.55737],[7.58676,47.55747],[7.58722,47.55691],[7.58713,47.55687],[7.58634,47.5571]]]},"properties":{"class":"befestigt.Trottoir"}},{"type":"Feature","geometry":{"type":"Polygon","coordinates":[[[7.5903,47.55655],[7.59039,47.55657],[7.59048,47.55648],[7.59057,47.55652],[7.59078,47.55632],[7.59064,47.55626],[7.59055,47.55635],[7.59049,47.55634],[7.5904,47.5565],[7.5903,47.55655]]]},"properties":{"class":"Gebaeude.Gebaeude"}},{"type":"Feature","geometry":{"type":"Polygon","coordinates":[[[7.59036,47.56114],[7.59112,47.56044],[7.59118,47.56041],[7.59128,47.56044],[7.59116,47.56038],[7.59036,47.56114]]]},"properties":{"class":"befestigt.Trottoir"}},{"type":"Feature","geometry":{"type":"Polygon","coordinates":[[[7.59046,47.5615],[7.59062,47.56144],[7.59105,47.56092],[7.59116,47.56095],[7.5912,47.56091],[7.59079,47.56074],[7.59073,47.5608],[7.59099,47.56093],[7.5906,47.56142],[7.59055,47.56141],[7.59046,47.5615]]]},"properties":{"class":"befestigt.Trottoir"}},{"type":"Feature","geometry":{"type":"Polygon","coordinates":[[[7.58942,47.55694],[7.5898,47.55709],[7.59012,47.55674],[7.58976,47.55659],[7.58942,47.55694]]]},"properties":{"class":"Gebaeude.Gebaeude"}},{"type":"Feature","geometry":{"type":"Polygon","coordinates":[[[7.59099,47.55744],[7.59125,47.55755],[7.59128,47.55751],[7.59122,47.55748],[7.59126,47.55744],[7.59138,47.5575],[7.59138,47.55754],[7.59146,47.55749],[7.59111,47.55731],[7.59099,47.55744]]]},"properties":{"class":"Gebaeude.Gebaeude"}},{"type":"Feature","geometry":{"type":"Polygon","coordinates":[[[7.59111,47.55731],[7.59144,47.55747],[7.59151,47.55742],[7.59139,47.55735],[7.59132,47.55739],[7.59125,47.55737],[7.59131,47.55731],[7.59115,47.55722],[7.59111,47.55731]]]},"properties":{"class":"Gebaeude.Gebaeude"}},{"type":"Feature","geometry":{"type":"Polygon","coordinates":[[[7.59115,47.55722],[7.59126,47.55728],[7.59134,47.55721],[7.59139,47.55724],[7.59151,47.55731],[7.59143,47.55736],[7.59153,47.55743],[7.59164,47.55735],[7.59122,47.5571],[7.59115,47.55722]]]},"properties":{"class":"Gebaeude.Gebaeude"}},{"type":"Feature","geometry":{"type":"Polygon","coordinates":[[[7.59146,47.55738],[7.59147,47.55739],[7.59151,47.55742],[7.59152,47.55742],[7.59146,47.55738]]]},"properties":{"class":"befestigt.uebrige_befestigte.uebrige_befestigte"}},{"type":"Feature","geometry":{"type":"Polygon","coordinates":[[[7.59125,47.55737],[7.59132,47.55739],[7.59151,47.55731],[7.59134,47.55721],[7.59126,47.55728],[7.59131,47.55731],[7.59125,47.55737]]]},"properties":{"class":"befestigt.uebrige_befestigte.uebrige_befestigte"}},{"type":"Feature","geometry":{"type":"Polygon","coordinates":[[[7.59145,47.55711],[7.59149,47.55713],[7.59153,47.5571],[7.59149,47.55708],[7.59149,47.55708],[7.59146,47.55711],[7.59145,47.55711]]]},"properties":{"class":"befestigt.uebrige_befestigte.uebrige_befestigte"}},{"type":"Feature","geometry":{"type":"Polygon","coordinates":[[[7.59089,47.55754],[7.59106,47.55762],[7.59113,47.55758],[7.59094,47.55749],[7.59089,47.55754]]]},"properties":{"class":"Gebaeude.Gebaeude"}},{"type":"Feature","geometry":{"type":"Polygon","coordinates":[[[7.59085,47.55758],[7.59102,47.55766],[7.59106,47.55762],[7.59089,47.55754],[7.59085,47.55758]]]},"properties":{"class":"Gebaeude.Gebaeude"}},{"type":"Feature","geometry":{"type":"Polygon","coordinates":[[[7.59077,47.55765],[7.59091,47.55772],[7.591,47.55765],[7.59085,47.55758],[7.59077,47.55765]]]},"properties":{"class":"Gebaeude.Gebaeude"}},{"type":"Feature","geometry":{"type":"Polygon","coordinates":[[[7.59073,47.55768],[7.59092,47.55779],[7.59097,47.55775],[7.59077,47.55765],[7.59073,47.55768]]]},"properties":{"class":"Gebaeude.Gebaeude"}},{"type":"Feature","geometry":{"type":"Polygon","coordinates":[[[7.59069,47.55771],[7.5909,47.55783],[7.59094,47.5578],[7.59073,47.55768],[7.59069,47.55771]]]},"properties":{"class":"Gebaeude.Gebaeude"}},{"type":"Feature","geometry":{"type":"Polygon","coordinates":[[[7.58969,47.55725],[7.58988,47.55739],[7.58976,47.55743],[7.58982,47.55746],[7.58997,47.55735],[7.58992,47.55732],[7.59,47.55725],[7.58998,47.55718],[7.58986,47.55711],[7.58969,47.55725]]]},"properties":{"class":"Gebaeude.Gebaeude"}},{"type":"Feature","geometry":{"type":"Polygon","coordinates":[[[7.58947,47.55746],[7.58957,47.55752],[7.58968,47.55746],[7.5896,47.55739],[7.58966,47.55734],[7.58977,47.55742],[7.58988,47.55739],[7.58969,47.55725],[7.58947,47.55746]]]},"properties":{"class":"Gebaeude.Gebaeude"}},{"type":"Feature","geometry":{"type":"Polygon","coordinates":[[[7.59066,47.55734],[7.59083,47.55744],[7.59103,47.55724],[7.59093,47.55715],[7.59066,47.55734]],[[7.59078,47.55726],[7.59086,47.55722],[7.5909,47.55725],[7.59085,47.55731],[7.59078,47.55726]]]},"properties":{"class":"Gebaeude.Gebaeude"}},{"type":"Feature","geometry":{"type":"Polygon","coordinates":[[[7.59068,47.55702],[7.59074,47.55706],[7.5909,47.55697],[7.59082,47.55692],[7.59068,47.55702]]]},"properties":{"class":"Gebaeude.Gebaeude"}},{"type":"Feature","geometry":{"type":"Polygon","coordinates":[[[7.59036,47.55689],[7.59046,47.55692],[7.59055,47.5568],[7.59043,47.55678],[7.59036,47.55689]]]},"properties":{"class":"Gebaeude.Gebaeude"}},{"type":"Feature","geometry":{"type":"Polygon","coordinates":[[[7.58929,47.55708],[7.58953,47.55722],[7.5897,47.55715],[7.58935,47.55701],[7.58929,47.55708]]]},"properties":{"class":"Gebaeude.Gebaeude"}},{"type":"Feature","geometry":{"type":"Polygon","coordinates":[[[7.59095,47.55672],[7.5917,47.55714],[7.59229,47.55674],[7.59266,47.55698],[7.59308,47.55673],[7.59275,47.55652],[7.59273,47.55658],[7.59279,47.5566],[7.59273,47.5566],[7.59266,47.55666],[7.59268,47.5567],[7.59265,47.55666],[7.59255,47.55671],[7.59255,47.55668],[7.59238,47.55665],[7.59237,47.5567],[7.59236,47.55666],[7.59218,47.55661],[7.59181,47.5564],[7.5921,47.55614],[7.59205,47.55605],[7.59148,47.55624],[7.59095,47.55672]],[[7.59137,47.55687],[7.59172,47.55648],[7.59218,47.55671],[7.59169,47.55704],[7.59137,47.55687]],[[7.59239,47.55674],[7.5927,47.55671],[7.59286,47.55661],[7.593,47.55672],[7.59267,47.55693],[7.59239,47.55674]]]},"properties":{"class":"befestigt.Strasse_Weg"}},{"type":"Feature","geometry":{"type":"Polygon","coordinates":[[[7.59296,47.55622],[7.59304,47.55626],[7.593,47.55629],[7.59311,47.55634],[7.59332,47.55605],[7.59321,47.55599],[7.59296,47.55622]]]},"properties":{"class":"humusiert.Gartenanlage.Gartenanlage"}},{"type":"Feature","geometry":{"type":"Polygon","coordinates":[[[7.59269,47.55593],[7.59292,47.55606],[7.593,47.556],[7.59289,47.55594],[7.59298,47.55586],[7.59284,47.5558],[7.59269,47.55593]]]},"properties":{"class":"Gebaeude.Gebaeude"}},{"type":"Feature","geometry":{"type":"Polygon","coordinates":[[[7.59188,47.55727],[7.59197,47.55733],[7.59246,47.55716],[7.59251,47.55713],[7.59247,47.55706],[7.59259,47.55701],[7.59244,47.55686],[7.59193,47.55709],[7.59203,47.55716],[7.59188,47.55727]]]},"properties":{"class":"humusiert.Gartenanlage.Gartenanlage"}},{"type":"Feature","geometry":{"type":"Polygon","coordinates":[[[7.59179,47.55721],[7.59188,47.55727],[7.59203,47.55716],[7.59193,47.55709],[7.59179,47.55721]]]},"properties":{"class":"befestigt.uebrige_befestigte.uebrige_befestigte"}},{"type":"Feature","geometry":{"type":"Polygon","coordinates":[[[7.59263,47.55599],[7.5928,47.55607],[7.59286,47.55602],[7.59269,47.55593],[7.59263,47.55599]]]},"properties":{"class":"befestigt.uebrige_befestigte.uebrige_befestigte"}},{"type":"Feature","geometry":{"type":"Polygon","coordinates":[[[7.59288,47.55577],[7.59322,47.55595],[7.59335,47.55583],[7.59301,47.55566],[7.59288,47.55577]]]},"properties":{"class":"Gebaeude.Gebaeude"}},{"type":"Feature","geometry":{"type":"Polygon","coordinates":[[[7.59197,47.55694],[7.59209,47.55703],[7.59246,47.55685],[7.59229,47.55674],[7.59197,47.55694]]]},"properties":{"class":"Gebaeude.Gebaeude"}},{"type":"Feature","geometry":{"type":"Polygon","coordinates":[[[7.59039,47.55657],[7.59057,47.55661],[7.59046,47.55675],[7.59067,47.55678],[7.59086,47.55662],[7.59068,47.55654],[7.59085,47.55635],[7.59103,47.55641],[7.59118,47.55632],[7.59109,47.55628],[7.59113,47.5562],[7.59128,47.55627],[7.59135,47.55619],[7.59108,47.55602],[7.59057,47.55652],[7.59048,47.55648],[7.59039,47.55657]]]},"properties":{"class":"befestigt.uebrige_befestigte.uebrige_befestigte"}},{"type":"Feature","geometry":{"type":"Polygon","coordinates":[[[7.59134,47.55583],[7.59143,47.55589],[7.59148,47.55585],[7.59141,47.55578],[7.59134,47.55583]]]},"properties":{"class":"Gebaeude.Gebaeude"}},{"type":"Feature","geometry":{"type":"Polygon","coordinates":[[[7.59034,47.55599],[7.59069,47.55613],[7.59078,47.55604],[7.59041,47.55589],[7.59034,47.55599]]]},"properties":{"class":"Gebaeude.Gebaeude"}},{"type":"Feature","geometry":{"type":"Polygon","coordinates":[[[7.59066,47.55679],[7.59079,47.55684],[7.59102,47.55666],[7.59071,47.55651],[7.59068,47.55654],[7.59086,47.55662],[7.59066,47.55679]]]},"properties":{"class":"Gebaeude.Gebaeude"}},{"type":"Feature","geometry":{"type":"Polygon","coordinates":[[[7.59108,47.55625],[7.59135,47.55637],[7.59147,47.55625],[7.59135,47.55619],[7.59128,47.55627],[7.59113,47.5562],[7.59108,47.55625]]]},"properties":{"class":"Gebaeude.Gebaeude"}},{"type":"Feature","geometry":{"type":"Polygon","coordinates":[[[7.59071,47.55651],[7.59086,47.55658],[7.591,47.55646],[7.59082,47.55638],[7.59071,47.55651]]]},"properties":{"class":"humusiert.Gartenanlage.Gartenanlage"}},{"type":"Feature","geometry":{"type":"Polygon","coordinates":[[[7.59141,47.55566],[7.59146,47.55558],[7.59137,47.55556],[7.59145,47.55542],[7.59164,47.55547],[7.59162,47.5555],[7.59167,47.55551],[7.59154,47.55572],[7.59158,47.55579],[7.59205,47.55605],[7.5922,47.55599],[7.59213,47.55592],[7.5921,47.55594],[7.59185,47.5558],[7.59192,47.55577],[7.59207,47.55548],[7.59141,47.55531],[7.59137,47.55538],[7.5913,47.55536],[7.59129,47.55542],[7.59134,47.55543],[7.59126,47.55562],[7.59141,47.55566]],[[7.59145,47.55532],[7.59145,47.55532],[7.59145,47.55532],[7.59145,47.55532]]]},"properties":{"class":"Gebaeude.Gebaeude"}},{"type":"Feature","geometry":{"type":"Polygon","coordinates":[[[7.59137,47.55556],[7.59146,47.55558],[7.59141,47.55566],[7.59147,47.55574],[7.59159,47.55567],[7.59167,47.55551],[7.59145,47.55542],[7.59137,47.55556]]]},"properties":{"class":"befestigt.uebrige_befestigte.uebrige_befestigte"}},{"type":"Feature","geometry":{"type":"Polygon","coordinates":[[[7.59205,47.55605],[7.5921,47.55613],[7.59235,47.55625],[7.59323,47.55546],[7.59312,47.55545],[7.59248,47.55596],[7.59235,47.55589],[7.59205,47.55605]]]},"properties":{"class":"befestigt.Strasse_Weg"}},{"type":"Feature","geometry":{"type":"Polygon","coordinates":[[[7.59124,47.56078],[7.5913,47.56082],[7.59199,47.56018],[7.59296,47.5594],[7.59289,47.55938],[7.59224,47.55987],[7.59124,47.56078]]]},"properties":{"class":"befestigt.Strasse_Weg"}},{"type":"Feature","geometry":{"type":"Polygon","coordinates":[[[7.59218,47.56007],[7.59255,47.56025],[7.59259,47.56021],[7.59237,47.56013],[7.59248,47.56016],[7.59254,47.56011],[7.59265,47.56017],[7.5927,47.56012],[7.59234,47.55992],[7.59218,47.56007]]]},"properties":{"class":"Gebaeude.Gebaeude"}},{"type":"Feature","geometry":{"type":"Polygon","coordinates":[[[7.59207,47.56018],[7.59225,47.56027],[7.59228,47.56023],[7.5921,47.56015],[7.59207,47.56018]]]},"properties":{"class":"Gebaeude.Gebaeude"}},{"type":"Feature","geometry":{"type":"Polygon","coordinates":[[[7.59234,47.55992],[7.59262,47.56004],[7.59256,47.56001],[7.59259,47.55998],[7.5924,47.55987],[7.59234,47.55992]]]},"properties":{"class":"Gebaeude.Gebaeude"}},{"type":"Feature","geometry":{"type":"Polygon","coordinates":[[[7.59155,47.56018],[7.59173,47.56028],[7.59192,47.56011],[7.59174,47.56003],[7.59155,47.56018]]]},"properties":{"class":"Gebaeude.Gebaeude"}},{"type":"Feature","geometry":{"type":"Polygon","coordinates":[[[7.59221,47.55964],[7.59237,47.55975],[7.59241,47.55972],[7.59225,47.55961],[7.59221,47.55964]]]},"properties":{"class":"Gebaeude.Gebaeude"}},{"type":"Feature","geometry":{"type":"Polygon","coordinates":[[[7.59193,47.55986],[7.5921,47.55995],[7.59216,47.55991],[7.59199,47.55981],[7.59193,47.55986]]]},"properties":{"class":"Gebaeude.Gebaeude"}},{"type":"Feature","geometry":{"type":"Polygon","coordinates":[[[7.59141,47.56075],[7.59179,47.56084],[7.59182,47.5608],[7.5915,47.5607],[7.59141,47.56075]]]},"properties":{"class":"Gebaeude.Gebaeude"}},{"type":"Feature","geometry":{"type":"Polygon","coordinates":[[[7.59166,47.56055],[7.59201,47.56066],[7.5917,47.56052],[7.59166,47.56055]]]},"properties":{"class":"Gebaeude.Gebaeude"}},{"type":"Feature","geometry":{"type":"Polygon","coordinates":[[[7.59174,47.5608],[7.59178,47.56082],[7.59179,47.56081],[7.59176,47.5608],[7.59177,47.56078],[7.59177,47.56078],[7.59177,47.56078],[7.59175,47.56078],[7.59175,47.56078],[7.59174,47.5608]]]},"properties":{"class":"befestigt.uebrige_befestigte.uebrige_befestigte"}},{"type":"Feature","geometry":{"type":"Polygon","coordinates":[[[7.5917,47.56096],[7.59176,47.56098],[7.59187,47.56082],[7.59182,47.5608],[7.5917,47.56096]]]},"properties":{"class":"Gebaeude.Gebaeude"}},{"type":"Feature","geometry":{"type":"Polygon","coordinates":[[[7.59152,47.5609],[7.59158,47.56092],[7.59168,47.5608],[7.59162,47.56078],[7.59152,47.5609]]]},"properties":{"class":"Gebaeude.Gebaeude"}},{"type":"Feature","geometry":{"type":"Polygon","coordinates":[[[7.59205,47.56083],[7.59207,47.56083],[7.5921,47.56084],[7.5921,47.56084],[7.5921,47.56084],[7.5921,47.56084],[7.59211,47.56083],[7.59207,47.56081],[7.59206,47.56082],[7.59205,47.56083]]]},"properties":{"class":"befestigt.uebrige_befestigte.uebrige_befestigte"}},{"type":"Feature","geometry":{"type":"Polygon","coordinates":[[[7.59187,47.56101],[7.59206,47.56108],[7.59222,47.56089],[7.59201,47.56081],[7.59187,47.56101]]]},"properties":{"class":"Gebaeude.Gebaeude"}},{"type":"Feature","geometry":{"type":"Polygon","coordinates":[[[7.59174,47.56048],[7.59196,47.56057],[7.592,47.56052],[7.59178,47.56043],[7.59174,47.56048]]]},"properties":{"class":"Gebaeude.Gebaeude"}},{"type":"Feature","geometry":{"type":"Polygon","coordinates":[[[7.59191,47.56062],[7.59201,47.56066],[7.5921,47.56061],[7.59196,47.56057],[7.59191,47.56062]]]},"properties":{"class":"befestigt.uebrige_befestigte.uebrige_befestigte"}},{"type":"Feature","geometry":{"type":"Polygon","coordinates":[[[7.5924,47.56055],[7.59254,47.5606],[7.59258,47.56056],[7.59243,47.5605],[7.5924,47.56055]]]},"properties":{"class":"Gebaeude.Gebaeude"}},{"type":"Feature","geometry":{"type":"Polygon","coordinates":[[[7.59091,47.56063],[7.59122,47.56074],[7.59152,47.56049],[7.59133,47.5604],[7.59127,47.56045],[7.59118,47.56041],[7.59091,47.56063]]]},"properties":{"class":"Gebaeude.Gebaeude"}},{"type":"Feature","geometry":{"type":"Polygon","coordinates":[[[7.59209,47.56044],[7.5922,47.56048],[7.59224,47.56044],[7.59212,47.56039],[7.59209,47.56044]]]},"properties":{"class":"Gebaeude.Gebaeude"}},{"type":"Feature","geometry":{"type":"Polygon","coordinates":[[[7.59131,47.56037],[7.59152,47.56049],[7.59169,47.56032],[7.5915,47.56023],[7.59131,47.56037]]]},"properties":{"class":"Gebaeude.Gebaeude"}},{"type":"Feature","geometry":{"type":"Polygon","coordinates":[[[7.59283,47.56013],[7.59295,47.5602],[7.59301,47.56016],[7.59289,47.56009],[7.59283,47.56013]]]},"properties":{"class":"Gebaeude.Gebaeude"}},{"type":"Feature","geometry":{"type":"Polygon","coordinates":[[[7.59324,47.55991],[7.59327,47.55993],[7.59339,47.55983],[7.59339,47.55983],[7.59341,47.55984],[7.5935,47.55977],[7.59348,47.55976],[7.59348,47.55976],[7.5934,47.55982],[7.59338,47.5598],[7.59324,47.55991]]]},"properties":{"class":"befestigt.uebrige_befestigte.uebrige_befestigte"}},{"type":"Feature","geometry":{"type":"Polygon","coordinates":[[[7.59286,47.55972],[7.59284,47.55975],[7.59291,47.55982],[7.59319,47.55999],[7.59348,47.55976],[7.59307,47.55956],[7.59292,47.55962],[7.59286,47.55972]]]},"properties":{"class":"Gebaeude.Gebaeude"}},{"type":"Feature","geometry":{"type":"Polygon","coordinates":[[[7.59237,47.55953],[7.59253,47.55963],[7.59265,47.55954],[7.59248,47.55944],[7.59237,47.55953]]]},"properties":{"class":"Gebaeude.Gebaeude"}},{"type":"Feature","geometry":{"type":"Polygon","coordinates":[[[7.59259,47.55937],[7.59274,47.55946],[7.59279,47.55942],[7.59265,47.55933],[7.59259,47.55937]]]},"properties":{"class":"Gebaeude.Gebaeude"}},{"type":"Feature","geometry":{"type":"Polygon","coordinates":[[[7.5926,47.55972],[7.59267,47.55977],[7.59267,47.55977],[7.59268,47.55977],[7.5927,47.55975],[7.59265,47.55971],[7.59263,47.5597],[7.5926,47.55972]]]},"properties":{"class":"Gebaeude.Gebaeude"}},{"type":"Feature","geometry":{"type":"Polygon","coordinates":[[[7.59225,47.55961],[7.59241,47.55972],[7.59245,47.55969],[7.59229,47.55958],[7.59225,47.55961]]]},"properties":{"class":"Gebaeude.Gebaeude"}},{"type":"Feature","geometry":{"type":"Polygon","coordinates":[[[7.59229,47.55958],[7.59245,47.55969],[7.59253,47.55963],[7.59237,47.55953],[7.59229,47.55958]]]},"properties":{"class":"Gebaeude.Gebaeude"}},{"type":"Feature","geometry":{"type":"Polygon","coordinates":[[[7.59279,47.56015],[7.59291,47.56024],[7.59295,47.5602],[7.59282,47.56013],[7.59279,47.56015]]]},"properties":{"class":"Gebaeude.Gebaeude"}},{"type":"Feature","geometry":{"type":"Polygon","coordinates":[[[7.59259,47.56022],[7.59281,47.56032],[7.59291,47.56024],[7.5927,47.56012],[7.59259,47.56022]]]},"properties":{"class":"Gebaeude.Gebaeude"}},{"type":"Feature","geometry":{"type":"Polygon","coordinates":[[[7.59235,47.56032],[7.59242,47.56035],[7.59245,47.56032],[7.59238,47.56029],[7.59235,47.56032]]]},"properties":{"class":"Gebaeude.Gebaeude"}},{"type":"Feature","geometry":{"type":"Polygon","coordinates":[[[7.59212,47.56033],[7.59237,47.56042],[7.59242,47.56035],[7.59223,47.56026],[7.59212,47.56033]]]},"properties":{"class":"Gebaeude.Gebaeude"}},{"type":"Feature","geometry":{"type":"Polygon","coordinates":[[[7.59323,47.55922],[7.59359,47.55944],[7.5937,47.55936],[7.59359,47.55928],[7.59353,47.55932],[7.59348,47.5593],[7.59354,47.55925],[7.59338,47.55914],[7.59323,47.55922]]]},"properties":{"class":"Gebaeude.Gebaeude"}},{"type":"Feature","geometry":{"type":"Polygon","coordinates":[[[7.59303,47.5591],[7.59316,47.5592],[7.59325,47.55914],[7.59314,47.55906],[7.59303,47.5591]]]},"properties":{"class":"Gebaeude.Gebaeude"}},{"type":"Feature","geometry":{"type":"Polygon","coordinates":[[[7.59298,47.55913],[7.59311,47.55922],[7.59316,47.5592],[7.59303,47.5591],[7.59298,47.55913]]]},"properties":{"class":"Gebaeude.Gebaeude"}},{"type":"Feature","geometry":{"type":"Polygon","coordinates":[[[7.59292,47.55916],[7.59307,47.55925],[7.59311,47.55922],[7.59298,47.55913],[7.59292,47.55916]]]},"properties":{"class":"Gebaeude.Gebaeude"}},{"type":"Feature","geometry":{"type":"Polygon","coordinates":[[[7.59288,47.55918],[7.59303,47.55927],[7.59307,47.55925],[7.59292,47.55916],[7.59288,47.55918]]]},"properties":{"class":"Gebaeude.Gebaeude"}},{"type":"Feature","geometry":{"type":"Polygon","coordinates":[[[7.59311,47.5605],[7.59325,47.56054],[7.59323,47.56047],[7.59327,47.56041],[7.59357,47.56049],[7.59359,47.56046],[7.59326,47.56036],[7.59311,47.5605]]]},"properties":{"class":"humusiert.Gartenanlage.Gartenanlage"}},{"type":"Feature","geometry":{"type":"Polygon","coordinates":[[[7.59219,47.56113],[7.59285,47.56135],[7.59307,47.561],[7.59299,47.56098],[7.59304,47.56089],[7.59254,47.56075],[7.59219,47.56113]]]},"properties":{"class":"Gebaeude.Gebaeude"}},{"type":"Feature","geometry":{"type":"Polygon","coordinates":[[[7.59333,47.56115],[7.59359,47.56122],[7.59363,47.56118],[7.59336,47.56109],[7.59333,47.56115]]]},"properties":{"class":"Gebaeude.Gebaeude"}},{"type":"Feature","geometry":{"type":"Polygon","coordinates":[[[7.59269,47.5606],[7.59388,47.56093],[7.59394,47.56089],[7.59273,47.56056],[7.59269,47.5606]]]},"properties":{"class":"befestigt.Strasse_Weg"}},{"type":"Feature","geometry":{"type":"Polygon","coordinates":[[[7.58884,47.55551],[7.58908,47.55556],[7.58909,47.55553],[7.58886,47.55548],[7.58884,47.55551]]]},"properties":{"class":"Gebaeude.Gebaeude"}},{"type":"Feature","geometry":{"type":"Polygon","coordinates":[[[7.58878,47.55567],[7.589,47.55571],[7.58903,47.55566],[7.5888,47.55561],[7.58878,47.55567]]]},"properties":{"class":"Gebaeude.Gebaeude"}},{"type":"Feature","geometry":{"type":"Polygon","coordinates":[[[7.58926,47.55589],[7.58931,47.5559],[7.58931,47.55585],[7.58926,47.55589]]]},"properties":{"class":"befestigt.uebrige_befestigte.uebrige_befestigte"}},{"type":"Feature","geometry":{"type":"Polygon","coordinates":[[[7.59193,47.56143],[7.59206,47.56148],[7.59219,47.56131],[7.59207,47.56128],[7.59193,47.56143]]]},"properties":{"class":"Gebaeude.Gebaeude"}},{"type":"Feature","geometry":{"type":"Polygon","coordinates":[[[7.59223,47.56153],[7.59239,47.56158],[7.59251,47.56142],[7.59235,47.56137],[7.59223,47.56153]]]},"properties":{"class":"Gebaeude.Gebaeude"}},{"type":"Feature","geometry":{"type":"Polygon","coordinates":[[[7.59125,47.56086],[7.59272,47.56136],[7.5933,47.56153],[7.59342,47.5615],[7.59209,47.56109],[7.59246,47.56068],[7.59242,47.56067],[7.59206,47.56108],[7.59132,47.56083],[7.59234,47.55992],[7.59287,47.55955],[7.59283,47.55953],[7.59323,47.55922],[7.59396,47.55897],[7.59431,47.55896],[7.59447,47.55906],[7.59442,47.55912],[7.59461,47.55899],[7.59422,47.55892],[7.5939,47.55897],[7.59334,47.55914],[7.59199,47.56018],[7.59125,47.56086]]]},"properties":{"class":"befestigt.Trottoir"}},{"type":"Feature","geometry":{"type":"Polygon","coordinates":[[[7.59029,47.56133],[7.59053,47.56143],[7.59046,47.5615],[7.59055,47.56141],[7.59029,47.56133]]]},"properties":{"class":"befestigt.uebrige_befestigte.uebrige_befestigte"}},{"type":"Feature","geometry":{"type":"Polygon","coordinates":[[[7.59016,47.56147],[7.59034,47.56155],[7.59053,47.56143],[7.59031,47.56134],[7.59016,47.56147]]]},"properties":{"class":"Gebaeude.Gebaeude"}},{"type":"Feature","geometry":{"type":"Polygon","coordinates":[[[7.5898,47.56169],[7.58991,47.56174],[7.59006,47.56157],[7.59026,47.56166],[7.59034,47.56155],[7.59016,47.56147],[7.59031,47.56131],[7.5906,47.56142],[7.59072,47.56127],[7.59057,47.56138],[7.59036,47.56129],[7.59049,47.56117],[7.59038,47.56113],[7.5898,47.56169]]]},"properties":{"class":"humusiert.Gartenanlage.Gartenanlage"}},{"type":"Feature","geometry":{"type":"Polygon","coordinates":[[[7.59039,47.56113],[7.59039,47.56113],[7.59039,47.56113],[7.59039,47.56113],[7.59039,47.56113],[7.59039,47.56113],[7.5904,47.56113],[7.5904,47.56113],[7.59049,47.56117],[7.59049,47.56117],[7.59061,47.56122],[7.59061,47.56122],[7.59061,47.56122],[7.59069,47.56125],[7.5907,47.56126],[7.5907,47.56126],[7.59072,47.56127],[7.59072,47.56126],[7.59074,47.56124],[7.59071,47.56123],[7.59056,47.56118],[7.5905,47.56115],[7.59048,47.56114],[7.59041,47.56111],[7.59039,47.56113]]]},"properties":{"class":"befestigt.Strasse_Weg"}},{"type":"Feature","geometry":{"type":"Polygon","coordinates":[[[7.59036,47.56129],[7.59057,47.56138],[7.59069,47.56125],[7.59049,47.56117],[7.59036,47.56129]]]},"properties":{"class":"Gebaeude.Gebaeude"}},{"type":"Feature","geometry":{"type":"Polygon","coordinates":[[[7.59083,47.56128],[7.59162,47.56162],[7.59201,47.56119],[7.5912,47.56091],[7.59083,47.56128]],[[7.59086,47.56129],[7.59102,47.56109],[7.59107,47.5611],[7.5912,47.56097],[7.59195,47.56123],[7.59168,47.56154],[7.59145,47.56148],[7.59142,47.56152],[7.59086,47.56129]]]},"properties":{"class":"befestigt.Trottoir"}},{"type":"Feature","geometry":{"type":"Polygon","coordinates":[[[7.59053,47.5611],[7.59079,47.56119],[7.59083,47.56114],[7.59057,47.56105],[7.59053,47.5611]]]},"properties":{"class":"Gebaeude.Gebaeude"}},{"type":"Feature","geometry":{"type":"Polygon","coordinates":[[[7.59145,47.56148],[7.59168,47.56154],[7.59173,47.56148],[7.59155,47.56145],[7.59157,47.56142],[7.59151,47.5614],[7.59145,47.56148]]]},"properties":{"class":"Gebaeude.Gebaeude"}},{"type":"Feature","geometry":{"type":"Polygon","coordinates":[[[7.58544,47.55799],[7.58617,47.55803],[7.58617,47.55807],[7.5862,47.55803],[7.5867,47.55801],[7.5862,47.55802],[7.58619,47.55787],[7.58598,47.55757],[7.58615,47.558],[7.58555,47.55798],[7.58561,47.55693],[7.58552,47.5569],[7.58544,47.55799]]]},"properties":{"class":"befestigt.Strasse_Weg"}},{"type":"Feature","geometry":{"type":"Polygon","coordinates":[[[7.58627,47.55788],[7.58629,47.55794],[7.58643,47.55793],[7.58642,47.55787],[7.58627,47.55788]]]},"properties":{"class":"befestigt.uebrige_befestigte.uebrige_befestigte"}},{"type":"Feature","geometry":{"type":"Polygon","coordinates":[[[7.58642,47.55787],[7.58643,47.55793],[7.5867,47.55794],[7.58671,47.55787],[7.58642,47.55787]]]},"properties":{"class":"Gebaeude.Gebaeude"}},{"type":"Feature","geometry":{"type":"Polygon","coordinates":[[[7.58618,47.55787],[7.58619,47.55796],[7.58629,47.55794],[7.58627,47.55788],[7.58618,47.55787]]]},"properties":{"class":"Gebaeude.Gebaeude"}},{"type":"Feature","geometry":{"type":"Polygon","coordinates":[[[7.58589,47.55786],[7.58589,47.55792],[7.58613,47.55791],[7.58612,47.55785],[7.58589,47.55786]]]},"properties":{"class":"Gebaeude.Gebaeude"}},{"type":"Feature","geometry":{"type":"Polygon","coordinates":[[[7.58614,47.55739],[7.58621,47.55749],[7.58636,47.55739],[7.58632,47.55734],[7.58614,47.55739]]]},"properties":{"class":"befestigt.uebrige_befestigte.uebrige_befestigte"}},{"type":"Feature","geometry":{"type":"Polygon","coordinates":[[[7.58611,47.55753],[7.58652,47.5574],[7.58648,47.55736],[7.58611,47.55753]]]},"properties":{"class":"Gebaeude.Gebaeude"}},{"type":"Feature","geometry":{"type":"Polygon","coordinates":[[[7.58636,47.55753],[7.58639,47.55757],[7.58661,47.5575],[7.58657,47.55746],[7.58636,47.55753]]]},"properties":{"class":"Gebaeude.Gebaeude"}},{"type":"Feature","geometry":{"type":"Polygon","coordinates":[[[7.58558,47.55722],[7.58572,47.55721],[7.58573,47.55716],[7.58558,47.55717],[7.58558,47.55722]]]},"properties":{"class":"Gebaeude.Gebaeude"}},{"type":"Feature","geometry":{"type":"Polygon","coordinates":[[[7.58568,47.55709],[7.58573,47.55709],[7.58576,47.55695],[7.58571,47.55694],[7.58568,47.55709]]]},"properties":{"class":"Gebaeude.Gebaeude"}},{"type":"Feature","geometry":{"type":"Polygon","coordinates":[[[7.58565,47.55706],[7.58568,47.55706],[7.58571,47.55694],[7.58567,47.55693],[7.58565,47.55706]]]},"properties":{"class":"Gebaeude.Gebaeude"}},{"type":"Feature","geometry":{"type":"Polygon","coordinates":[[[7.58568,47.55712],[7.58572,47.55721],[7.5858,47.55721],[7.58581,47.55711],[7.58569,47.55709],[7.58568,47.55712]]]},"properties":{"class":"befestigt.uebrige_befestigte.uebrige_befestigte"}},{"type":"Feature","geometry":{"type":"Polygon","coordinates":[[[7.58576,47.55722],[7.58579,47.55726],[7.58584,47.55725],[7.58588,47.55724],[7.58585,47.5572],[7.58596,47.5572],[7.58621,47.55707],[7.58611,47.55704],[7.58598,47.55714],[7.58576,47.55722]]]},"properties":{"class":"Gebaeude.Gebaeude"}},{"type":"Feature","geometry":{"type":"Polygon","coordinates":[[[7.58557,47.55727],[7.58557,47.55738],[7.58581,47.55735],[7.58579,47.55727],[7.58575,47.55727],[7.58576,47.55735],[7.58566,47.55736],[7.58569,47.55727],[7.58557,47.55727]]]},"properties":{"class":"Gebaeude.Gebaeude"}},{"type":"Feature","geometry":{"type":"Polygon","coordinates":[[[7.58555,47.55798],[7.5857,47.55799],[7.5857,47.55792],[7.58555,47.55792],[7.58555,47.55798]]]},"properties":{"class":"Gebaeude.Gebaeude"}},{"type":"Feature","geometry":{"type":"Polygon","coordinates":[[[7.58555,47.55792],[7.5858,47.55791],[7.5858,47.55786],[7.58555,47.55786],[7.58555,47.55792]]]},"properties":{"class":"Gebaeude.Gebaeude"}},{"type":"Feature","geometry":{"type":"Polygon","coordinates":[[[7.58555,47.55786],[7.58578,47.55786],[7.58577,47.55775],[7.58556,47.55775],[7.58555,47.55786]]]},"properties":{"class":"Gebaeude.Gebaeude"}},{"type":"Feature","geometry":{"type":"Polygon","coordinates":[[[7.58566,47.55736],[7.58576,47.55735],[7.58575,47.55727],[7.58566,47.55729],[7.58566,47.55736]]]},"properties":{"class":"befestigt.uebrige_befestigte.uebrige_befestigte"}},{"type":"Feature","geometry":{"type":"Polygon","coordinates":[[[7.58557,47.55751],[7.58571,47.5575],[7.5857,47.55743],[7.58557,47.55744],[7.58557,47.55751]]]},"properties":{"class":"Gebaeude.Gebaeude"}},{"type":"Feature","geometry":{"type":"Polygon","coordinates":[[[7.58646,47.55793],[7.58647,47.55801],[7.58654,47.55801],[7.58653,47.55793],[7.58646,47.55793]]]},"properties":{"class":"Gebaeude.Gebaeude"}},{"type":"Feature","geometry":{"type":"Polygon","coordinates":[[[7.58653,47.55793],[7.58654,47.55801],[7.58656,47.55797],[7.5867,47.55797],[7.5867,47.55794],[7.58653,47.55793]]]},"properties":{"class":"Gebaeude.Gebaeude"}},{"type":"Feature","geometry":{"type":"Polygon","coordinates":[[[7.58582,47.55714],[7.58595,47.55715],[7.58582,47.55711],[7.58582,47.55714]]]},"properties":{"class":"befestigt.uebrige_befestigte.uebrige_befestigte"}},{"type":"Feature","geometry":{"type":"Polygon","coordinates":[[[7.58585,47.55714],[7.58585,47.55714],[7.58585,47.55715],[7.58585,47.55718],[7.58587,47.55718],[7.58588,47.55718],[7.58588,47.55714],[7.58587,47.55714],[7.58585,47.55714],[7.58585,47.55714]]]},"properties":{"class":"Gebaeude.Gebaeude"}},{"type":"Feature","geometry":{"type":"Polygon","coordinates":[[[7.5865,47.56041],[7.58651,47.5605],[7.58674,47.56041],[7.58672,47.56033],[7.5865,47.56034],[7.5865,47.56041]]]},"properties":{"class":"befestigt.uebrige_befestigte.uebrige_befestigte"}},{"type":"Feature","geometry":{"type":"Polygon","coordinates":[[[7.58517,47.56054],[7.58573,47.56119],[7.58597,47.56133],[7.58616,47.56131],[7.58667,47.56098],[7.58634,47.56068],[7.58629,47.56057],[7.58623,47.56059],[7.58638,47.56085],[7.58646,47.56085],[7.58663,47.56097],[7.58607,47.5613],[7.58588,47.56115],[7.58577,47.5612],[7.58519,47.56051],[7.58517,47.56054]]]},"properties":{"class":"befestigt.Trottoir"}},{"type":"Feature","geometry":{"type":"Polygon","coordinates":[[[7.58711,47.56037],[7.58716,47.56043],[7.58718,47.56045],[7.58718,47.56045],[7.58719,47.56045],[7.58719,47.56046],[7.58719,47.56046],[7.58719,47.56046],[7.5872,47.56047],[7.5872,47.56047],[7.5872,47.56047],[7.5872,47.56047],[7.5872,47.56047],[7.5872,47.56047],[7.5872,47.56047],[7.5872,47.56047],[7.5872,47.56047],[7.5872,47.56047],[7.5872,47.56047],[7.5872,47.56047],[7.5872,47.56047],[7.5872,47.56047],[7.5872,47.56047],[7.5872,47.56047],[7.5872,47.56047],[7.58721,47.56047],[7.58721,47.56047],[7.58721,47.56047],[7.58721,47.56047],[7.58721,47.56047],[7.58721,47.56047],[7.58721,47.56047],[7.58721,47.56047],[7.58721,47.56047],[7.58721,47.56047],[7.58721,47.56047],[7.58721,47.56047],[7.58721,47.56047],[7.58721,47.56047],[7.58721,47.56047],[7.58721,47.56047],[7.58721,47.56047],[7.58721,47.56047],[7.58721,47.56047],[7.58721,47.56047],[7.58721,47.56047],[7.58721,47.56046],[7.58721,47.56046],[7.58721,47.56046],[7.5872,47.56045],[7.5872,47.56045],[7.5872,47.56044],[7.5872,47.56044],[7.5872,47.56044],[7.5872,47.56044],[7.5872,47.56044],[7.5872,47.56044],[7.58719,47.56043],[7.58719,47.56043],[7.58719,47.56042],[7.58718,47.56042],[7.58718,47.56042],[7.58718,47.56041],[7.58717,47.56041],[7.58716,47.56039],[7.58712,47.56036],[7.58712,47.56036],[7.58712,47.56036],[7.58712,47.56036],[7.58712,47.56036],[7.58712,47.56036],[7.58712,47.56036],[7.58712,47.56036],[7.58712,47.56036],[7.58712,47.56036],[7.58711,47.56036],[7.58711,47.56036],[7.58711,47.56036],[7.58711,47.56036],[7.58711,47.56036],[7.58711,47.56036],[7.58711,47.56036],[7.58711,47.56036],[7.58711,47.56036],[7.58711,47.56036],[7.58711,47.56036],[7.58711,47.56036],[7.58711,47.56036],[7.58711,47.56036],[7.58711,47.56036],[7.58711,47.56036],[7.58711,47.56036],[7.58711,47.56036],[7.58711,47.56036],[7.58711,47.56036],[7.58711,47.56036],[7.58711,47.56036],[7.58711,47.56036],[7.58711,47.56036],[7.58711,47.56037],[7.58711,47.56037],[7.58711,47.56037],[7.58711,47.56037],[7.58711,47.56037],[7.58711,47.56037],[7.58711,47.56037],[7.58711,47.56037]]]},"properties":{"class":"befestigt.Verkehrsinsel"}},{"type":"Feature","geometry":{"type":"Polygon","coordinates":[[[7.58708,47.56013],[7.58717,47.56027],[7.58736,47.56029],[7.58749,47.56016],[7.58733,47.56011],[7.58708,47.56013]]]},"properties":{"class":"Gebaeude.Gebaeude"}},{"type":"Feature","geometry":{"type":"MultiPolygon","coordinates":[[[[7.5862,47.56153],[7.58625,47.56159],[7.58652,47.56164],[7.58648,47.5618],[7.58667,47.56162],[7.58629,47.56154],[7.58634,47.56146],[7.58686,47.56109],[7.58689,47.56111],[7.58699,47.56107],[7.58718,47.56092],[7.58773,47.56016],[7.58797,47.56],[7.58813,47.56011],[7.58791,47.56027],[7.58788,47.56032],[7.58794,47.56034],[7.58786,47.56044],[7.58851,47.55984],[7.58873,47.55972],[7.58847,47.55971],[7.58811,47.55993],[7.58774,47.56007],[7.58715,47.56082],[7.5862,47.56153]],[[7.58827,47.5599],[7.58833,47.55993],[7.58824,47.55992],[7.58827,47.5599]]]]},"properties":{"class":"befestigt.Trottoir"}},{"type":"Feature","geometry":{"type":"Polygon","coordinates":[[[7.58728,47.56081],[7.58747,47.56088],[7.58757,47.56076],[7.58736,47.5607],[7.58728,47.56081]]]},"properties":{"class":"Gebaeude.Gebaeude"}},{"type":"Feature","geometry":{"type":"Polygon","coordinates":[[[7.58718,47.56092],[7.58734,47.56102],[7.58744,47.56092],[7.58725,47.56085],[7.58718,47.56092]]]},"properties":{"class":"Gebaeude.Gebaeude"}},{"type":"Feature","geometry":{"type":"Polygon","coordinates":[[[7.58587,47.55961],[7.58598,47.55968],[7.58607,47.55964],[7.58612,47.5597],[7.58605,47.55973],[7.58607,47.55975],[7.58624,47.55967],[7.5861,47.55954],[7.58587,47.55961]]]},"properties":{"class":"Gebaeude.Gebaeude"}},{"type":"Feature","geometry":{"type":"Polygon","coordinates":[[[7.58603,47.5594],[7.58604,47.55949],[7.5867,47.55944],[7.58668,47.55935],[7.58603,47.5594]]]},"properties":{"class":"Gebaeude.Gebaeude"}},{"type":"Feature","geometry":{"type":"Polygon","coordinates":[[[7.5847,47.55947],[7.58474,47.55958],[7.58489,47.55957],[7.5849,47.5596],[7.58483,47.55964],[7.58498,47.55962],[7.58495,47.55945],[7.5847,47.55947]]]},"properties":{"class":"Gebaeude.Gebaeude"}},{"type":"Feature","geometry":{"type":"Polygon","coordinates":[[[7.5858,47.5598],[7.58585,47.55984],[7.586,47.55978],[7.5859,47.55972],[7.5858,47.5598]]]},"properties":{"class":"Gebaeude.Gebaeude"}},{"type":"Feature","geometry":{"type":"Polygon","coordinates":[[[7.58566,47.55981],[7.58578,47.55982],[7.5859,47.55972],[7.58585,47.55969],[7.58566,47.55981]]]},"properties":{"class":"Gebaeude.Gebaeude"}},{"type":"Feature","geometry":{"type":"Polygon","coordinates":[[[7.58502,47.55951],[7.58504,47.55959],[7.58518,47.5596],[7.58516,47.55949],[7.58502,47.55951]]]},"properties":{"class":"Gebaeude.Gebaeude"}},{"type":"Feature","geometry":{"type":"Polygon","coordinates":[[[7.58551,47.55946],[7.58552,47.55952],[7.58565,47.55951],[7.58564,47.55944],[7.58551,47.55946]]]},"properties":{"class":"Gebaeude.Gebaeude"}},{"type":"Feature","geometry":{"type":"Polygon","coordinates":[[[7.58555,47.55953],[7.58556,47.55955],[7.58556,47.55955],[7.58556,47.55955],[7.58559,47.55955],[7.58559,47.55954],[7.58558,47.55953],[7.58555,47.55953]]]},"properties":{"class":"befestigt.uebrige_befestigte.uebrige_befestigte"}},{"type":"Feature","geometry":{"type":"Polygon","coordinates":[[[7.58524,47.55984],[7.5854,47.55993],[7.58558,47.55985],[7.58549,47.55978],[7.58524,47.55984]]]},"properties":{"class":"Gebaeude.Gebaeude"}},{"type":"Feature","geometry":{"type":"Polygon","coordinates":[[[7.58483,47.55983],[7.5849,47.55997],[7.58515,47.5599],[7.5851,47.55978],[7.58483,47.55983]]]},"properties":{"class":"Gebaeude.Gebaeude"}},{"type":"Feature","geometry":{"type":"Polygon","coordinates":[[[7.58562,47.55973],[7.58569,47.55978],[7.58585,47.55969],[7.58578,47.55963],[7.58562,47.55973]]]},"properties":{"class":"Gebaeude.Gebaeude"}},{"type":"Feature","geometry":{"type":"Polygon","coordinates":[[[7.5858,47.55922],[7.58595,47.55921],[7.58594,47.55915],[7.5858,47.55922]]]},"properties":{"class":"befestigt.uebrige_befestigte.uebrige_befestigte"}},{"type":"Feature","geometry":{"type":"Polygon","coordinates":[[[7.58601,47.55878],[7.58622,47.55876],[7.58611,47.55876],[7.58608,47.55871],[7.58601,47.55878]]]},"properties":{"class":"befestigt.uebrige_befestigte.uebrige_befestigte"}},{"type":"Feature","geometry":{"type":"Polygon","coordinates":[[[7.58493,47.56012],[7.58498,47.5602],[7.58519,47.56015],[7.58515,47.56008],[7.58534,47.56003],[7.58532,47.55999],[7.58493,47.56012]]]},"properties":{"class":"Gebaeude.Gebaeude"}},{"type":"Feature","geometry":{"type":"Polygon","coordinates":[[[7.58503,47.56023],[7.58516,47.56043],[7.58537,47.56035],[7.58522,47.56018],[7.58503,47.56023]]]},"properties":{"class":"Gebaeude.Gebaeude"}},{"type":"Feature","geometry":{"type":"Polygon","coordinates":[[[7.58524,47.5602],[7.58537,47.56035],[7.5855,47.56028],[7.58543,47.56015],[7.58524,47.5602]]]},"properties":{"class":"befestigt.uebrige_befestigte.uebrige_befestigte"}},{"type":"Feature","geometry":{"type":"Polygon","coordinates":[[[7.58673,47.55929],[7.58681,47.55984],[7.587,47.55982],[7.58694,47.55942],[7.58691,47.55939],[7.58689,47.55944],[7.58691,47.55975],[7.58686,47.55935],[7.58674,47.55924],[7.58673,47.55929]]]},"properties":{"class":"befestigt.Strasse_Weg"}},{"type":"Feature","geometry":{"type":"Polygon","coordinates":[[[7.58581,47.5602],[7.58589,47.56029],[7.58604,47.56021],[7.58597,47.56012],[7.58581,47.5602]]]},"properties":{"class":"Gebaeude.Gebaeude"}},{"type":"Feature","geometry":{"type":"Polygon","coordinates":[[[7.58587,47.56037],[7.58594,47.56047],[7.58626,47.56038],[7.58624,47.56023],[7.58587,47.56037]]]},"properties":{"class":"befestigt.uebrige_befestigte.uebrige_befestigte"}},{"type":"Feature","geometry":{"type":"Polygon","coordinates":[[[7.58558,47.56032],[7.58574,47.56046],[7.5858,47.5606],[7.58627,47.56046],[7.58626,47.56038],[7.58594,47.56047],[7.58587,47.56037],[7.58624,47.56023],[7.58622,47.56012],[7.58581,47.56032],[7.58573,47.56024],[7.58558,47.56032]]]},"properties":{"class":"Gebaeude.Gebaeude"}},{"type":"Feature","geometry":{"type":"Polygon","coordinates":[[[7.58601,47.56018],[7.58604,47.56021],[7.58608,47.56019],[7.58608,47.56019],[7.58607,47.56019],[7.58605,47.56016],[7.58603,47.56017],[7.58601,47.56018]]]},"properties":{"class":"befestigt.uebrige_befestigte.uebrige_befestigte"}},{"type":"Feature","geometry":{"type":"Polygon","coordinates":[[[7.58565,47.56065],[7.58572,47.56075],[7.58629,47.56057],[7.58627,47.56046],[7.58607,47.56051],[7.58612,47.56058],[7.58609,47.56061],[7.58601,47.56063],[7.58596,47.56055],[7.58565,47.56065]]]},"properties":{"class":"Gebaeude.Gebaeude"}},{"type":"Feature","geometry":{"type":"Polygon","coordinates":[[[7.58521,47.56054],[7.58537,47.56074],[7.58554,47.56069],[7.58536,47.56047],[7.58521,47.56054]]]},"properties":{"class":"Gebaeude.Gebaeude"}},{"type":"Feature","geometry":{"type":"Polygon","coordinates":[[[7.58564,47.56057],[7.58569,47.56064],[7.5858,47.5606],[7.58575,47.56053],[7.58564,47.56057]]]},"properties":{"class":"Gebaeude.Gebaeude"}},{"type":"Feature","geometry":{"type":"Polygon","coordinates":[[[7.58553,47.56061],[7.58558,47.56067],[7.58569,47.56064],[7.58564,47.56057],[7.58553,47.56061]]]},"properties":{"class":"Gebaeude.Gebaeude"}},{"type":"Feature","geometry":{"type":"Polygon","coordinates":[[[7.58586,47.5607],[7.58593,47.56079],[7.58626,47.56069],[7.58623,47.56059],[7.58586,47.5607]]]},"properties":{"class":"Gebaeude.Gebaeude"}},{"type":"Feature","geometry":{"type":"Polygon","coordinates":[[[7.58618,47.561],[7.58636,47.56113],[7.58649,47.56105],[7.58633,47.56093],[7.58618,47.561]]]},"properties":{"class":"Gebaeude.Gebaeude"}},{"type":"Feature","geometry":{"type":"Polygon","coordinates":[[[7.58569,47.56099],[7.58593,47.56091],[7.58585,47.56082],[7.5857,47.56088],[7.58577,47.56096],[7.58569,47.56099]]]},"properties":{"class":"Gebaeude.Gebaeude"}},{"type":"Feature","geometry":{"type":"Polygon","coordinates":[[[7.5855,47.5609],[7.58563,47.56104],[7.58577,47.56096],[7.58563,47.56079],[7.5855,47.5609]]]},"properties":{"class":"humusiert.Gartenanlage.Gartenanlage"}},{"type":"Feature","geometry":{"type":"Polygon","coordinates":[[[7.58672,47.56119],[7.58691,47.56129],[7.58695,47.56124],[7.58678,47.56115],[7.58672,47.56119]]]},"properties":{"class":"Gebaeude.Gebaeude"}},{"type":"Feature","geometry":{"type":"Polygon","coordinates":[[[7.58695,47.56124],[7.58699,47.56126],[7.58705,47.56121],[7.58702,47.56118],[7.58695,47.56124]]]},"properties":{"class":"befestigt.uebrige_befestigte.uebrige_befestigte"}},{"type":"Feature","geometry":{"type":"Polygon","coordinates":[[[7.58348,47.56085],[7.58358,47.561],[7.58374,47.56087],[7.58478,47.56039],[7.585,47.56066],[7.58508,47.56062],[7.58484,47.56031],[7.5842,47.56057],[7.58419,47.56049],[7.584,47.56054],[7.58399,47.56061],[7.58392,47.56063],[7.58384,47.56059],[7.58362,47.56066],[7.58349,47.56078],[7.58348,47.56085]]]},"properties":{"class":"humusiert.Gartenanlage.Gartenanlage"}},{"type":"Feature","geometry":{"type":"Polygon","coordinates":[[[7.58456,47.56097],[7.5847,47.56111],[7.5849,47.56102],[7.58476,47.56088],[7.58456,47.56097]]]},"properties":{"class":"befestigt.uebrige_befestigte.uebrige_befestigte"}},{"type":"Feature","geometry":{"type":"Polygon","coordinates":[[[7.58428,47.55924],[7.58429,47.55934],[7.58435,47.55933],[7.58434,47.55923],[7.58428,47.55924]]]},"properties":{"class":"humusiert.uebrige_humusierte.uebrige_humusierte"}},{"type":"Feature","geometry":{"type":"Polygon","coordinates":[[[7.58426,47.55979],[7.58434,47.5598],[7.58442,47.55992],[7.58459,47.55986],[7.58453,47.55974],[7.58426,47.55979]]]},"properties":{"class":"Gebaeude.Gebaeude"}},{"type":"Feature","geometry":{"type":"Polygon","coordinates":[[[7.58422,47.55963],[7.58424,47.55967],[7.58448,47.55963],[7.58445,47.55954],[7.58432,47.55956],[7.58434,47.55961],[7.58422,47.55963]]]},"properties":{"class":"Gebaeude.Gebaeude"}},{"type":"Feature","geometry":{"type":"Polygon","coordinates":[[[7.58412,47.55953],[7.58416,47.55964],[7.5842,47.55964],[7.58421,47.55952],[7.58412,47.55953]]]},"properties":{"class":"Gebaeude.Gebaeude"}},{"type":"Feature","geometry":{"type":"Polygon","coordinates":[[[7.58631,47.55993],[7.58631,47.55995],[7.58631,47.55995],[7.58634,47.55995],[7.58634,47.55995],[7.58634,47.55993],[7.58633,47.55993],[7.58631,47.55993]]]},"properties":{"class":"Gebaeude.Gebaeude"}},{"type":"Feature","geometry":{"type":"Polygon","coordinates":[[[7.58575,47.55665],[7.5858,47.5567],[7.58584,47.55666],[7.58575,47.55665]]]},"properties":{"class":"befestigt.uebrige_befestigte.uebrige_befestigte"}},{"type":"Feature","geometry":{"type":"Polygon","coordinates":[[[7.59105,47.55579],[7.5911,47.55581],[7.59115,47.55576],[7.5911,47.55573],[7.59105,47.55579]]]},"properties":{"class":"befestigt.uebrige_befestigte.uebrige_befestigte"}},{"type":"Feature","geometry":{"type":"Polygon","coordinates":[[[7.58824,47.55992],[7.58828,47.55994],[7.5883,47.55995],[7.58833,47.55993],[7.58827,47.5599],[7.58824,47.55992]]]},"properties":{"class":"Gebaeude.Gebaeude"}},{"type":"Feature","geometry":{"type":"Polygon","coordinates":[[[7.5921,47.56015],[7.59233,47.56026],[7.5924,47.56018],[7.59218,47.56007],[7.5921,47.56015]],[[7.59222,47.56017],[7.59224,47.56015],[7.59225,47.56014],[7.59229,47.56016],[7.59227,47.56017],[7.59226,47.56019],[7.59223,47.56018],[7.59222,47.56017]]]},"properties":{"class":"Gebaeude.Gebaeude"}},{"type":"Feature","geometry":{"type":"Polygon","coordinates":[[[7.58617,47.55784],[7.58619,47.55788],[7.58634,47.55787],[7.58632,47.5578],[7.58617,47.55784]]]},"properties":{"class":"Gebaeude.Gebaeude"}},{"type":"Feature","geometry":{"type":"Polygon","coordinates":[[[7.58646,47.55778],[7.58647,47.55783],[7.58671,47.55782],[7.58671,47.55777],[7.58646,47.55778]]]},"properties":{"class":"Gebaeude.Gebaeude"}},{"type":"Feature","geometry":{"type":"Polygon","coordinates":[[[7.59234,47.55625],[7.5924,47.55628],[7.59257,47.55612],[7.59281,47.55624],[7.59261,47.55644],[7.59288,47.5566],[7.59311,47.55634],[7.593,47.55629],[7.59304,47.55626],[7.59296,47.55622],[7.59298,47.55616],[7.59263,47.55599],[7.59234,47.55625]],[[7.59283,47.55644],[7.59296,47.55632],[7.59304,47.55635],[7.59293,47.55649],[7.59283,47.55644]]]},"properties":{"class":"Gebaeude.Gebaeude"}},{"type":"Feature","geometry":{"type":"Polygon","coordinates":[[[7.58611,47.55931],[7.58611,47.55932],[7.58611,47.55932],[7.58614,47.55931],[7.58615,47.55934],[7.58615,47.55934],[7.58622,47.55933],[7.58622,47.55933],[7.58622,47.55933],[7.58622,47.55933],[7.58622,47.55933],[7.58623,47.55933],[7.58623,47.55933],[7.58623,47.55933],[7.58623,47.55933],[7.58623,47.55933],[7.58623,47.55933],[7.58623,47.55933],[7.58623,47.55933],[7.58623,47.55933],[7.58623,47.55933],[7.58623,47.55933],[7.58623,47.55932],[7.58623,47.55932],[7.58623,47.55932],[7.58623,47.55931],[7.58623,47.55931],[7.58623,47.55931],[7.58623,47.55931],[7.58623,47.55931],[7.58623,47.55931],[7.58623,47.55931],[7.58623,47.55931],[7.58623,47.55931],[7.58623,47.55931],[7.58623,47.55931],[7.58623,47.55931],[7.58623,47.5593],[7.58623,47.5593],[7.58623,47.5593],[7.58623,47.5593],[7.58623,47.5593],[7.58623,47.5593],[7.58623,47.5593],[7.58622,47.5593],[7.58622,47.5593],[7.58622,47.5593],[7.58622,47.5593],[7.58622,47.5593],[7.58622,47.5593],[7.5862,47.5593],[7.58619,47.5593],[7.58617,47.5593],[7.58611,47.55931]]]},"properties":{"class":"humusiert.uebrige_humusierte.uebrige_humusierte"}},{"type":"Feature","geometry":{"type":"Polygon","coordinates":[[[7.586,47.55922],[7.58601,47.55928],[7.5862,47.55929],[7.58614,47.55926],[7.58614,47.55919],[7.58623,47.55916],[7.58602,47.55915],[7.586,47.55922]]]},"properties":{"class":"humusiert.uebrige_humusierte.uebrige_humusierte"}},{"type":"Feature","geometry":{"type":"Polygon","coordinates":[[[7.58628,47.55919],[7.58635,47.55919],[7.58635,47.55933],[7.58652,47.55933],[7.58647,47.55932],[7.58649,47.55915],[7.58628,47.55919]]]},"properties":{"class":"humusiert.uebrige_humusierte.uebrige_humusierte"}},{"type":"Feature","geometry":{"type":"Polygon","coordinates":[[[7.58684,47.55867],[7.58718,47.55867],[7.58719,47.55863],[7.58688,47.55863],[7.58684,47.55867]]]},"properties":{"class":"befestigt.Trottoir"}},{"type":"Feature","geometry":{"type":"Polygon","coordinates":[[[7.59026,47.55794],[7.59034,47.55801],[7.59064,47.55776],[7.59099,47.55744],[7.59116,47.55723],[7.59118,47.55713],[7.59137,47.55696],[7.59095,47.55672],[7.59079,47.55684],[7.59055,47.55677],[7.5909,47.55697],[7.59081,47.55702],[7.59103,47.55724],[7.59026,47.55794]]]},"properties":{"class":"befestigt.Strasse_Weg"}},{"type":"Feature","geometry":{"type":"Polygon","coordinates":[[[7.58875,47.55572],[7.58899,47.55577],[7.589,47.55573],[7.58878,47.55567],[7.58875,47.55572]]]},"properties":{"class":"Gebaeude.Gebaeude"}},{"type":"Feature","geometry":{"type":"Polygon","coordinates":[[[7.58426,47.55698],[7.58434,47.55706],[7.58489,47.55687],[7.58519,47.55681],[7.58621,47.55707],[7.58668,47.55761],[7.58674,47.55746],[7.58656,47.55734],[7.58629,47.55699],[7.58621,47.55695],[7.5861,47.55697],[7.58521,47.55675],[7.58513,47.55672],[7.58511,47.55662],[7.58467,47.55685],[7.58426,47.55698]]]},"properties":{"class":"befestigt.Strasse_Weg"}},{"type":"Feature","geometry":{"type":"Polygon","coordinates":[[[7.59092,47.55592],[7.5911,47.55604],[7.59127,47.55583],[7.59115,47.55576],[7.5911,47.55581],[7.59105,47.55579],[7.59092,47.55592]]]},"properties":{"class":"Gebaeude.Gebaeude"}},{"type":"Feature","geometry":{"type":"Polygon","coordinates":[[[7.59062,47.55625],[7.59078,47.55632],[7.59108,47.55602],[7.59092,47.55594],[7.59062,47.55625]]]},"properties":{"class":"Gebaeude.Gebaeude"}},{"type":"Feature","geometry":{"type":"Polygon","coordinates":[[[7.58746,47.55613],[7.58754,47.55617],[7.58761,47.55615],[7.58757,47.5561],[7.58746,47.55613]]]},"properties":{"class":"Gebaeude.Gebaeude"}},{"type":"Feature","geometry":{"type":"Polygon","coordinates":[[[7.59206,47.56148],[7.59221,47.56157],[7.59235,47.56137],[7.59219,47.56131],[7.59206,47.56148]]]},"properties":{"class":"Gebaeude.Gebaeude"}},{"type":"Feature","geometry":{"type":"Polygon","coordinates":[[[7.59048,47.56114],[7.59075,47.56125],[7.59079,47.56119],[7.59053,47.5611],[7.59048,47.56114]]]},"properties":{"class":"Gebaeude.Gebaeude"}},{"type":"Feature","geometry":{"type":"Polygon","coordinates":[[[7.59155,47.56125],[7.59168,47.56124],[7.59174,47.56116],[7.59165,47.56112],[7.59155,47.56125]]]},"properties":{"class":"Gebaeude.Gebaeude"}},{"type":"Feature","geometry":{"type":"Polygon","coordinates":[[[7.59132,47.56147],[7.59142,47.56152],[7.59151,47.5614],[7.59173,47.56148],[7.59189,47.5613],[7.59162,47.56122],[7.59159,47.56127],[7.59149,47.56124],[7.59132,47.56147]]]},"properties":{"class":"Gebaeude.Gebaeude"}},{"type":"Feature","geometry":{"type":"Polygon","coordinates":[[[7.59168,47.56124],[7.59189,47.5613],[7.59195,47.56123],[7.59174,47.56116],[7.59168,47.56124]]]},"properties":{"class":"Gebaeude.Gebaeude"}},{"type":"Feature","geometry":{"type":"Polygon","coordinates":[[[7.59041,47.56111],[7.59048,47.56114],[7.59066,47.56097],[7.59059,47.56093],[7.59041,47.56111]]]},"properties":{"class":"befestigt.uebrige_befestigte.uebrige_befestigte"}},{"type":"Feature","geometry":{"type":"Polygon","coordinates":[[[7.59091,47.56122],[7.59123,47.56132],[7.59133,47.56119],[7.59102,47.56109],[7.59091,47.56122]]]},"properties":{"class":"Gebaeude.Gebaeude"}},{"type":"Feature","geometry":{"type":"Polygon","coordinates":[[[7.59057,47.56105],[7.59083,47.56114],[7.59086,47.56109],[7.59061,47.56101],[7.59057,47.56105]]]},"properties":{"class":"Gebaeude.Gebaeude"}},{"type":"Feature","geometry":{"type":"Polygon","coordinates":[[[7.59148,47.55714],[7.59158,47.55719],[7.5915,47.55725],[7.59164,47.55735],[7.59182,47.55723],[7.59157,47.55707],[7.59148,47.55714]]]},"properties":{"class":"Gebaeude.Gebaeude"}},{"type":"Feature","geometry":{"type":"Polygon","coordinates":[[[7.58928,47.5571],[7.58956,47.55729],[7.58936,47.55747],[7.59026,47.55794],[7.59025,47.55789],[7.58947,47.55746],[7.5902,47.55678],[7.5904,47.55682],[7.59043,47.55678],[7.59055,47.55677],[7.59017,47.55669],[7.59025,47.55657],[7.58991,47.55644],[7.59017,47.55657],[7.59012,47.55674],[7.5898,47.55709],[7.58955,47.55722],[7.58928,47.5571]]]},"properties":{"class":"befestigt.Strasse_Weg"}},{"type":"Feature","geometry":{"type":"Polygon","coordinates":[[[7.59122,47.5571],[7.5915,47.55725],[7.59158,47.55719],[7.59145,47.55711],[7.59157,47.55707],[7.59137,47.55696],[7.59122,47.5571]]]},"properties":{"class":"Gebaeude.Gebaeude"}},{"type":"Feature","geometry":{"type":"Polygon","coordinates":[[[7.58973,47.5576],[7.59027,47.55791],[7.59072,47.55749],[7.59032,47.55736],[7.59047,47.55716],[7.5902,47.55706],[7.5903,47.55688],[7.59036,47.5569],[7.5904,47.55682],[7.5902,47.55678],[7.58985,47.55711],[7.59002,47.55719],[7.58999,47.55724],[7.59006,47.55728],[7.58995,47.55739],[7.59033,47.55758],[7.59016,47.55773],[7.5898,47.55754],[7.58973,47.5576]]]},"properties":{"class":"Gebaeude.Gebaeude"}},{"type":"Feature","geometry":{"type":"Polygon","coordinates":[[[7.58957,47.55752],[7.58973,47.5576],[7.58986,47.55749],[7.58981,47.55746],[7.58972,47.55751],[7.58968,47.55746],[7.58957,47.55752]]]},"properties":{"class":"Gebaeude.Gebaeude"}},{"type":"Feature","geometry":{"type":"Polygon","coordinates":[[[7.59067,47.55744],[7.59077,47.5575],[7.59083,47.55744],[7.59074,47.55738],[7.59067,47.55744]]]},"properties":{"class":"Gebaeude.Gebaeude"}},{"type":"Feature","geometry":{"type":"Polygon","coordinates":[[[7.59053,47.55719],[7.59055,47.55724],[7.5907,47.55717],[7.59077,47.55723],[7.59093,47.55715],[7.59081,47.55702],[7.59053,47.55719]]]},"properties":{"class":"Gebaeude.Gebaeude"}},{"type":"Feature","geometry":{"type":"Polygon","coordinates":[[[7.59049,47.55701],[7.59053,47.55702],[7.5906,47.55696],[7.59069,47.55701],[7.59082,47.55692],[7.59066,47.55685],[7.59049,47.55701]]]},"properties":{"class":"Gebaeude.Gebaeude"}},{"type":"Feature","geometry":{"type":"Polygon","coordinates":[[[7.5904,47.55697],[7.59049,47.55701],[7.59066,47.55685],[7.59055,47.5568],[7.5904,47.55697]]]},"properties":{"class":"Gebaeude.Gebaeude"}},{"type":"Feature","geometry":{"type":"Polygon","coordinates":[[[7.59047,47.55723],[7.59053,47.55729],[7.59049,47.55732],[7.59059,47.55739],[7.59079,47.55725],[7.59074,47.55723],[7.5906,47.55732],[7.59053,47.55725],[7.59054,47.5572],[7.59047,47.55723]]]},"properties":{"class":"Gebaeude.Gebaeude"}},{"type":"Feature","geometry":{"type":"Polygon","coordinates":[[[7.58994,47.55717],[7.58996,47.55717],[7.58998,47.55718],[7.58998,47.5572],[7.58996,47.55721],[7.58999,47.55723],[7.59001,47.55722],[7.59002,47.55719],[7.58995,47.55716],[7.58994,47.55717]]]},"properties":{"class":"befestigt.uebrige_befestigte.uebrige_befestigte"}},{"type":"Feature","geometry":{"type":"Polygon","coordinates":[[[7.59181,47.5564],[7.59218,47.55661],[7.59236,47.55666],[7.59237,47.5567],[7.59238,47.55665],[7.59255,47.55668],[7.59255,47.55671],[7.59265,47.55666],[7.59268,47.5567],[7.59266,47.55666],[7.59273,47.5566],[7.59279,47.5566],[7.59261,47.55644],[7.59268,47.55636],[7.59255,47.5563],[7.59251,47.55633],[7.5921,47.55613],[7.59181,47.5564]]]},"properties":{"class":"Gebaeude.Gebaeude"}},{"type":"Feature","geometry":{"type":"Polygon","coordinates":[[[7.59284,47.5558],[7.59298,47.55586],[7.59289,47.55594],[7.593,47.556],[7.59285,47.55609],[7.59298,47.55616],[7.59294,47.55619],[7.59298,47.55621],[7.59321,47.55599],[7.59359,47.55617],[7.59364,47.55614],[7.59348,47.556],[7.59354,47.55594],[7.59343,47.55588],[7.59348,47.55584],[7.59302,47.55564],[7.59335,47.55583],[7.59322,47.55595],[7.59288,47.55577],[7.59284,47.5558]]]},"properties":{"class":"befestigt.uebrige_befestigte.uebrige_befestigte"}},{"type":"Feature","geometry":{"type":"Polygon","coordinates":[[[7.59252,47.55706],[7.59267,47.55704],[7.59284,47.55695],[7.59315,47.55673],[7.59327,47.55654],[7.59357,47.55635],[7.59378,47.5563],[7.59364,47.55614],[7.59324,47.55639],[7.59312,47.55634],[7.5929,47.55659],[7.59308,47.55673],[7.59252,47.55706]]]},"properties":{"class":"humusiert.Gartenanlage.Gartenanlage"}},{"type":"Feature","geometry":{"type":"Polygon","coordinates":[[[7.59243,47.55687],[7.59259,47.55701],[7.59247,47.55706],[7.59251,47.55713],[7.59265,47.5571],[7.59309,47.55686],[7.59332,47.55658],[7.59382,47.55635],[7.59374,47.55628],[7.59357,47.55635],[7.59327,47.55654],[7.59315,47.55673],[7.59267,47.55704],[7.59252,47.55706],[7.59266,47.55698],[7.59252,47.55688],[7.59243,47.55687]]]},"properties":{"class":"befestigt.uebrige_befestigte.uebrige_befestigte"}},{"type":"Feature","geometry":{"type":"Polygon","coordinates":[[[7.5928,47.55607],[7.59285,47.55609],[7.5929,47.55605],[7.5928,47.55607]]]},"properties":{"class":"Gebaeude.Gebaeude"}},{"type":"Feature","geometry":{"type":"Polygon","coordinates":[[[7.59283,47.55644],[7.59293,47.55649],[7.59304,47.55635],[7.59296,47.55632],[7.59283,47.55644]]]},"properties":{"class":"humusiert.Gartenanlage.Gartenanlage"}},{"type":"Feature","geometry":{"type":"Polygon","coordinates":[[[7.59115,47.55576],[7.59124,47.5558],[7.59134,47.55571],[7.59124,47.55567],[7.59115,47.55576]]]},"properties":{"class":"Gebaeude.Gebaeude"}},{"type":"Feature","geometry":{"type":"Polygon","coordinates":[[[7.59059,47.55625],[7.59063,47.55627],[7.59097,47.55594],[7.59092,47.55592],[7.59083,47.55598],[7.59059,47.55625]]]},"properties":{"class":"befestigt.uebrige_befestigte.uebrige_befestigte"}},{"type":"Feature","geometry":{"type":"Polygon","coordinates":[[[7.59025,47.55608],[7.59059,47.55623],[7.59069,47.55613],[7.59034,47.55599],[7.59025,47.55608]]]},"properties":{"class":"Gebaeude.Gebaeude"}},{"type":"Feature","geometry":{"type":"Polygon","coordinates":[[[7.59014,47.5562],[7.59041,47.55632],[7.59054,47.5562],[7.59025,47.55608],[7.59014,47.5562]]]},"properties":{"class":"Gebaeude.Gebaeude"}},{"type":"Feature","geometry":{"type":"Polygon","coordinates":[[[7.59003,47.55631],[7.59039,47.55646],[7.59047,47.55636],[7.59014,47.5562],[7.59003,47.55631]]]},"properties":{"class":"Gebaeude.Gebaeude"}},{"type":"Feature","geometry":{"type":"Polygon","coordinates":[[[7.58991,47.55644],[7.59026,47.55657],[7.59035,47.55653],[7.58997,47.55637],[7.58991,47.55644]]]},"properties":{"class":"Gebaeude.Gebaeude"}},{"type":"Feature","geometry":{"type":"Polygon","coordinates":[[[7.59169,47.55523],[7.59211,47.55535],[7.59192,47.55577],[7.59185,47.5558],[7.5921,47.55594],[7.59213,47.55592],[7.59219,47.55599],[7.59235,47.55589],[7.59218,47.55579],[7.59236,47.55563],[7.59222,47.55555],[7.59225,47.55552],[7.59218,47.55548],[7.59225,47.55543],[7.59265,47.55565],[7.59236,47.55589],[7.59248,47.55596],[7.59297,47.55556],[7.59273,47.55542],[7.59282,47.55532],[7.59269,47.55526],[7.59264,47.55532],[7.59276,47.55536],[7.59269,47.55541],[7.59254,47.55534],[7.59267,47.5552],[7.5925,47.55515],[7.59232,47.55539],[7.59217,47.55534],[7.59225,47.5552],[7.59179,47.55507],[7.59169,47.55523]]]},"properties":{"class":"befestigt.uebrige_befestigte.uebrige_befestigte"}},{"type":"Feature","geometry":{"type":"Polygon","coordinates":[[[7.59087,47.56066],[7.59125,47.56086],[7.5913,47.56082],[7.59124,47.56078],[7.59145,47.56056],[7.59224,47.55987],[7.59298,47.55931],[7.59348,47.55904],[7.59424,47.55886],[7.5935,47.55901],[7.59295,47.55932],[7.5921,47.55995],[7.59122,47.56074],[7.59091,47.56063],[7.59087,47.56066]]]},"properties":{"class":"befestigt.Trottoir"}},{"type":"Feature","geometry":{"type":"Polygon","coordinates":[[[7.5924,47.55987],[7.59283,47.56013],[7.59288,47.56009],[7.59248,47.55981],[7.5924,47.55987]]]},"properties":{"class":"Gebaeude.Gebaeude"}},{"type":"Feature","geometry":{"type":"Polygon","coordinates":[[[7.59174,47.56003],[7.59192,47.56011],[7.59196,47.56008],[7.59178,47.56],[7.59174,47.56003]]]},"properties":{"class":"Gebaeude.Gebaeude"}},{"type":"Feature","geometry":{"type":"Polygon","coordinates":[[[7.59217,47.55967],[7.59233,47.55977],[7.59237,47.55975],[7.59221,47.55964],[7.59217,47.55967]]]},"properties":{"class":"Gebaeude.Gebaeude"}},{"type":"Feature","geometry":{"type":"Polygon","coordinates":[[[7.59213,47.55971],[7.59229,47.55981],[7.59233,47.55977],[7.59217,47.55967],[7.59213,47.55971]]]},"properties":{"class":"Gebaeude.Gebaeude"}},{"type":"Feature","geometry":{"type":"Polygon","coordinates":[[[7.59261,47.55983],[7.59289,47.56001],[7.59298,47.56004],[7.59303,47.56],[7.59268,47.55977],[7.59261,47.55983]]]},"properties":{"class":"Gebaeude.Gebaeude"}},{"type":"Feature","geometry":{"type":"Polygon","coordinates":[[[7.59183,47.55995],[7.59201,47.56004],[7.59205,47.56],[7.59188,47.55991],[7.59183,47.55995]]]},"properties":{"class":"Gebaeude.Gebaeude"}},{"type":"Feature","geometry":{"type":"Polygon","coordinates":[[[7.59188,47.55991],[7.59205,47.56],[7.5921,47.55995],[7.59193,47.55986],[7.59188,47.55991]]]},"properties":{"class":"Gebaeude.Gebaeude"}},{"type":"Feature","geometry":{"type":"Polygon","coordinates":[[[7.59203,47.55978],[7.5922,47.55987],[7.59225,47.55984],[7.59208,47.55974],[7.59203,47.55978]]]},"properties":{"class":"Gebaeude.Gebaeude"}},{"type":"Feature","geometry":{"type":"Polygon","coordinates":[[[7.59199,47.55981],[7.59216,47.55991],[7.5922,47.55987],[7.59203,47.55978],[7.59199,47.55981]]]},"properties":{"class":"Gebaeude.Gebaeude"}},{"type":"Feature","geometry":{"type":"Polygon","coordinates":[[[7.59208,47.55974],[7.59225,47.55984],[7.59229,47.55981],[7.59213,47.55971],[7.59208,47.55974]]]},"properties":{"class":"Gebaeude.Gebaeude"}},{"type":"Feature","geometry":{"type":"Polygon","coordinates":[[[7.5927,47.55967],[7.59289,47.5598],[7.59283,47.55974],[7.59288,47.55966],[7.59307,47.55956],[7.59348,47.55976],[7.59355,47.55971],[7.5932,47.55951],[7.59323,47.55948],[7.59299,47.55941],[7.5927,47.55967]]]},"properties":{"class":"befestigt.uebrige_befestigte.uebrige_befestigte"}},{"type":"Feature","geometry":{"type":"Polygon","coordinates":[[[7.5915,47.5607],[7.59168,47.56076],[7.59176,47.56074],[7.59185,47.56062],[7.59166,47.56055],[7.5915,47.5607]]]},"properties":{"class":"Gebaeude.Gebaeude"}},{"type":"Feature","geometry":{"type":"Polygon","coordinates":[[[7.59146,47.56088],[7.59152,47.5609],[7.59162,47.56078],[7.59157,47.56077],[7.59146,47.56088]]]},"properties":{"class":"Gebaeude.Gebaeude"}},{"type":"Feature","geometry":{"type":"Polygon","coordinates":[[[7.5919,47.56086],[7.59195,47.56088],[7.59196,47.56088],[7.59198,47.56085],[7.59197,47.56085],[7.59192,47.56083],[7.59192,47.56083],[7.59192,47.56083],[7.5919,47.56086]]]},"properties":{"class":"befestigt.uebrige_befestigte.uebrige_befestigte"}},{"type":"Feature","geometry":{"type":"Polygon","coordinates":[[[7.59192,47.5603],[7.59258,47.56056],[7.59264,47.56052],[7.59199,47.56026],[7.59192,47.5603]]]},"properties":{"class":"befestigt.Strasse_Weg"}},{"type":"Feature","geometry":{"type":"Polygon","coordinates":[[[7.5922,47.56048],[7.59232,47.56052],[7.59235,47.56048],[7.59224,47.56044],[7.5922,47.56048]]]},"properties":{"class":"Gebaeude.Gebaeude"}},{"type":"Feature","geometry":{"type":"Polygon","coordinates":[[[7.59132,47.56083],[7.59146,47.56088],[7.59151,47.56083],[7.59137,47.56079],[7.59132,47.56083]]]},"properties":{"class":"Gebaeude.Gebaeude"}},{"type":"Feature","geometry":{"type":"Polygon","coordinates":[[[7.59137,47.56079],[7.59151,47.56083],[7.59155,47.56079],[7.59141,47.56075],[7.59137,47.56079]]]},"properties":{"class":"Gebaeude.Gebaeude"}},{"type":"Feature","geometry":{"type":"Polygon","coordinates":[[[7.59191,47.56047],[7.592,47.56052],[7.59197,47.56055],[7.59204,47.56058],[7.59207,47.56054],[7.59202,47.56052],[7.59205,47.56048],[7.59191,47.56047]]]},"properties":{"class":"befestigt.uebrige_befestigte.uebrige_befestigte"}},{"type":"Feature","geometry":{"type":"Polygon","coordinates":[[[7.5915,47.56023],[7.59169,47.56032],[7.59173,47.56028],[7.59156,47.56018],[7.5915,47.56023]]]},"properties":{"class":"Gebaeude.Gebaeude"}},{"type":"Feature","geometry":{"type":"Polygon","coordinates":[[[7.59259,47.5599],[7.59301,47.56016],[7.59313,47.56008],[7.59303,47.56],[7.59298,47.56004],[7.59289,47.56001],[7.59265,47.55986],[7.59259,47.5599]]]},"properties":{"class":"befestigt.uebrige_befestigte.uebrige_befestigte"}},{"type":"Feature","geometry":{"type":"Polygon","coordinates":[[[7.59248,47.55981],[7.59261,47.55989],[7.59268,47.55977],[7.5926,47.55972],[7.59248,47.55981]]]},"properties":{"class":"Gebaeude.Gebaeude"}},{"type":"Feature","geometry":{"type":"Polygon","coordinates":[[[7.59265,47.55971],[7.5927,47.55975],[7.59267,47.55977],[7.59298,47.55997],[7.59305,47.55991],[7.5927,47.55967],[7.59265,47.55971]]]},"properties":{"class":"humusiert.Gartenanlage.Gartenanlage"}},{"type":"Feature","geometry":{"type":"Polygon","coordinates":[[[7.59253,47.55941],[7.5927,47.55951],[7.59274,47.55946],[7.59259,47.55937],[7.59253,47.55941]]]},"properties":{"class":"Gebaeude.Gebaeude"}},{"type":"Feature","geometry":{"type":"Polygon","coordinates":[[[7.59235,47.56023],[7.5925,47.56029],[7.59246,47.56034],[7.59257,47.56038],[7.59264,47.5604],[7.59271,47.56034],[7.5926,47.56027],[7.59256,47.56032],[7.59259,47.56036],[7.5925,47.56033],[7.59254,47.56027],[7.59241,47.56018],[7.59235,47.56023]]]},"properties":{"class":"befestigt.uebrige_befestigte.uebrige_befestigte"}},{"type":"Feature","geometry":{"type":"Polygon","coordinates":[[[7.59243,47.56022],[7.59248,47.56024],[7.59254,47.56027],[7.59254,47.56027],[7.59256,47.56025],[7.59255,47.56025],[7.59249,47.56022],[7.59249,47.56022],[7.59245,47.5602],[7.59245,47.5602],[7.59245,47.5602],[7.59245,47.5602],[7.59243,47.56022]]]},"properties":{"class":"Gebaeude.Gebaeude"}},{"type":"Feature","geometry":{"type":"Polygon","coordinates":[[[7.59262,47.56043],[7.59268,47.56045],[7.59274,47.56038],[7.59268,47.56035],[7.59262,47.56043]]]},"properties":{"class":"Gebaeude.Gebaeude"}},{"type":"Feature","geometry":{"type":"Polygon","coordinates":[[[7.59237,47.56042],[7.5925,47.56047],[7.59257,47.56038],[7.59243,47.56034],[7.59237,47.56042]]]},"properties":{"class":"Gebaeude.Gebaeude"}},{"type":"Feature","geometry":{"type":"Polygon","coordinates":[[[7.59214,47.56026],[7.59217,47.56028],[7.59217,47.56028],[7.59217,47.56028],[7.5922,47.56029],[7.59222,47.56026],[7.59217,47.56023],[7.59217,47.56024],[7.59217,47.56024],[7.59214,47.56026]]]},"properties":{"class":"befestigt.uebrige_befestigte.uebrige_befestigte"}},{"type":"Feature","geometry":{"type":"Polygon","coordinates":[[[7.59199,47.56026],[7.59212,47.56033],[7.59217,47.56023],[7.59207,47.56018],[7.59199,47.56026]]]},"properties":{"class":"Gebaeude.Gebaeude"}},{"type":"Feature","geometry":{"type":"Polygon","coordinates":[[[7.59338,47.55892],[7.5935,47.55901],[7.59358,47.55898],[7.59344,47.55889],[7.59338,47.55892]]]},"properties":{"class":"Gebaeude.Gebaeude"}},{"type":"Feature","geometry":{"type":"Polygon","coordinates":[[[7.59281,47.55922],[7.59295,47.55932],[7.59303,47.55927],[7.59288,47.55918],[7.59281,47.55922]]]},"properties":{"class":"Gebaeude.Gebaeude"}},{"type":"Feature","geometry":{"type":"Polygon","coordinates":[[[7.59265,47.55933],[7.59279,47.55942],[7.59287,47.55937],[7.59273,47.55927],[7.59265,47.55933]]]},"properties":{"class":"Gebaeude.Gebaeude"}},{"type":"Feature","geometry":{"type":"Polygon","coordinates":[[[7.59299,47.55941],[7.59308,47.55945],[7.59311,47.55942],[7.59302,47.55938],[7.59299,47.55941]]]},"properties":{"class":"Gebaeude.Gebaeude"}},{"type":"Feature","geometry":{"type":"Polygon","coordinates":[[[7.59315,47.55928],[7.59334,47.55939],[7.59342,47.55939],[7.59338,47.55942],[7.59343,47.55945],[7.5935,47.55939],[7.59323,47.55922],[7.59315,47.55928]]]},"properties":{"class":"Gebaeude.Gebaeude"}},{"type":"Feature","geometry":{"type":"Polygon","coordinates":[[[7.59333,47.55939],[7.59338,47.55942],[7.59342,47.55939],[7.59333,47.55939]]]},"properties":{"class":"befestigt.uebrige_befestigte.uebrige_befestigte"}},{"type":"Feature","geometry":{"type":"Polygon","coordinates":[[[7.59343,47.55945],[7.59346,47.55947],[7.59351,47.55939],[7.59343,47.55945]]]},"properties":{"class":"befestigt.uebrige_befestigte.uebrige_befestigte"}},{"type":"Feature","geometry":{"type":"Polygon","coordinates":[[[7.59285,47.56039],[7.59302,47.56044],[7.59295,47.56052],[7.5938,47.56073],[7.59378,47.56076],[7.59385,47.56072],[7.59407,47.56079],[7.59414,47.56073],[7.59358,47.56058],[7.59365,47.56047],[7.59359,47.56046],[7.59357,47.56049],[7.59327,47.56041],[7.59324,47.56055],[7.59311,47.5605],[7.59316,47.56042],[7.59293,47.56033],[7.59285,47.56039]],[[7.59325,47.56047],[7.59328,47.56043],[7.59353,47.5605],[7.59349,47.56056],[7.59325,47.56047]]]},"properties":{"class":"befestigt.uebrige_befestigte.uebrige_befestigte"}},{"type":"Feature","geometry":{"type":"Polygon","coordinates":[[[7.59285,47.56135],[7.59313,47.56143],[7.59319,47.56132],[7.59342,47.56137],[7.59359,47.56122],[7.59333,47.56115],[7.59336,47.56109],[7.59307,47.561],[7.59285,47.56135]]]},"properties":{"class":"Gebaeude.Gebaeude"}},{"type":"Feature","geometry":{"type":"Polygon","coordinates":[[[7.59293,47.56033],[7.59321,47.56044],[7.59326,47.56036],[7.593,47.56029],[7.59293,47.56033]]]},"properties":{"class":"Gebaeude.Gebaeude"}},{"type":"Feature","geometry":{"type":"Polygon","coordinates":[[[7.59313,47.56143],[7.5933,47.56147],[7.59342,47.56137],[7.59319,47.56132],[7.59313,47.56143]]]},"properties":{"class":"Gebaeude.Gebaeude"}},{"type":"Feature","geometry":{"type":"Polygon","coordinates":[[[7.58897,47.55596],[7.58908,47.55597],[7.58941,47.5551],[7.58925,47.55515],[7.58897,47.55596]]]},"properties":{"class":"befestigt.Strasse_Weg"}},{"type":"Feature","geometry":{"type":"Polygon","coordinates":[[[7.58871,47.55594],[7.58893,47.55596],[7.58894,47.55589],[7.58873,47.55587],[7.58871,47.55594]]]},"properties":{"class":"Gebaeude.Gebaeude"}},{"type":"Feature","geometry":{"type":"Polygon","coordinates":[[[7.58918,47.55582],[7.58931,47.55585],[7.5893,47.55592],[7.58949,47.55595],[7.5896,47.55573],[7.58925,47.55565],[7.58918,47.55582]]]},"properties":{"class":"Gebaeude.Gebaeude"}},{"type":"Feature","geometry":{"type":"Polygon","coordinates":[[[7.58959,47.55592],[7.58978,47.55598],[7.58989,47.55582],[7.58967,47.55576],[7.58959,47.55592]]]},"properties":{"class":"Gebaeude.Gebaeude"}},{"type":"Feature","geometry":{"type":"Polygon","coordinates":[[[7.58926,47.55561],[7.58963,47.55568],[7.58967,47.5556],[7.58931,47.55549],[7.58926,47.55561]]]},"properties":{"class":"Gebaeude.Gebaeude"}},{"type":"Feature","geometry":{"type":"Polygon","coordinates":[[[7.59018,47.55566],[7.59037,47.55572],[7.59044,47.55563],[7.59023,47.55557],[7.59018,47.55566]]]},"properties":{"class":"Gebaeude.Gebaeude"}},{"type":"Feature","geometry":{"type":"Polygon","coordinates":[[[7.58983,47.55589],[7.59015,47.55599],[7.59021,47.55592],[7.58989,47.55582],[7.58983,47.55589]]]},"properties":{"class":"Gebaeude.Gebaeude"}},{"type":"Feature","geometry":{"type":"Polygon","coordinates":[[[7.58978,47.55598],[7.59007,47.55607],[7.59015,47.55599],[7.58982,47.55589],[7.58978,47.55598]]]},"properties":{"class":"Gebaeude.Gebaeude"}},{"type":"Feature","geometry":{"type":"Polygon","coordinates":[[[7.58929,47.55599],[7.58945,47.55601],[7.58949,47.55595],[7.5893,47.55592],[7.58929,47.55599]]]},"properties":{"class":"Gebaeude.Gebaeude"}},{"type":"Feature","geometry":{"type":"Polygon","coordinates":[[[7.58931,47.55549],[7.58967,47.5556],[7.58972,47.5555],[7.58934,47.55542],[7.58931,47.55549]]]},"properties":{"class":"Gebaeude.Gebaeude"}},{"type":"Feature","geometry":{"type":"Polygon","coordinates":[[[7.58973,47.55608],[7.58979,47.55609],[7.58979,47.55609],[7.5898,47.55609],[7.5898,47.55608],[7.58976,47.55607],[7.58976,47.55607],[7.58975,47.55607],[7.58975,47.55607],[7.58975,47.55607],[7.58975,47.55607],[7.58975,47.55607],[7.58975,47.55607],[7.58975,47.55607],[7.58975,47.55607],[7.58974,47.55607],[7.58974,47.55607],[7.58974,47.55607],[7.58974,47.55607],[7.58974,47.55607],[7.58974,47.55607],[7.58974,47.55607],[7.58973,47.55607],[7.58973,47.55608]]]},"properties":{"class":"befestigt.uebrige_befestigte.uebrige_befestigte"}},{"type":"Feature","geometry":{"type":"Polygon","coordinates":[[[7.5872,47.55903],[7.58738,47.55899],[7.58746,47.55906],[7.58764,47.55902],[7.5875,47.55874],[7.5873,47.5587],[7.5872,47.55903]]]},"properties":{"class":"Gebaeude.Gebaeude"}},{"type":"Feature","geometry":{"type":"Polygon","coordinates":[[[7.58742,47.55906],[7.58754,47.55925],[7.58772,47.55918],[7.58764,47.55902],[7.58742,47.55906]]]},"properties":{"class":"Gebaeude.Gebaeude"}},{"type":"Feature","geometry":{"type":"Polygon","coordinates":[[[7.58686,47.55879],[7.58687,47.55889],[7.58708,47.55888],[7.58711,47.5588],[7.58686,47.55879]]]},"properties":{"class":"Gebaeude.Gebaeude"}},{"type":"Feature","geometry":{"type":"Polygon","coordinates":[[[7.5878,47.55974],[7.58794,47.55984],[7.58809,47.55974],[7.58794,47.55964],[7.5878,47.55974]]]},"properties":{"class":"Gebaeude.Gebaeude"}},{"type":"Feature","geometry":{"type":"Polygon","coordinates":[[[7.58776,47.55993],[7.58776,47.55993],[7.58776,47.55993],[7.58776,47.55993],[7.58776,47.55993],[7.58776,47.55993],[7.58776,47.55993],[7.58776,47.55993],[7.58776,47.55993],[7.58776,47.55993],[7.58776,47.55993],[7.58776,47.55993],[7.58776,47.55993],[7.58776,47.55993],[7.58777,47.55993],[7.58777,47.55993],[7.58777,47.55993],[7.58777,47.55993],[7.58777,47.55994],[7.58777,47.55994],[7.58777,47.55994],[7.58777,47.55994],[7.58777,47.55994],[7.58777,47.55994],[7.58777,47.55994],[7.58777,47.55994],[7.58777,47.55994],[7.58778,47.55994],[7.58778,47.55994],[7.58778,47.55994],[7.58778,47.55994],[7.58778,47.55994],[7.58778,47.55994],[7.58778,47.55994],[7.58778,47.55994],[7.5878,47.55993],[7.58781,47.55992],[7.58781,47.55992],[7.58781,47.55992],[7.58781,47.55992],[7.58781,47.55992],[7.58782,47.55992],[7.58782,47.55992],[7.58782,47.55992],[7.58782,47.55992],[7.58782,47.55992],[7.58782,47.55992],[7.58782,47.55992],[7.58782,47.55992],[7.58782,47.55992],[7.58782,47.55992],[7.58782,47.55992],[7.58782,47.55992],[7.58782,47.55992],[7.58782,47.55991],[7.58782,47.55991],[7.58782,47.55991],[7.58782,47.55991],[7.58782,47.55991],[7.58782,47.55991],[7.58782,47.55991],[7.58782,47.55991],[7.58782,47.55991],[7.58782,47.55991],[7.58782,47.55991],[7.58782,47.55991],[7.58782,47.55991],[7.58782,47.55991],[7.58782,47.55991],[7.58782,47.55991],[7.58782,47.55991],[7.58782,47.55991],[7.58782,47.55991],[7.58782,47.55991],[7.58782,47.55991],[7.58781,47.55991],[7.58781,47.55991],[7.58781,47.55991],[7.58781,47.55991],[7.58781,47.55991],[7.58781,47.55991],[7.58778,47.5599],[7.58778,47.5599],[7.58778,47.5599],[7.58778,47.5599],[7.58778,47.5599],[7.58778,47.5599],[7.58778,47.5599],[7.58778,47.5599],[7.58778,47.5599],[7.58777,47.5599],[7.58777,47.5599],[7.58777,47.5599],[7.58777,47.5599],[7.58777,47.5599],[7.58777,47.5599],[7.58777,47.5599],[7.58777,47.5599],[7.58777,47.5599],[7.58777,47.5599],[7.58777,47.5599],[7.58777,47.5599],[7.58777,47.5599],[7.58777,47.5599],[7.58777,47.5599],[7.58777,47.5599],[7.58777,47.5599],[7.58777,47.5599],[7.58776,47.5599],[7.58776,47.55991],[7.58776,47.55993]]]},"properties":{"class":"befestigt.Verkehrsinsel"}},{"type":"Feature","geometry":{"type":"Polygon","coordinates":[[[7.58794,47.55964],[7.58809,47.55974],[7.58822,47.55965],[7.58808,47.55956],[7.58794,47.55964]]]},"properties":{"class":"Gebaeude.Gebaeude"}},{"type":"Feature","geometry":{"type":"Polygon","coordinates":[[[7.58812,47.55925],[7.58823,47.55929],[7.58838,47.55908],[7.58828,47.55904],[7.58812,47.55925]]]},"properties":{"class":"Gebaeude.Gebaeude"}},{"type":"Feature","geometry":{"type":"Polygon","coordinates":[[[7.5888,47.55929],[7.58894,47.55939],[7.58907,47.5593],[7.58895,47.55921],[7.5888,47.55929]]]},"properties":{"class":"Gebaeude.Gebaeude"}},{"type":"Feature","geometry":{"type":"Polygon","coordinates":[[[7.58863,47.55943],[7.5888,47.55952],[7.58894,47.55939],[7.5888,47.55929],[7.58863,47.55943]]]},"properties":{"class":"Gebaeude.Gebaeude"}},{"type":"Feature","geometry":{"type":"Polygon","coordinates":[[[7.5888,47.55951],[7.58886,47.55954],[7.5891,47.55933],[7.58907,47.5593],[7.5888,47.55951]]]},"properties":{"class":"Gebaeude.Gebaeude"}},{"type":"Feature","geometry":{"type":"Polygon","coordinates":[[[7.58835,47.55934],[7.58841,47.55937],[7.5885,47.55923],[7.58844,47.55922],[7.58835,47.55934]]]},"properties":{"class":"Gebaeude.Gebaeude"}},{"type":"Feature","geometry":{"type":"Polygon","coordinates":[[[7.58739,47.55936],[7.58746,47.55943],[7.58785,47.55927],[7.58775,47.55923],[7.58739,47.55936]]]},"properties":{"class":"Gebaeude.Gebaeude"}},{"type":"Feature","geometry":{"type":"Polygon","coordinates":[[[7.58746,47.55943],[7.58754,47.55952],[7.58773,47.55943],[7.58766,47.55936],[7.58746,47.55943]]]},"properties":{"class":"Gebaeude.Gebaeude"}},{"type":"Feature","geometry":{"type":"Polygon","coordinates":[[[7.58729,47.55919],[7.58735,47.55932],[7.58754,47.55925],[7.58745,47.55914],[7.58729,47.55919]]]},"properties":{"class":"Gebaeude.Gebaeude"}},{"type":"Feature","geometry":{"type":"Polygon","coordinates":[[[7.58988,47.55803],[7.58996,47.55806],[7.58992,47.5581],[7.59006,47.55816],[7.59016,47.55806],[7.58992,47.55797],[7.58988,47.55803]]]},"properties":{"class":"Gebaeude.Gebaeude"}},{"type":"Feature","geometry":{"type":"Polygon","coordinates":[[[7.58911,47.55902],[7.5892,47.55906],[7.58937,47.55892],[7.5893,47.55889],[7.58965,47.55866],[7.58956,47.55859],[7.58948,47.55863],[7.58911,47.55902]]]},"properties":{"class":"Gebaeude.Gebaeude"}},{"type":"Feature","geometry":{"type":"Polygon","coordinates":[[[7.58902,47.55851],[7.58938,47.55866],[7.58968,47.55844],[7.58919,47.55823],[7.58916,47.55828],[7.58944,47.5584],[7.58933,47.55851],[7.58907,47.5584],[7.58902,47.55851]]]},"properties":{"class":"Gebaeude.Gebaeude"}},{"type":"Feature","geometry":{"type":"Polygon","coordinates":[[[7.58894,47.55865],[7.58925,47.55878],[7.58938,47.55866],[7.58902,47.55851],[7.58894,47.55865]]]},"properties":{"class":"befestigt.uebrige_befestigte.uebrige_befestigte"}},{"type":"Feature","geometry":{"type":"Polygon","coordinates":[[[7.58954,47.55875],[7.58963,47.55879],[7.58985,47.55856],[7.58997,47.55848],[7.59002,47.55851],[7.59058,47.55815],[7.59053,47.55812],[7.5906,47.55806],[7.59053,47.55801],[7.59045,47.55807],[7.59035,47.55801],[7.59047,47.55811],[7.59025,47.55825],[7.59019,47.55822],[7.59004,47.55834],[7.58996,47.55829],[7.58982,47.55848],[7.58956,47.55859],[7.58965,47.55866],[7.58954,47.55875]]]},"properties":{"class":"humusiert.Gartenanlage.Gartenanlage"}},{"type":"Feature","geometry":{"type":"Polygon","coordinates":[[[7.58919,47.55823],[7.58968,47.55844],[7.58993,47.55826],[7.58963,47.5581],[7.58958,47.55811],[7.58961,47.55809],[7.58942,47.55798],[7.58934,47.55807],[7.58968,47.55822],[7.58958,47.55832],[7.58923,47.55818],[7.58919,47.55823]]]},"properties":{"class":"Gebaeude.Gebaeude"}},{"type":"Feature","geometry":{"type":"Polygon","coordinates":[[[7.58924,47.55818],[7.58957,47.55832],[7.58968,47.55822],[7.58934,47.55807],[7.58924,47.55818]]]},"properties":{"class":"befestigt.uebrige_befestigte.uebrige_befestigte"}},{"type":"Feature","geometry":{"type":"Polygon","coordinates":[[[7.58907,47.5584],[7.58933,47.55851],[7.58944,47.55839],[7.58916,47.55828],[7.58907,47.5584]]]},"properties":{"class":"befestigt.uebrige_befestigte.uebrige_befestigte"}},{"type":"Feature","geometry":{"type":"Polygon","coordinates":[[[7.59003,47.55788],[7.59012,47.55792],[7.59005,47.55802],[7.59016,47.55806],[7.59026,47.55794],[7.59007,47.55784],[7.59003,47.55788]]]},"properties":{"class":"Gebaeude.Gebaeude"}},{"type":"Feature","geometry":{"type":"Polygon","coordinates":[[[7.58969,47.55779],[7.5898,47.55784],[7.58987,47.55776],[7.58969,47.55779]]]},"properties":{"class":"Gebaeude.Gebaeude"}},{"type":"Feature","geometry":{"type":"Polygon","coordinates":[[[7.59005,47.55821],[7.59013,47.55826],[7.59019,47.55822],[7.59025,47.55825],[7.59047,47.55811],[7.59033,47.55803],[7.59005,47.55821]]]},"properties":{"class":"Gebaeude.Gebaeude"}},{"type":"Feature","geometry":{"type":"Polygon","coordinates":[[[7.58918,47.55717],[7.58948,47.5574],[7.58956,47.55729],[7.58928,47.5571],[7.58918,47.55717]]]},"properties":{"class":"Gebaeude.Gebaeude"}},{"type":"Feature","geometry":{"type":"Polygon","coordinates":[[[7.58904,47.55726],[7.58934,47.55748],[7.58948,47.5574],[7.58918,47.55717],[7.58904,47.55726]]]},"properties":{"class":"Gebaeude.Gebaeude"}},{"type":"Feature","geometry":{"type":"Polygon","coordinates":[[[7.58867,47.55797],[7.58875,47.55798],[7.58884,47.5579],[7.58884,47.55802],[7.58892,47.55804],[7.5889,47.55816],[7.58897,47.55818],[7.58913,47.55791],[7.58921,47.55788],[7.58937,47.55794],[7.58903,47.55779],[7.58926,47.55759],[7.58916,47.55754],[7.58905,47.55764],[7.58911,47.55767],[7.589,47.55777],[7.58897,47.55774],[7.58893,47.55777],[7.5891,47.55783],[7.58907,47.55787],[7.58894,47.55781],[7.58889,47.55786],[7.58887,47.55782],[7.58876,47.55794],[7.58869,47.55791],[7.58867,47.55797]],[[7.58887,47.55796],[7.58893,47.55784],[7.58908,47.55791],[7.589,47.558],[7.58887,47.55796]]]},"properties":{"class":"befestigt.uebrige_befestigte.uebrige_befestigte"}},{"type":"Feature","geometry":{"type":"Polygon","coordinates":[[[7.58876,47.55795],[7.58878,47.55807],[7.58888,47.5581],[7.58892,47.55804],[7.58884,47.55802],[7.58884,47.5579],[7.58876,47.55795]]]},"properties":{"class":"Gebaeude.Gebaeude"}},{"type":"Feature","geometry":{"type":"Polygon","coordinates":[[[7.58857,47.55817],[7.58872,47.55816],[7.58869,47.55821],[7.58874,47.55822],[7.58879,47.55808],[7.58865,47.55805],[7.58857,47.55817]]]},"properties":{"class":"befestigt.uebrige_befestigte.uebrige_befestigte"}},{"type":"Feature","geometry":{"type":"Polygon","coordinates":[[[7.5885,47.55768],[7.58886,47.55783],[7.58897,47.55779],[7.58893,47.55777],[7.58897,47.55774],[7.58865,47.55757],[7.5885,47.55768]]]},"properties":{"class":"Gebaeude.Gebaeude"}},{"type":"Feature","geometry":{"type":"Polygon","coordinates":[[[7.58927,47.55778],[7.58945,47.55788],[7.58963,47.55775],[7.58953,47.55769],[7.58945,47.55775],[7.58939,47.55773],[7.58927,47.55778]]]},"properties":{"class":"Gebaeude.Gebaeude"}},{"type":"Feature","geometry":{"type":"Polygon","coordinates":[[[7.58918,47.55786],[7.58937,47.55794],[7.58945,47.55788],[7.58923,47.55782],[7.58918,47.55786]]]},"properties":{"class":"Gebaeude.Gebaeude"}},{"type":"Feature","geometry":{"type":"Polygon","coordinates":[[[7.58885,47.55785],[7.58894,47.55781],[7.58907,47.55787],[7.5891,47.55783],[7.58892,47.55778],[7.58885,47.55785]]]},"properties":{"class":"Gebaeude.Gebaeude"}},{"type":"Feature","geometry":{"type":"Polygon","coordinates":[[[7.58866,47.55841],[7.58894,47.55848],[7.58901,47.55835],[7.58877,47.55829],[7.58866,47.55841]]]},"properties":{"class":"humusiert.Gartenanlage.Gartenanlage"}},{"type":"Feature","geometry":{"type":"Polygon","coordinates":[[[7.58621,47.55827],[7.58661,47.55824],[7.58661,47.55816],[7.5867,47.55816],[7.58673,47.55861],[7.58684,47.55856],[7.58684,47.55807],[7.58698,47.55807],[7.58737,47.55822],[7.5874,47.55818],[7.5871,47.55806],[7.58737,47.55763],[7.58731,47.55762],[7.58705,47.55802],[7.58683,47.55803],[7.58687,47.55754],[7.58674,47.55746],[7.58668,47.55761],[7.5867,47.55811],[7.58628,47.55808],[7.58621,47.55827]]]},"properties":{"class":"befestigt.Strasse_Weg"}},{"type":"Feature","geometry":{"type":"Polygon","coordinates":[[[7.58684,47.55853],[7.58684,47.55856],[7.58691,47.55855],[7.5869,47.55852],[7.58684,47.55853]]]},"properties":{"class":"Gebaeude.Gebaeude"}},{"type":"Feature","geometry":{"type":"Polygon","coordinates":[[[7.588,47.55762],[7.58833,47.55777],[7.58816,47.55802],[7.5882,47.55802],[7.58842,47.55776],[7.588,47.55762]]]},"properties":{"class":"befestigt.Trottoir"}},{"type":"Feature","geometry":{"type":"Polygon","coordinates":[[[7.5872,47.55793],[7.58751,47.55804],[7.5876,47.55793],[7.58729,47.55782],[7.5872,47.55793]]]},"properties":{"class":"Gebaeude.Gebaeude"}},{"type":"Feature","geometry":{"type":"Polygon","coordinates":[[[7.58711,47.55805],[7.58724,47.55811],[7.5873,47.55803],[7.58716,47.55798],[7.58711,47.55805]]]},"properties":{"class":"Gebaeude.Gebaeude"}},{"type":"Feature","geometry":{"type":"Polygon","coordinates":[[[7.58705,47.55776],[7.58722,47.5578],[7.5873,47.55763],[7.58713,47.55758],[7.58705,47.55776]]]},"properties":{"class":"Gebaeude.Gebaeude"}},{"type":"Feature","geometry":{"type":"Polygon","coordinates":[[[7.58897,47.55657],[7.58944,47.55672],[7.58952,47.55664],[7.58901,47.55646],[7.58897,47.55657]]]},"properties":{"class":"Gebaeude.Gebaeude"}},{"type":"Feature","geometry":{"type":"Polygon","coordinates":[[[7.58828,47.55749],[7.58836,47.55751],[7.58847,47.55733],[7.58853,47.55722],[7.58844,47.55719],[7.5885,47.55712],[7.58846,47.55712],[7.58828,47.55749]]]},"properties":{"class":"befestigt.uebrige_befestigte.uebrige_befestigte"}},{"type":"Feature","geometry":{"type":"Polygon","coordinates":[[[7.58831,47.55706],[7.5885,47.55712],[7.58844,47.55719],[7.58877,47.5573],[7.5892,47.55695],[7.58859,47.55673],[7.58852,47.55674],[7.58831,47.55706]]]},"properties":{"class":"Gebaeude.Gebaeude"}},{"type":"Feature","geometry":{"type":"Polygon","coordinates":[[[7.58867,47.5561],[7.58887,47.55612],[7.58888,47.55608],[7.58868,47.55606],[7.58867,47.5561]]]},"properties":{"class":"Gebaeude.Gebaeude"}},{"type":"Feature","geometry":{"type":"Polygon","coordinates":[[[7.58907,47.55632],[7.58932,47.55639],[7.58937,47.55632],[7.58908,47.55625],[7.58907,47.55632]]]},"properties":{"class":"Gebaeude.Gebaeude"}},{"type":"Feature","geometry":{"type":"Polygon","coordinates":[[[7.58908,47.55625],[7.58945,47.55635],[7.58953,47.55623],[7.58944,47.55617],[7.58949,47.55607],[7.58942,47.55605],[7.58936,47.55615],[7.5891,47.55611],[7.58908,47.55625]]]},"properties":{"class":"Gebaeude.Gebaeude"}},{"type":"Feature","geometry":{"type":"Polygon","coordinates":[[[7.58928,47.55647],[7.58957,47.55659],[7.58965,47.55651],[7.58933,47.55639],[7.58928,47.55647]]]},"properties":{"class":"Gebaeude.Gebaeude"}},{"type":"Feature","geometry":{"type":"Polygon","coordinates":[[[7.5891,47.5561],[7.58921,47.55612],[7.58926,47.55603],[7.58912,47.55601],[7.5891,47.5561]]]},"properties":{"class":"Gebaeude.Gebaeude"}},{"type":"Feature","geometry":{"type":"Polygon","coordinates":[[[7.58907,47.55666],[7.58912,47.55667],[7.58915,47.55662],[7.5891,47.55661],[7.58907,47.55666]]]},"properties":{"class":"befestigt.uebrige_befestigte.uebrige_befestigte"}},{"type":"Feature","geometry":{"type":"Polygon","coordinates":[[[7.58802,47.55683],[7.58822,47.55688],[7.58827,47.55677],[7.58809,47.55671],[7.58802,47.55683]]]},"properties":{"class":"Gebaeude.Gebaeude"}},{"type":"Feature","geometry":{"type":"Polygon","coordinates":[[[7.5863,47.55702],[7.58634,47.5571],[7.58719,47.55688],[7.58721,47.55693],[7.58674,47.55746],[7.58687,47.55754],[7.58776,47.55771],[7.58779,47.55767],[7.58698,47.55749],[7.58694,47.55742],[7.58718,47.55714],[7.58716,47.5571],[7.58734,47.55693],[7.5874,47.55679],[7.5875,47.55681],[7.58779,47.55662],[7.58817,47.55674],[7.58821,47.55668],[7.58768,47.55648],[7.58757,47.5566],[7.58726,47.55677],[7.5863,47.55702]]]},"properties":{"class":"befestigt.Strasse_Weg"}},{"type":"Feature","geometry":{"type":"Polygon","coordinates":[[[7.58701,47.55734],[7.58725,47.55739],[7.58731,47.55727],[7.58797,47.55739],[7.58802,47.55732],[7.58718,47.55712],[7.58701,47.55734]]]},"properties":{"class":"Gebaeude.Gebaeude"}},{"type":"Feature","geometry":{"type":"Polygon","coordinates":[[[7.58636,47.55712],[7.58646,47.55722],[7.58677,47.55707],[7.58675,47.55702],[7.58636,47.55712]]]},"properties":{"class":"Gebaeude.Gebaeude"}},{"type":"Feature","geometry":{"type":"Polygon","coordinates":[[[7.58718,47.55712],[7.58745,47.55721],[7.58751,47.5571],[7.58729,47.55703],[7.58718,47.55712]]]},"properties":{"class":"Gebaeude.Gebaeude"}},{"type":"Feature","geometry":{"type":"Polygon","coordinates":[[[7.5874,47.55689],[7.58748,47.55694],[7.58745,47.55697],[7.58778,47.5571],[7.58789,47.55709],[7.58796,47.55693],[7.58791,47.55692],[7.58788,47.557],[7.5877,47.55696],[7.58767,47.55693],[7.58779,47.55678],[7.5879,47.5568],[7.58763,47.55671],[7.5874,47.55689]]]},"properties":{"class":"Gebaeude.Gebaeude"}},{"type":"Feature","geometry":{"type":"Polygon","coordinates":[[[7.58629,47.55699],[7.5863,47.55702],[7.58671,47.55692],[7.58682,47.55689],[7.58707,47.55683],[7.58708,47.55683],[7.5871,47.55682],[7.58711,47.55682],[7.58713,47.55681],[7.58715,47.55681],[7.58716,47.5568],[7.58718,47.5568],[7.5872,47.55679],[7.58722,47.55678],[7.58724,47.55678],[7.58726,47.55677],[7.58728,47.55676],[7.58731,47.55675],[7.58733,47.55674],[7.58731,47.55673],[7.58729,47.55674],[7.58729,47.55674],[7.58729,47.55674],[7.58725,47.55676],[7.5872,47.55677],[7.5872,47.55677],[7.58694,47.55683],[7.58688,47.55685],[7.58688,47.55685],[7.58688,47.55685],[7.58687,47.55685],[7.58687,47.55685],[7.58681,47.55686],[7.58681,47.55687],[7.58681,47.55687],[7.58681,47.55686],[7.58675,47.55688],[7.58667,47.5569],[7.58652,47.55694],[7.58652,47.55694],[7.58641,47.55696],[7.58629,47.55699]]]},"properties":{"class":"befestigt.Trottoir"}},{"type":"Feature","geometry":{"type":"Polygon","coordinates":[[[7.58767,47.55693],[7.58788,47.557],[7.58795,47.55684],[7.58779,47.55678],[7.58767,47.55693]]]},"properties":{"class":"befestigt.uebrige_befestigte.uebrige_befestigte"}},{"type":"Feature","geometry":{"type":"Polygon","coordinates":[[[7.58832,47.55571],[7.58863,47.55576],[7.58865,47.5557],[7.58834,47.55565],[7.58832,47.55571]]]},"properties":{"class":"Gebaeude.Gebaeude"}},{"type":"Feature","geometry":{"type":"Polygon","coordinates":[[[7.58834,47.55585],[7.58859,47.55587],[7.58861,47.55581],[7.58834,47.55576],[7.58834,47.55585]]]},"properties":{"class":"Gebaeude.Gebaeude"}},{"type":"Feature","geometry":{"type":"Polygon","coordinates":[[[7.58809,47.55635],[7.58847,47.55647],[7.58852,47.55636],[7.58818,47.55628],[7.58809,47.55635]]]},"properties":{"class":"Gebaeude.Gebaeude"}},{"type":"Feature","geometry":{"type":"Polygon","coordinates":[[[7.58829,47.55632],[7.58852,47.55636],[7.58853,47.55624],[7.58839,47.55623],[7.58829,47.55632]]]},"properties":{"class":"Gebaeude.Gebaeude"}},{"type":"Feature","geometry":{"type":"Polygon","coordinates":[[[7.58818,47.55628],[7.58829,47.55632],[7.58832,47.55627],[7.58822,47.55624],[7.58818,47.55628]]]},"properties":{"class":"Gebaeude.Gebaeude"}},{"type":"Feature","geometry":{"type":"Polygon","coordinates":[[[7.58749,47.55582],[7.58751,47.55587],[7.58774,47.55584],[7.58779,47.55559],[7.58766,47.55566],[7.58763,47.55582],[7.58749,47.55582]]]},"properties":{"class":"Gebaeude.Gebaeude"}},{"type":"Feature","geometry":{"type":"Polygon","coordinates":[[[7.58775,47.55579],[7.58787,47.5558],[7.58785,47.5559],[7.58798,47.55591],[7.588,47.55573],[7.58793,47.55573],[7.58792,47.55577],[7.58777,47.55571],[7.58775,47.55579]]]},"properties":{"class":"Gebaeude.Gebaeude"}},{"type":"Feature","geometry":{"type":"Polygon","coordinates":[[[7.58799,47.55617],[7.58812,47.55625],[7.58817,47.55622],[7.58803,47.55614],[7.58799,47.55617]]]},"properties":{"class":"Gebaeude.Gebaeude"}},{"type":"Feature","geometry":{"type":"Polygon","coordinates":[[[7.58816,47.55564],[7.58821,47.55565],[7.58821,47.55557],[7.58817,47.55557],[7.58816,47.55564]]]},"properties":{"class":"Gebaeude.Gebaeude"}},{"type":"Feature","geometry":{"type":"Polygon","coordinates":[[[7.58766,47.55614],[7.58776,47.5563],[7.58786,47.55627],[7.5878,47.55624],[7.58784,47.55621],[7.58776,47.55617],[7.5878,47.55614],[7.58772,47.5561],[7.58766,47.55614]]]},"properties":{"class":"befestigt.uebrige_befestigte.uebrige_befestigte"}},{"type":"Feature","geometry":{"type":"Polygon","coordinates":[[[7.58804,47.55614],[7.58817,47.55622],[7.58823,47.55618],[7.58807,47.5561],[7.58804,47.55614]]]},"properties":{"class":"Gebaeude.Gebaeude"}},{"type":"Feature","geometry":{"type":"Polygon","coordinates":[[[7.58757,47.55642],[7.58764,47.55646],[7.58767,47.55643],[7.58761,47.55639],[7.58757,47.55642]]]},"properties":{"class":"befestigt.uebrige_befestigte.uebrige_befestigte"}},{"type":"Feature","geometry":{"type":"Polygon","coordinates":[[[7.58761,47.55615],[7.58761,47.55615],[7.58762,47.55615],[7.58762,47.55616],[7.58763,47.55615],[7.58768,47.5562],[7.58771,47.55618],[7.58767,47.55615],[7.58766,47.55614],[7.58766,47.55614],[7.58764,47.55613],[7.58762,47.55614],[7.58761,47.55615]]]},"properties":{"class":"Gebaeude.Gebaeude"}},{"type":"Feature","geometry":{"type":"Polygon","coordinates":[[[7.58731,47.55617],[7.58734,47.55624],[7.5875,47.55619],[7.58746,47.55613],[7.58731,47.55617]]]},"properties":{"class":"Gebaeude.Gebaeude"}},{"type":"Feature","geometry":{"type":"Polygon","coordinates":[[[7.58734,47.55624],[7.58743,47.55632],[7.58757,47.55627],[7.5875,47.55619],[7.58734,47.55624]]]},"properties":{"class":"Gebaeude.Gebaeude"}},{"type":"Feature","geometry":{"type":"Polygon","coordinates":[[[7.58718,47.55595],[7.5872,47.55599],[7.5874,47.55595],[7.58737,47.55592],[7.58718,47.55595]]]},"properties":{"class":"Gebaeude.Gebaeude"}},{"type":"Feature","geometry":{"type":"Polygon","coordinates":[[[7.58721,47.55589],[7.58751,47.55587],[7.58748,47.55577],[7.58721,47.55589]]]},"properties":{"class":"Gebaeude.Gebaeude"}},{"type":"Feature","geometry":{"type":"Polygon","coordinates":[[[7.58802,47.55606],[7.58828,47.55613],[7.58833,47.55606],[7.58804,47.55601],[7.58802,47.55606]]]},"properties":{"class":"Gebaeude.Gebaeude"}},{"type":"Feature","geometry":{"type":"Polygon","coordinates":[[[7.5861,47.55697],[7.58621,47.55695],[7.58634,47.55682],[7.58635,47.55657],[7.5866,47.55648],[7.58676,47.55665],[7.58673,47.55666],[7.58687,47.55684],[7.58694,47.55683],[7.58663,47.55647],[7.58733,47.55623],[7.58717,47.55591],[7.58719,47.55583],[7.58629,47.55616],[7.58629,47.55662],[7.5861,47.55697]],[[7.58642,47.55636],[7.58643,47.55624],[7.58655,47.55614],[7.58707,47.55595],[7.58723,47.5562],[7.58648,47.55646],[7.58642,47.55636]]]},"properties":{"class":"befestigt.Strasse_Weg"}},{"type":"Feature","geometry":{"type":"Polygon","coordinates":[[[7.58704,47.5561],[7.58708,47.55615],[7.58718,47.55612],[7.58715,47.55606],[7.58704,47.5561]]]},"properties":{"class":"Gebaeude.Gebaeude"}},{"type":"Feature","geometry":{"type":"Polygon","coordinates":[[[7.5867,47.55644],[7.58679,47.55654],[7.58693,47.55649],[7.58685,47.55639],[7.5867,47.55644]]]},"properties":{"class":"Gebaeude.Gebaeude"}},{"type":"Feature","geometry":{"type":"Polygon","coordinates":[[[7.58674,47.55606],[7.58679,47.55614],[7.58689,47.5561],[7.58683,47.55603],[7.58674,47.55606]]]},"properties":{"class":"Gebaeude.Gebaeude"}},{"type":"Feature","geometry":{"type":"Polygon","coordinates":[[[7.58679,47.55654],[7.58688,47.55661],[7.58726,47.55644],[7.58715,47.55642],[7.58679,47.55654]]]},"properties":{"class":"humusiert.Gartenanlage.Gartenanlage"}},{"type":"Feature","geometry":{"type":"Polygon","coordinates":[[[7.58717,47.55629],[7.58723,47.55638],[7.58735,47.55637],[7.58725,47.55626],[7.58717,47.55629]]]},"properties":{"class":"Gebaeude.Gebaeude"}},{"type":"Feature","geometry":{"type":"Polygon","coordinates":[[[7.58694,47.55636],[7.58702,47.55649],[7.58715,47.55642],[7.58707,47.55632],[7.58694,47.55636]]]},"properties":{"class":"Gebaeude.Gebaeude"}},{"type":"Feature","geometry":{"type":"Polygon","coordinates":[[[7.58643,47.55624],[7.58656,47.55624],[7.58649,47.55618],[7.58643,47.55624]]]},"properties":{"class":"Gebaeude.Gebaeude"}},{"type":"Feature","geometry":{"type":"Polygon","coordinates":[[[7.58657,47.55673],[7.58667,47.5569],[7.58675,47.55688],[7.58666,47.55674],[7.58657,47.55673]]]},"properties":{"class":"Gebaeude.Gebaeude"}},{"type":"Feature","geometry":{"type":"Polygon","coordinates":[[[7.58627,47.55685],[7.58659,47.55677],[7.58656,47.55672],[7.58641,47.55675],[7.58642,47.55669],[7.58649,47.55668],[7.58647,47.55664],[7.58633,47.55666],[7.58634,47.55682],[7.58627,47.55685]]]},"properties":{"class":"Gebaeude.Gebaeude"}},{"type":"Feature","geometry":{"type":"Polygon","coordinates":[[[7.5871,47.55658],[7.58719,47.55661],[7.58729,47.55674],[7.58735,47.55671],[7.58715,47.55655],[7.5871,47.55658]]]},"properties":{"class":"Gebaeude.Gebaeude"}},{"type":"Feature","geometry":{"type":"Polygon","coordinates":[[[7.58716,47.55662],[7.58716,47.55662],[7.58718,47.55664],[7.58718,47.55664],[7.58719,47.55663],[7.58721,47.55665],[7.58722,47.55664],[7.58719,47.55661],[7.58716,47.55662],[7.58716,47.55662]]]},"properties":{"class":"befestigt.uebrige_befestigte.uebrige_befestigte"}},{"type":"Feature","geometry":{"type":"Polygon","coordinates":[[[7.58703,47.55658],[7.58725,47.55676],[7.58729,47.55674],[7.58706,47.55655],[7.58703,47.55658]]]},"properties":{"class":"Gebaeude.Gebaeude"}},{"type":"Feature","geometry":{"type":"Polygon","coordinates":[[[7.58621,47.55695],[7.58626,47.557],[7.58641,47.55696],[7.58635,47.55685],[7.58627,47.55685],[7.58621,47.55695]]]},"properties":{"class":"Gebaeude.Gebaeude"}},{"type":"Feature","geometry":{"type":"Polygon","coordinates":[[[7.58635,47.55685],[7.58641,47.55696],[7.58652,47.55694],[7.58645,47.55682],[7.58635,47.55685]]]},"properties":{"class":"Gebaeude.Gebaeude"}},{"type":"Feature","geometry":{"type":"Polygon","coordinates":[[[7.58769,47.55555],[7.58782,47.55552],[7.5877,47.5555],[7.58769,47.55555]]]},"properties":{"class":"Gebaeude.Gebaeude"}},{"type":"Feature","geometry":{"type":"Polygon","coordinates":[[[7.5858,47.55807],[7.58593,47.55808],[7.58592,47.55801],[7.58581,47.55802],[7.5858,47.55807]]]},"properties":{"class":"Gebaeude.Gebaeude"}},{"type":"Feature","geometry":{"type":"Polygon","coordinates":[[[7.58577,47.55823],[7.58581,47.55823],[7.58581,47.55802],[7.58577,47.55823]]]},"properties":{"class":"befestigt.uebrige_befestigte.uebrige_befestigte"}},{"type":"Feature","geometry":{"type":"Polygon","coordinates":[[[7.58555,47.55811],[7.58556,47.55819],[7.58578,47.5582],[7.58578,47.5581],[7.58555,47.55811]]]},"properties":{"class":"Gebaeude.Gebaeude"}},{"type":"Feature","geometry":{"type":"Polygon","coordinates":[[[7.58611,47.55836],[7.58632,47.55837],[7.58632,47.55834],[7.58628,47.55826],[7.58612,47.55827],[7.58611,47.55836]]]},"properties":{"class":"Gebaeude.Gebaeude"}},{"type":"Feature","geometry":{"type":"Polygon","coordinates":[[[7.58564,47.55866],[7.58564,47.55866],[7.58566,47.55866],[7.58576,47.55866],[7.58579,47.55866],[7.58579,47.55866],[7.58579,47.55866],[7.58579,47.55866],[7.5858,47.55866],[7.5858,47.55866],[7.5858,47.55866],[7.5858,47.55865],[7.5858,47.55865],[7.5858,47.55865],[7.5858,47.55865],[7.5858,47.55865],[7.5858,47.55865],[7.5858,47.55865],[7.5858,47.55865],[7.5858,47.55865],[7.5858,47.55865],[7.5858,47.55865],[7.5858,47.55865],[7.5858,47.55865],[7.5858,47.55865],[7.58564,47.55866],[7.58564,47.55866]]]},"properties":{"class":"befestigt.uebrige_befestigte.uebrige_befestigte"}},{"type":"Feature","geometry":{"type":"Polygon","coordinates":[[[7.5858,47.55866],[7.586,47.55872],[7.58605,47.55868],[7.58587,47.55856],[7.5858,47.55866]]]},"properties":{"class":"Gebaeude.Gebaeude"}},{"type":"Feature","geometry":{"type":"Polygon","coordinates":[[[7.58564,47.55866],[7.58565,47.55875],[7.58578,47.55878],[7.58579,47.55866],[7.58564,47.55866]]]},"properties":{"class":"Gebaeude.Gebaeude"}},{"type":"Feature","geometry":{"type":"Polygon","coordinates":[[[7.5862,47.55803],[7.58622,47.55814],[7.58628,47.55814],[7.5863,47.55803],[7.5862,47.55803]]]},"properties":{"class":"Gebaeude.Gebaeude"}},{"type":"Feature","geometry":{"type":"Polygon","coordinates":[[[7.5863,47.55803],[7.5863,47.55808],[7.58638,47.55807],[7.58638,47.55803],[7.5863,47.55803]]]},"properties":{"class":"Gebaeude.Gebaeude"}},{"type":"Feature","geometry":{"type":"Polygon","coordinates":[[[7.58649,47.55803],[7.58649,47.55807],[7.5867,47.55811],[7.5867,47.55803],[7.58649,47.55803]]]},"properties":{"class":"Gebaeude.Gebaeude"}},{"type":"Feature","geometry":{"type":"Polygon","coordinates":[[[7.58633,47.55837],[7.58672,47.55836],[7.58672,47.5583],[7.58633,47.55833],[7.58633,47.55837]]]},"properties":{"class":"Gebaeude.Gebaeude"}},{"type":"Feature","geometry":{"type":"Polygon","coordinates":[[[7.58645,47.55826],[7.58645,47.55833],[7.58654,47.55833],[7.58653,47.55825],[7.58645,47.55826]]]},"properties":{"class":"Gebaeude.Gebaeude"}},{"type":"Feature","geometry":{"type":"Polygon","coordinates":[[[7.58628,47.55826],[7.58629,47.55832],[7.58645,47.55832],[7.58645,47.55826],[7.58628,47.55826]]]},"properties":{"class":"Gebaeude.Gebaeude"}},{"type":"Feature","geometry":{"type":"Polygon","coordinates":[[[7.58661,47.55816],[7.58661,47.55825],[7.58671,47.55824],[7.58671,47.55816],[7.58661,47.55816]]]},"properties":{"class":"Gebaeude.Gebaeude"}},{"type":"Feature","geometry":{"type":"Polygon","coordinates":[[[7.58644,47.55853],[7.58644,47.55859],[7.58674,47.55857],[7.58674,47.55852],[7.58644,47.55853]]]},"properties":{"class":"Gebaeude.Gebaeude"}},{"type":"Feature","geometry":{"type":"Polygon","coordinates":[[[7.58563,47.55901],[7.58567,47.55902],[7.58578,47.55894],[7.58565,47.55889],[7.58563,47.55901]]]},"properties":{"class":"Gebaeude.Gebaeude"}},{"type":"Feature","geometry":{"type":"Polygon","coordinates":[[[7.58578,47.55878],[7.58583,47.5588],[7.58588,47.55873],[7.58579,47.5587],[7.58578,47.55878]]]},"properties":{"class":"befestigt.uebrige_befestigte.uebrige_befestigte"}},{"type":"Feature","geometry":{"type":"Polygon","coordinates":[[[7.58557,47.55829],[7.58559,47.55838],[7.58585,47.55838],[7.58575,47.55835],[7.58574,47.55828],[7.58557,47.55829]]]},"properties":{"class":"Gebaeude.Gebaeude"}},{"type":"Feature","geometry":{"type":"Polygon","coordinates":[[[7.58501,47.55801],[7.58501,47.55812],[7.58545,47.5581],[7.58544,47.55799],[7.58529,47.55799],[7.58529,47.55804],[7.58501,47.55801]]]},"properties":{"class":"Gebaeude.Gebaeude"}},{"type":"Feature","geometry":{"type":"Polygon","coordinates":[[[7.58521,47.55795],[7.58521,47.558],[7.58544,47.55799],[7.58544,47.55793],[7.58521,47.55795]]]},"properties":{"class":"Gebaeude.Gebaeude"}},{"type":"Feature","geometry":{"type":"Polygon","coordinates":[[[7.58452,47.55824],[7.58454,47.55869],[7.58473,47.55868],[7.58473,47.55862],[7.58478,47.55861],[7.58478,47.55855],[7.58473,47.55855],[7.58472,47.55823],[7.58452,47.55824]]]},"properties":{"class":"Gebaeude.Gebaeude"}},{"type":"Feature","geometry":{"type":"Polygon","coordinates":[[[7.58449,47.55815],[7.58459,47.55817],[7.58459,47.55813],[7.58449,47.55815]]]},"properties":{"class":"Gebaeude.Gebaeude"}},{"type":"Feature","geometry":{"type":"Polygon","coordinates":[[[7.5851,47.55898],[7.58553,47.55899],[7.58554,47.55886],[7.58547,47.55885],[7.58546,47.55889],[7.58515,47.55886],[7.58511,47.55882],[7.5851,47.55898]]]},"properties":{"class":"befestigt.uebrige_befestigte.uebrige_befestigte"}},{"type":"Feature","geometry":{"type":"Polygon","coordinates":[[[7.58492,47.55908],[7.58553,47.55909],[7.58553,47.55899],[7.5851,47.55898],[7.58511,47.55882],[7.58493,47.55881],[7.58492,47.55908]]]},"properties":{"class":"Gebaeude.Gebaeude"}},{"type":"Feature","geometry":{"type":"Polygon","coordinates":[[[7.5845,47.55884],[7.5845,47.55892],[7.58485,47.55891],[7.58485,47.55883],[7.5845,47.55884]]]},"properties":{"class":"Gebaeude.Gebaeude"}},{"type":"Feature","geometry":{"type":"Polygon","coordinates":[[[7.5852,47.55791],[7.58521,47.55795],[7.58544,47.55793],[7.58545,47.5579],[7.5852,47.55791]]]},"properties":{"class":"Gebaeude.Gebaeude"}},{"type":"Feature","geometry":{"type":"Polygon","coordinates":[[[7.58525,47.55844],[7.5853,47.5585],[7.58549,47.5585],[7.58546,47.55834],[7.58528,47.55834],[7.58529,47.55842],[7.58525,47.55844]]]},"properties":{"class":"Gebaeude.Gebaeude"}},{"type":"Feature","geometry":{"type":"Polygon","coordinates":[[[7.58507,47.55811],[7.58508,47.55822],[7.5852,47.55822],[7.58519,47.55816],[7.5853,47.55815],[7.58531,47.55822],[7.58545,47.55821],[7.58545,47.5581],[7.58507,47.55811]]]},"properties":{"class":"Gebaeude.Gebaeude"}},{"type":"Feature","geometry":{"type":"Polygon","coordinates":[[[7.58482,47.55813],[7.58482,47.55817],[7.585,47.55815],[7.585,47.55812],[7.58482,47.55813]]]},"properties":{"class":"Gebaeude.Gebaeude"}},{"type":"Feature","geometry":{"type":"Polygon","coordinates":[[[7.58446,47.55762],[7.58452,47.55765],[7.58452,47.55761],[7.58446,47.55762]]]},"properties":{"class":"befestigt.uebrige_befestigte.uebrige_befestigte"}},{"type":"Feature","geometry":{"type":"Polygon","coordinates":[[[7.58501,47.55721],[7.58504,47.55735],[7.58517,47.55734],[7.58516,47.55724],[7.58531,47.55723],[7.58529,47.55718],[7.58533,47.55718],[7.58536,47.55704],[7.58521,47.55704],[7.58527,47.55711],[7.58509,47.55714],[7.58511,47.5572],[7.58501,47.55721]]]},"properties":{"class":"befestigt.uebrige_befestigte.uebrige_befestigte"}},{"type":"Feature","geometry":{"type":"Polygon","coordinates":[[[7.58527,47.55701],[7.58527,47.55704],[7.5855,47.55705],[7.58551,47.55701],[7.58527,47.55701]]]},"properties":{"class":"Gebaeude.Gebaeude"}},{"type":"Feature","geometry":{"type":"Polygon","coordinates":[[[7.58499,47.55684],[7.58511,47.55702],[7.58504,47.55683],[7.58499,47.55684]]]},"properties":{"class":"Gebaeude.Gebaeude"}},{"type":"Feature","geometry":{"type":"Polygon","coordinates":[[[7.58501,47.55697],[7.58509,47.55704],[7.58505,47.55696],[7.58501,47.55697]]]},"properties":{"class":"befestigt.uebrige_befestigte.uebrige_befestigte"}},{"type":"Feature","geometry":{"type":"Polygon","coordinates":[[[7.58521,47.55696],[7.58521,47.55703],[7.58527,47.55703],[7.58529,47.55695],[7.58521,47.55696]]]},"properties":{"class":"befestigt.uebrige_befestigte.uebrige_befestigte"}},{"type":"Feature","geometry":{"type":"Polygon","coordinates":[[[7.5854,47.557],[7.58551,47.55701],[7.58551,47.55697],[7.5854,47.55696],[7.5854,47.557]]]},"properties":{"class":"Gebaeude.Gebaeude"}},{"type":"Feature","geometry":{"type":"MultiPolygon","coordinates":[[[[7.5843,47.55573],[7.5843,47.55573],[7.5843,47.55573],[7.5843,47.55573]]],[[[7.5843,47.55573],[7.5843,47.55573],[7.5843,47.55573],[7.5843,47.55573]]],[[[7.5843,47.55573],[7.5843,47.55573],[7.5843,47.55573],[7.5843,47.55573]]],[[[7.58384,47.55677],[7.58393,47.55693],[7.58389,47.557],[7.58392,47.55706],[7.58398,47.55702],[7.58399,47.55706],[7.58394,47.55708],[7.58406,47.55718],[7.58415,47.5574],[7.58437,47.55741],[7.58427,47.55711],[7.58408,47.55685],[7.5841,47.55671],[7.58461,47.55645],[7.58529,47.55619],[7.58538,47.55614],[7.5854,47.55607],[7.58453,47.5564],[7.58446,47.55632],[7.58452,47.556],[7.58439,47.5558],[7.5845,47.55571],[7.5843,47.55573],[7.58422,47.55577],[7.5844,47.55593],[7.58444,47.55603],[7.58434,47.55645],[7.58429,47.55652],[7.58384,47.55669],[7.58384,47.55677]],[[7.58394,47.55679],[7.58394,47.55679],[7.58394,47.55679],[7.58394,47.55679],[7.58394,47.55679],[7.58394,47.55679],[7.58394,47.55679],[7.58394,47.55679],[7.58394,47.55679],[7.58394,47.55679],[7.58394,47.55679],[7.58395,47.55679],[7.58395,47.55679],[7.58395,47.55679],[7.58395,47.55679],[7.58395,47.55679],[7.58395,47.55679],[7.58395,47.55679],[7.58395,47.55679],[7.58395,47.55679],[7.58395,47.55679],[7.58395,47.55679],[7.58395,47.55679],[7.58395,47.55682],[7.58395,47.55682],[7.58395,47.55682],[7.58395,47.55682],[7.58395,47.55682],[7.58395,47.55682],[7.58395,47.55682],[7.58395,47.55682],[7.58395,47.55682],[7.58394,47.5568],[7.58394,47.55679],[7.58394,47.55679],[7.58394,47.55679]],[[7.58403,47.55689],[7.58403,47.55689],[7.58403,47.55689],[7.58403,47.55689],[7.58403,47.55689],[7.58403,47.55689],[7.58403,47.55689],[7.58403,47.55689],[7.58403,47.55689],[7.58403,47.55689],[7.58404,47.55689],[7.58404,47.55689],[7.58404,47.55689],[7.58404,47.55689],[7.58404,47.55689],[7.58406,47.55692],[7.58406,47.55693],[7.58407,47.55693],[7.58407,47.55694],[7.58407,47.55695],[7.58408,47.55696],[7.58408,47.55696],[7.58409,47.55697],[7.58409,47.55698],[7.5841,47.55699],[7.58411,47.55701],[7.58411,47.55701],[7.58411,47.55702],[7.58411,47.55702],[7.58411,47.55702],[7.58411,47.55702],[7.58411,47.55702],[7.58411,47.55702],[7.58411,47.55702],[7.58411,47.55702],[7.58411,47.55702],[7.58411,47.55702],[7.58411,47.55702],[7.58411,47.55702],[7.58411,47.55702],[7.5841,47.55702],[7.5841,47.55703],[7.5841,47.55703],[7.5841,47.55703],[7.5841,47.55703],[7.5841,47.55703],[7.5841,47.55703],[7.5841,47.55703],[7.5841,47.55703],[7.58409,47.55703],[7.58409,47.55703],[7.58409,47.55703],[7.58409,47.55702],[7.58409,47.55702],[7.58409,47.55702],[7.58409,47.55702],[7.58409,47.55702],[7.58409,47.55702],[7.58409,47.55702],[7.58407,47.557],[7.58407,47.55699],[7.58406,47.55698],[7.58402,47.55693],[7.58403,47.55689],[7.58403,47.55689],[7.58403,47.55689]],[[7.58417,47.55714],[7.58417,47.55714],[7.58417,47.55714],[7.58417,47.55714],[7.58418,47.55714],[7.58418,47.55714],[7.58418,47.55714],[7.58418,47.55714],[7.58418,47.55713],[7.58418,47.55713],[7.58418,47.55713],[7.58418,47.55713],[7.58418,47.55713],[7.58418,47.55713],[7.58418,47.55713],[7.58418,47.55713],[7.58419,47.55713],[7.58419,47.55713],[7.58419,47.55713],[7.58419,47.55713],[7.58419,47.55714],[7.58419,47.55714],[7.58419,47.55714],[7.58419,47.55714],[7.58419,47.55714],[7.58419,47.55714],[7.58419,47.55714],[7.58419,47.55714],[7.58419,47.55714],[7.5842,47.55715],[7.5842,47.55715],[7.5842,47.55716],[7.5842,47.55716],[7.5842,47.55717],[7.58421,47.55717],[7.58421,47.55718],[7.58422,47.55723],[7.58423,47.55727],[7.58423,47.55727],[7.58423,47.55728],[7.58423,47.55728],[7.58423,47.55728],[7.58423,47.55729],[7.58423,47.55729],[7.58423,47.5573],[7.58423,47.5573],[7.58423,47.5573],[7.58423,47.5573],[7.58423,47.5573],[7.58423,47.5573],[7.58423,47.5573],[7.58423,47.5573],[7.58423,47.5573],[7.58423,47.5573],[7.58423,47.5573],[7.58423,47.5573],[7.58423,47.5573],[7.58423,47.5573],[7.58423,47.5573],[7.58423,47.5573],[7.58422,47.5573],[7.58422,47.5573],[7.58422,47.5573],[7.58422,47.5573],[7.58422,47.5573],[7.58422,47.5573],[7.58422,47.5573],[7.58422,47.5573],[7.58422,47.5573],[7.58422,47.5573],[7.58422,47.5573],[7.58421,47.5573],[7.58421,47.55729],[7.58421,47.55729],[7.58421,47.55728],[7.58421,47.55728],[7.5842,47.55727],[7.5842,47.55727],[7.5842,47.55726],[7.58419,47.55722],[7.58418,47.55718],[7.58418,47.55718],[7.58418,47.55717],[7.58418,47.55717],[7.58418,47.55716],[7.58417,47.55716],[7.58417,47.55715],[7.58417,47.55715],[7.58417,47.55715],[7.58417,47.55715],[7.58417,47.55714]],[[7.58435,47.55647],[7.58435,47.55647],[7.58435,47.55647],[7.58435,47.55647],[7.58435,47.55647],[7.58435,47.55647],[7.58435,47.55647],[7.58436,47.55647],[7.58436,47.55647],[7.58436,47.55647],[7.58436,47.55647],[7.58436,47.55647],[7.58436,47.55647],[7.58436,47.55647],[7.58436,47.55647],[7.58436,47.55649],[7.58436,47.55649],[7.58436,47.55649],[7.58436,47.55649],[7.58435,47.55649],[7.58435,47.55649],[7.58435,47.55649],[7.58435,47.55649],[7.58435,47.55649],[7.58435,47.55649],[7.58435,47.55649],[7.58435,47.55649],[7.58435,47.55649],[7.58435,47.55649],[7.58435,47.55649],[7.58435,47.55649],[7.58435,47.55649],[7.58435,47.55647],[7.58435,47.55647],[7.58435,47.55647]],[[7.58443,47.55638],[7.58449,47.55644],[7.58441,47.55646],[7.58443,47.55638]]]]},"properties":{"class":"befestigt.Strasse_Weg"}},{"type":"Feature","geometry":{"type":"Polygon","coordinates":[[[7.58471,47.55656],[7.5849,47.55673],[7.58499,47.55669],[7.58481,47.55651],[7.58471,47.55656]]]},"properties":{"class":"Gebaeude.Gebaeude"}},{"type":"Feature","geometry":{"type":"Polygon","coordinates":[[[7.58458,47.55676],[7.58467,47.55685],[7.58471,47.55683],[7.58462,47.55674],[7.58458,47.55676]]]},"properties":{"class":"Gebaeude.Gebaeude"}},{"type":"Feature","geometry":{"type":"Polygon","coordinates":[[[7.58394,47.5568],[7.58395,47.55682],[7.58395,47.55682],[7.58395,47.55682],[7.58395,47.55682],[7.58395,47.55682],[7.58395,47.55682],[7.58395,47.55682],[7.58395,47.55682],[7.58395,47.55682],[7.58395,47.55682],[7.58395,47.55682],[7.58395,47.55682],[7.58395,47.55682],[7.58395,47.55682],[7.58395,47.55682],[7.58395,47.55682],[7.58395,47.55682],[7.58395,47.55682],[7.58395,47.55682],[7.58395,47.55682],[7.58395,47.55682],[7.58395,47.55682],[7.58395,47.55682],[7.58395,47.55682],[7.58395,47.55682],[7.58395,47.55682],[7.58395,47.55682],[7.58395,47.55682],[7.58395,47.55682],[7.58395,47.55682],[7.58395,47.55682],[7.58395,47.55682],[7.58395,47.55682],[7.58395,47.55682],[7.58395,47.55682],[7.58395,47.55682],[7.58395,47.55679],[7.58395,47.55679],[7.58395,47.55679],[7.58395,47.55679],[7.58395,47.55679],[7.58395,47.55679],[7.58395,47.55679],[7.58395,47.55679],[7.58395,47.55679],[7.58395,47.55679],[7.58395,47.55679],[7.58395,47.55679],[7.58395,47.55679],[7.58395,47.55679],[7.58395,47.55679],[7.58395,47.55679],[7.58395,47.55679],[7.58395,47.55679],[7.58395,47.55679],[7.58394,47.55679],[7.58394,47.55679],[7.58394,47.55679],[7.58394,47.55679],[7.58394,47.55679],[7.58394,47.55679],[7.58394,47.55679],[7.58394,47.55679],[7.58394,47.55679],[7.58394,47.55679],[7.58394,47.55679],[7.58394,47.55679],[7.58394,47.55679],[7.58394,47.55679],[7.58394,47.55679],[7.58394,47.55679],[7.58394,47.55679],[7.58394,47.55679],[7.58394,47.55679],[7.58394,47.55679],[7.58394,47.55679],[7.58394,47.55679],[7.58394,47.55679],[7.58394,47.55679],[7.58394,47.55679],[7.58394,47.55679],[7.58394,47.5568],[7.58394,47.5568]]]},"properties":{"class":"befestigt.Verkehrsinsel"}},{"type":"Feature","geometry":{"type":"Polygon","coordinates":[[[7.58478,47.55642],[7.58486,47.5565],[7.58484,47.55647],[7.58522,47.55633],[7.58517,47.55627],[7.58478,47.55642]]]},"properties":{"class":"befestigt.uebrige_befestigte.uebrige_befestigte"}},{"type":"Feature","geometry":{"type":"Polygon","coordinates":[[[7.58532,47.55695],[7.58537,47.55696],[7.58539,47.55686],[7.58534,47.55685],[7.58532,47.55695]]]},"properties":{"class":"Gebaeude.Gebaeude"}},{"type":"Feature","geometry":{"type":"Polygon","coordinates":[[[7.58436,47.55712],[7.58439,47.55728],[7.58448,47.55727],[7.58446,47.5571],[7.58436,47.55712]]]},"properties":{"class":"Gebaeude.Gebaeude"}},{"type":"Feature","geometry":{"type":"Polygon","coordinates":[[[7.58523,47.55636],[7.58535,47.55648],[7.58554,47.55639],[7.58543,47.55626],[7.58523,47.55636]]]},"properties":{"class":"Gebaeude.Gebaeude"}},{"type":"Feature","geometry":{"type":"Polygon","coordinates":[[[7.58471,47.55727],[7.58471,47.55737],[7.58483,47.55736],[7.58482,47.55726],[7.58471,47.55727]]]},"properties":{"class":"Gebaeude.Gebaeude"}},{"type":"Feature","geometry":{"type":"Polygon","coordinates":[[[7.58456,47.55716],[7.58475,47.55713],[7.58472,47.55709],[7.58457,47.55711],[7.58456,47.55716]]]},"properties":{"class":"Gebaeude.Gebaeude"}},{"type":"Feature","geometry":{"type":"Polygon","coordinates":[[[7.58453,47.55729],[7.58493,47.55725],[7.58495,47.55721],[7.58487,47.5572],[7.58483,47.55712],[7.58477,47.55715],[7.5848,47.55721],[7.58454,47.55724],[7.58453,47.55729]]]},"properties":{"class":"Gebaeude.Gebaeude"}},{"type":"Feature","geometry":{"type":"Polygon","coordinates":[[[7.58447,47.55634],[7.58459,47.5564],[7.58541,47.55603],[7.58458,47.55639],[7.58453,47.55632],[7.58458,47.5563],[7.58462,47.556],[7.58481,47.55568],[7.58472,47.55564],[7.58464,47.55567],[7.58471,47.5557],[7.58456,47.55595],[7.5845,47.55595],[7.58453,47.55605],[7.58447,47.55634]]]},"properties":{"class":"befestigt.Trottoir"}},{"type":"Feature","geometry":{"type":"Polygon","coordinates":[[[7.58517,47.55627],[7.58524,47.55635],[7.58543,47.55626],[7.58537,47.55619],[7.58517,47.55627]]]},"properties":{"class":"humusiert.Gartenanlage.Gartenanlage"}},{"type":"Feature","geometry":{"type":"Polygon","coordinates":[[[7.58519,47.55682],[7.58521,47.55696],[7.58527,47.55695],[7.58529,47.55683],[7.58519,47.55682]]]},"properties":{"class":"Gebaeude.Gebaeude"}},{"type":"Feature","geometry":{"type":"Polygon","coordinates":[[[7.585,47.55641],[7.58517,47.55658],[7.58525,47.55652],[7.5851,47.55637],[7.585,47.55641]]]},"properties":{"class":"Gebaeude.Gebaeude"}},{"type":"Feature","geometry":{"type":"Polygon","coordinates":[[[7.58444,47.55663],[7.5845,47.55668],[7.58454,47.55666],[7.58444,47.55663]]]},"properties":{"class":"Gebaeude.Gebaeude"}},{"type":"Feature","geometry":{"type":"Polygon","coordinates":[[[7.58448,47.55661],[7.58462,47.55671],[7.58456,47.55658],[7.58448,47.55661]]]},"properties":{"class":"Gebaeude.Gebaeude"}},{"type":"Feature","geometry":{"type":"Polygon","coordinates":[[[7.58482,47.5571],[7.58487,47.5572],[7.58494,47.55719],[7.58493,47.55709],[7.58482,47.5571]]]},"properties":{"class":"Gebaeude.Gebaeude"}},{"type":"Feature","geometry":{"type":"Polygon","coordinates":[[[7.58492,47.55721],[7.58496,47.55736],[7.58504,47.55735],[7.58501,47.55721],[7.58492,47.55721]]]},"properties":{"class":"Gebaeude.Gebaeude"}},{"type":"Feature","geometry":{"type":"Polygon","coordinates":[[[7.58393,47.55639],[7.58421,47.55642],[7.58424,47.55628],[7.58398,47.55625],[7.58393,47.55639]]]},"properties":{"class":"Gebaeude.Gebaeude"}},{"type":"Feature","geometry":{"type":"Polygon","coordinates":[[[7.58384,47.55632],[7.58393,47.55639],[7.58396,47.55629],[7.58384,47.55632]]]},"properties":{"class":"befestigt.uebrige_befestigte.uebrige_befestigte"}},{"type":"Feature","geometry":{"type":"Polygon","coordinates":[[[7.58368,47.55618],[7.58384,47.55632],[7.58396,47.55629],[7.58398,47.55625],[7.58389,47.55622],[7.58386,47.55613],[7.58404,47.55611],[7.58406,47.556],[7.58379,47.556],[7.58378,47.55611],[7.58368,47.5561],[7.58368,47.55618]]]},"properties":{"class":"Gebaeude.Gebaeude"}},{"type":"Feature","geometry":{"type":"Polygon","coordinates":[[[7.58358,47.55611],[7.58368,47.55619],[7.58368,47.5561],[7.58358,47.55611]]]},"properties":{"class":"befestigt.uebrige_befestigte.uebrige_befestigte"}},{"type":"Feature","geometry":{"type":"Polygon","coordinates":[[[7.5843,47.55573],[7.58432,47.55575],[7.58432,47.55575],[7.58432,47.55575],[7.58432,47.55575],[7.58432,47.55575],[7.58432,47.55575],[7.58432,47.55575],[7.58432,47.55575],[7.58432,47.55575],[7.58432,47.55575],[7.58432,47.55575],[7.58432,47.55575],[7.58433,47.55575],[7.58433,47.55575],[7.58433,47.55575],[7.58433,47.55575],[7.58433,47.55575],[7.58433,47.55575],[7.58433,47.55575],[7.58433,47.55575],[7.58433,47.55575],[7.58433,47.55575],[7.58433,47.55575],[7.58433,47.55575],[7.58433,47.55575],[7.58434,47.55574],[7.58434,47.55574],[7.58434,47.55573],[7.58434,47.55573],[7.58435,47.55573],[7.58435,47.55572],[7.58435,47.55572],[7.58435,47.55572],[7.58435,47.55572],[7.58435,47.55572],[7.58435,47.55572],[7.58435,47.55572],[7.58435,47.55572],[7.58435,47.55572],[7.58435,47.55572],[7.58435,47.55572],[7.58435,47.55572],[7.58435,47.55572],[7.58435,47.55572],[7.58435,47.55572],[7.58435,47.55572],[7.58435,47.55572],[7.58435,47.55572],[7.58435,47.55572],[7.58435,47.55572],[7.58435,47.55572],[7.58435,47.55572],[7.58435,47.55572],[7.58435,47.55571],[7.58435,47.55571],[7.58435,47.55571],[7.58435,47.55571],[7.58434,47.55571],[7.58434,47.55571],[7.58434,47.55571],[7.58434,47.55571],[7.58434,47.55571],[7.58434,47.55571],[7.58434,47.55571],[7.58434,47.55571],[7.58434,47.55571],[7.58434,47.55571],[7.58434,47.55571],[7.58434,47.55571],[7.58434,47.55571],[7.58434,47.55571],[7.5843,47.55573],[7.5843,47.55573],[7.5843,47.55573],[7.5843,47.55573],[7.5843,47.55573],[7.5843,47.55573],[7.5843,47.55573],[7.5843,47.55573],[7.5843,47.55573],[7.5843,47.55573],[7.5843,47.55573],[7.5843,47.55573],[7.5843,47.55573],[7.5843,47.55573],[7.5843,47.55573],[7.5843,47.55573],[7.5843,47.55573],[7.5843,47.55573],[7.5843,47.55573],[7.5843,47.55573],[7.5843,47.55573],[7.5843,47.55573],[7.5843,47.55573],[7.5843,47.55573],[7.5843,47.55573],[7.5843,47.55573],[7.5843,47.55573],[7.5843,47.55573],[7.5843,47.55573],[7.5843,47.55573],[7.5843,47.55573],[7.5843,47.55573]]]},"properties":{"class":"befestigt.Verkehrsinsel"}},{"type":"Feature","geometry":{"type":"Polygon","coordinates":[[[7.58466,47.55627],[7.58471,47.55633],[7.58491,47.55624],[7.58484,47.55618],[7.58466,47.55627]]]},"properties":{"class":"Gebaeude.Gebaeude"}},{"type":"Feature","geometry":{"type":"Polygon","coordinates":[[[7.58462,47.556],[7.5849,47.55606],[7.58506,47.55618],[7.58516,47.55614],[7.58506,47.55603],[7.58497,47.55607],[7.58465,47.55595],[7.58462,47.556]]]},"properties":{"class":"Gebaeude.Gebaeude"}},{"type":"Feature","geometry":{"type":"Polygon","coordinates":[[[7.58379,47.5586],[7.58422,47.5586],[7.5842,47.55844],[7.58417,47.55844],[7.58418,47.55858],[7.58379,47.5586]]]},"properties":{"class":"befestigt.uebrige_befestigte.uebrige_befestigte"}},{"type":"Feature","geometry":{"type":"Polygon","coordinates":[[[7.58314,47.55771],[7.58314,47.55775],[7.58335,47.55775],[7.58414,47.5577],[7.58397,47.55715],[7.58352,47.55726],[7.58365,47.55759],[7.58314,47.55771]],[[7.5837,47.55736],[7.58378,47.55731],[7.58387,47.55761],[7.58376,47.55759],[7.5837,47.55736]]]},"properties":{"class":"Gebaeude.Gebaeude"}},{"type":"Feature","geometry":{"type":"Polygon","coordinates":[[[7.58366,47.55816],[7.58366,47.55817],[7.58366,47.55818],[7.58366,47.55818],[7.58366,47.55818],[7.58366,47.55818],[7.58366,47.55818],[7.58366,47.55818],[7.58366,47.55818],[7.58366,47.55818],[7.58366,47.55818],[7.58366,47.55818],[7.58366,47.55818],[7.58366,47.55818],[7.58366,47.55818],[7.58366,47.55818],[7.58366,47.55818],[7.58366,47.55818],[7.58366,47.55818],[7.58366,47.55818],[7.58366,47.55818],[7.58367,47.55818],[7.58367,47.55818],[7.58367,47.55818],[7.58367,47.55818],[7.58368,47.55818],[7.58368,47.55818],[7.58368,47.55818],[7.58368,47.55818],[7.58368,47.55818],[7.58368,47.55818],[7.58368,47.55818],[7.58368,47.55818],[7.58368,47.55818],[7.58368,47.55818],[7.58368,47.55818],[7.58368,47.55818],[7.58368,47.55818],[7.58368,47.55818],[7.58368,47.55818],[7.58368,47.55818],[7.58368,47.55818],[7.58368,47.55817],[7.58368,47.55817],[7.58368,47.55817],[7.58368,47.55817],[7.58368,47.55817],[7.58368,47.55817],[7.58368,47.55817],[7.58368,47.55817],[7.58368,47.55817],[7.58368,47.55817],[7.58368,47.55817],[7.58368,47.55817],[7.58367,47.55816],[7.58367,47.55816],[7.58367,47.55816],[7.58367,47.55816],[7.58367,47.55816],[7.58367,47.55816],[7.58367,47.55816],[7.58367,47.55816],[7.58367,47.55816],[7.58366,47.55816],[7.58366,47.55816],[7.58366,47.55816],[7.58366,47.55816],[7.58366,47.55816],[7.58366,47.55816],[7.58366,47.55816],[7.58366,47.55816],[7.58366,47.55816],[7.58366,47.55816],[7.58366,47.55816],[7.58366,47.55816],[7.58366,47.55816],[7.58366,47.55816],[7.58366,47.55816],[7.58366,47.55816],[7.58366,47.55816],[7.58366,47.55816],[7.58366,47.55816],[7.58366,47.55816],[7.58366,47.55816],[7.58366,47.55816],[7.58366,47.55816],[7.58366,47.55816]]]},"properties":{"class":"befestigt.Wasserbecken"}},{"type":"Feature","geometry":{"type":"Polygon","coordinates":[[[7.58347,47.55692],[7.58358,47.55708],[7.58373,47.55704],[7.58365,47.5569],[7.58347,47.55692]]]},"properties":{"class":"Gebaeude.Gebaeude"}},{"type":"Feature","geometry":{"type":"Polygon","coordinates":[[[7.58515,47.55583],[7.58529,47.55594],[7.58549,47.55585],[7.58534,47.55573],[7.58515,47.55583]]]},"properties":{"class":"befestigt.uebrige_befestigte.uebrige_befestigte"}},{"type":"Feature","geometry":{"type":"Polygon","coordinates":[[[7.58608,47.5556],[7.5862,47.55572],[7.58645,47.55564],[7.58634,47.55551],[7.58608,47.5556]]]},"properties":{"class":"Gebaeude.Gebaeude"}},{"type":"Feature","geometry":{"type":"Polygon","coordinates":[[[7.58365,47.5569],[7.58373,47.55704],[7.58387,47.55696],[7.58381,47.55686],[7.58365,47.5569]]]},"properties":{"class":"Gebaeude.Gebaeude"}},{"type":"Feature","geometry":{"type":"Polygon","coordinates":[[[7.58324,47.55667],[7.58347,47.55692],[7.58382,47.55685],[7.58375,47.55673],[7.58349,47.55654],[7.58324,47.55667]]]},"properties":{"class":"Gebaeude.Gebaeude"}},{"type":"Feature","geometry":{"type":"Polygon","coordinates":[[[7.58541,47.55624],[7.58554,47.55639],[7.58562,47.55636],[7.58549,47.55621],[7.58541,47.55624]]]},"properties":{"class":"Gebaeude.Gebaeude"}},{"type":"Feature","geometry":{"type":"Polygon","coordinates":[[[7.58572,47.55611],[7.58584,47.55627],[7.58589,47.55625],[7.58577,47.55609],[7.58572,47.55611]]]},"properties":{"class":"Gebaeude.Gebaeude"}},{"type":"Feature","geometry":{"type":"Polygon","coordinates":[[[7.58708,47.5556],[7.58719,47.55573],[7.58723,47.55571],[7.58733,47.55577],[7.5875,47.5556],[7.58736,47.55557],[7.58732,47.55565],[7.58719,47.55562],[7.58733,47.55545],[7.58708,47.5556]]]},"properties":{"class":"humusiert.Gartenanlage.Gartenanlage"}},{"type":"Feature","geometry":{"type":"Polygon","coordinates":[[[7.58538,47.55614],[7.58663,47.55573],[7.58704,47.55556],[7.58727,47.5554],[7.58717,47.55533],[7.58715,47.55541],[7.58692,47.55554],[7.58552,47.55602],[7.5854,47.55607],[7.58538,47.55614]]]},"properties":{"class":"befestigt.Strasse_Weg"}},{"type":"Feature","geometry":{"type":"Polygon","coordinates":[[[7.58579,47.55663],[7.58584,47.55666],[7.58604,47.55656],[7.5863,47.55657],[7.58631,47.5565],[7.58604,47.55653],[7.58579,47.55663]]]},"properties":{"class":"Gebaeude.Gebaeude"}},{"type":"Feature","geometry":{"type":"Polygon","coordinates":[[[7.58579,47.55654],[7.5858,47.55656],[7.5858,47.55656],[7.58582,47.55657],[7.58585,47.55656],[7.58584,47.55654],[7.58583,47.55653],[7.58581,47.55654],[7.58579,47.55654]]]},"properties":{"class":"befestigt.uebrige_befestigte.uebrige_befestigte"}},{"type":"Feature","geometry":{"type":"Polygon","coordinates":[[[7.58565,47.55666],[7.5857,47.55669],[7.58584,47.5566],[7.58582,47.55657],[7.58565,47.55666]]]},"properties":{"class":"Gebaeude.Gebaeude"}},{"type":"Feature","geometry":{"type":"Polygon","coordinates":[[[7.58589,47.55634],[7.586,47.55648],[7.58621,47.55644],[7.58609,47.55627],[7.58589,47.55634]]]},"properties":{"class":"humusiert.Gartenanlage.Gartenanlage"}},{"type":"Feature","geometry":{"type":"Polygon","coordinates":[[[7.58595,47.55653],[7.58612,47.55652],[7.5861,47.55648],[7.58595,47.55653]]]},"properties":{"class":"befestigt.uebrige_befestigte.uebrige_befestigte"}},{"type":"Feature","geometry":{"type":"Polygon","coordinates":[[[7.58588,47.55663],[7.58616,47.5566],[7.58611,47.55674],[7.58601,47.55676],[7.58592,47.55671],[7.58607,47.55682],[7.58605,47.55685],[7.58616,47.55689],[7.5863,47.55657],[7.58604,47.55658],[7.58588,47.55663]]]},"properties":{"class":"Gebaeude.Gebaeude"}},{"type":"Feature","geometry":{"type":"Polygon","coordinates":[[[7.58566,47.55685],[7.58571,47.55687],[7.58591,47.55666],[7.58588,47.55663],[7.58566,47.55685]]]},"properties":{"class":"Gebaeude.Gebaeude"}},{"type":"Feature","geometry":{"type":"Polygon","coordinates":[[[7.58609,47.55645],[7.58612,47.55652],[7.58631,47.5565],[7.58631,47.55642],[7.58609,47.55645]]]},"properties":{"class":"Gebaeude.Gebaeude"}},{"type":"Feature","geometry":{"type":"Polygon","coordinates":[[[7.58587,47.55691],[7.58594,47.55693],[7.58601,47.55683],[7.58596,47.55681],[7.58587,47.55691]]]},"properties":{"class":"Gebaeude.Gebaeude"}},{"type":"Feature","geometry":{"type":"Polygon","coordinates":[[[7.58594,47.55693],[7.5861,47.55697],[7.58616,47.55689],[7.58599,47.55678],[7.58596,47.55681],[7.58603,47.55682],[7.58594,47.55693]]]},"properties":{"class":"Gebaeude.Gebaeude"}},{"type":"Feature","geometry":{"type":"Polygon","coordinates":[[[7.58609,47.55627],[7.58621,47.55644],[7.58631,47.55642],[7.58628,47.5562],[7.58609,47.55627]]]},"properties":{"class":"Gebaeude.Gebaeude"}},{"type":"Feature","geometry":{"type":"Polygon","coordinates":[[[7.58642,47.55599],[7.58646,47.55603],[7.58656,47.556],[7.58653,47.55595],[7.58642,47.55599]]]},"properties":{"class":"befestigt.uebrige_befestigte.uebrige_befestigte"}},{"type":"Feature","geometry":{"type":"Polygon","coordinates":[[[7.58513,47.55672],[7.58521,47.55675],[7.58528,47.55665],[7.58522,47.55663],[7.58513,47.55672]]]},"properties":{"class":"Gebaeude.Gebaeude"}},{"type":"Feature","geometry":{"type":"Polygon","coordinates":[[[7.58705,47.55564],[7.58713,47.55574],[7.58718,47.55572],[7.5871,47.55562],[7.58705,47.55564]]]},"properties":{"class":"Gebaeude.Gebaeude"}},{"type":"Feature","geometry":{"type":"Polygon","coordinates":[[[7.58713,47.55574],[7.58719,47.55583],[7.58727,47.5558],[7.58722,47.55573],[7.58713,47.55574]]]},"properties":{"class":"Gebaeude.Gebaeude"}},{"type":"Feature","geometry":{"type":"Polygon","coordinates":[[[7.58683,47.55581],[7.58711,47.55577],[7.58699,47.55575],[7.58683,47.55581]]]},"properties":{"class":"befestigt.uebrige_befestigte.uebrige_befestigte"}},{"type":"Feature","geometry":{"type":"Polygon","coordinates":[[[7.58702,47.55579],[7.58707,47.55588],[7.58711,47.55586],[7.58707,47.55578],[7.58702,47.55579]]]},"properties":{"class":"Gebaeude.Gebaeude"}},{"type":"Feature","geometry":{"type":"Polygon","coordinates":[[[7.5869,47.55581],[7.58697,47.55591],[7.58707,47.55588],[7.58702,47.55579],[7.5869,47.55581]]]},"properties":{"class":"Gebaeude.Gebaeude"}},{"type":"Feature","geometry":{"type":"Polygon","coordinates":[[[7.58677,47.55576],[7.58683,47.55584],[7.58688,47.55579],[7.58684,47.55573],[7.58677,47.55576]]]},"properties":{"class":"Gebaeude.Gebaeude"}},{"type":"Feature","geometry":{"type":"Polygon","coordinates":[[[7.58684,47.55573],[7.58689,47.5558],[7.58699,47.55575],[7.58694,47.55569],[7.58684,47.55573]]]},"properties":{"class":"Gebaeude.Gebaeude"}},{"type":"Feature","geometry":{"type":"Polygon","coordinates":[[[7.58725,47.55644],[7.5875,47.55664],[7.58757,47.5566],[7.58733,47.5564],[7.58725,47.55644]]]},"properties":{"class":"Gebaeude.Gebaeude"}},{"type":"Feature","geometry":{"type":"Polygon","coordinates":[[[7.58544,47.56048],[7.58553,47.56061],[7.58564,47.56057],[7.5855,47.56044],[7.58544,47.56048]]]},"properties":{"class":"humusiert.Gartenanlage.Gartenanlage"}},{"type":"Feature","geometry":{"type":"Polygon","coordinates":[[[7.59325,47.56047],[7.59349,47.56056],[7.59353,47.5605],[7.59328,47.56043],[7.59325,47.56047]]]},"properties":{"class":"humusiert.Gartenanlage.Gartenanlage"}},{"type":"Feature","geometry":{"type":"Polygon","coordinates":[[[7.58914,47.55692],[7.5892,47.55695],[7.58916,47.557],[7.58928,47.5571],[7.58997,47.55637],[7.58985,47.5563],[7.58931,47.55685],[7.58922,47.55682],[7.58914,47.55692]]]},"properties":{"class":"befestigt.Strasse_Weg"}},{"type":"Feature","geometry":{"type":"Polygon","coordinates":[[[7.58762,47.55869],[7.58788,47.55915],[7.58882,47.55964],[7.58886,47.5596],[7.58887,47.55955],[7.5888,47.55951],[7.58803,47.55922],[7.58786,47.55906],[7.58765,47.5587],[7.5882,47.55802],[7.58816,47.55802],[7.58762,47.55869]]]},"properties":{"class":"befestigt.Trottoir"}},{"type":"Feature","geometry":{"type":"Polygon","coordinates":[[[7.58682,47.55923],[7.58698,47.55912],[7.58688,47.55915],[7.58682,47.55923]]]},"properties":{"class":"befestigt.Verkehrsinsel"}},{"type":"Feature","geometry":{"type":"Polygon","coordinates":[[[7.58786,47.55848],[7.58795,47.55853],[7.58806,47.55857],[7.58815,47.55859],[7.58824,47.55863],[7.58824,47.55863],[7.58824,47.55863],[7.58827,47.55864],[7.5883,47.55866],[7.58831,47.55866],[7.58831,47.55867],[7.58837,47.55869],[7.58838,47.55869],[7.58839,47.55869],[7.58846,47.55872],[7.58847,47.55872],[7.58862,47.55875],[7.58836,47.55866],[7.58828,47.55862],[7.58828,47.55862],[7.58825,47.55861],[7.58818,47.55858],[7.58811,47.55856],[7.58811,47.55856],[7.58808,47.55855],[7.58799,47.55852],[7.58792,47.55849],[7.58793,47.55849],[7.58786,47.55847],[7.58786,47.55848]]]},"properties":{"class":"befestigt.Strasse_Weg"}},{"type":"Feature","geometry":{"type":"Polygon","coordinates":[[[7.5881,47.55907],[7.58814,47.5591],[7.58823,47.55902],[7.5881,47.55907]]]},"properties":{"class":"befestigt.uebrige_befestigte.uebrige_befestigte"}},{"type":"Feature","geometry":{"type":"Polygon","coordinates":[[[7.58814,47.559],[7.58844,47.5591],[7.58867,47.55929],[7.58859,47.55941],[7.58863,47.55943],[7.58902,47.55916],[7.58898,47.55914],[7.58914,47.55903],[7.58918,47.5589],[7.58948,47.55863],[7.58979,47.5585],[7.58998,47.55827],[7.59035,47.55801],[7.59026,47.55794],[7.59006,47.55816],[7.5892,47.55883],[7.58873,47.55867],[7.58868,47.55877],[7.58847,47.55872],[7.58853,47.55875],[7.5885,47.55879],[7.58834,47.55874],[7.58814,47.559]],[[7.58831,47.55901],[7.58844,47.55881],[7.58886,47.55894],[7.58896,47.55878],[7.58915,47.55885],[7.58895,47.55911],[7.58871,47.55929],[7.58845,47.55909],[7.58846,47.55905],[7.58831,47.55901]]]},"properties":{"class":"befestigt.Strasse_Weg"}},{"type":"Feature","geometry":{"type":"Polygon","coordinates":[[[7.58887,47.55892],[7.58902,47.55899],[7.58911,47.5589],[7.58904,47.55888],[7.58909,47.55882],[7.58902,47.5588],[7.58897,47.55891],[7.58887,47.55892]]]},"properties":{"class":"Gebaeude.Gebaeude"}},{"type":"Feature","geometry":{"type":"Polygon","coordinates":[[[7.58845,47.55909],[7.58865,47.55926],[7.58874,47.55927],[7.58902,47.55899],[7.5889,47.55894],[7.58883,47.55896],[7.58893,47.55904],[7.5889,47.55909],[7.58878,47.55909],[7.58886,47.55913],[7.58868,47.55926],[7.58854,47.55915],[7.5886,47.55912],[7.58852,47.55909],[7.58854,47.55907],[7.58846,47.55905],[7.58845,47.55909]]]},"properties":{"class":"befestigt.uebrige_befestigte.uebrige_befestigte"}},{"type":"Feature","geometry":{"type":"Polygon","coordinates":[[[7.58886,47.55914],[7.58889,47.55915],[7.58889,47.55915],[7.58889,47.55916],[7.58895,47.55911],[7.58894,47.5591],[7.58894,47.55911],[7.58892,47.55909],[7.58889,47.55911],[7.58889,47.55912],[7.58886,47.55914]]]},"properties":{"class":"Gebaeude.Gebaeude"}},{"type":"Feature","geometry":{"type":"Polygon","coordinates":[[[7.58865,47.55926],[7.58871,47.55929],[7.58876,47.55926],[7.58865,47.55926]]]},"properties":{"class":"Gebaeude.Gebaeude"}},{"type":"Feature","geometry":{"type":"MultiPolygon","coordinates":[[[[7.58729,47.55872],[7.58754,47.55874],[7.58736,47.55866],[7.58728,47.55867],[7.58729,47.55872]]],[[[7.58729,47.55872],[7.58729,47.55872],[7.58729,47.55872],[7.58729,47.55872]]]]},"properties":{"class":"befestigt.Trottoir"}},{"type":"Feature","geometry":{"type":"Polygon","coordinates":[[[7.58357,47.56019],[7.58359,47.56029],[7.584,47.56017],[7.58396,47.56007],[7.58357,47.56019]]]},"properties":{"class":"Gebaeude.Gebaeude"}},{"type":"Feature","geometry":{"type":"Polygon","coordinates":[[[7.58293,47.56049],[7.58306,47.56055],[7.58469,47.56006],[7.58463,47.55997],[7.58293,47.56049]]]},"properties":{"class":"befestigt.Strasse_Weg"}},{"type":"Feature","geometry":{"type":"Polygon","coordinates":[[[7.58404,47.55872],[7.58412,47.55921],[7.58422,47.55921],[7.58414,47.5587],[7.58404,47.55872]]]},"properties":{"class":"befestigt.uebrige_befestigte.uebrige_befestigte"}},{"type":"Feature","geometry":{"type":"Polygon","coordinates":[[[7.58357,47.559],[7.58358,47.55911],[7.58365,47.55914],[7.58412,47.55921],[7.58404,47.55872],[7.58357,47.559]]]},"properties":{"class":"humusiert.Gartenanlage.Parkanlage_Spielplatz"}},{"type":"Feature","geometry":{"type":"Polygon","coordinates":[[[7.58345,47.55955],[7.58347,47.55965],[7.58379,47.55962],[7.58377,47.55952],[7.58345,47.55955]]]},"properties":{"class":"Gebaeude.Gebaeude"}},{"type":"Feature","geometry":{"type":"Polygon","coordinates":[[[7.58347,47.56],[7.58351,47.56014],[7.58356,47.56014],[7.58353,47.56],[7.58347,47.56]]]},"properties":{"class":"Gebaeude.Gebaeude"}},{"type":"Feature","geometry":{"type":"Polygon","coordinates":[[[7.58288,47.5594],[7.58414,47.55935],[7.58412,47.55924],[7.58382,47.55922],[7.58356,47.55913],[7.58343,47.55918],[7.58332,47.55915],[7.58288,47.5594]]]},"properties":{"class":"humusiert.Gartenanlage.Parkanlage_Spielplatz"}},{"type":"Feature","geometry":{"type":"Polygon","coordinates":[[[7.58717,47.55906],[7.58737,47.55943],[7.5878,47.55984],[7.58798,47.55984],[7.58844,47.55957],[7.5878,47.55918],[7.58754,47.55874],[7.5875,47.55875],[7.58777,47.55923],[7.58836,47.55956],[7.58794,47.55984],[7.58766,47.55964],[7.58735,47.55932],[7.5872,47.55903],[7.58729,47.55872],[7.58726,47.55871],[7.58717,47.55906]]]},"properties":{"class":"befestigt.Trottoir"}},{"type":"Feature","geometry":{"type":"Polygon","coordinates":[[[7.59082,47.55638],[7.591,47.55646],[7.59086,47.55658],[7.59102,47.55666],[7.5912,47.55651],[7.59085,47.55635],[7.59082,47.55638]]]},"properties":{"class":"Gebaeude.Gebaeude"}},{"type":"Feature","geometry":{"type":"Polygon","coordinates":[[[7.58734,47.56011],[7.5875,47.56017],[7.58756,47.56008],[7.58737,47.56001],[7.58734,47.56011]]]},"properties":{"class":"Gebaeude.Gebaeude"}},{"type":"Feature","geometry":{"type":"Polygon","coordinates":[[[7.58585,47.56082],[7.58591,47.56089],[7.58598,47.56087],[7.58592,47.56079],[7.58585,47.56082]]]},"properties":{"class":"befestigt.uebrige_befestigte.uebrige_befestigte"}},{"type":"Feature","geometry":{"type":"Polygon","coordinates":[[[7.58547,47.56086],[7.5855,47.5609],[7.58558,47.56085],[7.58555,47.56082],[7.58547,47.56086]]]},"properties":{"class":"Gebaeude.Gebaeude"}},{"type":"Feature","geometry":{"type":"Polygon","coordinates":[[[7.58343,47.56116],[7.58361,47.56115],[7.58356,47.56105],[7.58343,47.56116]]]},"properties":{"class":"humusiert.Gartenanlage.Gartenanlage"}},{"type":"Feature","geometry":{"type":"Polygon","coordinates":[[[7.59198,47.56118],[7.59317,47.56157],[7.59325,47.56151],[7.59202,47.56113],[7.59198,47.56118]]]},"properties":{"class":"befestigt.Strasse_Weg"}},{"type":"Feature","geometry":{"type":"Polygon","coordinates":[[[7.58519,47.56052],[7.58536,47.56047],[7.58554,47.56069],[7.58558,47.56067],[7.58545,47.56045],[7.58552,47.56045],[7.58566,47.56056],[7.58548,47.5604],[7.58519,47.56052]]]},"properties":{"class":"befestigt.uebrige_befestigte.uebrige_befestigte"}},{"type":"Feature","geometry":{"type":"Polygon","coordinates":[[[7.59273,47.56056],[7.59394,47.56089],[7.59407,47.56078],[7.59385,47.56072],[7.59382,47.56077],[7.59378,47.56076],[7.5938,47.56073],[7.59295,47.56052],[7.59302,47.56044],[7.59285,47.56039],[7.59273,47.56056]]]},"properties":{"class":"Gebaeude.Gebaeude"}},{"type":"Feature","geometry":{"type":"MultiPolygon","coordinates":[[[[7.58861,47.55531],[7.58861,47.55531],[7.58861,47.55531],[7.58861,47.55531]]],[[[7.58789,47.55657],[7.58838,47.55609],[7.58854,47.5561],[7.58857,47.55597],[7.58839,47.55594],[7.58832,47.55571],[7.58861,47.55531],[7.58852,47.55535],[7.58841,47.55552],[7.58827,47.55546],[7.58821,47.5555],[7.58821,47.55565],[7.5883,47.55567],[7.58827,47.55578],[7.58833,47.55606],[7.58779,47.55654],[7.58789,47.55657]]]]},"properties":{"class":"befestigt.Strasse_Weg"}},{"type":"Feature","geometry":{"type":"Polygon","coordinates":[[[7.58522,47.55709],[7.58522,47.55711],[7.58523,47.55711],[7.58523,47.55711],[7.58527,47.55711],[7.58527,47.55711],[7.58527,47.55709],[7.58522,47.55709]]]},"properties":{"class":"Gebaeude.Gebaeude"}},{"type":"Feature","geometry":{"type":"Polygon","coordinates":[[[7.58985,47.5563],[7.58997,47.55637],[7.59055,47.55571],[7.59044,47.55563],[7.58985,47.5563]]]},"properties":{"class":"befestigt.Strasse_Weg"}},{"type":"Feature","geometry":{"type":"Polygon","coordinates":[[[7.59265,47.5571],[7.59278,47.5571],[7.59302,47.55698],[7.59323,47.55679],[7.59339,47.55653],[7.59309,47.55686],[7.59265,47.5571]]]},"properties":{"class":"humusiert.uebrige_humusierte.Gewaesservorland_humusiert"}},{"type":"Feature","geometry":{"type":"Polygon","coordinates":[[[7.58673,47.55861],[7.58677,47.55878],[7.58674,47.55924],[7.58686,47.55935],[7.58694,47.5592],[7.58705,47.55918],[7.58691,47.55939],[7.58694,47.55942],[7.58705,47.55934],[7.58718,47.55935],[7.58764,47.55986],[7.58792,47.55998],[7.58811,47.55993],[7.58845,47.55972],[7.58873,47.55972],[7.58882,47.55964],[7.58791,47.55918],[7.58781,47.55909],[7.58762,47.55872],[7.58754,47.55874],[7.5878,47.55918],[7.58845,47.55956],[7.58798,47.55984],[7.58778,47.55983],[7.58737,47.55943],[7.58718,47.5591],[7.58726,47.55871],[7.58718,47.55867],[7.58705,47.55907],[7.58685,47.55905],[7.58685,47.55865],[7.58716,47.55862],[7.58718,47.55858],[7.58684,47.55856],[7.58673,47.55861]],[[7.58682,47.55923],[7.58688,47.55915],[7.58698,47.55912],[7.58682,47.55923]],[[7.58845,47.55952],[7.58845,47.55952],[7.58845,47.55952],[7.58845,47.55952],[7.58845,47.55952],[7.58845,47.55952],[7.58845,47.55952],[7.58845,47.55952],[7.58845,47.55952],[7.58845,47.55952],[7.58845,47.55952],[7.58845,47.55952],[7.58845,47.55952],[7.58845,47.55952],[7.58845,47.55951],[7.58845,47.55951],[7.58845,47.55951],[7.58845,47.55951],[7.58845,47.55951],[7.58845,47.55951],[7.58845,47.55951],[7.58845,47.55951],[7.58845,47.55951],[7.58845,47.55951],[7.58845,47.55951],[7.58845,47.55951],[7.58845,47.55951],[7.58845,47.55951],[7.58845,47.55951],[7.58846,47.55951],[7.58846,47.55951],[7.58846,47.55951],[7.58846,47.55951],[7.58846,47.55951],[7.58847,47.55951],[7.58847,47.55951],[7.58847,47.55951],[7.58847,47.55951],[7.58847,47.55951],[7.58849,47.55952],[7.58849,47.55952],[7.5885,47.55952],[7.5885,47.55953],[7.5885,47.55953],[7.58851,47.55953],[7.58851,47.55954],[7.58851,47.55954],[7.58851,47.55954],[7.58852,47.55954],[7.58852,47.55954],[7.58852,47.55955],[7.58852,47.55955],[7.58852,47.55955],[7.58852,47.55955],[7.58852,47.55955],[7.58852,47.55956],[7.58852,47.55956],[7.58852,47.55956],[7.58852,47.55956],[7.58852,47.55956],[7.58852,47.55956],[7.58852,47.55956],[7.58852,47.55956],[7.58852,47.55957],[7.58852,47.55957],[7.58852,47.55957],[7.58852,47.55957],[7.58851,47.55957],[7.58851,47.55957],[7.58851,47.55957],[7.58851,47.55957],[7.58851,47.55957],[7.58851,47.55957],[7.58851,47.55957],[7.58851,47.55957],[7.58851,47.55957],[7.58851,47.55957],[7.5885,47.55957],[7.5885,47.55957],[7.5885,47.55957],[7.5885,47.55957],[7.5885,47.55957],[7.58849,47.55957],[7.58849,47.55957],[7.58849,47.55957],[7.58849,47.55957],[7.58848,47.55957],[7.58848,47.55957],[7.58848,47.55957],[7.58848,47.55957],[7.58848,47.55956],[7.58848,47.55956],[7.58847,47.55956],[7.58847,47.55956],[7.58847,47.55956],[7.58847,47.55956],[7.58847,47.55955],[7.58847,47.55955],[7.58846,47.55954],[7.58846,47.55954],[7.58846,47.55953],[7.58845,47.55953],[7.58845,47.55952]]]},"properties":{"class":"befestigt.Strasse_Weg"}},{"type":"Feature","geometry":{"type":"Polygon","coordinates":[[[7.58765,47.5587],[7.58786,47.55906],[7.58796,47.55915],[7.5882,47.55901],[7.58814,47.559],[7.58834,47.55874],[7.5885,47.55879],[7.58853,47.55875],[7.5883,47.55866],[7.58827,47.55871],[7.5882,47.55868],[7.58824,47.55863],[7.58786,47.55848],[7.58765,47.5587]]]},"properties":{"class":"Gebaeude.Gebaeude"}},{"type":"Feature","geometry":{"type":"Polygon","coordinates":[[[7.58796,47.55915],[7.58803,47.55922],[7.58814,47.5591],[7.5881,47.55907],[7.58796,47.55915]]]},"properties":{"class":"Gebaeude.Gebaeude"}},{"type":"Feature","geometry":{"type":"Polygon","coordinates":[[[7.58803,47.55922],[7.58812,47.55925],[7.58828,47.55904],[7.58823,47.55902],[7.58803,47.55922]]]},"properties":{"class":"Gebaeude.Gebaeude"}},{"type":"Feature","geometry":{"type":"Polygon","coordinates":[[[7.5882,47.55868],[7.58827,47.55871],[7.58831,47.55867],[7.58824,47.55863],[7.5882,47.55868]]]},"properties":{"class":"befestigt.uebrige_befestigte.uebrige_befestigte"}},{"type":"Feature","geometry":{"type":"Polygon","coordinates":[[[7.58904,47.55888],[7.58911,47.5589],[7.58915,47.55885],[7.58909,47.55882],[7.58904,47.55888]]]},"properties":{"class":"Gebaeude.Gebaeude"}},{"type":"Feature","geometry":{"type":"Polygon","coordinates":[[[7.58892,47.55885],[7.58898,47.55887],[7.58902,47.5588],[7.58896,47.55878],[7.58892,47.55885]]]},"properties":{"class":"Gebaeude.Gebaeude"}},{"type":"Feature","geometry":{"type":"Polygon","coordinates":[[[7.5888,47.55919],[7.58883,47.55922],[7.58889,47.55916],[7.5888,47.55919]]]},"properties":{"class":"Gebaeude.Gebaeude"}},{"type":"Feature","geometry":{"type":"Polygon","coordinates":[[[7.58854,47.55915],[7.58868,47.55926],[7.58886,47.55913],[7.58875,47.55909],[7.58868,47.55914],[7.58854,47.55915]]]},"properties":{"class":"humusiert.Gartenanlage.Gartenanlage"}},{"type":"Feature","geometry":{"type":"Polygon","coordinates":[[[7.58831,47.55901],[7.58868,47.55914],[7.58875,47.55909],[7.5889,47.55909],[7.58893,47.55904],[7.58882,47.55898],[7.5889,47.55894],[7.58844,47.55881],[7.58831,47.55901]]]},"properties":{"class":"Gebaeude.Gebaeude"}},{"type":"Feature","geometry":{"type":"Polygon","coordinates":[[[7.58716,47.55862],[7.58726,47.55871],[7.58736,47.55866],[7.58754,47.55874],[7.58762,47.55872],[7.58764,47.55865],[7.58833,47.55777],[7.588,47.55762],[7.58779,47.55767],[7.58776,47.55771],[7.58784,47.55774],[7.58776,47.55786],[7.58716,47.55862]],[[7.58731,47.55858],[7.58792,47.55775],[7.58799,47.55773],[7.58818,47.55779],[7.58818,47.55785],[7.58757,47.55863],[7.58731,47.55858]]]},"properties":{"class":"befestigt.Strasse_Weg"}},{"type":"Feature","geometry":{"type":"Polygon","coordinates":[[[7.58743,47.55847],[7.58762,47.55852],[7.58815,47.55781],[7.58795,47.55776],[7.58743,47.55847]]]},"properties":{"class":"befestigt.uebrige_befestigte.uebrige_befestigte"}},{"type":"Feature","geometry":{"type":"Polygon","coordinates":[[[7.58589,47.55677],[7.58592,47.55678],[7.58592,47.55678],[7.58597,47.5568],[7.58597,47.5568],[7.58597,47.5568],[7.58599,47.55678],[7.586,47.55678],[7.58597,47.55675],[7.58594,47.55677],[7.58591,47.55675],[7.58589,47.55677]]]},"properties":{"class":"befestigt.uebrige_befestigte.uebrige_befestigte"}},{"type":"Feature","geometry":{"type":"Polygon","coordinates":[[[7.58412,47.55924],[7.58414,47.55935],[7.58424,47.55934],[7.58422,47.55924],[7.58412,47.55924]]]},"properties":{"class":"befestigt.uebrige_befestigte.uebrige_befestigte"}},{"type":"Feature","geometry":{"type":"Polygon","coordinates":[[[7.58327,47.55943],[7.58328,47.5595],[7.58415,47.5594],[7.58414,47.55937],[7.58327,47.55943]]]},"properties":{"class":"humusiert.Gartenanlage.Parkanlage_Spielplatz"}},{"type":"Feature","geometry":{"type":"Polygon","coordinates":[[[7.58614,47.55781],[7.58614,47.55782],[7.58616,47.55784],[7.58617,47.55784],[7.58617,47.55784],[7.5863,47.5578],[7.5863,47.5578],[7.58629,47.55779],[7.58629,47.55778],[7.58629,47.55778],[7.58627,47.55778],[7.58614,47.55781]]]},"properties":{"class":"Gebaeude.Gebaeude"}},{"type":"Feature","geometry":{"type":"Polygon","coordinates":[[[7.58581,47.55795],[7.58614,47.55795],[7.58613,47.55791],[7.58588,47.55791],[7.58588,47.55795],[7.58581,47.55795]]]},"properties":{"class":"Gebaeude.Gebaeude"}},{"type":"Feature","geometry":{"type":"Polygon","coordinates":[[[7.58602,47.558],[7.58615,47.558],[7.58614,47.55795],[7.58603,47.55796],[7.58602,47.558]]]},"properties":{"class":"Gebaeude.Gebaeude"}},{"type":"Feature","geometry":{"type":"Polygon","coordinates":[[[7.58587,47.55786],[7.5861,47.55786],[7.58608,47.55782],[7.58596,47.55782],[7.58597,47.55775],[7.58588,47.55775],[7.58587,47.55786]]]},"properties":{"class":"Gebaeude.Gebaeude"}},{"type":"Feature","geometry":{"type":"Polygon","coordinates":[[[7.58622,47.55736],[7.58632,47.55734],[7.58636,47.55739],[7.58629,47.55742],[7.58631,47.55744],[7.58648,47.55736],[7.58642,47.55728],[7.58622,47.55736]]]},"properties":{"class":"Gebaeude.Gebaeude"}},{"type":"Feature","geometry":{"type":"Polygon","coordinates":[[[7.58603,47.55763],[7.58605,47.55765],[7.58657,47.55746],[7.58655,47.55742],[7.58603,47.55763]]]},"properties":{"class":"Gebaeude.Gebaeude"}},{"type":"Feature","geometry":{"type":"Polygon","coordinates":[[[7.58634,47.55759],[7.58664,47.55755],[7.58661,47.5575],[7.58634,47.55759]]]},"properties":{"class":"Gebaeude.Gebaeude"}},{"type":"Feature","geometry":{"type":"Polygon","coordinates":[[[7.58603,47.5573],[7.58618,47.55732],[7.58637,47.55723],[7.58633,47.55718],[7.58603,47.5573]]]},"properties":{"class":"Gebaeude.Gebaeude"}},{"type":"Feature","geometry":{"type":"Polygon","coordinates":[[[7.58596,47.5572],[7.586,47.55726],[7.58628,47.55713],[7.58621,47.55707],[7.58596,47.5572]]]},"properties":{"class":"Gebaeude.Gebaeude"}},{"type":"Feature","geometry":{"type":"Polygon","coordinates":[[[7.58559,47.55713],[7.58568,47.55712],[7.58569,47.55709],[7.58559,47.55708],[7.58559,47.55713]]]},"properties":{"class":"Gebaeude.Gebaeude"}},{"type":"Feature","geometry":{"type":"Polygon","coordinates":[[[7.58573,47.55709],[7.58577,47.5571],[7.58582,47.55696],[7.58576,47.55695],[7.58573,47.55709]]]},"properties":{"class":"Gebaeude.Gebaeude"}},{"type":"Feature","geometry":{"type":"Polygon","coordinates":[[[7.58577,47.5571],[7.58581,47.55711],[7.58589,47.55697],[7.58582,47.55696],[7.58577,47.5571]]]},"properties":{"class":"Gebaeude.Gebaeude"}},{"type":"Feature","geometry":{"type":"Polygon","coordinates":[[[7.58588,47.55712],[7.58598,47.55714],[7.58607,47.55702],[7.58596,47.55699],[7.58588,47.55712]]]},"properties":{"class":"Gebaeude.Gebaeude"}},{"type":"Feature","geometry":{"type":"Polygon","coordinates":[[[7.58579,47.55726],[7.58581,47.55735],[7.58587,47.55733],[7.58584,47.55725],[7.58579,47.55726]]]},"properties":{"class":"Gebaeude.Gebaeude"}},{"type":"Feature","geometry":{"type":"Polygon","coordinates":[[[7.58557,47.55727],[7.58579,47.55726],[7.58572,47.55721],[7.58558,47.55722],[7.58557,47.55727]]]},"properties":{"class":"Gebaeude.Gebaeude"}},{"type":"Feature","geometry":{"type":"Polygon","coordinates":[[[7.58557,47.55744],[7.5857,47.55743],[7.58569,47.55737],[7.58557,47.55738],[7.58557,47.55744]]]},"properties":{"class":"Gebaeude.Gebaeude"}},{"type":"Feature","geometry":{"type":"Polygon","coordinates":[[[7.58556,47.55765],[7.58574,47.55766],[7.58574,47.5575],[7.58557,47.55751],[7.58556,47.55765]]]},"properties":{"class":"Gebaeude.Gebaeude"}},{"type":"Feature","geometry":{"type":"Polygon","coordinates":[[[7.58556,47.55775],[7.58576,47.55775],[7.58576,47.55766],[7.58556,47.55765],[7.58556,47.55775]]]},"properties":{"class":"Gebaeude.Gebaeude"}},{"type":"Feature","geometry":{"type":"Polygon","coordinates":[[[7.5858,47.55799],[7.58588,47.55799],[7.58587,47.55795],[7.5858,47.55795],[7.5858,47.55799]]]},"properties":{"class":"Gebaeude.Gebaeude"}},{"type":"Feature","geometry":{"type":"Polygon","coordinates":[[[7.58559,47.55708],[7.58564,47.55709],[7.58565,47.55704],[7.5856,47.55703],[7.58559,47.55708]]]},"properties":{"class":"Gebaeude.Gebaeude"}},{"type":"Feature","geometry":{"type":"Polygon","coordinates":[[[7.58595,47.55799],[7.58602,47.558],[7.58603,47.55796],[7.58595,47.55795],[7.58595,47.55799]]]},"properties":{"class":"Gebaeude.Gebaeude"}},{"type":"Feature","geometry":{"type":"Polygon","coordinates":[[[7.58587,47.55795],[7.58588,47.55799],[7.58595,47.55799],[7.58595,47.55795],[7.58587,47.55795]]]},"properties":{"class":"Gebaeude.Gebaeude"}},{"type":"Feature","geometry":{"type":"Polygon","coordinates":[[[7.58632,47.56009],[7.58638,47.56042],[7.58651,47.56041],[7.5865,47.56034],[7.58685,47.56034],[7.58677,47.55984],[7.58664,47.55986],[7.58667,47.56006],[7.58632,47.56009]]]},"properties":{"class":"Gebaeude.Gebaeude"}},{"type":"Feature","geometry":{"type":"Polygon","coordinates":[[[7.58625,47.56],[7.58639,47.56062],[7.58665,47.56086],[7.58676,47.56091],[7.58712,47.56064],[7.58711,47.56051],[7.58688,47.56023],[7.58681,47.55984],[7.58677,47.55984],[7.58685,47.56034],[7.58709,47.56059],[7.58674,47.56087],[7.58642,47.56058],[7.5863,47.55998],[7.58625,47.56]]]},"properties":{"class":"befestigt.Trottoir"}},{"type":"Feature","geometry":{"type":"Polygon","coordinates":[[[7.58696,47.55951],[7.58714,47.55973],[7.5874,47.55964],[7.58714,47.55936],[7.58697,47.55944],[7.58701,47.55948],[7.58696,47.55951]]]},"properties":{"class":"Gebaeude.Gebaeude"}},{"type":"Feature","geometry":{"type":"Polygon","coordinates":[[[7.58706,47.55999],[7.58708,47.56013],[7.58734,47.56011],[7.58738,47.56005],[7.58735,47.55998],[7.58706,47.55999]]]},"properties":{"class":"Gebaeude.Gebaeude"}},{"type":"Feature","geometry":{"type":"Polygon","coordinates":[[[7.58722,47.55972],[7.58731,47.55982],[7.5875,47.55974],[7.5874,47.55964],[7.58722,47.55972]]]},"properties":{"class":"Gebaeude.Gebaeude"}},{"type":"Feature","geometry":{"type":"Polygon","coordinates":[[[7.58735,47.55998],[7.58756,47.56008],[7.58761,47.56001],[7.5876,47.5599],[7.58743,47.55991],[7.58743,47.55998],[7.58735,47.55998]]]},"properties":{"class":"Gebaeude.Gebaeude"}},{"type":"Feature","geometry":{"type":"Polygon","coordinates":[[[7.58736,47.5607],[7.5876,47.56077],[7.5878,47.56056],[7.58794,47.56034],[7.58768,47.56025],[7.58736,47.5607]]]},"properties":{"class":"Gebaeude.Gebaeude"}},{"type":"Feature","geometry":{"type":"Polygon","coordinates":[[[7.58768,47.56025],[7.58787,47.56032],[7.58813,47.56011],[7.58797,47.56],[7.58773,47.56016],[7.58768,47.56025]]]},"properties":{"class":"Gebaeude.Gebaeude"}},{"type":"Feature","geometry":{"type":"Polygon","coordinates":[[[7.58725,47.56085],[7.58744,47.56092],[7.58747,47.56088],[7.58728,47.56081],[7.58725,47.56085]]]},"properties":{"class":"Gebaeude.Gebaeude"}},{"type":"Feature","geometry":{"type":"Polygon","coordinates":[[[7.58573,47.55942],[7.58587,47.55961],[7.5861,47.55954],[7.58624,47.55967],[7.58628,47.55966],[7.58624,47.55947],[7.58604,47.55949],[7.58603,47.5594],[7.58637,47.55937],[7.58573,47.55942]]]},"properties":{"class":"humusiert.Gartenanlage.Gartenanlage"}},{"type":"Feature","geometry":{"type":"Polygon","coordinates":[[[7.58624,47.55947],[7.58632,47.55971],[7.58674,47.55969],[7.5867,47.55944],[7.58624,47.55947]]]},"properties":{"class":"Gebaeude.Gebaeude"}},{"type":"Feature","geometry":{"type":"Polygon","coordinates":[[[7.58609,47.55974],[7.58626,47.55968],[7.58632,47.55974],[7.58653,47.55973],[7.58652,47.55969],[7.58632,47.55971],[7.58628,47.55966],[7.58609,47.55974]]]},"properties":{"class":"befestigt.uebrige_befestigte.uebrige_befestigte"}},{"type":"Feature","geometry":{"type":"Polygon","coordinates":[[[7.58567,47.55917],[7.58594,47.55915],[7.58595,47.55921],[7.586,47.55922],[7.58602,47.55915],[7.58646,47.55915],[7.58648,47.5592],[7.58669,47.5592],[7.58671,47.55884],[7.58602,47.55879],[7.58567,47.55909],[7.58567,47.55917]]]},"properties":{"class":"Gebaeude.Gebaeude"}},{"type":"Feature","geometry":{"type":"Polygon","coordinates":[[[7.58641,47.55876],[7.58642,47.55885],[7.58671,47.55884],[7.58671,47.55875],[7.58641,47.55876]]]},"properties":{"class":"Gebaeude.Gebaeude"}},{"type":"Feature","geometry":{"type":"Polygon","coordinates":[[[7.58462,47.55949],[7.5847,47.55967],[7.5849,47.5596],[7.58489,47.55957],[7.58474,47.55958],[7.5847,47.55947],[7.58462,47.55949]]]},"properties":{"class":"humusiert.Gartenanlage.Gartenanlage"}},{"type":"Feature","geometry":{"type":"Polygon","coordinates":[[[7.58519,47.56051],[7.58614,47.56004],[7.58622,47.56012],[7.5862,47.56006],[7.58614,47.56003],[7.58519,47.56051]]]},"properties":{"class":"befestigt.Trottoir"}},{"type":"Feature","geometry":{"type":"Polygon","coordinates":[[[7.5858,47.55998],[7.5861,47.55988],[7.58601,47.55977],[7.58585,47.55984],[7.58587,47.55992],[7.58593,47.55992],[7.5858,47.55998]]]},"properties":{"class":"Gebaeude.Gebaeude"}},{"type":"Feature","geometry":{"type":"Polygon","coordinates":[[[7.58516,47.55949],[7.58518,47.5596],[7.58534,47.55959],[7.5853,47.55948],[7.58516,47.55949]]]},"properties":{"class":"Gebaeude.Gebaeude"}},{"type":"Feature","geometry":{"type":"Polygon","coordinates":[[[7.58551,47.55964],[7.58558,47.5597],[7.58574,47.55961],[7.58568,47.55955],[7.58551,47.55964]]]},"properties":{"class":"Gebaeude.Gebaeude"}},{"type":"Feature","geometry":{"type":"Polygon","coordinates":[[[7.5851,47.55978],[7.58515,47.55988],[7.58528,47.55983],[7.58525,47.55976],[7.5851,47.55978]]]},"properties":{"class":"Gebaeude.Gebaeude"}},{"type":"Feature","geometry":{"type":"Polygon","coordinates":[[[7.58562,47.55983],[7.58571,47.55988],[7.58574,47.55985],[7.58562,47.55983]]]},"properties":{"class":"Gebaeude.Gebaeude"}},{"type":"Feature","geometry":{"type":"Polygon","coordinates":[[[7.58598,47.55968],[7.58605,47.55973],[7.58612,47.5597],[7.58607,47.55964],[7.58598,47.55968]]]},"properties":{"class":"befestigt.uebrige_befestigte.uebrige_befestigte"}},{"type":"Feature","geometry":{"type":"Polygon","coordinates":[[[7.58623,47.55867],[7.58623,47.55876],[7.58644,47.55876],[7.58644,47.55865],[7.58623,47.55867]]]},"properties":{"class":"befestigt.uebrige_befestigte.uebrige_befestigte"}},{"type":"Feature","geometry":{"type":"Polygon","coordinates":[[[7.58667,47.55931],[7.58677,47.55984],[7.58681,47.55984],[7.58674,47.55924],[7.58669,47.5592],[7.58667,47.55931]]]},"properties":{"class":"befestigt.Trottoir"}},{"type":"Feature","geometry":{"type":"Polygon","coordinates":[[[7.58686,47.5594],[7.58692,47.55975],[7.58689,47.55943],[7.58705,47.55918],[7.5869,47.55924],[7.58686,47.5594]]]},"properties":{"class":"befestigt.Verkehrsinsel"}},{"type":"Feature","geometry":{"type":"Polygon","coordinates":[[[7.58573,47.56024],[7.58581,47.56032],[7.58589,47.56029],[7.58581,47.5602],[7.58573,47.56024]]]},"properties":{"class":"Gebaeude.Gebaeude"}},{"type":"Feature","geometry":{"type":"Polygon","coordinates":[[[7.58596,47.56055],[7.58601,47.56063],[7.58612,47.56058],[7.58607,47.56051],[7.58596,47.56055]]]},"properties":{"class":"befestigt.uebrige_befestigte.uebrige_befestigte"}},{"type":"Feature","geometry":{"type":"Polygon","coordinates":[[[7.5851,47.5606],[7.58546,47.56107],[7.58602,47.56159],[7.58612,47.56162],[7.58642,47.56134],[7.58682,47.56107],[7.58666,47.56099],[7.58616,47.56131],[7.58597,47.56133],[7.58573,47.56119],[7.58517,47.56054],[7.5851,47.5606]],[[7.58588,47.56134],[7.58588,47.56134],[7.58588,47.56134],[7.58588,47.56134],[7.58588,47.56134],[7.58588,47.56134],[7.58588,47.56134],[7.58588,47.56134],[7.58589,47.56134],[7.58589,47.56134],[7.58589,47.56134],[7.58589,47.56134],[7.58589,47.56134],[7.58589,47.56134],[7.58589,47.56134],[7.58589,47.56134],[7.58591,47.56135],[7.58596,47.56137],[7.58596,47.56137],[7.58596,47.56137],[7.58596,47.56137],[7.58596,47.56137],[7.58596,47.56137],[7.58596,47.56137],[7.58596,47.56137],[7.58596,47.56137],[7.58596,47.56137],[7.58596,47.56137],[7.58596,47.56137],[7.58596,47.56137],[7.58596,47.56137],[7.58596,47.56137],[7.58596,47.56137],[7.58596,47.56137],[7.58596,47.56137],[7.58596,47.56137],[7.58596,47.56137],[7.58596,47.56137],[7.58596,47.56137],[7.58596,47.56137],[7.58596,47.56137],[7.58596,47.56138],[7.58596,47.56138],[7.58596,47.56138],[7.58596,47.56138],[7.58596,47.56138],[7.58596,47.56138],[7.58596,47.56138],[7.58596,47.56138],[7.58596,47.56138],[7.58596,47.56138],[7.58596,47.56138],[7.58596,47.56138],[7.58596,47.56138],[7.58596,47.56138],[7.58596,47.56138],[7.58596,47.56138],[7.58595,47.56138],[7.58595,47.56138],[7.58595,47.56138],[7.58595,47.56138],[7.58595,47.56138],[7.58595,47.56138],[7.58595,47.56138],[7.58595,47.56138],[7.58594,47.56138],[7.58594,47.56138],[7.58594,47.56138],[7.58594,47.56138],[7.58594,47.56138],[7.5859,47.56135],[7.58588,47.56134],[7.58588,47.56134],[7.58588,47.56134],[7.58588,47.56134],[7.58588,47.56134],[7.58588,47.56134],[7.58588,47.56134],[7.58588,47.56134],[7.58588,47.56134],[7.58588,47.56134],[7.58588,47.56134],[7.58588,47.56134],[7.58588,47.56134],[7.58588,47.56134],[7.58588,47.56134],[7.58588,47.56134],[7.58588,47.56134],[7.58588,47.56134],[7.58588,47.56134],[7.58588,47.56134],[7.58588,47.56134],[7.58588,47.56134],[7.58588,47.56134],[7.58588,47.56134],[7.58588,47.56134],[7.58588,47.56134],[7.58588,47.56134],[7.58588,47.56134],[7.58588,47.56134],[7.58588,47.56134],[7.58588,47.56134],[7.58588,47.56134]],[[7.58614,47.56141],[7.58626,47.56135],[7.58618,47.56143],[7.58614,47.56141]]]},"properties":{"class":"befestigt.Strasse_Weg"}},{"type":"Feature","geometry":{"type":"Polygon","coordinates":[[[7.58678,47.56115],[7.58695,47.56124],[7.58702,47.56118],[7.58686,47.56109],[7.58678,47.56115]]]},"properties":{"class":"Gebaeude.Gebaeude"}},{"type":"Feature","geometry":{"type":"Polygon","coordinates":[[[7.58633,47.56093],[7.58649,47.56105],[7.58663,47.56097],[7.58646,47.56085],[7.58633,47.56093]]]},"properties":{"class":"Gebaeude.Gebaeude"}},{"type":"Feature","geometry":{"type":"Polygon","coordinates":[[[7.58593,47.56094],[7.58607,47.56105],[7.58599,47.5611],[7.58609,47.56116],[7.58626,47.56106],[7.58618,47.561],[7.58646,47.56085],[7.58593,47.56094]]]},"properties":{"class":"befestigt.uebrige_befestigte.uebrige_befestigte"}},{"type":"Feature","geometry":{"type":"Polygon","coordinates":[[[7.58614,47.56078],[7.58623,47.5609],[7.58638,47.56085],[7.58631,47.56071],[7.58614,47.56078]]]},"properties":{"class":"Gebaeude.Gebaeude"}},{"type":"Feature","geometry":{"type":"Polygon","coordinates":[[[7.58572,47.561],[7.58578,47.56106],[7.586,47.56091],[7.58572,47.561]]]},"properties":{"class":"Gebaeude.Gebaeude"}},{"type":"Feature","geometry":{"type":"Polygon","coordinates":[[[7.58563,47.56078],[7.5857,47.56088],[7.58585,47.56082],[7.58577,47.56073],[7.58563,47.56078]]]},"properties":{"class":"Gebaeude.Gebaeude"}},{"type":"Feature","geometry":{"type":"Polygon","coordinates":[[[7.58556,47.56077],[7.58559,47.5608],[7.58572,47.56075],[7.58556,47.56077]]]},"properties":{"class":"Gebaeude.Gebaeude"}},{"type":"Feature","geometry":{"type":"Polygon","coordinates":[[[7.58537,47.56074],[7.58547,47.56086],[7.58559,47.5608],[7.58551,47.5607],[7.58537,47.56074]]]},"properties":{"class":"Gebaeude.Gebaeude"}},{"type":"Feature","geometry":{"type":"Polygon","coordinates":[[[7.58588,47.56115],[7.58607,47.5613],[7.58618,47.56123],[7.58599,47.5611],[7.58588,47.56115]]]},"properties":{"class":"Gebaeude.Gebaeude"}},{"type":"Feature","geometry":{"type":"Polygon","coordinates":[[[7.58581,47.56104],[7.5859,47.56114],[7.58607,47.56105],[7.58596,47.56097],[7.58581,47.56104]]]},"properties":{"class":"humusiert.Gartenanlage.Gartenanlage"}},{"type":"Feature","geometry":{"type":"Polygon","coordinates":[[[7.58643,47.56146],[7.58656,47.56151],[7.58662,47.56144],[7.58654,47.56138],[7.58643,47.56146]]]},"properties":{"class":"befestigt.uebrige_befestigte.uebrige_befestigte"}},{"type":"Feature","geometry":{"type":"Polygon","coordinates":[[[7.58604,47.56076],[7.58609,47.56082],[7.58615,47.56079],[7.58617,47.56075],[7.58631,47.56071],[7.5863,47.56067],[7.58604,47.56076]]]},"properties":{"class":"befestigt.uebrige_befestigte.uebrige_befestigte"}},{"type":"Feature","geometry":{"type":"Polygon","coordinates":[[[7.58668,47.56122],[7.58688,47.56134],[7.58691,47.56129],[7.58672,47.56119],[7.58668,47.56122]]]},"properties":{"class":"Gebaeude.Gebaeude"}},{"type":"Feature","geometry":{"type":"Polygon","coordinates":[[[7.58279,47.56067],[7.58286,47.56078],[7.58326,47.56066],[7.58331,47.56074],[7.58342,47.56072],[7.58349,47.56069],[7.58344,47.56063],[7.58414,47.5604],[7.58411,47.56036],[7.58477,47.56021],[7.58469,47.56006],[7.58306,47.56055],[7.58308,47.56058],[7.58279,47.56067]]]},"properties":{"class":"Gebaeude.Gebaeude"}},{"type":"Feature","geometry":{"type":"Polygon","coordinates":[[[7.585,47.56066],[7.5855,47.56122],[7.58517,47.56137],[7.58528,47.56148],[7.5856,47.56133],[7.58568,47.56136],[7.58516,47.56078],[7.58518,47.56076],[7.58506,47.56063],[7.585,47.56066]]]},"properties":{"class":"befestigt.uebrige_befestigte.uebrige_befestigte"}},{"type":"Feature","geometry":{"type":"Polygon","coordinates":[[[7.58458,47.5595],[7.58482,47.56],[7.58513,47.56047],[7.58614,47.55996],[7.58608,47.55989],[7.5861,47.55998],[7.58516,47.56043],[7.58485,47.55998],[7.5849,47.55997],[7.58483,47.55983],[7.58479,47.55984],[7.58462,47.55949],[7.58458,47.5595]]]},"properties":{"class":"befestigt.Trottoir"}},{"type":"Feature","geometry":{"type":"Polygon","coordinates":[[[7.58336,47.56078],[7.58342,47.56079],[7.58352,47.5607],[7.58349,47.56064],[7.58381,47.56054],[7.58379,47.56051],[7.58344,47.56063],[7.58348,47.56072],[7.58336,47.56078]]]},"properties":{"class":"humusiert.Gartenanlage.Gartenanlage"}},{"type":"Feature","geometry":{"type":"Polygon","coordinates":[[[7.58395,47.56046],[7.58397,47.5605],[7.58416,47.56044],[7.5842,47.56037],[7.58445,47.5603],[7.58443,47.56027],[7.58411,47.56036],[7.58414,47.5604],[7.58395,47.56046]]]},"properties":{"class":"humusiert.Gartenanlage.Gartenanlage"}},{"type":"Feature","geometry":{"type":"Polygon","coordinates":[[[7.58425,47.55905],[7.58427,47.55922],[7.58433,47.55921],[7.58431,47.55905],[7.58425,47.55905]]]},"properties":{"class":"humusiert.uebrige_humusierte.uebrige_humusierte"}},{"type":"Feature","geometry":{"type":"Polygon","coordinates":[[[7.58419,47.5587],[7.58423,47.55897],[7.58429,47.55897],[7.58424,47.55869],[7.58419,47.5587]]]},"properties":{"class":"humusiert.uebrige_humusierte.uebrige_humusierte"}},{"type":"Feature","geometry":{"type":"Polygon","coordinates":[[[7.58375,47.55976],[7.58383,47.56012],[7.58396,47.56007],[7.58392,47.55989],[7.584,47.55986],[7.58396,47.5596],[7.58379,47.55962],[7.58382,47.55974],[7.58375,47.55976]]]},"properties":{"class":"Gebaeude.Gebaeude"}},{"type":"Feature","geometry":{"type":"Polygon","coordinates":[[[7.58392,47.55989],[7.58394,47.56001],[7.58405,47.56002],[7.58408,47.55998],[7.58403,47.56],[7.58396,47.55989],[7.58453,47.55974],[7.5845,47.55968],[7.58429,47.55973],[7.58423,47.55959],[7.58419,47.5596],[7.5842,47.55964],[7.58406,47.55965],[7.58403,47.55959],[7.58396,47.5596],[7.584,47.55986],[7.58392,47.55989]]]},"properties":{"class":"humusiert.Gartenanlage.Gartenanlage"}},{"type":"Feature","geometry":{"type":"Polygon","coordinates":[[[7.58426,47.55967],[7.58429,47.55973],[7.5845,47.55968],[7.58448,47.55963],[7.58426,47.55967]]]},"properties":{"class":"Gebaeude.Gebaeude"}},{"type":"Feature","geometry":{"type":"Polygon","coordinates":[[[7.58401,47.55954],[7.58406,47.55965],[7.58416,47.55965],[7.58412,47.55953],[7.58401,47.55954]]]},"properties":{"class":"Gebaeude.Gebaeude"}},{"type":"Feature","geometry":{"type":"Polygon","coordinates":[[[7.5843,47.55951],[7.58432,47.55956],[7.58445,47.55954],[7.58443,47.5595],[7.5843,47.55951]]]},"properties":{"class":"Gebaeude.Gebaeude"}},{"type":"Feature","geometry":{"type":"Polygon","coordinates":[[[7.58549,47.55559],[7.58563,47.55571],[7.58591,47.55557],[7.58579,47.55541],[7.58549,47.55559]]]},"properties":{"class":"Gebaeude.Gebaeude"}},{"type":"Feature","geometry":{"type":"Polygon","coordinates":[[[7.58954,47.55603],[7.59,47.55614],[7.59007,47.55607],[7.58959,47.55592],[7.58954,47.55603]]]},"properties":{"class":"Gebaeude.Gebaeude"}},{"type":"Feature","geometry":{"type":"Polygon","coordinates":[[[7.58597,47.56012],[7.58608,47.56019],[7.58604,47.56021],[7.58622,47.56012],[7.58614,47.56004],[7.58597,47.56012]]]},"properties":{"class":"Gebaeude.Gebaeude"}},{"type":"Feature","geometry":{"type":"Polygon","coordinates":[[[7.58525,47.55829],[7.5853,47.55834],[7.58546,47.55834],[7.58545,47.55821],[7.58529,47.55822],[7.58525,47.55829]]]},"properties":{"class":"Gebaeude.Gebaeude"}},{"type":"Feature","geometry":{"type":"Polygon","coordinates":[[[7.5849,47.55918],[7.58558,47.5592],[7.58568,47.55955],[7.58601,47.55977],[7.58614,47.55994],[7.58517,47.56046],[7.58519,47.56051],[7.58618,47.56003],[7.58623,47.55994],[7.58609,47.55974],[7.58584,47.55958],[7.58573,47.55942],[7.58667,47.55935],[7.58667,47.55931],[7.58635,47.55933],[7.58635,47.55919],[7.58623,47.55916],[7.58614,47.55919],[7.58614,47.55926],[7.5862,47.55929],[7.58608,47.55928],[7.58609,47.55932],[7.58623,47.55933],[7.58572,47.55939],[7.58569,47.55908],[7.58563,47.55903],[7.58553,47.55909],[7.58492,47.55908],[7.5849,47.55918]]]},"properties":{"class":"befestigt.Strasse_Weg"}},{"type":"Feature","geometry":{"type":"Polygon","coordinates":[[[7.59266,47.5601],[7.59274,47.56014],[7.59278,47.5601],[7.59272,47.56006],[7.59266,47.5601]]]},"properties":{"class":"Gebaeude.Gebaeude"}},{"type":"Feature","geometry":{"type":"Polygon","coordinates":[[[7.59091,47.55772],[7.5911,47.55782],[7.59197,47.55733],[7.59182,47.55723],[7.59138,47.55754],[7.59119,47.5576],[7.59114,47.55757],[7.59091,47.55772]]]},"properties":{"class":"humusiert.Gartenanlage.Gartenanlage"}},{"type":"Feature","geometry":{"type":"Polygon","coordinates":[[[7.59122,47.55748],[7.59129,47.55756],[7.59138,47.5575],[7.59126,47.55744],[7.59122,47.55748]]]},"properties":{"class":"befestigt.uebrige_befestigte.uebrige_befestigte"}},{"type":"Feature","geometry":{"type":"Polygon","coordinates":[[[7.59094,47.55749],[7.59119,47.5576],[7.59127,47.55756],[7.59099,47.55744],[7.59094,47.55749]]]},"properties":{"class":"Gebaeude.Gebaeude"}},{"type":"Feature","geometry":{"type":"Polygon","coordinates":[[[7.59053,47.55812],[7.59059,47.55814],[7.5911,47.55782],[7.59097,47.55775],[7.59071,47.55799],[7.59076,47.55803],[7.59053,47.55812]]]},"properties":{"class":"befestigt.uebrige_befestigte.uebrige_befestigte"}},{"type":"Feature","geometry":{"type":"Polygon","coordinates":[[[7.59034,47.55801],[7.59045,47.55807],[7.59053,47.55801],[7.59065,47.5581],[7.59076,47.55803],[7.59071,47.55799],[7.59084,47.55787],[7.59064,47.55776],[7.59034,47.55801]]]},"properties":{"class":"Gebaeude.Gebaeude"}},{"type":"Feature","geometry":{"type":"Polygon","coordinates":[[[7.59064,47.55776],[7.59084,47.55787],[7.59091,47.55783],[7.59069,47.55771],[7.59064,47.55776]]]},"properties":{"class":"Gebaeude.Gebaeude"}},{"type":"Feature","geometry":{"type":"Polygon","coordinates":[[[7.5902,47.55706],[7.59047,47.55716],[7.59032,47.55736],[7.59073,47.55748],[7.59067,47.55744],[7.59074,47.55738],[7.59067,47.55734],[7.59059,47.55739],[7.59049,47.55732],[7.59053,47.55729],[7.59047,47.55723],[7.59073,47.5571],[7.59069,47.55701],[7.5906,47.55696],[7.59049,47.55701],[7.5904,47.55697],[7.59046,47.55692],[7.5903,47.55688],[7.5902,47.55706]]]},"properties":{"class":"befestigt.uebrige_befestigte.uebrige_befestigte"}},{"type":"Feature","geometry":{"type":"Polygon","coordinates":[[[7.5898,47.55754],[7.59016,47.55773],[7.59033,47.55758],[7.58995,47.55739],[7.59006,47.55728],[7.59,47.55725],[7.58992,47.55732],[7.58997,47.55735],[7.58982,47.55746],[7.58986,47.55749],[7.5898,47.55754]]]},"properties":{"class":"befestigt.uebrige_befestigte.uebrige_befestigte"}},{"type":"Feature","geometry":{"type":"Polygon","coordinates":[[[7.5896,47.55739],[7.58972,47.55751],[7.58981,47.55746],[7.58966,47.55734],[7.5896,47.55739]]]},"properties":{"class":"befestigt.uebrige_befestigte.uebrige_befestigte"}},{"type":"Feature","geometry":{"type":"Polygon","coordinates":[[[7.59053,47.55725],[7.5906,47.55732],[7.59075,47.55722],[7.5907,47.55717],[7.59053,47.55725]]]},"properties":{"class":"befestigt.uebrige_befestigte.uebrige_befestigte"}},{"type":"Feature","geometry":{"type":"Polygon","coordinates":[[[7.59078,47.55726],[7.59085,47.55731],[7.5909,47.55725],[7.59086,47.55722],[7.59078,47.55726]]]},"properties":{"class":"befestigt.uebrige_befestigte.uebrige_befestigte"}},{"type":"Feature","geometry":{"type":"Polygon","coordinates":[[[7.58935,47.55701],[7.5897,47.55715],[7.58978,47.55708],[7.58942,47.55694],[7.58935,47.55701]]]},"properties":{"class":"Gebaeude.Gebaeude"}},{"type":"Feature","geometry":{"type":"Polygon","coordinates":[[[7.58976,47.55659],[7.59012,47.55674],[7.59017,47.55657],[7.5899,47.55645],[7.58976,47.55659]]]},"properties":{"class":"Gebaeude.Gebaeude"}},{"type":"Feature","geometry":{"type":"Polygon","coordinates":[[[7.5924,47.55627],[7.59267,47.55636],[7.59281,47.55624],[7.59257,47.55612],[7.5924,47.55627]]]},"properties":{"class":"humusiert.Gartenanlage.Gartenanlage"}},{"type":"Feature","geometry":{"type":"Polygon","coordinates":[[[7.59312,47.55634],[7.59324,47.55639],[7.59359,47.55617],[7.59333,47.55604],[7.59312,47.55634]]]},"properties":{"class":"befestigt.uebrige_befestigte.Sportanlage_befestigt"}},{"type":"Feature","geometry":{"type":"Polygon","coordinates":[[[7.59239,47.55674],[7.59267,47.55693],[7.593,47.55672],[7.59286,47.55661],[7.5927,47.55671],[7.59239,47.55674]]]},"properties":{"class":"befestigt.uebrige_befestigte.uebrige_befestigte"}},{"type":"Feature","geometry":{"type":"Polygon","coordinates":[[[7.59137,47.55687],[7.59169,47.55704],[7.59218,47.55671],[7.59172,47.55648],[7.59137,47.55687]]]},"properties":{"class":"befestigt.uebrige_befestigte.uebrige_befestigte"}},{"type":"Feature","geometry":{"type":"Polygon","coordinates":[[[7.5917,47.55714],[7.59179,47.55721],[7.59193,47.55709],[7.59185,47.55703],[7.5917,47.55714]]]},"properties":{"class":"Gebaeude.Gebaeude"}},{"type":"Feature","geometry":{"type":"Polygon","coordinates":[[[7.59185,47.55703],[7.59193,47.55709],[7.59205,47.55701],[7.59197,47.55694],[7.59185,47.55703]]]},"properties":{"class":"Gebaeude.Gebaeude"}},{"type":"Feature","geometry":{"type":"Polygon","coordinates":[[[7.59109,47.55604],[7.59147,47.55625],[7.59163,47.55606],[7.59148,47.55591],[7.59142,47.55595],[7.59152,47.55601],[7.5914,47.55612],[7.59116,47.55598],[7.59109,47.55604]]]},"properties":{"class":"Gebaeude.Gebaeude"}},{"type":"Feature","geometry":{"type":"Polygon","coordinates":[[[7.59141,47.55578],[7.59148,47.55585],[7.59143,47.55588],[7.59163,47.55603],[7.59148,47.55624],[7.59205,47.55605],[7.59158,47.55579],[7.59154,47.55572],[7.59141,47.55578]]]},"properties":{"class":"befestigt.Strasse_Weg"}},{"type":"Feature","geometry":{"type":"Polygon","coordinates":[[[7.59112,47.55598],[7.5914,47.55612],[7.59152,47.55601],[7.59142,47.55595],[7.59148,47.55591],[7.59129,47.55582],[7.59112,47.55598]]]},"properties":{"class":"befestigt.uebrige_befestigte.uebrige_befestigte"}},{"type":"Feature","geometry":{"type":"Polygon","coordinates":[[[7.5904,47.55589],[7.59078,47.55604],[7.5911,47.55573],[7.59115,47.55576],[7.59124,47.55567],[7.5911,47.5556],[7.59113,47.55552],[7.59103,47.55549],[7.59099,47.55555],[7.59075,47.55546],[7.59055,47.55571],[7.59079,47.55581],[7.59076,47.55585],[7.59051,47.55576],[7.5904,47.55589]]]},"properties":{"class":"Gebaeude.Gebaeude"}},{"type":"Feature","geometry":{"type":"Polygon","coordinates":[[[7.59123,47.55581],[7.59133,47.55584],[7.59142,47.55578],[7.59134,47.55571],[7.59123,47.55581]]]},"properties":{"class":"Gebaeude.Gebaeude"}},{"type":"Feature","geometry":{"type":"Polygon","coordinates":[[[7.59051,47.55576],[7.59076,47.55585],[7.59079,47.55581],[7.59055,47.55571],[7.59051,47.55576]]]},"properties":{"class":"Gebaeude.Gebaeude"}},{"type":"Feature","geometry":{"type":"Polygon","coordinates":[[[7.59017,47.55669],[7.59046,47.55675],[7.59057,47.55661],[7.5903,47.55655],[7.59022,47.55658],[7.59017,47.55669]]]},"properties":{"class":"Gebaeude.Gebaeude"}},{"type":"Feature","geometry":{"type":"Polygon","coordinates":[[[7.58997,47.55637],[7.59035,47.55653],[7.59041,47.55647],[7.59003,47.55631],[7.58997,47.55637]]]},"properties":{"class":"Gebaeude.Gebaeude"}},{"type":"Feature","geometry":{"type":"Polygon","coordinates":[[[7.59093,47.55639],[7.5912,47.55651],[7.59135,47.55637],[7.5911,47.55626],[7.59118,47.55632],[7.59111,47.55638],[7.59093,47.55639]]]},"properties":{"class":"Gebaeude.Gebaeude"}},{"type":"Feature","geometry":{"type":"Polygon","coordinates":[[[7.59119,47.55552],[7.59126,47.55562],[7.5913,47.55553],[7.59119,47.55552]]]},"properties":{"class":"Gebaeude.Gebaeude"}},{"type":"Feature","geometry":{"type":"Polygon","coordinates":[[[7.59218,47.55548],[7.59236,47.55563],[7.59218,47.55579],[7.59236,47.55589],[7.59265,47.55565],[7.59225,47.55543],[7.59218,47.55548]]]},"properties":{"class":"Gebaeude.Gebaeude"}},{"type":"Feature","geometry":{"type":"Polygon","coordinates":[[[7.59302,47.55564],[7.59348,47.55584],[7.59343,47.55588],[7.59354,47.55594],[7.59362,47.55581],[7.59355,47.55577],[7.59348,47.55584],[7.59333,47.55572],[7.59349,47.55559],[7.59339,47.55553],[7.59321,47.55569],[7.59311,47.55564],[7.59309,47.55558],[7.59302,47.55564]]]},"properties":{"class":"befestigt.uebrige_befestigte.uebrige_befestigte"}},{"type":"Feature","geometry":{"type":"Polygon","coordinates":[[[7.59309,47.55558],[7.59311,47.55564],[7.59321,47.55569],[7.59339,47.55553],[7.59323,47.55546],[7.59309,47.55558]]]},"properties":{"class":"humusiert.Gartenanlage.Gartenanlage"}},{"type":"Feature","geometry":{"type":"Polygon","coordinates":[[[7.59232,47.56026],[7.59246,47.56035],[7.5925,47.56029],[7.59235,47.56023],[7.59232,47.56026]]]},"properties":{"class":"Gebaeude.Gebaeude"}},{"type":"Feature","geometry":{"type":"Polygon","coordinates":[[[7.59222,47.56017],[7.59223,47.56018],[7.59226,47.56019],[7.59227,47.56017],[7.59229,47.56016],[7.59225,47.56014],[7.59224,47.56015],[7.59222,47.56017]]]},"properties":{"class":"befestigt.uebrige_befestigte.uebrige_befestigte"}},{"type":"Feature","geometry":{"type":"Polygon","coordinates":[[[7.59237,47.56013],[7.59259,47.56021],[7.59265,47.56017],[7.59254,47.56011],[7.59248,47.56016],[7.59237,47.56013]]]},"properties":{"class":"befestigt.uebrige_befestigte.uebrige_befestigte"}},{"type":"Feature","geometry":{"type":"Polygon","coordinates":[[[7.59178,47.56],[7.59196,47.56008],[7.59201,47.56004],[7.59183,47.55995],[7.59178,47.56]]]},"properties":{"class":"Gebaeude.Gebaeude"}},{"type":"Feature","geometry":{"type":"MultiPolygon","coordinates":[[[[7.5911,47.56043],[7.59116,47.56038],[7.59128,47.56044],[7.59131,47.56037],[7.59122,47.56034],[7.59164,47.56],[7.59172,47.56005],[7.59265,47.55933],[7.59261,47.5593],[7.59162,47.55996],[7.59083,47.56059],[7.59088,47.56062],[7.5911,47.56043]]],[[[7.59121,47.56026],[7.59121,47.56026],[7.59121,47.56026],[7.59121,47.56026]]],[[[7.59121,47.56026],[7.59121,47.56026],[7.59121,47.56026],[7.59121,47.56026]]],[[[7.59121,47.56026],[7.59121,47.56026],[7.59121,47.56026],[7.59121,47.56026]]],[[[7.59121,47.56026],[7.59121,47.56026],[7.59121,47.56026],[7.59121,47.56026]]],[[[7.59121,47.56026],[7.59121,47.56026],[7.59121,47.56026],[7.59121,47.56026]]]]},"properties":{"class":"befestigt.Strasse_Weg"}},{"type":"Feature","geometry":{"type":"Polygon","coordinates":[[[7.59122,47.56034],[7.5913,47.56038],[7.59172,47.56005],[7.59164,47.56],[7.59122,47.56034]]]},"properties":{"class":"befestigt.uebrige_befestigte.uebrige_befestigte"}},{"type":"Feature","geometry":{"type":"Polygon","coordinates":[[[7.59168,47.56076],[7.59198,47.56085],[7.59207,47.56081],[7.59222,47.56089],[7.59242,47.56067],[7.59218,47.56058],[7.59199,47.56067],[7.59185,47.56062],[7.59176,47.56074],[7.59168,47.56076]]]},"properties":{"class":"Gebaeude.Gebaeude"}},{"type":"Feature","geometry":{"type":"Polygon","coordinates":[[[7.59158,47.56092],[7.59164,47.56094],[7.59173,47.56082],[7.59168,47.5608],[7.59158,47.56092]]]},"properties":{"class":"Gebaeude.Gebaeude"}},{"type":"Feature","geometry":{"type":"Polygon","coordinates":[[[7.59176,47.56098],[7.59187,47.56101],[7.59196,47.56088],[7.59187,47.56082],[7.59176,47.56098]]]},"properties":{"class":"Gebaeude.Gebaeude"}},{"type":"Feature","geometry":{"type":"Polygon","coordinates":[[[7.59164,47.56094],[7.5917,47.56096],[7.59179,47.56084],[7.59173,47.56082],[7.59164,47.56094]]]},"properties":{"class":"Gebaeude.Gebaeude"}},{"type":"Feature","geometry":{"type":"Polygon","coordinates":[[[7.59214,47.56057],[7.59218,47.56058],[7.59224,47.5605],[7.59214,47.56057]]]},"properties":{"class":"befestigt.uebrige_befestigte.uebrige_befestigte"}},{"type":"Feature","geometry":{"type":"Polygon","coordinates":[[[7.59218,47.56058],[7.59247,47.56068],[7.59254,47.5606],[7.59237,47.56058],[7.59224,47.5605],[7.59218,47.56058]]]},"properties":{"class":"Gebaeude.Gebaeude"}},{"type":"Feature","geometry":{"type":"Polygon","coordinates":[[[7.59257,47.5605],[7.59264,47.56052],[7.59268,47.56045],[7.59262,47.56043],[7.59257,47.5605]]]},"properties":{"class":"Gebaeude.Gebaeude"}},{"type":"Feature","geometry":{"type":"Polygon","coordinates":[[[7.5917,47.56052],[7.59193,47.5606],[7.59196,47.56057],[7.59174,47.56048],[7.5917,47.56052]]]},"properties":{"class":"Gebaeude.Gebaeude"}},{"type":"Feature","geometry":{"type":"Polygon","coordinates":[[[7.59231,47.56055],[7.59237,47.56058],[7.59237,47.56057],[7.59239,47.56057],[7.5924,47.56055],[7.5924,47.56055],[7.59239,47.56055],[7.59239,47.56055],[7.59233,47.56053],[7.59232,47.56053],[7.59232,47.56054],[7.59231,47.56054],[7.59231,47.56055]]]},"properties":{"class":"befestigt.uebrige_befestigte.uebrige_befestigte"}},{"type":"Feature","geometry":{"type":"Polygon","coordinates":[[[7.59232,47.56052],[7.5924,47.56055],[7.59243,47.5605],[7.59235,47.56048],[7.59232,47.56052]]]},"properties":{"class":"Gebaeude.Gebaeude"}},{"type":"Feature","geometry":{"type":"Polygon","coordinates":[[[7.59178,47.56043],[7.59196,47.5605],[7.59193,47.56044],[7.59205,47.56048],[7.59202,47.56052],[7.59214,47.56057],[7.59222,47.56049],[7.59209,47.56044],[7.59212,47.56039],[7.59192,47.5603],[7.59178,47.56043]]]},"properties":{"class":"Gebaeude.Gebaeude"}},{"type":"Feature","geometry":{"type":"Polygon","coordinates":[[[7.59298,47.55997],[7.5931,47.56006],[7.59319,47.55999],[7.59305,47.55991],[7.59298,47.55997]]]},"properties":{"class":"befestigt.uebrige_befestigte.uebrige_befestigte"}},{"type":"Feature","geometry":{"type":"Polygon","coordinates":[[[7.5926,47.56006],[7.59266,47.5601],[7.59272,47.56006],[7.59266,47.56002],[7.5926,47.56006]]]},"properties":{"class":"Gebaeude.Gebaeude"}},{"type":"Feature","geometry":{"type":"Polygon","coordinates":[[[7.59256,47.56001],[7.5926,47.56006],[7.59266,47.56002],[7.59259,47.55998],[7.59256,47.56001]]]},"properties":{"class":"befestigt.uebrige_befestigte.uebrige_befestigte"}},{"type":"Feature","geometry":{"type":"Polygon","coordinates":[[[7.59248,47.55944],[7.59265,47.55954],[7.5927,47.55951],[7.59253,47.55941],[7.59248,47.55944]]]},"properties":{"class":"Gebaeude.Gebaeude"}},{"type":"Feature","geometry":{"type":"Polygon","coordinates":[[[7.59252,47.5603],[7.59256,47.56032],[7.5926,47.56027],[7.59274,47.56038],[7.59281,47.56032],[7.59259,47.56022],[7.59252,47.5603]]]},"properties":{"class":"Gebaeude.Gebaeude"}},{"type":"Feature","geometry":{"type":"Polygon","coordinates":[[[7.5925,47.56033],[7.59259,47.56036],[7.5926,47.56035],[7.59261,47.56034],[7.59257,47.56033],[7.59257,47.56033],[7.59256,47.56032],[7.59252,47.5603],[7.59251,47.56031],[7.5925,47.56033]]]},"properties":{"class":"Gebaeude.Gebaeude"}},{"type":"Feature","geometry":{"type":"Polygon","coordinates":[[[7.59274,47.56014],[7.59279,47.56017],[7.59282,47.56013],[7.59278,47.5601],[7.59274,47.56014]]]},"properties":{"class":"befestigt.uebrige_befestigte.uebrige_befestigte"}},{"type":"Feature","geometry":{"type":"Polygon","coordinates":[[[7.59225,47.56027],[7.59235,47.56032],[7.59238,47.56029],[7.59228,47.56023],[7.59225,47.56027]]]},"properties":{"class":"befestigt.uebrige_befestigte.uebrige_befestigte"}},{"type":"Feature","geometry":{"type":"Polygon","coordinates":[[[7.5925,47.56047],[7.59257,47.5605],[7.59264,47.5604],[7.59258,47.56037],[7.5925,47.56047]]]},"properties":{"class":"Gebaeude.Gebaeude"}},{"type":"Feature","geometry":{"type":"Polygon","coordinates":[[[7.59333,47.55895],[7.59343,47.55904],[7.5935,47.55901],[7.59338,47.55892],[7.59333,47.55895]]]},"properties":{"class":"Gebaeude.Gebaeude"}},{"type":"Feature","geometry":{"type":"Polygon","coordinates":[[[7.59314,47.55906],[7.59325,47.55914],[7.59332,47.5591],[7.5932,47.55902],[7.59314,47.55906]]]},"properties":{"class":"Gebaeude.Gebaeude"}},{"type":"Feature","geometry":{"type":"Polygon","coordinates":[[[7.59327,47.55899],[7.59337,47.55907],[7.59343,47.55904],[7.59333,47.55895],[7.59327,47.55899]]]},"properties":{"class":"Gebaeude.Gebaeude"}},{"type":"Feature","geometry":{"type":"Polygon","coordinates":[[[7.59273,47.55927],[7.59287,47.55937],[7.59295,47.55932],[7.59281,47.55922],[7.59273,47.55927]]]},"properties":{"class":"Gebaeude.Gebaeude"}},{"type":"Feature","geometry":{"type":"Polygon","coordinates":[[[7.59302,47.55938],[7.59323,47.55948],[7.5932,47.55951],[7.59324,47.55953],[7.59338,47.55942],[7.59315,47.55928],[7.59302,47.55938]]]},"properties":{"class":"Gebaeude.Gebaeude"}},{"type":"Feature","geometry":{"type":"Polygon","coordinates":[[[7.59324,47.55953],[7.59355,47.55971],[7.59367,47.55961],[7.59354,47.55954],[7.59361,47.55948],[7.59356,47.55945],[7.59351,47.5595],[7.59338,47.55942],[7.59324,47.55953]]]},"properties":{"class":"humusiert.Gartenanlage.Gartenanlage"}},{"type":"Feature","geometry":{"type":"Polygon","coordinates":[[[7.59254,47.56075],[7.59298,47.56087],[7.59304,47.56089],[7.59303,47.56099],[7.59363,47.56118],[7.59388,47.56093],[7.5937,47.56087],[7.59354,47.56104],[7.59349,47.56099],[7.59335,47.56099],[7.59347,47.56081],[7.59269,47.5606],[7.59254,47.56075]]]},"properties":{"class":"Gebaeude.Gebaeude"}},{"type":"Feature","geometry":{"type":"Polygon","coordinates":[[[7.59299,47.56098],[7.59303,47.56099],[7.59303,47.56099],[7.59304,47.56096],[7.59301,47.56095],[7.59301,47.56095],[7.59299,47.56098]]]},"properties":{"class":"befestigt.uebrige_befestigte.uebrige_befestigte"}},{"type":"Feature","geometry":{"type":"Polygon","coordinates":[[[7.5929,47.56086],[7.59298,47.56088],[7.59298,47.56088],[7.59298,47.56087],[7.59291,47.56085],[7.5929,47.56086]]]},"properties":{"class":"befestigt.uebrige_befestigte.uebrige_befestigte"}},{"type":"Feature","geometry":{"type":"Polygon","coordinates":[[[7.58893,47.55596],[7.58897,47.55596],[7.58928,47.55516],[7.589,47.55571],[7.58893,47.55596]]]},"properties":{"class":"befestigt.Trottoir"}},{"type":"Feature","geometry":{"type":"Polygon","coordinates":[[[7.58881,47.55561],[7.58904,47.55566],[7.58907,47.55556],[7.58885,47.55551],[7.58881,47.55561]]]},"properties":{"class":"Gebaeude.Gebaeude"}},{"type":"Feature","geometry":{"type":"Polygon","coordinates":[[[7.58967,47.55576],[7.59021,47.55592],[7.5903,47.5558],[7.58974,47.55564],[7.58967,47.55576]]]},"properties":{"class":"Gebaeude.Gebaeude"}},{"type":"Feature","geometry":{"type":"Polygon","coordinates":[[[7.58974,47.55564],[7.5903,47.5558],[7.59037,47.55572],[7.58978,47.55556],[7.58974,47.55564]]]},"properties":{"class":"Gebaeude.Gebaeude"}},{"type":"Feature","geometry":{"type":"Polygon","coordinates":[[[7.58925,47.55565],[7.5896,47.55573],[7.58963,47.55568],[7.58926,47.55561],[7.58925,47.55565]]]},"properties":{"class":"Gebaeude.Gebaeude"}},{"type":"Feature","geometry":{"type":"Polygon","coordinates":[[[7.58984,47.55586],[7.58987,47.55587],[7.58988,47.55584],[7.58986,47.55584],[7.58984,47.55586],[7.58984,47.55586]]]},"properties":{"class":"befestigt.uebrige_befestigte.uebrige_befestigte"}},{"type":"Feature","geometry":{"type":"Polygon","coordinates":[[[7.58914,47.55597],[7.58929,47.55599],[7.58931,47.5559],[7.58926,47.55589],[7.58929,47.55584],[7.58918,47.55582],[7.58914,47.55597]]]},"properties":{"class":"Gebaeude.Gebaeude"}},{"type":"Feature","geometry":{"type":"Polygon","coordinates":[[[7.58873,47.55587],[7.58894,47.55589],[7.58897,47.55582],[7.58875,47.55579],[7.58873,47.55587]]]},"properties":{"class":"Gebaeude.Gebaeude"}},{"type":"Feature","geometry":{"type":"Polygon","coordinates":[[[7.5892,47.5621],[7.5893,47.56213],[7.59083,47.56059],[7.59075,47.56055],[7.59044,47.56086],[7.59047,47.56087],[7.59013,47.56115],[7.5892,47.5621]]]},"properties":{"class":"befestigt.Trottoir"}},{"type":"Feature","geometry":{"type":"Polygon","coordinates":[[[7.59141,47.56121],[7.59155,47.56125],[7.59165,47.56112],[7.59151,47.56108],[7.59141,47.56121]]]},"properties":{"class":"Gebaeude.Gebaeude"}},{"type":"Feature","geometry":{"type":"Polygon","coordinates":[[[7.59107,47.5611],[7.59133,47.56119],[7.5912,47.56136],[7.59115,47.56134],[7.59111,47.56139],[7.59131,47.56147],[7.59149,47.56124],[7.59141,47.56121],[7.59151,47.56108],[7.59122,47.56097],[7.59107,47.5611]]]},"properties":{"class":"Gebaeude.Gebaeude"}},{"type":"Feature","geometry":{"type":"Polygon","coordinates":[[[7.59084,47.56152],[7.59085,47.56158],[7.59095,47.56156],[7.59107,47.56148],[7.59096,47.56143],[7.59085,47.56146],[7.59084,47.56152]]]},"properties":{"class":"Gebaeude.Gebaeude"}},{"type":"Feature","geometry":{"type":"Polygon","coordinates":[[[7.59086,47.56129],[7.59112,47.56138],[7.59123,47.56132],[7.59091,47.56122],[7.59086,47.56129]]]},"properties":{"class":"Gebaeude.Gebaeude"}},{"type":"Feature","geometry":{"type":"Polygon","coordinates":[[[7.59155,47.56145],[7.59158,47.56146],[7.5916,47.56144],[7.5916,47.56143],[7.59158,47.56143],[7.59157,47.56142],[7.59157,47.56143],[7.59155,47.56145]]]},"properties":{"class":"befestigt.uebrige_befestigte.uebrige_befestigte"}},{"type":"Feature","geometry":{"type":"Polygon","coordinates":[[[7.59059,47.56093],[7.59089,47.56104],[7.59099,47.56093],[7.59073,47.5608],[7.59059,47.56093]]]},"properties":{"class":"Gebaeude.Gebaeude"}},{"type":"Feature","geometry":{"type":"Polygon","coordinates":[[[7.59062,47.56101],[7.59086,47.56109],[7.59089,47.56105],[7.59066,47.56097],[7.59062,47.56101]]]},"properties":{"class":"Gebaeude.Gebaeude"}},{"type":"Feature","geometry":{"type":"Polygon","coordinates":[[[7.58684,47.55859],[7.58718,47.55858],[7.58719,47.55853],[7.58684,47.55859]]]},"properties":{"class":"befestigt.Trottoir"}},{"type":"Feature","geometry":{"type":"Polygon","coordinates":[[[7.58687,47.55866],[7.58687,47.55879],[7.58711,47.55879],[7.58714,47.55866],[7.58687,47.55866]]]},"properties":{"class":"Gebaeude.Gebaeude"}},{"type":"Feature","geometry":{"type":"Polygon","coordinates":[[[7.58688,47.55898],[7.58689,47.55906],[7.58702,47.55906],[7.58706,47.55897],[7.58688,47.55898]]]},"properties":{"class":"Gebaeude.Gebaeude"}},{"type":"Feature","geometry":{"type":"Polygon","coordinates":[[[7.58687,47.55893],[7.58688,47.55898],[7.58706,47.55897],[7.58707,47.55892],[7.58687,47.55893]]]},"properties":{"class":"Gebaeude.Gebaeude"}},{"type":"Feature","geometry":{"type":"Polygon","coordinates":[[[7.5872,47.55903],[7.58729,47.55919],[7.58746,47.55913],[7.58738,47.55899],[7.5872,47.55903]]]},"properties":{"class":"Gebaeude.Gebaeude"}},{"type":"Feature","geometry":{"type":"Polygon","coordinates":[[[7.58669,47.5592],[7.58674,47.55924],[7.58676,47.55861],[7.58671,47.55875],[7.58669,47.5592]]]},"properties":{"class":"befestigt.Trottoir"}},{"type":"Feature","geometry":{"type":"Polygon","coordinates":[[[7.58766,47.55936],[7.58778,47.55946],[7.58796,47.55933],[7.58785,47.55927],[7.58766,47.55936]]]},"properties":{"class":"Gebaeude.Gebaeude"}},{"type":"Feature","geometry":{"type":"Polygon","coordinates":[[[7.58778,47.55946],[7.58791,47.55953],[7.58809,47.5594],[7.58796,47.55933],[7.58778,47.55946]]]},"properties":{"class":"Gebaeude.Gebaeude"}},{"type":"Feature","geometry":{"type":"Polygon","coordinates":[[[7.58808,47.55956],[7.58822,47.55965],[7.58836,47.55956],[7.5882,47.55946],[7.58808,47.55956]]]},"properties":{"class":"Gebaeude.Gebaeude"}},{"type":"Feature","geometry":{"type":"Polygon","coordinates":[[[7.58841,47.55937],[7.58859,47.55941],[7.58867,47.55929],[7.58857,47.55925],[7.58854,47.55918],[7.58841,47.55937]]]},"properties":{"class":"Gebaeude.Gebaeude"}},{"type":"Feature","geometry":{"type":"Polygon","coordinates":[[[7.58857,47.55925],[7.58865,47.55927],[7.58859,47.55922],[7.58857,47.55925]]]},"properties":{"class":"befestigt.uebrige_befestigte.uebrige_befestigte"}},{"type":"Feature","geometry":{"type":"Polygon","coordinates":[[[7.58847,47.55922],[7.5885,47.55923],[7.5885,47.55923],[7.58851,47.55921],[7.58851,47.55921],[7.58851,47.55921],[7.58851,47.55921],[7.58848,47.5592],[7.58847,47.55922]]]},"properties":{"class":"befestigt.uebrige_befestigte.uebrige_befestigte"}},{"type":"Feature","geometry":{"type":"Polygon","coordinates":[[[7.5897,47.55814],[7.58993,47.55826],[7.59006,47.55816],[7.58985,47.55808],[7.58977,47.55815],[7.5897,47.55814]]]},"properties":{"class":"Gebaeude.Gebaeude"}},{"type":"Feature","geometry":{"type":"Polygon","coordinates":[[[7.58958,47.55811],[7.58977,47.55815],[7.58996,47.55806],[7.58988,47.55803],[7.58992,47.55798],[7.58974,47.55791],[7.58958,47.55811]]]},"properties":{"class":"humusiert.Gartenanlage.Gartenanlage"}},{"type":"Feature","geometry":{"type":"Polygon","coordinates":[[[7.5889,47.55871],[7.5892,47.55883],[7.58925,47.55878],[7.58894,47.55865],[7.5889,47.55871]]]},"properties":{"class":"Gebaeude.Gebaeude"}},{"type":"Feature","geometry":{"type":"Polygon","coordinates":[[[7.58894,47.5592],[7.58905,47.55929],[7.58918,47.55921],[7.58911,47.55916],[7.58894,47.5592]]]},"properties":{"class":"Gebaeude.Gebaeude"}},{"type":"Feature","geometry":{"type":"Polygon","coordinates":[[[7.58974,47.55791],[7.58987,47.55796],[7.59,47.55781],[7.58987,47.55776],[7.58974,47.55791]]]},"properties":{"class":"Gebaeude.Gebaeude"}},{"type":"Feature","geometry":{"type":"Polygon","coordinates":[[[7.58954,47.55787],[7.58971,47.55794],[7.58977,47.55787],[7.58964,47.55782],[7.58954,47.55787]]]},"properties":{"class":"Gebaeude.Gebaeude"}},{"type":"Feature","geometry":{"type":"Polygon","coordinates":[[[7.58996,47.55829],[7.59004,47.55834],[7.59013,47.55826],[7.59005,47.55821],[7.58996,47.55829]]]},"properties":{"class":"Gebaeude.Gebaeude"}},{"type":"Feature","geometry":{"type":"Polygon","coordinates":[[[7.5889,47.55736],[7.5892,47.55757],[7.58935,47.5575],[7.58904,47.55726],[7.5889,47.55736]]]},"properties":{"class":"Gebaeude.Gebaeude"}},{"type":"Feature","geometry":{"type":"Polygon","coordinates":[[[7.58881,47.55869],[7.5889,47.55871],[7.58916,47.55828],[7.5895,47.5579],[7.58976,47.55776],[7.58987,47.55776],[7.58975,47.55766],[7.58936,47.55794],[7.58904,47.55831],[7.58881,47.55869]]]},"properties":{"class":"befestigt.Strasse_Weg"}},{"type":"Feature","geometry":{"type":"Polygon","coordinates":[[[7.58873,47.55807],[7.58879,47.55808],[7.58874,47.55822],[7.58904,47.55831],[7.58921,47.5581],[7.58907,47.55806],[7.58897,47.55818],[7.5889,47.55816],[7.58893,47.55812],[7.58878,47.55807],[7.58878,47.55803],[7.58873,47.55807]]]},"properties":{"class":"Gebaeude.Gebaeude"}},{"type":"Feature","geometry":{"type":"Polygon","coordinates":[[[7.58848,47.55868],[7.58866,47.55873],[7.58877,47.55854],[7.58888,47.55858],[7.58894,47.55848],[7.58866,47.55841],[7.58873,47.5583],[7.58901,47.55835],[7.58904,47.55831],[7.58872,47.55822],[7.58848,47.55868]]]},"properties":{"class":"Gebaeude.Gebaeude"}},{"type":"Feature","geometry":{"type":"Polygon","coordinates":[[[7.5882,47.55802],[7.58858,47.55814],[7.58865,47.55805],[7.58878,47.55803],[7.58879,47.55795],[7.58866,47.55797],[7.58834,47.55786],[7.5882,47.55802]]]},"properties":{"class":"Gebaeude.Gebaeude"}},{"type":"Feature","geometry":{"type":"Polygon","coordinates":[[[7.58843,47.55789],[7.58867,47.55797],[7.58869,47.55791],[7.58878,47.55791],[7.58856,47.55781],[7.58853,47.55785],[7.58859,47.55787],[7.58856,47.5579],[7.58843,47.55789]]]},"properties":{"class":"Gebaeude.Gebaeude"}},{"type":"Feature","geometry":{"type":"Polygon","coordinates":[[[7.58834,47.55786],[7.58851,47.55788],[7.58856,47.55781],[7.58842,47.55776],[7.58834,47.55786]]]},"properties":{"class":"Gebaeude.Gebaeude"}},{"type":"Feature","geometry":{"type":"Polygon","coordinates":[[[7.58816,47.55823],[7.58832,47.5583],[7.58839,47.55817],[7.58825,47.55812],[7.58816,47.55823]]]},"properties":{"class":"befestigt.uebrige_befestigte.uebrige_befestigte"}},{"type":"Feature","geometry":{"type":"Polygon","coordinates":[[[7.58918,47.55779],[7.58934,47.55787],[7.58938,47.55784],[7.58927,47.55778],[7.58939,47.55773],[7.58945,47.55775],[7.58955,47.55762],[7.58943,47.55757],[7.58918,47.55779]]]},"properties":{"class":"befestigt.uebrige_befestigte.uebrige_befestigte"}},{"type":"Feature","geometry":{"type":"Polygon","coordinates":[[[7.58934,47.55748],[7.58934,47.55749],[7.58935,47.55749],[7.58935,47.5575],[7.58939,47.55748],[7.58936,47.55747],[7.58936,47.55747],[7.58936,47.55747],[7.58935,47.55747],[7.58934,47.55748]]]},"properties":{"class":"befestigt.uebrige_befestigte.uebrige_befestigte"}},{"type":"Feature","geometry":{"type":"Polygon","coordinates":[[[7.58887,47.55796],[7.589,47.558],[7.58908,47.55791],[7.58893,47.55784],[7.58887,47.55796]]]},"properties":{"class":"humusiert.Gartenanlage.Gartenanlage"}},{"type":"Feature","geometry":{"type":"Polygon","coordinates":[[[7.5869,47.55852],[7.58691,47.55856],[7.58709,47.55855],[7.58709,47.5585],[7.5869,47.55852]]]},"properties":{"class":"Gebaeude.Gebaeude"}},{"type":"Feature","geometry":{"type":"Polygon","coordinates":[[[7.58701,47.55823],[7.58701,47.55828],[7.58718,47.5583],[7.58724,47.55819],[7.58714,47.55815],[7.5871,47.55825],[7.58701,47.55823]]]},"properties":{"class":"Gebaeude.Gebaeude"}},{"type":"Feature","geometry":{"type":"Polygon","coordinates":[[[7.58716,47.55798],[7.5875,47.55807],[7.5872,47.55793],[7.58716,47.55798]]]},"properties":{"class":"Gebaeude.Gebaeude"}},{"type":"Feature","geometry":{"type":"Polygon","coordinates":[[[7.58723,47.5581],[7.58741,47.55817],[7.58747,47.55809],[7.5873,47.55803],[7.58723,47.5581]]]},"properties":{"class":"Gebaeude.Gebaeude"}},{"type":"Feature","geometry":{"type":"Polygon","coordinates":[[[7.58683,47.55817],[7.58684,47.55823],[7.58693,47.55823],[7.58697,47.55808],[7.58684,47.55808],[7.58683,47.55817]]]},"properties":{"class":"Gebaeude.Gebaeude"}},{"type":"Feature","geometry":{"type":"Polygon","coordinates":[[[7.58683,47.55792],[7.58683,47.55802],[7.58702,47.55802],[7.58708,47.55794],[7.58683,47.55792]]]},"properties":{"class":"Gebaeude.Gebaeude"}},{"type":"Feature","geometry":{"type":"Polygon","coordinates":[[[7.58683,47.55792],[7.58708,47.55794],[7.58722,47.5578],[7.58705,47.55776],[7.58706,47.55757],[7.58687,47.55754],[7.58683,47.55792]]]},"properties":{"class":"Gebaeude.Gebaeude"}},{"type":"Feature","geometry":{"type":"Polygon","coordinates":[[[7.58704,47.55769],[7.5871,47.5577],[7.58713,47.55758],[7.58706,47.55757],[7.58704,47.55769]]]},"properties":{"class":"Gebaeude.Gebaeude"}},{"type":"Feature","geometry":{"type":"Polygon","coordinates":[[[7.58838,47.55748],[7.58848,47.55753],[7.58857,47.55745],[7.58843,47.55739],[7.58838,47.55748]]]},"properties":{"class":"Gebaeude.Gebaeude"}},{"type":"Feature","geometry":{"type":"Polygon","coordinates":[[[7.58843,47.55739],[7.58857,47.55746],[7.58863,47.55741],[7.58847,47.55733],[7.58843,47.55739]]]},"properties":{"class":"Gebaeude.Gebaeude"}},{"type":"Feature","geometry":{"type":"Polygon","coordinates":[[[7.588,47.55762],[7.58852,47.55674],[7.58915,47.5569],[7.58854,47.5567],[7.58832,47.557],[7.588,47.55762]]]},"properties":{"class":"befestigt.Trottoir"}},{"type":"Feature","geometry":{"type":"Polygon","coordinates":[[[7.58847,47.55733],[7.58863,47.55741],[7.58868,47.55737],[7.5885,47.55728],[7.58847,47.55733]]]},"properties":{"class":"Gebaeude.Gebaeude"}},{"type":"Feature","geometry":{"type":"Polygon","coordinates":[[[7.58809,47.5575],[7.58814,47.55751],[7.58818,47.55743],[7.58813,47.55742],[7.58809,47.5575]]]},"properties":{"class":"Gebaeude.Gebaeude"}},{"type":"Feature","geometry":{"type":"Polygon","coordinates":[[[7.5885,47.55728],[7.58868,47.55737],[7.58877,47.5573],[7.5886,47.55721],[7.58853,47.55722],[7.5885,47.55728]]]},"properties":{"class":"Gebaeude.Gebaeude"}},{"type":"Feature","geometry":{"type":"Polygon","coordinates":[[[7.58816,47.55767],[7.5883,47.55771],[7.58839,47.55761],[7.58825,47.55754],[7.58816,47.55767]]]},"properties":{"class":"Gebaeude.Gebaeude"}},{"type":"Feature","geometry":{"type":"Polygon","coordinates":[[[7.58866,47.55626],[7.58886,47.55628],[7.58888,47.5562],[7.58867,47.55618],[7.58866,47.55626]]]},"properties":{"class":"Gebaeude.Gebaeude"}},{"type":"Feature","geometry":{"type":"Polygon","coordinates":[[[7.58932,47.55639],[7.58965,47.55651],[7.58972,47.55643],[7.58937,47.55632],[7.58932,47.55639]]]},"properties":{"class":"Gebaeude.Gebaeude"}},{"type":"Feature","geometry":{"type":"Polygon","coordinates":[[[7.58867,47.55666],[7.58878,47.55668],[7.58884,47.5566],[7.58867,47.55666]]]},"properties":{"class":"befestigt.Verkehrsinsel"}},{"type":"Feature","geometry":{"type":"Polygon","coordinates":[[[7.58878,47.55651],[7.58889,47.55638],[7.58897,47.55596],[7.58891,47.55596],[7.58878,47.55651]]]},"properties":{"class":"befestigt.Trottoir"}},{"type":"Feature","geometry":{"type":"Polygon","coordinates":[[[7.58868,47.55606],[7.58888,47.55608],[7.58889,47.55603],[7.58869,47.55601],[7.58868,47.55606]]]},"properties":{"class":"Gebaeude.Gebaeude"}},{"type":"Feature","geometry":{"type":"Polygon","coordinates":[[[7.58922,47.55652],[7.58952,47.55664],[7.58957,47.55659],[7.58924,47.55646],[7.58922,47.55652]]]},"properties":{"class":"Gebaeude.Gebaeude"}},{"type":"Feature","geometry":{"type":"Polygon","coordinates":[[[7.58745,47.55721],[7.58799,47.55731],[7.58805,47.55721],[7.58751,47.5571],[7.58745,47.55721]]]},"properties":{"class":"Gebaeude.Gebaeude"}},{"type":"Feature","geometry":{"type":"Polygon","coordinates":[[[7.5865,47.55727],[7.58674,47.55746],[7.58695,47.55718],[7.58684,47.55711],[7.5865,47.55727]]]},"properties":{"class":"Gebaeude.Gebaeude"}},{"type":"Feature","geometry":{"type":"Polygon","coordinates":[[[7.58673,47.55699],[7.58678,47.55707],[7.58695,47.55718],[7.58707,47.55705],[7.58693,47.55694],[7.58673,47.55699]]]},"properties":{"class":"Gebaeude.Gebaeude"}},{"type":"Feature","geometry":{"type":"Polygon","coordinates":[[[7.58729,47.55703],[7.58743,47.55709],[7.58805,47.55721],[7.58809,47.55713],[7.58765,47.55707],[7.58745,47.55697],[7.58748,47.55694],[7.58743,47.55691],[7.58729,47.55703]]]},"properties":{"class":"Gebaeude.Gebaeude"}},{"type":"Feature","geometry":{"type":"Polygon","coordinates":[[[7.58646,47.55722],[7.5865,47.55727],[7.58684,47.55711],[7.58677,47.55707],[7.58646,47.55722]]]},"properties":{"class":"Gebaeude.Gebaeude"}},{"type":"Feature","geometry":{"type":"Polygon","coordinates":[[[7.5875,47.55759],[7.58781,47.55765],[7.58789,47.55752],[7.58767,47.55746],[7.58765,47.55751],[7.58755,47.55748],[7.5875,47.55759]]]},"properties":{"class":"Gebaeude.Gebaeude"}},{"type":"Feature","geometry":{"type":"Polygon","coordinates":[[[7.58748,47.55577],[7.58749,47.55582],[7.58763,47.55582],[7.58771,47.55561],[7.58756,47.55566],[7.58748,47.55577]]]},"properties":{"class":"humusiert.Gartenanlage.Gartenanlage"}},{"type":"Feature","geometry":{"type":"Polygon","coordinates":[[[7.58716,47.5559],[7.58748,47.55577],[7.58756,47.55566],[7.5876,47.55554],[7.58756,47.55549],[7.58743,47.55571],[7.58719,47.55583],[7.58716,47.5559]]]},"properties":{"class":"befestigt.Strasse_Weg"}},{"type":"Feature","geometry":{"type":"Polygon","coordinates":[[[7.5884,47.55558],[7.58866,47.55563],[7.58868,47.5556],[7.58842,47.55554],[7.5884,47.55558]]]},"properties":{"class":"Gebaeude.Gebaeude"}},{"type":"Feature","geometry":{"type":"Polygon","coordinates":[[[7.58849,47.55563],[7.58866,47.55567],[7.58866,47.55563],[7.58851,47.5556],[7.58849,47.55563]]]},"properties":{"class":"Gebaeude.Gebaeude"}},{"type":"Feature","geometry":{"type":"Polygon","coordinates":[[[7.58834,47.55565],[7.58865,47.5557],[7.58866,47.55567],[7.58837,47.55561],[7.58834,47.55565]]]},"properties":{"class":"Gebaeude.Gebaeude"}},{"type":"Feature","geometry":{"type":"Polygon","coordinates":[[[7.58832,47.55576],[7.58863,47.55581],[7.58863,47.55576],[7.58832,47.55571],[7.58832,47.55576]]]},"properties":{"class":"Gebaeude.Gebaeude"}},{"type":"Feature","geometry":{"type":"Polygon","coordinates":[[[7.5878,47.55624],[7.58797,47.55637],[7.58802,47.55632],[7.58784,47.55621],[7.5878,47.55624]]]},"properties":{"class":"Gebaeude.Gebaeude"}},{"type":"Feature","geometry":{"type":"Polygon","coordinates":[[[7.58801,47.55556],[7.58801,47.55563],[7.58816,47.55564],[7.58808,47.55553],[7.58801,47.55556]]]},"properties":{"class":"Gebaeude.Gebaeude"}},{"type":"Feature","geometry":{"type":"Polygon","coordinates":[[[7.58807,47.55553],[7.58809,47.55557],[7.58821,47.55557],[7.58821,47.5555],[7.58807,47.55553]]]},"properties":{"class":"Gebaeude.Gebaeude"}},{"type":"Feature","geometry":{"type":"Polygon","coordinates":[[[7.58809,47.55557],[7.58816,47.55562],[7.58817,47.55557],[7.58809,47.55557]]]},"properties":{"class":"befestigt.uebrige_befestigte.uebrige_befestigte"}},{"type":"Feature","geometry":{"type":"Polygon","coordinates":[[[7.58725,47.55626],[7.58736,47.55638],[7.58741,47.55635],[7.58731,47.55624],[7.58725,47.55626]]]},"properties":{"class":"Gebaeude.Gebaeude"}},{"type":"Feature","geometry":{"type":"Polygon","coordinates":[[[7.58732,47.5564],[7.58755,47.55659],[7.58768,47.55648],[7.58775,47.55651],[7.58749,47.55636],[7.5874,47.55641],[7.58732,47.5564]]]},"properties":{"class":"Gebaeude.Gebaeude"}},{"type":"Feature","geometry":{"type":"Polygon","coordinates":[[[7.58756,47.5561],[7.58761,47.55615],[7.58772,47.5561],[7.58767,47.55606],[7.58756,47.5561]]]},"properties":{"class":"Gebaeude.Gebaeude"}},{"type":"Feature","geometry":{"type":"Polygon","coordinates":[[[7.58731,47.55624],[7.58741,47.55635],[7.58736,47.55638],[7.5874,47.55641],[7.58755,47.55631],[7.58768,47.55641],[7.58776,47.55636],[7.58757,47.55618],[7.58761,47.55615],[7.58748,47.55616],[7.58757,47.55627],[7.58743,47.55632],[7.58731,47.55624]]]},"properties":{"class":"befestigt.uebrige_befestigte.uebrige_befestigte"}},{"type":"Feature","geometry":{"type":"Polygon","coordinates":[[[7.58757,47.55618],[7.58769,47.5563],[7.58776,47.55626],[7.58763,47.55615],[7.58757,47.55618]]]},"properties":{"class":"humusiert.Gartenanlage.Gartenanlage"}},{"type":"Feature","geometry":{"type":"Polygon","coordinates":[[[7.58797,47.55599],[7.58833,47.55606],[7.58833,47.55598],[7.58797,47.55599]]]},"properties":{"class":"Gebaeude.Gebaeude"}},{"type":"Feature","geometry":{"type":"Polygon","coordinates":[[[7.58803,47.55597],[7.58833,47.55598],[7.58831,47.55593],[7.58803,47.55593],[7.58803,47.55597]]]},"properties":{"class":"Gebaeude.Gebaeude"}},{"type":"Feature","geometry":{"type":"Polygon","coordinates":[[[7.588,47.55574],[7.58828,47.55575],[7.58828,47.5557],[7.58801,47.55569],[7.588,47.55574]]]},"properties":{"class":"Gebaeude.Gebaeude"}},{"type":"Feature","geometry":{"type":"Polygon","coordinates":[[[7.58683,47.55627],[7.58688,47.55634],[7.58704,47.55628],[7.58698,47.55622],[7.58683,47.55627]]]},"properties":{"class":"Gebaeude.Gebaeude"}},{"type":"Feature","geometry":{"type":"Polygon","coordinates":[[[7.58683,47.55603],[7.58692,47.55615],[7.58699,47.55612],[7.58689,47.55601],[7.58683,47.55603]]]},"properties":{"class":"Gebaeude.Gebaeude"}},{"type":"Feature","geometry":{"type":"Polygon","coordinates":[[[7.58669,47.55608],[7.58676,47.55618],[7.58686,47.55615],[7.58691,47.55621],[7.58696,47.55619],[7.58689,47.5561],[7.58679,47.55614],[7.58674,47.55606],[7.58669,47.55608]]]},"properties":{"class":"Gebaeude.Gebaeude"}},{"type":"Feature","geometry":{"type":"Polygon","coordinates":[[[7.58642,47.55636],[7.58648,47.55646],[7.58685,47.55635],[7.58679,47.55626],[7.58642,47.55636]]]},"properties":{"class":"Gebaeude.Gebaeude"}},{"type":"Feature","geometry":{"type":"Polygon","coordinates":[[[7.58646,47.55653],[7.58654,47.55663],[7.5867,47.55659],[7.5866,47.55648],[7.58646,47.55653]]]},"properties":{"class":"Gebaeude.Gebaeude"}},{"type":"Feature","geometry":{"type":"Polygon","coordinates":[[[7.58689,47.55601],[7.58697,47.5561],[7.58712,47.55601],[7.58707,47.55595],[7.58689,47.55601]]]},"properties":{"class":"Gebaeude.Gebaeude"}},{"type":"Feature","geometry":{"type":"Polygon","coordinates":[[[7.58701,47.55605],[7.58704,47.5561],[7.58715,47.55606],[7.58712,47.55601],[7.58701,47.55605]]]},"properties":{"class":"Gebaeude.Gebaeude"}},{"type":"Feature","geometry":{"type":"Polygon","coordinates":[[[7.58685,47.55639],[7.58693,47.55649],[7.587,47.55646],[7.58694,47.55636],[7.58685,47.55639]]]},"properties":{"class":"Gebaeude.Gebaeude"}},{"type":"Feature","geometry":{"type":"Polygon","coordinates":[[[7.58658,47.55612],[7.58664,47.55622],[7.58671,47.55623],[7.58663,47.5561],[7.58658,47.55612]]]},"properties":{"class":"Gebaeude.Gebaeude"}},{"type":"Feature","geometry":{"type":"Polygon","coordinates":[[[7.58644,47.55635],[7.58662,47.55631],[7.58662,47.55619],[7.58645,47.55627],[7.58644,47.55635]]]},"properties":{"class":"Gebaeude.Gebaeude"}},{"type":"Feature","geometry":{"type":"Polygon","coordinates":[[[7.58659,47.55623],[7.58662,47.5563],[7.58674,47.55627],[7.58667,47.55621],[7.58659,47.55623]]]},"properties":{"class":"humusiert.Gartenanlage.Gartenanlage"}},{"type":"Feature","geometry":{"type":"Polygon","coordinates":[[[7.58649,47.55618],[7.58662,47.55619],[7.58658,47.55612],[7.58649,47.55618]]]},"properties":{"class":"Gebaeude.Gebaeude"}},{"type":"Feature","geometry":{"type":"Polygon","coordinates":[[[7.58672,47.55658],[7.58683,47.55668],[7.58691,47.55663],[7.58679,47.55654],[7.58672,47.55658]]]},"properties":{"class":"Gebaeude.Gebaeude"}},{"type":"Feature","geometry":{"type":"Polygon","coordinates":[[[7.5864,47.5567],[7.58647,47.55675],[7.58664,47.55669],[7.5866,47.5566],[7.5864,47.5567]]]},"properties":{"class":"befestigt.uebrige_befestigte.uebrige_befestigte"}},{"type":"Feature","geometry":{"type":"Polygon","coordinates":[[[7.58342,47.55555],[7.58348,47.55565],[7.58362,47.5555],[7.58342,47.55555]]]},"properties":{"class":"befestigt.uebrige_befestigte.uebrige_befestigte"}},{"type":"Feature","geometry":{"type":"Polygon","coordinates":[[[7.58581,47.55824],[7.58593,47.55823],[7.58594,47.55807],[7.58581,47.55808],[7.58581,47.55824]]]},"properties":{"class":"Gebaeude.Gebaeude"}},{"type":"Feature","geometry":{"type":"Polygon","coordinates":[[[7.58554,47.55801],[7.58555,47.55811],[7.58578,47.5581],[7.58578,47.55802],[7.58554,47.55801]]]},"properties":{"class":"Gebaeude.Gebaeude"}},{"type":"Feature","geometry":{"type":"Polygon","coordinates":[[[7.58556,47.55819],[7.58557,47.55829],[7.58577,47.55825],[7.58578,47.5582],[7.58556,47.55819]]]},"properties":{"class":"Gebaeude.Gebaeude"}},{"type":"Feature","geometry":{"type":"Polygon","coordinates":[[[7.58591,47.55838],[7.58604,47.55855],[7.58612,47.55853],[7.58604,47.55837],[7.58591,47.55838]]]},"properties":{"class":"befestigt.uebrige_befestigte.uebrige_befestigte"}},{"type":"Feature","geometry":{"type":"Polygon","coordinates":[[[7.58569,47.55825],[7.58575,47.55835],[7.58585,47.55838],[7.58611,47.55836],[7.58612,47.55827],[7.58569,47.55825]]]},"properties":{"class":"humusiert.Gartenanlage.Gartenanlage"}},{"type":"Feature","geometry":{"type":"Polygon","coordinates":[[[7.58623,47.55836],[7.58629,47.55849],[7.58638,47.55849],[7.58633,47.55833],[7.58645,47.55832],[7.58623,47.55836]]]},"properties":{"class":"befestigt.uebrige_befestigte.uebrige_befestigte"}},{"type":"Feature","geometry":{"type":"Polygon","coordinates":[[[7.58579,47.5587],[7.58588,47.55873],[7.58583,47.5588],[7.58591,47.55884],[7.586,47.55872],[7.58581,47.55865],[7.58579,47.5587]]]},"properties":{"class":"Gebaeude.Gebaeude"}},{"type":"Feature","geometry":{"type":"Polygon","coordinates":[[[7.58544,47.55801],[7.58554,47.5588],[7.58553,47.55909],[7.58563,47.55903],[7.58563,47.55861],[7.58586,47.55856],[7.58582,47.55852],[7.58562,47.55857],[7.58554,47.55801],[7.58544,47.55801]]]},"properties":{"class":"befestigt.Strasse_Weg"}},{"type":"Feature","geometry":{"type":"Polygon","coordinates":[[[7.58588,47.55854],[7.58588,47.55854],[7.58593,47.55858],[7.58595,47.55856],[7.58596,47.55856],[7.58596,47.55856],[7.58595,47.55853],[7.58595,47.55853],[7.58589,47.55854],[7.58589,47.55854],[7.58588,47.55854]]]},"properties":{"class":"befestigt.uebrige_befestigte.uebrige_befestigte"}},{"type":"Feature","geometry":{"type":"Polygon","coordinates":[[[7.58563,47.55903],[7.58569,47.55908],[7.58618,47.55866],[7.58673,47.55861],[7.58674,47.55857],[7.58609,47.55866],[7.58563,47.55903]]]},"properties":{"class":"befestigt.Strasse_Weg"}},{"type":"Feature","geometry":{"type":"Polygon","coordinates":[[[7.58592,47.55804],[7.58593,47.55823],[7.58623,47.55817],[7.58615,47.55811],[7.58595,47.55812],[7.58596,47.55804],[7.58592,47.55804]]]},"properties":{"class":"befestigt.uebrige_befestigte.uebrige_befestigte"}},{"type":"Feature","geometry":{"type":"Polygon","coordinates":[[[7.58591,47.55827],[7.58621,47.55828],[7.58623,47.55817],[7.58599,47.55821],[7.58591,47.55827]]]},"properties":{"class":"Gebaeude.Gebaeude"}},{"type":"Feature","geometry":{"type":"Polygon","coordinates":[[[7.58577,47.55827],[7.58591,47.55827],[7.58591,47.55824],[7.58577,47.55823],[7.58577,47.55827]]]},"properties":{"class":"Gebaeude.Gebaeude"}},{"type":"Feature","geometry":{"type":"Polygon","coordinates":[[[7.58638,47.55803],[7.58638,47.55807],[7.58649,47.55807],[7.58649,47.55803],[7.58638,47.55803]]]},"properties":{"class":"Gebaeude.Gebaeude"}},{"type":"Feature","geometry":{"type":"Polygon","coordinates":[[[7.58634,47.55838],[7.58635,47.55842],[7.58672,47.55839],[7.58672,47.55836],[7.58634,47.55838]]]},"properties":{"class":"Gebaeude.Gebaeude"}},{"type":"Feature","geometry":{"type":"Polygon","coordinates":[[[7.58641,47.55843],[7.58644,47.55851],[7.58655,47.5585],[7.58654,47.55845],[7.58641,47.55843]]]},"properties":{"class":"befestigt.uebrige_befestigte.uebrige_befestigte"}},{"type":"Feature","geometry":{"type":"Polygon","coordinates":[[[7.58637,47.55846],[7.5864,47.55854],[7.58674,47.55852],[7.58673,47.55844],[7.58655,47.55844],[7.58655,47.5585],[7.58637,47.55846]]]},"properties":{"class":"Gebaeude.Gebaeude"}},{"type":"Feature","geometry":{"type":"Polygon","coordinates":[[[7.58655,47.5584],[7.58655,47.55842],[7.58659,47.55841],[7.58659,47.5584],[7.58655,47.5584]]]},"properties":{"class":"befestigt.uebrige_befestigte.uebrige_befestigte"}},{"type":"Feature","geometry":{"type":"Polygon","coordinates":[[[7.58661,47.55828],[7.58661,47.55831],[7.58672,47.5583],[7.58661,47.55828]]]},"properties":{"class":"Gebaeude.Gebaeude"}},{"type":"Feature","geometry":{"type":"Polygon","coordinates":[[[7.58565,47.55875],[7.58566,47.5588],[7.58588,47.55887],[7.58591,47.55884],[7.58565,47.55875]]]},"properties":{"class":"Gebaeude.Gebaeude"}},{"type":"Feature","geometry":{"type":"Polygon","coordinates":[[[7.58446,47.55742],[7.58446,47.55744],[7.58447,47.55743],[7.58452,47.55743],[7.58452,47.55742],[7.58452,47.55742],[7.58452,47.55742],[7.58452,47.55741],[7.58446,47.55742],[7.58446,47.55742],[7.58446,47.55742]]]},"properties":{"class":"befestigt.uebrige_befestigte.uebrige_befestigte"}},{"type":"Feature","geometry":{"type":"Polygon","coordinates":[[[7.58523,47.5574],[7.58532,47.55752],[7.58544,47.55753],[7.58547,47.55749],[7.58548,47.55737],[7.58523,47.5574]]]},"properties":{"class":"Gebaeude.Gebaeude"}},{"type":"Feature","geometry":{"type":"Polygon","coordinates":[[[7.58504,47.5578],[7.58505,47.55785],[7.58545,47.55783],[7.58547,47.55756],[7.58525,47.55759],[7.58527,47.55772],[7.58535,47.55771],[7.58535,47.55779],[7.58504,47.5578]]]},"properties":{"class":"Gebaeude.Gebaeude"}},{"type":"Feature","geometry":{"type":"Polygon","coordinates":[[[7.58447,47.55772],[7.5845,47.55869],[7.58454,47.55869],[7.58452,47.55824],[7.58472,47.55823],[7.58473,47.55855],[7.58478,47.55855],[7.58478,47.55861],[7.58473,47.55862],[7.58475,47.55883],[7.58485,47.55883],[7.5849,47.55864],[7.58499,47.55862],[7.58498,47.55868],[7.58505,47.55869],[7.58505,47.55862],[7.58514,47.55863],[7.58515,47.55851],[7.58488,47.5585],[7.58487,47.55837],[7.58513,47.55838],[7.58512,47.55849],[7.5853,47.55848],[7.58525,47.55844],[7.58529,47.55842],[7.5853,47.55831],[7.58525,47.55829],[7.58529,47.55827],[7.5853,47.55815],[7.58519,47.55816],[7.5852,47.55822],[7.58508,47.55822],[7.58507,47.55811],[7.58501,47.55812],[7.58501,47.55801],[7.58529,47.55804],[7.58529,47.55799],[7.58521,47.558],[7.58519,47.55786],[7.58503,47.55787],[7.58504,47.5578],[7.58535,47.55779],[7.58535,47.55771],[7.58527,47.55772],[7.58525,47.55759],[7.58543,47.55758],[7.58547,47.55749],[7.58544,47.55753],[7.58528,47.5575],[7.58523,47.5574],[7.58529,47.55738],[7.58469,47.55741],[7.58469,47.55751],[7.58478,47.55751],[7.58475,47.55741],[7.58505,47.55741],[7.58503,47.5577],[7.58506,47.55773],[7.58476,47.55774],[7.58479,47.55764],[7.5847,47.55764],[7.58471,47.55787],[7.58479,47.55788],[7.58471,47.55789],[7.58471,47.55802],[7.58497,47.55798],[7.58497,47.55801],[7.5849,47.55801],[7.5849,47.55812],[7.585,47.55812],[7.585,47.55815],[7.58459,47.55813],[7.58459,47.55817],[7.5845,47.55817],[7.58454,47.55813],[7.58453,47.55772],[7.58447,47.55772]],[[7.5848,47.55873],[7.58481,47.55868],[7.58485,47.55868],[7.58485,47.55873],[7.5848,47.55873]]]},"properties":{"class":"befestigt.uebrige_befestigte.uebrige_befestigte"}},{"type":"Feature","geometry":{"type":"Polygon","coordinates":[[[7.58514,47.55869],[7.58515,47.55876],[7.58554,47.5588],[7.58552,47.55867],[7.58524,47.55867],[7.58523,47.55855],[7.58551,47.55858],[7.58549,47.5585],[7.58515,47.55851],[7.58514,47.55869]]]},"properties":{"class":"Gebaeude.Gebaeude"}},{"type":"Feature","geometry":{"type":"Polygon","coordinates":[[[7.58523,47.55855],[7.58524,47.55867],[7.58552,47.55867],[7.58551,47.55858],[7.58545,47.55854],[7.58523,47.55855]]]},"properties":{"class":"befestigt.uebrige_befestigte.uebrige_befestigte"}},{"type":"Feature","geometry":{"type":"Polygon","coordinates":[[[7.5847,47.55896],[7.58472,47.55905],[7.58484,47.55905],[7.58485,47.55898],[7.5847,47.55896]]]},"properties":{"class":"befestigt.uebrige_befestigte.uebrige_befestigte"}},{"type":"Feature","geometry":{"type":"Polygon","coordinates":[[[7.5845,47.55892],[7.58452,47.55901],[7.58471,47.55899],[7.5847,47.55896],[7.58485,47.55898],[7.58485,47.55891],[7.5845,47.55892]]]},"properties":{"class":"Gebaeude.Gebaeude"}},{"type":"Feature","geometry":{"type":"Polygon","coordinates":[[[7.58515,47.55886],[7.58546,47.55889],[7.58547,47.55885],[7.58516,47.55882],[7.58515,47.55886]]]},"properties":{"class":"humusiert.uebrige_humusierte.uebrige_humusierte"}},{"type":"Feature","geometry":{"type":"Polygon","coordinates":[[[7.5849,47.55874],[7.58515,47.55876],[7.58514,47.55863],[7.58505,47.55862],[7.58505,47.55869],[7.58498,47.55868],[7.58499,47.55862],[7.58494,47.55862],[7.5849,47.55874]]]},"properties":{"class":"Gebaeude.Gebaeude"}},{"type":"Feature","geometry":{"type":"Polygon","coordinates":[[[7.5848,47.55873],[7.58485,47.55873],[7.58485,47.55868],[7.58481,47.55868],[7.5848,47.55873]]]},"properties":{"class":"Gebaeude.Gebaeude"}},{"type":"Feature","geometry":{"type":"Polygon","coordinates":[[[7.58504,47.55683],[7.58514,47.55713],[7.58518,47.55712],[7.58511,47.55682],[7.58504,47.55683]]]},"properties":{"class":"Gebaeude.Gebaeude"}},{"type":"Feature","geometry":{"type":"Polygon","coordinates":[[[7.58481,47.55689],[7.58494,47.5571],[7.58495,47.55721],[7.58502,47.55721],[7.58501,47.55715],[7.58509,47.55712],[7.58504,47.55713],[7.58489,47.55687],[7.58481,47.55689]]]},"properties":{"class":"Gebaeude.Gebaeude"}},{"type":"Feature","geometry":{"type":"Polygon","coordinates":[[[7.58529,47.557],[7.5854,47.557],[7.58547,47.55688],[7.58539,47.55686],[7.58537,47.55696],[7.58529,47.55695],[7.58529,47.557]]]},"properties":{"class":"Gebaeude.Gebaeude"}},{"type":"Feature","geometry":{"type":"Polygon","coordinates":[[[7.58494,47.55685],[7.58501,47.55697],[7.58505,47.55696],[7.58499,47.55684],[7.58494,47.55685]]]},"properties":{"class":"Gebaeude.Gebaeude"}},{"type":"Feature","geometry":{"type":"Polygon","coordinates":[[[7.5841,47.55675],[7.58417,47.55685],[7.58434,47.55679],[7.58425,47.55669],[7.5841,47.55675]]]},"properties":{"class":"Gebaeude.Gebaeude"}},{"type":"Feature","geometry":{"type":"Polygon","coordinates":[[[7.5839,47.55668],[7.58432,47.55648],[7.58423,47.55648],[7.5839,47.55668]]]},"properties":{"class":"humusiert.uebrige_humusierte.uebrige_humusierte"}},{"type":"Feature","geometry":{"type":"Polygon","coordinates":[[[7.58527,47.55695],[7.58532,47.55695],[7.58534,47.55685],[7.58529,47.55683],[7.58527,47.55695]]]},"properties":{"class":"Gebaeude.Gebaeude"}},{"type":"Feature","geometry":{"type":"Polygon","coordinates":[[[7.58434,47.55706],[7.58436,47.55712],[7.58446,47.5571],[7.5845,47.55714],[7.5845,47.55702],[7.58434,47.55706]]]},"properties":{"class":"Gebaeude.Gebaeude"}},{"type":"Feature","geometry":{"type":"Polygon","coordinates":[[[7.5844,47.55728],[7.58446,47.55742],[7.58548,47.55737],[7.58548,47.55732],[7.58453,47.55735],[7.58458,47.55699],[7.5845,47.55702],[7.58448,47.55727],[7.5844,47.55728]]]},"properties":{"class":"befestigt.Strasse_Weg"}},{"type":"Feature","geometry":{"type":"Polygon","coordinates":[[[7.58454,47.55724],[7.5848,47.55721],[7.58477,47.55715],[7.58493,47.55709],[7.58488,47.55705],[7.58477,47.55708],[7.5848,47.55711],[7.58475,47.55713],[7.58456,47.55716],[7.58454,47.55724]]]},"properties":{"class":"befestigt.uebrige_befestigte.uebrige_befestigte"}},{"type":"Feature","geometry":{"type":"Polygon","coordinates":[[[7.58457,47.55711],[7.58472,47.55709],[7.58468,47.55704],[7.58458,47.55706],[7.58457,47.55711]]]},"properties":{"class":"Gebaeude.Gebaeude"}},{"type":"Feature","geometry":{"type":"Polygon","coordinates":[[[7.58453,47.55729],[7.58453,47.55735],[7.58472,47.55735],[7.58471,47.55727],[7.58453,47.55729]]]},"properties":{"class":"Gebaeude.Gebaeude"}},{"type":"Feature","geometry":{"type":"Polygon","coordinates":[[[7.58481,47.55651],[7.58499,47.55669],[7.58511,47.55662],[7.58493,47.55644],[7.58481,47.55651]]]},"properties":{"class":"Gebaeude.Gebaeude"}},{"type":"Feature","geometry":{"type":"Polygon","coordinates":[[[7.58462,47.55697],[7.58475,47.55713],[7.5848,47.55711],[7.58477,47.55708],[7.58483,47.55708],[7.58471,47.55693],[7.58462,47.55697]]]},"properties":{"class":"Gebaeude.Gebaeude"}},{"type":"Feature","geometry":{"type":"Polygon","coordinates":[[[7.58456,47.55658],[7.58468,47.55663],[7.58461,47.55656],[7.58456,47.55658]]]},"properties":{"class":"Gebaeude.Gebaeude"}},{"type":"Feature","geometry":{"type":"Polygon","coordinates":[[[7.5845,47.55668],[7.58452,47.5567],[7.58453,47.55669],[7.58456,47.55668],[7.58456,47.55668],[7.58456,47.55668],[7.58454,47.55666],[7.58454,47.55667],[7.58452,47.55667],[7.5845,47.55668]]]},"properties":{"class":"befestigt.uebrige_befestigte.uebrige_befestigte"}},{"type":"Feature","geometry":{"type":"Polygon","coordinates":[[[7.58516,47.55724],[7.58517,47.55734],[7.58548,47.55732],[7.58549,47.55722],[7.58516,47.55724]]]},"properties":{"class":"Gebaeude.Gebaeude"}},{"type":"Feature","geometry":{"type":"Polygon","coordinates":[[[7.58364,47.55649],[7.58383,47.55665],[7.58407,47.55654],[7.58387,47.55635],[7.58364,47.55649]]]},"properties":{"class":"Gebaeude.Gebaeude"}},{"type":"Feature","geometry":{"type":"Polygon","coordinates":[[[7.58391,47.55639],[7.58407,47.55654],[7.58421,47.55642],[7.58391,47.55639]]]},"properties":{"class":"Gebaeude.Gebaeude"}},{"type":"Feature","geometry":{"type":"Polygon","coordinates":[[[7.58399,47.55625],[7.58424,47.55628],[7.58428,47.55614],[7.58435,47.55615],[7.58438,47.55604],[7.58406,47.556],[7.58404,47.55611],[7.58412,47.55611],[7.5841,47.5562],[7.58401,47.55619],[7.58399,47.55625]]]},"properties":{"class":"Gebaeude.Gebaeude"}},{"type":"Feature","geometry":{"type":"Polygon","coordinates":[[[7.58346,47.55601],[7.58358,47.55611],[7.58378,47.55611],[7.58379,47.556],[7.58346,47.55601]]]},"properties":{"class":"Gebaeude.Gebaeude"}},{"type":"Feature","geometry":{"type":"Polygon","coordinates":[[[7.58267,47.55591],[7.58269,47.55594],[7.58392,47.55565],[7.58394,47.55561],[7.58378,47.55545],[7.58356,47.55569],[7.58267,47.55591]]]},"properties":{"class":"humusiert.uebrige_humusierte.uebrige_humusierte"}},{"type":"Feature","geometry":{"type":"Polygon","coordinates":[[[7.58375,47.55575],[7.58375,47.55575],[7.58375,47.55575],[7.58375,47.55575],[7.58375,47.55575],[7.58375,47.55575],[7.58375,47.55575],[7.58375,47.55575],[7.58375,47.55575],[7.58375,47.55575],[7.58375,47.55575],[7.58375,47.55575],[7.58375,47.55575],[7.58375,47.55575],[7.58375,47.55575],[7.58375,47.55575],[7.58375,47.55575],[7.58375,47.55575],[7.58375,47.55575],[7.58375,47.55575],[7.58375,47.55575],[7.58375,47.55575],[7.58375,47.55575],[7.58375,47.55575],[7.58375,47.55575],[7.58375,47.55575],[7.58375,47.55575],[7.58375,47.55575],[7.58392,47.55572],[7.58392,47.55572],[7.58392,47.55572],[7.58392,47.55572],[7.58393,47.55572],[7.58393,47.55572],[7.58393,47.55571],[7.58393,47.55571],[7.58393,47.55571],[7.58393,47.55571],[7.58393,47.55571],[7.58393,47.55571],[7.58393,47.55571],[7.58394,47.55571],[7.58394,47.55571],[7.58394,47.55571],[7.58394,47.55571],[7.58394,47.55571],[7.58394,47.55571],[7.58394,47.55571],[7.58394,47.55571],[7.58394,47.55571],[7.58394,47.55571],[7.58394,47.55571],[7.58394,47.55571],[7.58393,47.55571],[7.58393,47.55571],[7.58393,47.55571],[7.58393,47.55571],[7.58393,47.5557],[7.58393,47.5557],[7.58393,47.5557],[7.58393,47.5557],[7.58393,47.5557],[7.58393,47.5557],[7.58393,47.5557],[7.58393,47.5557],[7.58393,47.5557],[7.58393,47.5557],[7.58393,47.5557],[7.58393,47.5557],[7.58393,47.5557],[7.58393,47.5557],[7.58393,47.5557],[7.58393,47.5557],[7.58393,47.5557],[7.58393,47.5557],[7.58392,47.5557],[7.58375,47.55574],[7.58375,47.55574],[7.58375,47.55574],[7.58375,47.55574],[7.58375,47.55574],[7.58375,47.55574],[7.58375,47.55574],[7.58375,47.55574],[7.58375,47.55574],[7.58375,47.55574],[7.58375,47.55574],[7.58375,47.55574],[7.58375,47.55574],[7.58375,47.55574],[7.58375,47.55574],[7.58375,47.55575],[7.58375,47.55575],[7.58375,47.55575]]]},"properties":{"class":"befestigt.Verkehrsinsel"}},{"type":"Feature","geometry":{"type":"Polygon","coordinates":[[[7.58421,47.55566],[7.58421,47.55566],[7.58421,47.55566],[7.58421,47.55566],[7.58421,47.55566],[7.58421,47.55566],[7.58421,47.55566],[7.58421,47.55566],[7.58421,47.55566],[7.58421,47.55566],[7.58421,47.55566],[7.58421,47.55566],[7.58421,47.55566],[7.58421,47.55566],[7.58421,47.55566],[7.58421,47.55566],[7.58421,47.55566],[7.58422,47.55566],[7.58422,47.55566],[7.58422,47.55566],[7.58422,47.55566],[7.58422,47.55566],[7.58422,47.55566],[7.58422,47.55566],[7.58422,47.55566],[7.58422,47.55566],[7.58422,47.55566],[7.58422,47.55566],[7.58422,47.55566],[7.58422,47.55566],[7.58448,47.55561],[7.58448,47.55561],[7.58448,47.55561],[7.58448,47.55561],[7.58448,47.55561],[7.58448,47.55561],[7.58448,47.55561],[7.58448,47.55561],[7.58448,47.55561],[7.58448,47.55561],[7.58448,47.55561],[7.58448,47.55561],[7.58448,47.55561],[7.58448,47.55561],[7.58448,47.55561],[7.58448,47.55561],[7.58448,47.55561],[7.58448,47.55561],[7.58448,47.55561],[7.58448,47.55561],[7.58448,47.5556],[7.58448,47.5556],[7.58448,47.5556],[7.58448,47.5556],[7.58448,47.5556],[7.58448,47.5556],[7.58448,47.5556],[7.58448,47.5556],[7.58448,47.5556],[7.58448,47.5556],[7.58448,47.5556],[7.58448,47.5556],[7.58448,47.5556],[7.58448,47.5556],[7.58448,47.5556],[7.58448,47.5556],[7.58448,47.5556],[7.58448,47.5556],[7.58447,47.5556],[7.58447,47.5556],[7.58447,47.5556],[7.58447,47.5556],[7.58447,47.5556],[7.58447,47.5556],[7.58447,47.5556],[7.58422,47.55565],[7.58422,47.55565],[7.58422,47.55565],[7.58422,47.55565],[7.58421,47.55565],[7.58421,47.55565],[7.58421,47.55565],[7.58421,47.55565],[7.58421,47.55565],[7.58421,47.55565],[7.58421,47.55565],[7.58421,47.55565],[7.58421,47.55565],[7.58421,47.55566]]]},"properties":{"class":"befestigt.Verkehrsinsel"}},{"type":"Feature","geometry":{"type":"Polygon","coordinates":[[[7.58473,47.55587],[7.58478,47.55588],[7.58475,47.55593],[7.58506,47.55602],[7.58516,47.55614],[7.58541,47.55603],[7.58479,47.55576],[7.58473,47.55587]]]},"properties":{"class":"Gebaeude.Gebaeude"}},{"type":"Feature","geometry":{"type":"Polygon","coordinates":[[[7.58478,47.55614],[7.58491,47.55624],[7.58498,47.5562],[7.58484,47.55611],[7.58478,47.55614]]]},"properties":{"class":"Gebaeude.Gebaeude"}},{"type":"Feature","geometry":{"type":"Polygon","coordinates":[[[7.58456,47.55622],[7.58458,47.5563],[7.58475,47.55623],[7.58473,47.55616],[7.58458,47.55614],[7.58456,47.55622]]]},"properties":{"class":"Gebaeude.Gebaeude"}},{"type":"Feature","geometry":{"type":"Polygon","coordinates":[[[7.58458,47.55614],[7.58473,47.55616],[7.58476,47.55604],[7.58462,47.556],[7.58458,47.55614]]]},"properties":{"class":"Gebaeude.Gebaeude"}},{"type":"Feature","geometry":{"type":"Polygon","coordinates":[[[7.58274,47.55856],[7.58275,47.55866],[7.58418,47.55858],[7.58414,47.55781],[7.58398,47.55781],[7.58398,47.55785],[7.5838,47.55786],[7.58377,47.5579],[7.58381,47.55799],[7.58399,47.55799],[7.584,47.55843],[7.583,47.55849],[7.58296,47.55816],[7.58274,47.55817],[7.58279,47.55856],[7.58274,47.55856]]]},"properties":{"class":"Gebaeude.Gebaeude"}},{"type":"Feature","geometry":{"type":"Polygon","coordinates":[[[7.58299,47.55841],[7.583,47.55849],[7.584,47.55843],[7.584,47.55834],[7.58395,47.55834],[7.58394,47.55812],[7.58376,47.55812],[7.58376,47.55834],[7.58299,47.55841]],[[7.5838,47.55816],[7.58385,47.55816],[7.58386,47.55831],[7.5838,47.55831],[7.5838,47.55816]]]},"properties":{"class":"befestigt.uebrige_befestigte.uebrige_befestigte"}},{"type":"Feature","geometry":{"type":"Polygon","coordinates":[[[7.58344,47.55781],[7.58344,47.55786],[7.58367,47.55786],[7.58364,47.55803],[7.58354,47.55819],[7.58357,47.5582],[7.58367,47.55804],[7.5837,47.55787],[7.58398,47.55785],[7.58398,47.55778],[7.58344,47.55781]]]},"properties":{"class":"befestigt.uebrige_befestigte.uebrige_befestigte"}},{"type":"Feature","geometry":{"type":"Polygon","coordinates":[[[7.5838,47.55816],[7.5838,47.55831],[7.58386,47.55831],[7.58385,47.55816],[7.5838,47.55816]]]},"properties":{"class":"befestigt.Wasserbecken"}},{"type":"Feature","geometry":{"type":"Polygon","coordinates":[[[7.58539,47.55569],[7.58559,47.55593],[7.58613,47.55574],[7.58611,47.5557],[7.58617,47.55568],[7.5861,47.55561],[7.58557,47.5558],[7.58554,47.55577],[7.58558,47.55574],[7.5855,47.55565],[7.58539,47.55569]]]},"properties":{"class":"Gebaeude.Gebaeude"}},{"type":"Feature","geometry":{"type":"Polygon","coordinates":[[[7.58351,47.5569],[7.58354,47.55694],[7.58365,47.5569],[7.58363,47.55687],[7.58351,47.5569]]]},"properties":{"class":"befestigt.uebrige_befestigte.uebrige_befestigte"}},{"type":"Feature","geometry":{"type":"Polygon","coordinates":[[[7.5854,47.55651],[7.58557,47.55656],[7.58577,47.55649],[7.58571,47.55642],[7.5854,47.55651]]]},"properties":{"class":"befestigt.uebrige_befestigte.uebrige_befestigte"}},{"type":"Feature","geometry":{"type":"Polygon","coordinates":[[[7.58511,47.55662],[7.58513,47.55672],[7.58534,47.55653],[7.58628,47.5562],[7.5863,47.55615],[7.58584,47.55627],[7.58511,47.55662]]]},"properties":{"class":"befestigt.Strasse_Weg"}},{"type":"Feature","geometry":{"type":"Polygon","coordinates":[[[7.5857,47.55641],[7.58581,47.55654],[7.586,47.55648],[7.58589,47.55634],[7.5857,47.55641]]]},"properties":{"class":"Gebaeude.Gebaeude"}},{"type":"Feature","geometry":{"type":"Polygon","coordinates":[[[7.58552,47.55624],[7.58562,47.55636],[7.58584,47.55627],[7.58574,47.55613],[7.58552,47.55624]]]},"properties":{"class":"Gebaeude.Gebaeude"}},{"type":"Feature","geometry":{"type":"Polygon","coordinates":[[[7.58719,47.55562],[7.58732,47.55565],[7.58736,47.55557],[7.58751,47.5556],[7.58756,47.55549],[7.58733,47.55545],[7.58719,47.55562]]]},"properties":{"class":"Gebaeude.Gebaeude"}},{"type":"Feature","geometry":{"type":"Polygon","coordinates":[[[7.58721,47.55572],[7.58727,47.5558],[7.58733,47.55577],[7.58721,47.55572]]]},"properties":{"class":"Gebaeude.Gebaeude"}},{"type":"Feature","geometry":{"type":"Polygon","coordinates":[[[7.5856,47.55684],[7.58566,47.55685],[7.5858,47.5567],[7.58578,47.55667],[7.58571,47.55668],[7.5856,47.55684]]]},"properties":{"class":"Gebaeude.Gebaeude"}},{"type":"Feature","geometry":{"type":"Polygon","coordinates":[[[7.58571,47.55687],[7.58576,47.55688],[7.58595,47.55669],[7.58591,47.55666],[7.58571,47.55687]]]},"properties":{"class":"Gebaeude.Gebaeude"}},{"type":"Feature","geometry":{"type":"Polygon","coordinates":[[[7.58599,47.55682],[7.58601,47.55683],[7.58602,47.55683],[7.58603,47.55682],[7.586,47.55681],[7.58599,47.55682]]]},"properties":{"class":"befestigt.uebrige_befestigte.uebrige_befestigte"}},{"type":"Feature","geometry":{"type":"Polygon","coordinates":[[[7.58533,47.55656],[7.58561,47.55661],[7.58554,47.55652],[7.58542,47.55654],[7.5854,47.55651],[7.58533,47.55656]]]},"properties":{"class":"Gebaeude.Gebaeude"}},{"type":"Feature","geometry":{"type":"Polygon","coordinates":[[[7.58533,47.55678],[7.58537,47.55679],[7.58549,47.5566],[7.58544,47.55659],[7.58533,47.55678]]]},"properties":{"class":"Gebaeude.Gebaeude"}},{"type":"Feature","geometry":{"type":"Polygon","coordinates":[[[7.58537,47.55679],[7.58545,47.55681],[7.58557,47.55661],[7.58549,47.5566],[7.58537,47.55679]]]},"properties":{"class":"Gebaeude.Gebaeude"}},{"type":"Feature","geometry":{"type":"Polygon","coordinates":[[[7.58545,47.55681],[7.58553,47.55682],[7.58559,47.55673],[7.58554,47.55671],[7.58556,47.55669],[7.58567,47.55664],[7.58557,47.55661],[7.58545,47.55681]]]},"properties":{"class":"Gebaeude.Gebaeude"}},{"type":"Feature","geometry":{"type":"Polygon","coordinates":[[[7.58577,47.55609],[7.58589,47.55625],[7.58594,47.55624],[7.58581,47.55608],[7.58577,47.55609]]]},"properties":{"class":"Gebaeude.Gebaeude"}},{"type":"Feature","geometry":{"type":"Polygon","coordinates":[[[7.5857,47.5559],[7.58571,47.55591],[7.58571,47.55591],[7.58571,47.55591],[7.58571,47.55591],[7.58571,47.55591],[7.58572,47.55591],[7.58572,47.55592],[7.58572,47.55592],[7.58572,47.55592],[7.58572,47.55592],[7.58572,47.55592],[7.58572,47.55592],[7.58572,47.55592],[7.58572,47.55592],[7.58573,47.55592],[7.58573,47.55592],[7.58573,47.55592],[7.58573,47.55592],[7.58614,47.55577],[7.58615,47.55577],[7.58615,47.55577],[7.58615,47.55577],[7.58615,47.55577],[7.58615,47.55577],[7.58615,47.55577],[7.58615,47.55577],[7.58615,47.55577],[7.58615,47.55577],[7.58615,47.55577],[7.58615,47.55577],[7.58615,47.55577],[7.58615,47.55577],[7.58615,47.55577],[7.58615,47.55577],[7.58615,47.55577],[7.58615,47.55577],[7.58615,47.55577],[7.58615,47.55577],[7.58615,47.55577],[7.58615,47.55577],[7.58615,47.55576],[7.58615,47.55576],[7.58615,47.55576],[7.58615,47.55576],[7.58615,47.55576],[7.58615,47.55576],[7.58615,47.55576],[7.58615,47.55576],[7.58613,47.55574],[7.58573,47.55588],[7.58573,47.55589],[7.5857,47.5559]]]},"properties":{"class":"humusiert.uebrige_humusierte.uebrige_humusierte"}},{"type":"Feature","geometry":{"type":"Polygon","coordinates":[[[7.58615,47.55595],[7.5863,47.55615],[7.58647,47.55609],[7.58643,47.55604],[7.58631,47.55608],[7.58627,47.55603],[7.58639,47.55599],[7.58632,47.5559],[7.58615,47.55595]]]},"properties":{"class":"Gebaeude.Gebaeude"}},{"type":"Feature","geometry":{"type":"Polygon","coordinates":[[[7.58606,47.55601],[7.58616,47.55617],[7.5863,47.55615],[7.58617,47.55598],[7.58606,47.55601]]]},"properties":{"class":"Gebaeude.Gebaeude"}},{"type":"Feature","geometry":{"type":"Polygon","coordinates":[[[7.58596,47.55601],[7.58608,47.55619],[7.58616,47.55617],[7.58604,47.55598],[7.58596,47.55601]]]},"properties":{"class":"Gebaeude.Gebaeude"}},{"type":"Feature","geometry":{"type":"Polygon","coordinates":[[[7.58632,47.5559],[7.58639,47.55599],[7.58657,47.55594],[7.5865,47.55584],[7.58632,47.5559]]]},"properties":{"class":"Gebaeude.Gebaeude"}},{"type":"Feature","geometry":{"type":"Polygon","coordinates":[[[7.58639,47.55599],[7.58647,47.55609],[7.58664,47.55603],[7.58657,47.55594],[7.58653,47.55595],[7.58656,47.556],[7.58646,47.55603],[7.58639,47.55599]]]},"properties":{"class":"Gebaeude.Gebaeude"}},{"type":"Feature","geometry":{"type":"Polygon","coordinates":[[[7.58652,47.55588],[7.58664,47.55603],[7.58691,47.55593],[7.58677,47.55576],[7.58669,47.55579],[7.5868,47.55591],[7.58666,47.55596],[7.58658,47.55586],[7.58652,47.55588]]]},"properties":{"class":"Gebaeude.Gebaeude"}},{"type":"Feature","geometry":{"type":"Polygon","coordinates":[[[7.58694,47.55569],[7.587,47.55576],[7.58705,47.55575],[7.58699,47.55567],[7.58694,47.55569]]]},"properties":{"class":"Gebaeude.Gebaeude"}},{"type":"Feature","geometry":{"type":"Polygon","coordinates":[[[7.58683,47.55584],[7.58691,47.55593],[7.58697,47.55591],[7.5869,47.55582],[7.58683,47.55584]]]},"properties":{"class":"Gebaeude.Gebaeude"}}]}