{"type":"FeatureCollection","features":[{"type":"Feature","properties":{"baumnamedeu":"Japanischer Schnurbaum","kategorie":"Strassenbaum","pflanzjahr":2017,"kronendurchmesser":3},"geometry":{"type":"Point","coordinates":[8.51535,47.38208]}},{"type":"Feature","properties":{"baumnamedeu":"Japanischer Schnurbaum","kategorie":"Strassenbaum","pflanzjahr":2017,"kronendurchmesser":3},"geometry":{"type":"Point","coordinates":[8.5154,47.3821]}},{"type":"Feature","properties":{"baumnamedeu":"Japanischer Schnurbaum","kategorie":"Strassenbaum","pflanzjahr":2017,"kronendurchmesser":3},"geometry":{"type":"Point","coordinates":[8.51536,47.38211]}},{"type":"Feature","properties":{"baumnamedeu":"Japanischer Schnurbaum","kategorie":"Strassenbaum","pflanzjahr":2017,"kronendurchmesser":3},"geometry":{"type":"Point","coordinates":[8.51536,47.38214]}},{"type":"Feature","properties":{"baumnamedeu":"Japanischer Schnurbaum","kategorie":"Strassenbaum","pflanzjahr":2017,"kronendurchmesser":3},"geometry":{"type":"Point","coordinates":[8.51544,47.38213]}},{"type":"Feature","properties":{"baumnamedeu":"Japanischer Schnurbaum","kategorie":"Strassenbaum","pflanzjahr":2017,"kronendurchmesser":3},"geometry":{"type":"Point","coordinates":[8.51508,47.38215]}},{"type":"Feature","properties":{"baumnamedeu":"Japanischer Schnurbaum","kategorie":"Strassenbaum","pflanzjahr":2017,"kronendurchmesser":3},"geometry":{"type":"Point","coordinates":[8.51509,47.38218]}},{"type":"Feature","properties":{"baumnamedeu":"Japanischer Schnurbaum","kategorie":"Strassenbaum","pflanzjahr":2017,"kronendurchmesser":3},"geometry":{"type":"Point","coordinates":[8.51512,47.3822]}},{"type":"Feature","properties":{"baumnamedeu":"Japanischer Schnurbaum","kategorie":"Strassenbaum","pflanzjahr":2017,"kronendurchmesser":3},"geometry":{"type":"Point","coordinates":[8.51507,47.38221]}},{"type":"Feature","properties":{"baumnamedeu":"Japanischer Schnurbaum","kategorie":"Strassenbaum","pflanzjahr":2017,"kronendurchmesser":3},"geometry":{"type":"Point","coordinates":[8.515,47.38222]}},{"type":"Feature","properties":{"baumnamedeu":"Japanischer Schnurbaum","kategorie":"Strassenbaum","pflanzjahr":2017,"kronendurchmesser":3},"geometry":{"type":"Point","coordinates":[8.51501,47.38219]}},{"type":"Feature","properties":{"baumnamedeu":"Ginkgo, Mädchenhaarbaum, Fächerblattbaum","kategorie":"Strassenbaum","pflanzjahr":2017,"kronendurchmesser":2},"geometry":{"type":"Point","coordinates":[8.51524,47.38264]}},{"type":"Feature","properties":{"baumnamedeu":"Ginkgo, Mädchenhaarbaum, Fächerblattbaum","kategorie":"Strassenbaum","pflanzjahr":2017,"kronendurchmesser":2},"geometry":{"type":"Point","coordinates":[8.51518,47.38275]}},{"type":"Feature","properties":{"baumnamedeu":"Italienische-Erle","kategorie":"Strassenbaum","pflanzjahr":2017,"kronendurchmesser":4},"geometry":{"type":"Point","coordinates":[8.51523,47.38268]}},{"type":"Feature","properties":{"baumnamedeu":"Italienische-Erle","kategorie":"Strassenbaum","pflanzjahr":2017,"kronendurchmesser":3},"geometry":{"type":"Point","coordinates":[8.51522,47.38272]}},{"type":"Feature","properties":{"baumnamedeu":"Ginkgo, Mädchenhaarbaum, Fächerblattbaum","kategorie":"Strassenbaum","pflanzjahr":2017,"kronendurchmesser":2},"geometry":{"type":"Point","coordinates":[8.51524,47.3826]}},{"type":"Feature","properties":{"baumnamedeu":"Dornenlose Gleditschie","kategorie":"Strassenbaum","pflanzjahr":2017,"kronendurchmesser":3},"geometry":{"type":"Point","coordinates":[8.51519,47.38263]}},{"type":"Feature","properties":{"baumnamedeu":"Dornenlose Gleditschie","kategorie":"Strassenbaum","pflanzjahr":2017,"kronendurchmesser":3},"geometry":{"type":"Point","coordinates":[8.51518,47.3827]}},{"type":"Feature","properties":{"baumnamedeu":"Italienische-Erle","kategorie":"Strassenbaum","pflanzjahr":2017,"kronendurchmesser":3},"geometry":{"type":"Point","coordinates":[8.51534,47.38264]}},{"type":"Feature","properties":{"baumnamedeu":"Zerr-Eiche","kategorie":"Strassenbaum","pflanzjahr":2017,"kronendurchmesser":4},"geometry":{"type":"Point","coordinates":[8.5153,47.38269]}},{"type":"Feature","properties":{"baumnamedeu":"Zerr-Eiche","kategorie":"Strassenbaum","pflanzjahr":2017,"kronendurchmesser":4},"geometry":{"type":"Point","coordinates":[8.51531,47.38266]}},{"type":"Feature","properties":{"baumnamedeu":"Zerr-Eiche","kategorie":"Strassenbaum","pflanzjahr":2017,"kronendurchmesser":4},"geometry":{"type":"Point","coordinates":[8.51531,47.38262]}},{"type":"Feature","properties":{"baumnamedeu":"Grau-Erle, Weiss-Erle (schlitzblättrig)","kategorie":"Strassenbaum","pflanzjahr":2017,"kronendurchmesser":4},"geometry":{"type":"Point","coordinates":[8.5153,47.38257]}},{"type":"Feature","properties":{"baumnamedeu":"Dornenlose Gleditschie","kategorie":"Strassenbaum","pflanzjahr":2017,"kronendurchmesser":3},"geometry":{"type":"Point","coordinates":[8.51536,47.38257]}},{"type":"Feature","properties":{"baumnamedeu":"Zerr-Eiche","kategorie":"Strassenbaum","pflanzjahr":2017,"kronendurchmesser":4},"geometry":{"type":"Point","coordinates":[8.51539,47.3826]}},{"type":"Feature","properties":{"baumnamedeu":"Zerr-Eiche","kategorie":"Strassenbaum","pflanzjahr":2017,"kronendurchmesser":4},"geometry":{"type":"Point","coordinates":[8.51542,47.38258]}},{"type":"Feature","properties":{"baumnamedeu":"Grau-Erle, Weiss-Erle (schlitzblättrig)","kategorie":"Strassenbaum","pflanzjahr":2017,"kronendurchmesser":4},"geometry":{"type":"Point","coordinates":[8.51544,47.3825]}},{"type":"Feature","properties":{"baumnamedeu":"Italienische-Erle","kategorie":"Strassenbaum","pflanzjahr":2017,"kronendurchmesser":3},"geometry":{"type":"Point","coordinates":[8.51544,47.38254]}},{"type":"Feature","properties":{"baumnamedeu":"Italienische-Erle","kategorie":"Strassenbaum","pflanzjahr":2017,"kronendurchmesser":3},"geometry":{"type":"Point","coordinates":[8.51547,47.38253]}},{"type":"Feature","properties":{"baumnamedeu":"Zerr-Eiche","kategorie":"Strassenbaum","pflanzjahr":2017,"kronendurchmesser":4},"geometry":{"type":"Point","coordinates":[8.51549,47.38249]}},{"type":"Feature","properties":{"baumnamedeu":"Zerr-Eiche","kategorie":"Strassenbaum","pflanzjahr":2017,"kronendurchmesser":3},"geometry":{"type":"Point","coordinates":[8.5156,47.38243]}},{"type":"Feature","properties":{"baumnamedeu":"Zerr-Eiche","kategorie":"Strassenbaum","pflanzjahr":2017,"kronendurchmesser":3},"geometry":{"type":"Point","coordinates":[8.51566,47.38236]}},{"type":"Feature","properties":{"baumnamedeu":"Grau-Erle, Weiss-Erle (schlitzblättrig)","kategorie":"Strassenbaum","pflanzjahr":2017,"kronendurchmesser":4},"geometry":{"type":"Point","coordinates":[8.51558,47.38241]}},{"type":"Feature","properties":{"baumnamedeu":"Dornenlose Gleditschie","kategorie":"Strassenbaum","pflanzjahr":2017,"kronendurchmesser":4},"geometry":{"type":"Point","coordinates":[8.51563,47.38239]}},{"type":"Feature","properties":{"baumnamedeu":"Italienische-Erle","kategorie":"Strassenbaum","pflanzjahr":2017,"kronendurchmesser":3},"geometry":{"type":"Point","coordinates":[8.51554,47.38243]}},{"type":"Feature","properties":{"baumnamedeu":"Italienische-Erle","kategorie":"Strassenbaum","pflanzjahr":2017,"kronendurchmesser":3},"geometry":{"type":"Point","coordinates":[8.51553,47.38246]}},{"type":"Feature","properties":{"baumnamedeu":"Ginkgo, Mädchenhaarbaum, Fächerblattbaum","kategorie":"Strassenbaum","pflanzjahr":2017,"kronendurchmesser":2},"geometry":{"type":"Point","coordinates":[8.51548,47.38246]}},{"type":"Feature","properties":{"baumnamedeu":"Zerr-Eiche","kategorie":"Strassenbaum","pflanzjahr":2017,"kronendurchmesser":4},"geometry":{"type":"Point","coordinates":[8.51407,47.38291]}},{"type":"Feature","properties":{"baumnamedeu":"Zerr-Eiche","kategorie":"Strassenbaum","pflanzjahr":2017,"kronendurchmesser":3},"geometry":{"type":"Point","coordinates":[8.51422,47.38297]}},{"type":"Feature","properties":{"baumnamedeu":"Zerr-Eiche","kategorie":"Strassenbaum","pflanzjahr":2017,"kronendurchmesser":3},"geometry":{"type":"Point","coordinates":[8.51433,47.38296]}},{"type":"Feature","properties":{"baumnamedeu":"Zerr-Eiche","kategorie":"Strassenbaum","pflanzjahr":2017,"kronendurchmesser":4},"geometry":{"type":"Point","coordinates":[8.51441,47.38293]}},{"type":"Feature","properties":{"baumnamedeu":"Zerr-Eiche","kategorie":"Strassenbaum","pflanzjahr":2017,"kronendurchmesser":4},"geometry":{"type":"Point","coordinates":[8.51447,47.38296]}},{"type":"Feature","properties":{"baumnamedeu":"Zerr-Eiche","kategorie":"Strassenbaum","pflanzjahr":2017,"kronendurchmesser":4},"geometry":{"type":"Point","coordinates":[8.51446,47.38289]}},{"type":"Feature","properties":{"baumnamedeu":"Zerr-Eiche","kategorie":"Strassenbaum","pflanzjahr":2017,"kronendurchmesser":4},"geometry":{"type":"Point","coordinates":[8.51437,47.38287]}},{"type":"Feature","properties":{"baumnamedeu":"Zerr-Eiche","kategorie":"Strassenbaum","pflanzjahr":2017,"kronendurchmesser":4},"geometry":{"type":"Point","coordinates":[8.51434,47.38285]}},{"type":"Feature","properties":{"baumnamedeu":"Zerr-Eiche","kategorie":"Strassenbaum","pflanzjahr":2017,"kronendurchmesser":4},"geometry":{"type":"Point","coordinates":[8.51424,47.38286]}},{"type":"Feature","properties":{"baumnamedeu":"Zerr-Eiche","kategorie":"Strassenbaum","pflanzjahr":2017,"kronendurchmesser":3},"geometry":{"type":"Point","coordinates":[8.51416,47.38284]}},{"type":"Feature","properties":{"baumnamedeu":"Italienische-Erle","kategorie":"Strassenbaum","pflanzjahr":2017,"kronendurchmesser":4},"geometry":{"type":"Point","coordinates":[8.51411,47.38287]}},{"type":"Feature","properties":{"baumnamedeu":"Italienische-Erle","kategorie":"Strassenbaum","pflanzjahr":2017,"kronendurchmesser":3},"geometry":{"type":"Point","coordinates":[8.5142,47.38284]}},{"type":"Feature","properties":{"baumnamedeu":"Italienische-Erle","kategorie":"Strassenbaum","pflanzjahr":2017,"kronendurchmesser":3},"geometry":{"type":"Point","coordinates":[8.51423,47.38283]}},{"type":"Feature","properties":{"baumnamedeu":"Italienische-Erle","kategorie":"Strassenbaum","pflanzjahr":2017,"kronendurchmesser":3},"geometry":{"type":"Point","coordinates":[8.51428,47.38284]}},{"type":"Feature","properties":{"baumnamedeu":"Italienische-Erle","kategorie":"Strassenbaum","pflanzjahr":2017,"kronendurchmesser":3},"geometry":{"type":"Point","coordinates":[8.51427,47.38296]}},{"type":"Feature","properties":{"baumnamedeu":"Italienische-Erle","kategorie":"Strassenbaum","pflanzjahr":2017,"kronendurchmesser":3},"geometry":{"type":"Point","coordinates":[8.51437,47.38296]}},{"type":"Feature","properties":{"baumnamedeu":"Italienische-Erle","kategorie":"Strassenbaum","pflanzjahr":2017,"kronendurchmesser":3},"geometry":{"type":"Point","coordinates":[8.51442,47.38296]}},{"type":"Feature","properties":{"baumnamedeu":"Italienische-Erle","kategorie":"Strassenbaum","pflanzjahr":2017,"kronendurchmesser":3},"geometry":{"type":"Point","coordinates":[8.51438,47.3829]}},{"type":"Feature","properties":{"baumnamedeu":"Italienische-Erle","kategorie":"Strassenbaum","pflanzjahr":2017,"kronendurchmesser":3},"geometry":{"type":"Point","coordinates":[8.51441,47.38286]}},{"type":"Feature","properties":{"baumnamedeu":"Ginkgo, Mädchenhaarbaum, Fächerblattbaum","kategorie":"Strassenbaum","pflanzjahr":2017,"kronendurchmesser":2},"geometry":{"type":"Point","coordinates":[8.51452,47.38291]}},{"type":"Feature","properties":{"baumnamedeu":"Ginkgo, Mädchenhaarbaum, Fächerblattbaum","kategorie":"Strassenbaum","pflanzjahr":2017,"kronendurchmesser":2},"geometry":{"type":"Point","coordinates":[8.51431,47.38288]}},{"type":"Feature","properties":{"baumnamedeu":"Ginkgo, Mädchenhaarbaum, Fächerblattbaum","kategorie":"Strassenbaum","pflanzjahr":2017,"kronendurchmesser":2},"geometry":{"type":"Point","coordinates":[8.5142,47.38294]}},{"type":"Feature","properties":{"baumnamedeu":"Dornenlose Gleditschie","kategorie":"Strassenbaum","pflanzjahr":2017,"kronendurchmesser":4},"geometry":{"type":"Point","coordinates":[8.51414,47.38292]}},{"type":"Feature","properties":{"baumnamedeu":"Dornenlose Gleditschie","kategorie":"Strassenbaum","pflanzjahr":2017,"kronendurchmesser":4},"geometry":{"type":"Point","coordinates":[8.51417,47.38297]}},{"type":"Feature","properties":{"baumnamedeu":"Dornenlose Gleditschie","kategorie":"Strassenbaum","pflanzjahr":2017,"kronendurchmesser":4},"geometry":{"type":"Point","coordinates":[8.51425,47.3829]}},{"type":"Feature","properties":{"baumnamedeu":"Dornenlose Gleditschie","kategorie":"Strassenbaum","pflanzjahr":2017,"kronendurchmesser":3},"geometry":{"type":"Point","coordinates":[8.51447,47.38292]}},{"type":"Feature","properties":{"baumnamedeu":"Grau-Erle, Weiss-Erle (schlitzblättrig)","kategorie":"Strassenbaum","pflanzjahr":2017,"kronendurchmesser":4},"geometry":{"type":"Point","coordinates":[8.51432,47.38293]}},{"type":"Feature","properties":{"baumnamedeu":"Grau-Erle, Weiss-Erle (schlitzblättrig)","kategorie":"Strassenbaum","pflanzjahr":2017,"kronendurchmesser":4},"geometry":{"type":"Point","coordinates":[8.51419,47.38289]}},{"type":"Feature","properties":{"baumnamedeu":"Japanischer Schnurbaum","kategorie":"Strassenbaum","pflanzjahr":2017,"kronendurchmesser":3},"geometry":{"type":"Point","coordinates":[8.51377,47.383]}},{"type":"Feature","properties":{"baumnamedeu":"Japanischer Schnurbaum","kategorie":"Strassenbaum","pflanzjahr":2017,"kronendurchmesser":3},"geometry":{"type":"Point","coordinates":[8.51363,47.38286]}},{"type":"Feature","properties":{"baumnamedeu":"Japanischer Schnurbaum","kategorie":"Strassenbaum","pflanzjahr":2017,"kronendurchmesser":3},"geometry":{"type":"Point","coordinates":[8.51387,47.38274]}},{"type":"Feature","properties":{"baumnamedeu":"Japanischer Schnurbaum","kategorie":"Strassenbaum","pflanzjahr":2017,"kronendurchmesser":3},"geometry":{"type":"Point","coordinates":[8.51388,47.38272]}},{"type":"Feature","properties":{"baumnamedeu":"Japanischer Schnurbaum","kategorie":"Strassenbaum","pflanzjahr":2017,"kronendurchmesser":3},"geometry":{"type":"Point","coordinates":[8.51387,47.38269]}},{"type":"Feature","properties":{"baumnamedeu":"Japanischer Schnurbaum","kategorie":"Strassenbaum","pflanzjahr":2017,"kronendurchmesser":3},"geometry":{"type":"Point","coordinates":[8.51426,47.3826]}},{"type":"Feature","properties":{"baumnamedeu":"Japanischer Schnurbaum","kategorie":"Strassenbaum","pflanzjahr":2017,"kronendurchmesser":3},"geometry":{"type":"Point","coordinates":[8.51433,47.38264]}},{"type":"Feature","properties":{"baumnamedeu":"Japanischer Schnurbaum","kategorie":"Strassenbaum","pflanzjahr":2017,"kronendurchmesser":3},"geometry":{"type":"Point","coordinates":[8.5143,47.38266]}},{"type":"Feature","properties":{"baumnamedeu":"Grau-Erle, Weiss-Erle (schlitzblättrig)","kategorie":"Strassenbaum","pflanzjahr":2017,"kronendurchmesser":4},"geometry":{"type":"Point","coordinates":[8.51539,47.38254]}},{"type":"Feature","properties":{"baumnamedeu":"Japanischer Schnurbaum","kategorie":"Strassenbaum","pflanzjahr":2017,"kronendurchmesser":2},"geometry":{"type":"Point","coordinates":[8.51372,47.38292]}},{"type":"Feature","properties":{"baumnamedeu":"Japanischer Schnurbaum","kategorie":"Strassenbaum","pflanzjahr":2005,"kronendurchmesser":6},"geometry":{"type":"Point","coordinates":[8.52185,47.38742]}},{"type":"Feature","properties":{"baumnamedeu":"Japanischer Schnurbaum","kategorie":"Strassenbaum","pflanzjahr":2005,"kronendurchmesser":6},"geometry":{"type":"Point","coordinates":[8.52175,47.38746]}},{"type":"Feature","properties":{"baumnamedeu":"Japanischer Schnurbaum","kategorie":"Strassenbaum","pflanzjahr":2005,"kronendurchmesser":6},"geometry":{"type":"Point","coordinates":[8.52155,47.38754]}},{"type":"Feature","properties":{"baumnamedeu":"Japanischer Schnurbaum","kategorie":"Strassenbaum","pflanzjahr":2009,"kronendurchmesser":6},"geometry":{"type":"Point","coordinates":[8.52146,47.38759]}},{"type":"Feature","properties":{"baumnamedeu":"Japanischer Schnurbaum","kategorie":"Strassenbaum","pflanzjahr":2005,"kronendurchmesser":6},"geometry":{"type":"Point","coordinates":[8.52135,47.38763]}},{"type":"Feature","properties":{"baumnamedeu":"Japanischer Schnurbaum","kategorie":"Strassenbaum","pflanzjahr":2005,"kronendurchmesser":6},"geometry":{"type":"Point","coordinates":[8.52123,47.38769]}},{"type":"Feature","properties":{"baumnamedeu":"Japanischer Schnurbaum","kategorie":"Strassenbaum","pflanzjahr":2005,"kronendurchmesser":6},"geometry":{"type":"Point","coordinates":[8.52112,47.38774]}},{"type":"Feature","properties":{"baumnamedeu":"Japanischer Schnurbaum","kategorie":"Strassenbaum","pflanzjahr":2005,"kronendurchmesser":6},"geometry":{"type":"Point","coordinates":[8.521,47.3878]}},{"type":"Feature","properties":{"baumnamedeu":"Japanischer Schnurbaum","kategorie":"Strassenbaum","pflanzjahr":2005,"kronendurchmesser":6},"geometry":{"type":"Point","coordinates":[8.52089,47.38785]}},{"type":"Feature","properties":{"baumnamedeu":"Japanischer Schnurbaum","kategorie":"Strassenbaum","pflanzjahr":2005,"kronendurchmesser":6},"geometry":{"type":"Point","coordinates":[8.52077,47.38791]}},{"type":"Feature","properties":{"baumnamedeu":"Japanischer Schnurbaum","kategorie":"Strassenbaum","pflanzjahr":2005,"kronendurchmesser":6},"geometry":{"type":"Point","coordinates":[8.52065,47.38796]}},{"type":"Feature","properties":{"baumnamedeu":"Winter-Linde, Stadt-Linde","kategorie":"Strassenbaum","pflanzjahr":2015,"kronendurchmesser":3},"geometry":{"type":"Point","coordinates":[8.52196,47.38925]}},{"type":"Feature","properties":{"baumnamedeu":"Winter-Linde, Stadt-Linde","kategorie":"Strassenbaum","pflanzjahr":2020,"kronendurchmesser":2},"geometry":{"type":"Point","coordinates":[8.52186,47.3893]}},{"type":"Feature","properties":{"baumnamedeu":"Japanischer Schnurbaum","kategorie":"Strassenbaum","pflanzjahr":2017,"kronendurchmesser":3},"geometry":{"type":"Point","coordinates":[8.51377,47.38273]}},{"type":"Feature","properties":{"baumnamedeu":"Japanischer Schnurbaum","kategorie":"Strassenbaum","pflanzjahr":2017,"kronendurchmesser":3},"geometry":{"type":"Point","coordinates":[8.51382,47.38272]}},{"type":"Feature","properties":{"baumnamedeu":"Japanischer Schnurbaum","kategorie":"Strassenbaum","pflanzjahr":2017,"kronendurchmesser":3},"geometry":{"type":"Point","coordinates":[8.51421,47.38262]}},{"type":"Feature","properties":{"baumnamedeu":"Japanische Blüten-Kirsche, Japanische Nelken-Kirsche","kategorie":"Strassenbaum","pflanzjahr":2005,"kronendurchmesser":5},"geometry":{"type":"Point","coordinates":[8.512,47.38227]}},{"type":"Feature","properties":{"baumnamedeu":"Spitz-Ahorn (kugelförmig)","kategorie":"Strassenbaum","pflanzjahr":2017,"kronendurchmesser":4},"geometry":{"type":"Point","coordinates":[8.51632,47.38208]}},{"type":"Feature","properties":{"baumnamedeu":"Japanischer Schnurbaum","kategorie":"Strassenbaum","pflanzjahr":2005,"kronendurchmesser":6},"geometry":{"type":"Point","coordinates":[8.52165,47.3875]}},{"type":"Feature","properties":{"baumnamedeu":"Japanischer Schnurbaum","kategorie":"Strassenbaum","pflanzjahr":null,"kronendurchmesser":7},"geometry":{"type":"Point","coordinates":[8.516,47.38897]}},{"type":"Feature","properties":{"baumnamedeu":"Hybrid-Ulme","kategorie":"Strassenbaum","pflanzjahr":2023,"kronendurchmesser":1},"geometry":{"type":"Point","coordinates":[8.52161,47.38943]}},{"type":"Feature","properties":{"baumnamedeu":"Vogel-Kirsche, Süss-Kirsche (gefüllte)","kategorie":"Strassenbaum","pflanzjahr":2023,"kronendurchmesser":2},"geometry":{"type":"Point","coordinates":[8.52171,47.38938]}},{"type":"Feature","properties":{"baumnamedeu":"Winter-Linde, Stadt-Linde","kategorie":"Strassenbaum","pflanzjahr":2022,"kronendurchmesser":2},"geometry":{"type":"Point","coordinates":[8.51394,47.38947]}},{"type":"Feature","properties":{"baumnamedeu":"Winter-Linde","kategorie":"Strassenbaum","pflanzjahr":2022,"kronendurchmesser":2},"geometry":{"type":"Point","coordinates":[8.5146,47.38897]}},{"type":"Feature","properties":{"baumnamedeu":"Winter-Linde, Stadt-Linde","kategorie":"Strassenbaum","pflanzjahr":2011,"kronendurchmesser":3},"geometry":{"type":"Point","coordinates":[8.51869,47.38758]}},{"type":"Feature","properties":{"baumnamedeu":"Winter-Linde, Stadt-Linde","kategorie":"Strassenbaum","pflanzjahr":2011,"kronendurchmesser":5},"geometry":{"type":"Point","coordinates":[8.5215,47.38993]}},{"type":"Feature","properties":{"baumnamedeu":"Winter-Linde, Stadt-Linde","kategorie":"Strassenbaum","pflanzjahr":2011,"kronendurchmesser":5},"geometry":{"type":"Point","coordinates":[8.52143,47.38987]}},{"type":"Feature","properties":{"baumnamedeu":"Winter-Linde, Stadt-Linde","kategorie":"Strassenbaum","pflanzjahr":2011,"kronendurchmesser":6},"geometry":{"type":"Point","coordinates":[8.52137,47.3898]}},{"type":"Feature","properties":{"baumnamedeu":"Winter-Linde, Stadt-Linde","kategorie":"Strassenbaum","pflanzjahr":2011,"kronendurchmesser":5},"geometry":{"type":"Point","coordinates":[8.52131,47.38974]}},{"type":"Feature","properties":{"baumnamedeu":"Japanischer Schnurbaum","kategorie":"Strassenbaum","pflanzjahr":2013,"kronendurchmesser":5},"geometry":{"type":"Point","coordinates":[8.51604,47.38903]}},{"type":"Feature","properties":{"baumnamedeu":"Japanischer Schnurbaum","kategorie":"Strassenbaum","pflanzjahr":2009,"kronendurchmesser":7},"geometry":{"type":"Point","coordinates":[8.51776,47.38899]}},{"type":"Feature","properties":{"baumnamedeu":"Japanischer Schnurbaum","kategorie":"Strassenbaum","pflanzjahr":2003,"kronendurchmesser":9},"geometry":{"type":"Point","coordinates":[8.51788,47.38896]}},{"type":"Feature","properties":{"baumnamedeu":"Japanischer Schnurbaum","kategorie":"Strassenbaum","pflanzjahr":2009,"kronendurchmesser":7},"geometry":{"type":"Point","coordinates":[8.51812,47.38887]}},{"type":"Feature","properties":{"baumnamedeu":"Japanischer Schnurbaum","kategorie":"Strassenbaum","pflanzjahr":2003,"kronendurchmesser":9},"geometry":{"type":"Point","coordinates":[8.51822,47.38884]}},{"type":"Feature","properties":{"baumnamedeu":"Japanischer Schnurbaum","kategorie":"Strassenbaum","pflanzjahr":2003,"kronendurchmesser":8},"geometry":{"type":"Point","coordinates":[8.51833,47.38881]}},{"type":"Feature","properties":{"baumnamedeu":"Japanischer Schnurbaum","kategorie":"Strassenbaum","pflanzjahr":2003,"kronendurchmesser":8},"geometry":{"type":"Point","coordinates":[8.51845,47.38877]}},{"type":"Feature","properties":{"baumnamedeu":"Japanischer Schnurbaum","kategorie":"Strassenbaum","pflanzjahr":2003,"kronendurchmesser":8},"geometry":{"type":"Point","coordinates":[8.51856,47.38873]}},{"type":"Feature","properties":{"baumnamedeu":"Japanischer Schnurbaum","kategorie":"Strassenbaum","pflanzjahr":2003,"kronendurchmesser":9},"geometry":{"type":"Point","coordinates":[8.5189,47.38862]}},{"type":"Feature","properties":{"baumnamedeu":"Japanischer Schnurbaum","kategorie":"Strassenbaum","pflanzjahr":2003,"kronendurchmesser":9},"geometry":{"type":"Point","coordinates":[8.51901,47.38858]}},{"type":"Feature","properties":{"baumnamedeu":"Japanischer Schnurbaum","kategorie":"Strassenbaum","pflanzjahr":2003,"kronendurchmesser":9},"geometry":{"type":"Point","coordinates":[8.51912,47.38854]}},{"type":"Feature","properties":{"baumnamedeu":"Japanischer Schnurbaum","kategorie":"Strassenbaum","pflanzjahr":2003,"kronendurchmesser":9},"geometry":{"type":"Point","coordinates":[8.51922,47.38851]}},{"type":"Feature","properties":{"baumnamedeu":"Italienische-Erle","kategorie":"Strassenbaum","pflanzjahr":2024,"kronendurchmesser":1},"geometry":{"type":"Point","coordinates":[8.5141,47.38297]}},{"type":"Feature","properties":{"baumnamedeu":"Zerr-Eiche","kategorie":"Strassenbaum","pflanzjahr":2024,"kronendurchmesser":1},"geometry":{"type":"Point","coordinates":[8.51406,47.38294]}},{"type":"Feature","properties":{"baumnamedeu":"Italienische-Erle","kategorie":"Strassenbaum","pflanzjahr":2024,"kronendurchmesser":1},"geometry":{"type":"Point","coordinates":[8.51515,47.38267]}},{"type":"Feature","properties":{"baumnamedeu":"Winter-Linde, Stadt-Linde","kategorie":"Strassenbaum","pflanzjahr":2011,"kronendurchmesser":3},"geometry":{"type":"Point","coordinates":[8.51779,47.38803]}},{"type":"Feature","properties":{"baumnamedeu":"Winter-Linde, Stadt-Linde","kategorie":"Strassenbaum","pflanzjahr":2011,"kronendurchmesser":3},"geometry":{"type":"Point","coordinates":[8.51799,47.38793]}},{"type":"Feature","properties":{"baumnamedeu":"Winter-Linde, Stadt-Linde","kategorie":"Strassenbaum","pflanzjahr":2011,"kronendurchmesser":3},"geometry":{"type":"Point","coordinates":[8.51803,47.38791]}},{"type":"Feature","properties":{"baumnamedeu":"Winter-Linde, Stadt-Linde","kategorie":"Strassenbaum","pflanzjahr":2011,"kronendurchmesser":3},"geometry":{"type":"Point","coordinates":[8.51807,47.38789]}},{"type":"Feature","properties":{"baumnamedeu":"Winter-Linde, Stadt-Linde","kategorie":"Strassenbaum","pflanzjahr":2011,"kronendurchmesser":3},"geometry":{"type":"Point","coordinates":[8.51839,47.38773]}},{"type":"Feature","properties":{"baumnamedeu":"Winter-Linde, Stadt-Linde","kategorie":"Strassenbaum","pflanzjahr":2011,"kronendurchmesser":3},"geometry":{"type":"Point","coordinates":[8.51843,47.38771]}},{"type":"Feature","properties":{"baumnamedeu":"Winter-Linde, Stadt-Linde","kategorie":"Strassenbaum","pflanzjahr":2011,"kronendurchmesser":3},"geometry":{"type":"Point","coordinates":[8.51874,47.38756]}},{"type":"Feature","properties":{"baumnamedeu":"Winter-Linde","kategorie":"Strassenbaum","pflanzjahr":2010,"kronendurchmesser":3},"geometry":{"type":"Point","coordinates":[8.51748,47.3879]}},{"type":"Feature","properties":{"baumnamedeu":"Winter-Linde","kategorie":"Strassenbaum","pflanzjahr":2010,"kronendurchmesser":3},"geometry":{"type":"Point","coordinates":[8.51746,47.38787]}},{"type":"Feature","properties":{"baumnamedeu":"Winter-Linde","kategorie":"Strassenbaum","pflanzjahr":2010,"kronendurchmesser":3},"geometry":{"type":"Point","coordinates":[8.51741,47.38789]}},{"type":"Feature","properties":{"baumnamedeu":"Winter-Linde","kategorie":"Strassenbaum","pflanzjahr":2010,"kronendurchmesser":3},"geometry":{"type":"Point","coordinates":[8.51744,47.38792]}},{"type":"Feature","properties":{"baumnamedeu":"Winter-Linde","kategorie":"Strassenbaum","pflanzjahr":2010,"kronendurchmesser":3},"geometry":{"type":"Point","coordinates":[8.51739,47.38794]}},{"type":"Feature","properties":{"baumnamedeu":"Winter-Linde","kategorie":"Strassenbaum","pflanzjahr":2010,"kronendurchmesser":3},"geometry":{"type":"Point","coordinates":[8.51737,47.38791]}},{"type":"Feature","properties":{"baumnamedeu":"Winter-Linde","kategorie":"Strassenbaum","pflanzjahr":2010,"kronendurchmesser":3},"geometry":{"type":"Point","coordinates":[8.51722,47.38798]}},{"type":"Feature","properties":{"baumnamedeu":"Winter-Linde","kategorie":"Strassenbaum","pflanzjahr":2010,"kronendurchmesser":3},"geometry":{"type":"Point","coordinates":[8.51724,47.38801]}},{"type":"Feature","properties":{"baumnamedeu":"Winter-Linde","kategorie":"Strassenbaum","pflanzjahr":2010,"kronendurchmesser":3},"geometry":{"type":"Point","coordinates":[8.51719,47.38803]}},{"type":"Feature","properties":{"baumnamedeu":"Winter-Linde","kategorie":"Strassenbaum","pflanzjahr":2010,"kronendurchmesser":3},"geometry":{"type":"Point","coordinates":[8.51717,47.388]}},{"type":"Feature","properties":{"baumnamedeu":"Winter-Linde","kategorie":"Strassenbaum","pflanzjahr":2010,"kronendurchmesser":3},"geometry":{"type":"Point","coordinates":[8.51713,47.38802]}},{"type":"Feature","properties":{"baumnamedeu":"Winter-Linde","kategorie":"Strassenbaum","pflanzjahr":2010,"kronendurchmesser":3},"geometry":{"type":"Point","coordinates":[8.51715,47.38805]}},{"type":"Feature","properties":{"baumnamedeu":"Winter-Linde","kategorie":"Strassenbaum","pflanzjahr":2010,"kronendurchmesser":3},"geometry":{"type":"Point","coordinates":[8.51708,47.38804]}},{"type":"Feature","properties":{"baumnamedeu":"Winter-Linde","kategorie":"Strassenbaum","pflanzjahr":2010,"kronendurchmesser":3},"geometry":{"type":"Point","coordinates":[8.51711,47.38806]}},{"type":"Feature","properties":{"baumnamedeu":"Winter-Linde, Stadt-Linde","kategorie":"Strassenbaum","pflanzjahr":2010,"kronendurchmesser":3},"geometry":{"type":"Point","coordinates":[8.5135,47.38955]}},{"type":"Feature","properties":{"baumnamedeu":"Winter-Linde, Stadt-Linde","kategorie":"Strassenbaum","pflanzjahr":2011,"kronendurchmesser":3},"geometry":{"type":"Point","coordinates":[8.51834,47.38775]}},{"type":"Feature","properties":{"baumnamedeu":"Platane (occidentalis x orientalis)","kategorie":"Strassenbaum","pflanzjahr":1950,"kronendurchmesser":12},"geometry":{"type":"Point","coordinates":[8.51856,47.3877]}},{"type":"Feature","properties":{"baumnamedeu":"Vogel-Kirsche, Süss-Kirsche (gefüllte)","kategorie":"Strassenbaum","pflanzjahr":2023,"kronendurchmesser":2},"geometry":{"type":"Point","coordinates":[8.52168,47.38942]}},{"type":"Feature","properties":{"baumnamedeu":"Zerr-Eiche","kategorie":"Strassenbaum","pflanzjahr":2023,"kronendurchmesser":2},"geometry":{"type":"Point","coordinates":[8.52194,47.3893]}},{"type":"Feature","properties":{"baumnamedeu":"Platane (occidentalis x orientalis)","kategorie":"Strassenbaum","pflanzjahr":2023,"kronendurchmesser":3},"geometry":{"type":"Point","coordinates":[8.51133,47.38961]}},{"type":"Feature","properties":{"baumnamedeu":"Platane (occidentalis x orientalis)","kategorie":"Strassenbaum","pflanzjahr":2023,"kronendurchmesser":3},"geometry":{"type":"Point","coordinates":[8.51138,47.38959]}},{"type":"Feature","properties":{"baumnamedeu":"Platane (occidentalis x orientalis)","kategorie":"Strassenbaum","pflanzjahr":2023,"kronendurchmesser":3},"geometry":{"type":"Point","coordinates":[8.51129,47.38958]}},{"type":"Feature","properties":{"baumnamedeu":"Platane (occidentalis x orientalis)","kategorie":"Strassenbaum","pflanzjahr":2023,"kronendurchmesser":3},"geometry":{"type":"Point","coordinates":[8.51127,47.38955]}},{"type":"Feature","properties":{"baumnamedeu":"Platane (occidentalis x orientalis)","kategorie":"Strassenbaum","pflanzjahr":2023,"kronendurchmesser":3},"geometry":{"type":"Point","coordinates":[8.51136,47.38952]}},{"type":"Feature","properties":{"baumnamedeu":"Platane (occidentalis x orientalis)","kategorie":"Strassenbaum","pflanzjahr":2023,"kronendurchmesser":3},"geometry":{"type":"Point","coordinates":[8.51142,47.38955]}},{"type":"Feature","properties":{"baumnamedeu":"Japanische Blüten-Kirsche, Japanische Nelken-Kirsche","kategorie":"Strassenbaum","pflanzjahr":1999,"kronendurchmesser":10},"geometry":{"type":"Point","coordinates":[8.5103,47.383]}},{"type":"Feature","properties":{"baumnamedeu":"Japanische Blüten-Kirsche, Japanische Nelken-Kirsche","kategorie":"Strassenbaum","pflanzjahr":2017,"kronendurchmesser":3},"geometry":{"type":"Point","coordinates":[8.51041,47.38295]}},{"type":"Feature","properties":{"baumnamedeu":"Japanische Blüten-Kirsche, Japanische Nelken-Kirsche","kategorie":"Strassenbaum","pflanzjahr":2006,"kronendurchmesser":6},"geometry":{"type":"Point","coordinates":[8.5108,47.38278]}},{"type":"Feature","properties":{"baumnamedeu":"Japanische Blüten-Kirsche, Japanische Nelken-Kirsche","kategorie":"Strassenbaum","pflanzjahr":2017,"kronendurchmesser":3},"geometry":{"type":"Point","coordinates":[8.5109,47.38274]}},{"type":"Feature","properties":{"baumnamedeu":"Japanische Blüten-Kirsche, Japanische Nelken-Kirsche","kategorie":"Strassenbaum","pflanzjahr":2017,"kronendurchmesser":3},"geometry":{"type":"Point","coordinates":[8.51099,47.3827]}},{"type":"Feature","properties":{"baumnamedeu":"Japanische Blüten-Kirsche, Japanische Nelken-Kirsche","kategorie":"Strassenbaum","pflanzjahr":2017,"kronendurchmesser":3},"geometry":{"type":"Point","coordinates":[8.5111,47.38265]}},{"type":"Feature","properties":{"baumnamedeu":"Japanische Blüten-Kirsche, Japanische Nelken-Kirsche","kategorie":"Strassenbaum","pflanzjahr":2014,"kronendurchmesser":6},"geometry":{"type":"Point","coordinates":[8.51119,47.38262]}},{"type":"Feature","properties":{"baumnamedeu":"Japanische Blüten-Kirsche, Japanische Nelken-Kirsche","kategorie":"Strassenbaum","pflanzjahr":2017,"kronendurchmesser":3},"geometry":{"type":"Point","coordinates":[8.51129,47.38257]}},{"type":"Feature","properties":{"baumnamedeu":"Japanische Blüten-Kirsche, Japanische Nelken-Kirsche","kategorie":"Strassenbaum","pflanzjahr":2014,"kronendurchmesser":6},"geometry":{"type":"Point","coordinates":[8.51139,47.38253]}},{"type":"Feature","properties":{"baumnamedeu":"Japanische Blüten-Kirsche, Japanische Nelken-Kirsche","kategorie":"Strassenbaum","pflanzjahr":2013,"kronendurchmesser":5},"geometry":{"type":"Point","coordinates":[8.5116,47.38244]}},{"type":"Feature","properties":{"baumnamedeu":"Japanische Blüten-Kirsche, Japanische Nelken-Kirsche","kategorie":"Strassenbaum","pflanzjahr":2013,"kronendurchmesser":5},"geometry":{"type":"Point","coordinates":[8.51169,47.3824]}},{"type":"Feature","properties":{"baumnamedeu":"Japanische Blüten-Kirsche, Japanische Nelken-Kirsche","kategorie":"Strassenbaum","pflanzjahr":1960,"kronendurchmesser":10},"geometry":{"type":"Point","coordinates":[8.51183,47.38234]}},{"type":"Feature","properties":{"baumnamedeu":"Japanische Blüten-Kirsche, Japanische Nelken-Kirsche","kategorie":"Strassenbaum","pflanzjahr":2008,"kronendurchmesser":4},"geometry":{"type":"Point","coordinates":[8.51191,47.38231]}},{"type":"Feature","properties":{"baumnamedeu":"Japanische Blüten-Kirsche, Japanische Nelken-Kirsche","kategorie":"Strassenbaum","pflanzjahr":2017,"kronendurchmesser":3},"geometry":{"type":"Point","coordinates":[8.51211,47.38222]}},{"type":"Feature","properties":{"baumnamedeu":"Blasenbaum, Blasenesche","kategorie":"Strassenbaum","pflanzjahr":2025,"kronendurchmesser":3},"geometry":{"type":"Point","coordinates":[8.51859,47.38967]}},{"type":"Feature","properties":{"baumnamedeu":"Berg-Ahorn, Wald-Ahorn","kategorie":"Strassenbaum","pflanzjahr":2025,"kronendurchmesser":2},"geometry":{"type":"Point","coordinates":[8.51854,47.38969]}},{"type":"Feature","properties":{"baumnamedeu":"Gemeine Eberesche, Vogelbeerbaum","kategorie":"Strassenbaum","pflanzjahr":2025,"kronendurchmesser":2},"geometry":{"type":"Point","coordinates":[8.51848,47.38971]}},{"type":"Feature","properties":{"baumnamedeu":"Parrotie, Eisenholzbaum","kategorie":"Strassenbaum","pflanzjahr":2025,"kronendurchmesser":2},"geometry":{"type":"Point","coordinates":[8.51843,47.38972]}},{"type":"Feature","properties":{"baumnamedeu":"Weisser Maulbeerbaum","kategorie":"Strassenbaum","pflanzjahr":2025,"kronendurchmesser":2},"geometry":{"type":"Point","coordinates":[8.51838,47.38974]}},{"type":"Feature","properties":{"baumnamedeu":"Gemeine Hain- oder Weissbuche","kategorie":"Strassenbaum","pflanzjahr":2025,"kronendurchmesser":1},"geometry":{"type":"Point","coordinates":[8.51864,47.38965]}},{"type":"Feature","properties":{"baumnamedeu":"Japanische Blüten-Kirsche, Japanische Nelken-Kirsche","kategorie":"Strassenbaum","pflanzjahr":2019,"kronendurchmesser":5},"geometry":{"type":"Point","coordinates":[8.51263,47.382]}},{"type":"Feature","properties":{"baumnamedeu":"Krim-Linde (cordata x platyphyllos)","kategorie":"Strassenbaum","pflanzjahr":1960,"kronendurchmesser":16},"geometry":{"type":"Point","coordinates":[8.51253,47.38204]}},{"type":"Feature","properties":{"baumnamedeu":"Japanische Zelkove","kategorie":"Strassenbaum","pflanzjahr":2020,"kronendurchmesser":3},"geometry":{"type":"Point","coordinates":[8.52152,47.38594]}},{"type":"Feature","properties":{"baumnamedeu":"Japanische Zelkove","kategorie":"Strassenbaum","pflanzjahr":2011,"kronendurchmesser":5},"geometry":{"type":"Point","coordinates":[8.52155,47.38598]}},{"type":"Feature","properties":{"baumnamedeu":"Japanische Zelkove","kategorie":"Strassenbaum","pflanzjahr":2011,"kronendurchmesser":5},"geometry":{"type":"Point","coordinates":[8.5216,47.38604]}},{"type":"Feature","properties":{"baumnamedeu":"Japanische Zelkove","kategorie":"Strassenbaum","pflanzjahr":2011,"kronendurchmesser":5},"geometry":{"type":"Point","coordinates":[8.52157,47.38616]}},{"type":"Feature","properties":{"baumnamedeu":"Japanische Zelkove","kategorie":"Strassenbaum","pflanzjahr":2011,"kronendurchmesser":5},"geometry":{"type":"Point","coordinates":[8.52148,47.3862]}},{"type":"Feature","properties":{"baumnamedeu":"Orientalische Platane","kategorie":"Strassenbaum","pflanzjahr":2011,"kronendurchmesser":5},"geometry":{"type":"Point","coordinates":[8.52022,47.3867]}},{"type":"Feature","properties":{"baumnamedeu":"Orientalische Platane","kategorie":"Strassenbaum","pflanzjahr":2011,"kronendurchmesser":5},"geometry":{"type":"Point","coordinates":[8.52014,47.38674]}},{"type":"Feature","properties":{"baumnamedeu":"Orientalische Platane","kategorie":"Strassenbaum","pflanzjahr":2011,"kronendurchmesser":5},"geometry":{"type":"Point","coordinates":[8.52005,47.38678]}},{"type":"Feature","properties":{"baumnamedeu":"Orientalische Platane","kategorie":"Strassenbaum","pflanzjahr":2011,"kronendurchmesser":5},"geometry":{"type":"Point","coordinates":[8.51995,47.38683]}},{"type":"Feature","properties":{"baumnamedeu":"Orientalische Platane","kategorie":"Strassenbaum","pflanzjahr":2011,"kronendurchmesser":5},"geometry":{"type":"Point","coordinates":[8.51984,47.38687]}},{"type":"Feature","properties":{"baumnamedeu":"Orientalische Platane","kategorie":"Strassenbaum","pflanzjahr":2011,"kronendurchmesser":5},"geometry":{"type":"Point","coordinates":[8.51972,47.38693]}},{"type":"Feature","properties":{"baumnamedeu":"Orientalische Platane","kategorie":"Strassenbaum","pflanzjahr":2011,"kronendurchmesser":5},"geometry":{"type":"Point","coordinates":[8.51958,47.38698]}},{"type":"Feature","properties":{"baumnamedeu":"Orientalische Platane","kategorie":"Strassenbaum","pflanzjahr":2017,"kronendurchmesser":2},"geometry":{"type":"Point","coordinates":[8.51945,47.38704]}},{"type":"Feature","properties":{"baumnamedeu":"Robinie, Schein-Akazie","kategorie":"Strassenbaum","pflanzjahr":2014,"kronendurchmesser":4},"geometry":{"type":"Point","coordinates":[8.51229,47.39006]}},{"type":"Feature","properties":{"baumnamedeu":"Pyramiden-Pappel, Italienische Pappel","kategorie":"Strassenbaum","pflanzjahr":2011,"kronendurchmesser":4},"geometry":{"type":"Point","coordinates":[8.51034,47.38992]}},{"type":"Feature","properties":{"baumnamedeu":"Pyramiden-Pappel, Italienische Pappel","kategorie":"Strassenbaum","pflanzjahr":2011,"kronendurchmesser":4},"geometry":{"type":"Point","coordinates":[8.51051,47.38987]}},{"type":"Feature","properties":{"baumnamedeu":"Pyramiden-Pappel, Italienische Pappel","kategorie":"Strassenbaum","pflanzjahr":2011,"kronendurchmesser":4},"geometry":{"type":"Point","coordinates":[8.51102,47.38972]}},{"type":"Feature","properties":{"baumnamedeu":"Gefülltblühende Rosskastanie","kategorie":"Parkbaum","pflanzjahr":null,"kronendurchmesser":8},"geometry":{"type":"Point","coordinates":[8.51489,47.38323]}},{"type":"Feature","properties":{"baumnamedeu":"Gefülltblühende Rosskastanie","kategorie":"Parkbaum","pflanzjahr":null,"kronendurchmesser":8},"geometry":{"type":"Point","coordinates":[8.51478,47.38324]}},{"type":"Feature","properties":{"baumnamedeu":"Gefülltblühende Rosskastanie","kategorie":"Parkbaum","pflanzjahr":null,"kronendurchmesser":8},"geometry":{"type":"Point","coordinates":[8.51468,47.38325]}},{"type":"Feature","properties":{"baumnamedeu":"Gefülltblühende Rosskastanie","kategorie":"Parkbaum","pflanzjahr":null,"kronendurchmesser":8},"geometry":{"type":"Point","coordinates":[8.51457,47.38324]}},{"type":"Feature","properties":{"baumnamedeu":"Gefülltblühende Rosskastanie","kategorie":"Parkbaum","pflanzjahr":null,"kronendurchmesser":8},"geometry":{"type":"Point","coordinates":[8.51446,47.38324]}},{"type":"Feature","properties":{"baumnamedeu":"Gefülltblühende Rosskastanie","kategorie":"Parkbaum","pflanzjahr":null,"kronendurchmesser":8},"geometry":{"type":"Point","coordinates":[8.51436,47.38323]}},{"type":"Feature","properties":{"baumnamedeu":"Gefülltblühende Rosskastanie","kategorie":"Parkbaum","pflanzjahr":null,"kronendurchmesser":8},"geometry":{"type":"Point","coordinates":[8.51425,47.38323]}},{"type":"Feature","properties":{"baumnamedeu":"Winter-Linde","kategorie":"Strassenbaum","pflanzjahr":2016,"kronendurchmesser":3},"geometry":{"type":"Point","coordinates":[8.51386,47.38921]}},{"type":"Feature","properties":{"baumnamedeu":"Stiel-Eiche, säulenförmig","kategorie":"Strassenbaum","pflanzjahr":2017,"kronendurchmesser":2},"geometry":{"type":"Point","coordinates":[8.51774,47.38787]}},{"type":"Feature","properties":{"baumnamedeu":"Stiel-Eiche, säulenförmig","kategorie":"Strassenbaum","pflanzjahr":2011,"kronendurchmesser":3},"geometry":{"type":"Point","coordinates":[8.51414,47.38924]}},{"type":"Feature","properties":{"baumnamedeu":"Stiel-Eiche, säulenförmig","kategorie":"Strassenbaum","pflanzjahr":2011,"kronendurchmesser":3},"geometry":{"type":"Point","coordinates":[8.51358,47.38935]}},{"type":"Feature","properties":{"baumnamedeu":"Gefülltblühende Rosskastanie","kategorie":"Parkbaum","pflanzjahr":null,"kronendurchmesser":8},"geometry":{"type":"Point","coordinates":[8.51415,47.38322]}},{"type":"Feature","properties":{"baumnamedeu":"Japanischer Schnurbaum","kategorie":"Strassenbaum","pflanzjahr":null,"kronendurchmesser":6},"geometry":{"type":"Point","coordinates":[8.51622,47.38928]}},{"type":"Feature","properties":{"baumnamedeu":"Robinie, Schein-Akazie","kategorie":"Strassenbaum","pflanzjahr":2014,"kronendurchmesser":4},"geometry":{"type":"Point","coordinates":[8.51225,47.39]}},{"type":"Feature","properties":{"baumnamedeu":"Winter-Linde","kategorie":"Strassenbaum","pflanzjahr":2016,"kronendurchmesser":8},"geometry":{"type":"Point","coordinates":[8.51378,47.38923]}},{"type":"Feature","properties":{"baumnamedeu":"Stiel-Eiche, säulenförmig","kategorie":"Strassenbaum","pflanzjahr":2011,"kronendurchmesser":8},"geometry":{"type":"Point","coordinates":[8.5176,47.38793]}},{"type":"Feature","properties":{"baumnamedeu":"Winter-Linde, Stadt-Linde","kategorie":"Strassenbaum","pflanzjahr":2011,"kronendurchmesser":8},"geometry":{"type":"Point","coordinates":[8.51638,47.38872]}},{"type":"Feature","properties":{"baumnamedeu":"Winter-Linde, Stadt-Linde","kategorie":"Strassenbaum","pflanzjahr":2011,"kronendurchmesser":8},"geometry":{"type":"Point","coordinates":[8.51671,47.38856]}},{"type":"Feature","properties":{"baumnamedeu":"Ginkgo, Mädchenhaarbaum, Fächerblattbaum (weiblich)","kategorie":"Strassenbaum","pflanzjahr":2011,"kronendurchmesser":4},"geometry":{"type":"Point","coordinates":[8.51525,47.38598]}},{"type":"Feature","properties":{"baumnamedeu":"Ginkgo, Mädchenhaarbaum, Fächerblattbaum","kategorie":"Strassenbaum","pflanzjahr":2011,"kronendurchmesser":4},"geometry":{"type":"Point","coordinates":[8.51517,47.386]}},{"type":"Feature","properties":{"baumnamedeu":"Ginkgo, Mädchenhaarbaum, Fächerblattbaum","kategorie":"Strassenbaum","pflanzjahr":2011,"kronendurchmesser":4},"geometry":{"type":"Point","coordinates":[8.5151,47.38602]}},{"type":"Feature","properties":{"baumnamedeu":"Ginkgo, Mädchenhaarbaum, Fächerblattbaum (weiblich)","kategorie":"Strassenbaum","pflanzjahr":2011,"kronendurchmesser":4},"geometry":{"type":"Point","coordinates":[8.51501,47.38604]}},{"type":"Feature","properties":{"baumnamedeu":"Ginkgo, Mädchenhaarbaum, Fächerblattbaum","kategorie":"Strassenbaum","pflanzjahr":2011,"kronendurchmesser":3},"geometry":{"type":"Point","coordinates":[8.51491,47.38607]}},{"type":"Feature","properties":{"baumnamedeu":"Ginkgo, Mädchenhaarbaum, Fächerblattbaum","kategorie":"Strassenbaum","pflanzjahr":2015,"kronendurchmesser":4},"geometry":{"type":"Point","coordinates":[8.514,47.38631]}},{"type":"Feature","properties":{"baumnamedeu":"Ginkgo, Mädchenhaarbaum, Fächerblattbaum","kategorie":"Strassenbaum","pflanzjahr":2015,"kronendurchmesser":4},"geometry":{"type":"Point","coordinates":[8.51389,47.38634]}},{"type":"Feature","properties":{"baumnamedeu":"Ginkgo, Mädchenhaarbaum, Fächerblattbaum","kategorie":"Strassenbaum","pflanzjahr":2015,"kronendurchmesser":4},"geometry":{"type":"Point","coordinates":[8.51377,47.38637]}},{"type":"Feature","properties":{"baumnamedeu":"Ginkgo, Mädchenhaarbaum, Fächerblattbaum","kategorie":"Strassenbaum","pflanzjahr":2015,"kronendurchmesser":4},"geometry":{"type":"Point","coordinates":[8.51371,47.38639]}},{"type":"Feature","properties":{"baumnamedeu":"Ginkgo, Mädchenhaarbaum, Fächerblattbaum (weiblich)","kategorie":"Strassenbaum","pflanzjahr":2011,"kronendurchmesser":4},"geometry":{"type":"Point","coordinates":[8.51314,47.38656]}},{"type":"Feature","properties":{"baumnamedeu":"Ginkgo, Mädchenhaarbaum, Fächerblattbaum","kategorie":"Strassenbaum","pflanzjahr":2011,"kronendurchmesser":4},"geometry":{"type":"Point","coordinates":[8.51302,47.3866]}},{"type":"Feature","properties":{"baumnamedeu":"Ginkgo, Mädchenhaarbaum, Fächerblattbaum","kategorie":"Strassenbaum","pflanzjahr":2011,"kronendurchmesser":4},"geometry":{"type":"Point","coordinates":[8.51294,47.38663]}},{"type":"Feature","properties":{"baumnamedeu":"Ginkgo, Mädchenhaarbaum, Fächerblattbaum","kategorie":"Strassenbaum","pflanzjahr":2011,"kronendurchmesser":4},"geometry":{"type":"Point","coordinates":[8.51287,47.38666]}},{"type":"Feature","properties":{"baumnamedeu":"Ginkgo, Mädchenhaarbaum, Fächerblattbaum (weiblich)","kategorie":"Strassenbaum","pflanzjahr":2011,"kronendurchmesser":4},"geometry":{"type":"Point","coordinates":[8.51273,47.38673]}},{"type":"Feature","properties":{"baumnamedeu":"Ginkgo, Mädchenhaarbaum, Fächerblattbaum (weiblich)","kategorie":"Strassenbaum","pflanzjahr":2010,"kronendurchmesser":4},"geometry":{"type":"Point","coordinates":[8.51231,47.38701]}},{"type":"Feature","properties":{"baumnamedeu":"Ginkgo, Mädchenhaarbaum, Fächerblattbaum","kategorie":"Strassenbaum","pflanzjahr":2010,"kronendurchmesser":4},"geometry":{"type":"Point","coordinates":[8.51227,47.38705]}},{"type":"Feature","properties":{"baumnamedeu":"Ginkgo, Mädchenhaarbaum, Fächerblattbaum","kategorie":"Strassenbaum","pflanzjahr":2010,"kronendurchmesser":4},"geometry":{"type":"Point","coordinates":[8.51221,47.38712]}},{"type":"Feature","properties":{"baumnamedeu":"Ginkgo, Mädchenhaarbaum, Fächerblattbaum","kategorie":"Strassenbaum","pflanzjahr":2010,"kronendurchmesser":4},"geometry":{"type":"Point","coordinates":[8.51214,47.38723]}},{"type":"Feature","properties":{"baumnamedeu":"Ginkgo, Mädchenhaarbaum, Fächerblattbaum","kategorie":"Strassenbaum","pflanzjahr":2010,"kronendurchmesser":4},"geometry":{"type":"Point","coordinates":[8.51211,47.38727]}},{"type":"Feature","properties":{"baumnamedeu":"Ginkgo, Mädchenhaarbaum, Fächerblattbaum (weiblich)","kategorie":"Strassenbaum","pflanzjahr":2010,"kronendurchmesser":4},"geometry":{"type":"Point","coordinates":[8.51209,47.38733]}},{"type":"Feature","properties":{"baumnamedeu":"Ginkgo, Mädchenhaarbaum, Fächerblattbaum","kategorie":"Strassenbaum","pflanzjahr":2010,"kronendurchmesser":6},"geometry":{"type":"Point","coordinates":[8.51205,47.38745]}},{"type":"Feature","properties":{"baumnamedeu":"Ginkgo, Mädchenhaarbaum, Fächerblattbaum","kategorie":"Strassenbaum","pflanzjahr":2010,"kronendurchmesser":5},"geometry":{"type":"Point","coordinates":[8.51203,47.38753]}},{"type":"Feature","properties":{"baumnamedeu":"Ginkgo, Mädchenhaarbaum, Fächerblattbaum","kategorie":"Strassenbaum","pflanzjahr":2010,"kronendurchmesser":5},"geometry":{"type":"Point","coordinates":[8.51202,47.38766]}},{"type":"Feature","properties":{"baumnamedeu":"Ginkgo, Mädchenhaarbaum, Fächerblattbaum (weiblich)","kategorie":"Strassenbaum","pflanzjahr":2010,"kronendurchmesser":5},"geometry":{"type":"Point","coordinates":[8.51203,47.38776]}},{"type":"Feature","properties":{"baumnamedeu":"Ginkgo, Mädchenhaarbaum, Fächerblattbaum (weiblich)","kategorie":"Strassenbaum","pflanzjahr":2010,"kronendurchmesser":4},"geometry":{"type":"Point","coordinates":[8.51208,47.38791]}},{"type":"Feature","properties":{"baumnamedeu":"Ginkgo, Mädchenhaarbaum, Fächerblattbaum","kategorie":"Strassenbaum","pflanzjahr":2010,"kronendurchmesser":5},"geometry":{"type":"Point","coordinates":[8.5121,47.38797]}},{"type":"Feature","properties":{"baumnamedeu":"Ginkgo, Mädchenhaarbaum, Fächerblattbaum","kategorie":"Strassenbaum","pflanzjahr":2010,"kronendurchmesser":4},"geometry":{"type":"Point","coordinates":[8.51219,47.38811]}},{"type":"Feature","properties":{"baumnamedeu":"Ginkgo, Mädchenhaarbaum, Fächerblattbaum","kategorie":"Strassenbaum","pflanzjahr":2010,"kronendurchmesser":6},"geometry":{"type":"Point","coordinates":[8.51228,47.38824]}},{"type":"Feature","properties":{"baumnamedeu":"Ginkgo, Mädchenhaarbaum, Fächerblattbaum (weiblich)","kategorie":"Strassenbaum","pflanzjahr":2010,"kronendurchmesser":4},"geometry":{"type":"Point","coordinates":[8.51233,47.3883]}},{"type":"Feature","properties":{"baumnamedeu":"Ginkgo, Mädchenhaarbaum, Fächerblattbaum","kategorie":"Strassenbaum","pflanzjahr":2010,"kronendurchmesser":4},"geometry":{"type":"Point","coordinates":[8.51236,47.38834]}},{"type":"Feature","properties":{"baumnamedeu":"Ginkgo, Mädchenhaarbaum, Fächerblattbaum","kategorie":"Strassenbaum","pflanzjahr":2010,"kronendurchmesser":5},"geometry":{"type":"Point","coordinates":[8.51241,47.3884]}},{"type":"Feature","properties":{"baumnamedeu":"Ginkgo, Mädchenhaarbaum, Fächerblattbaum (weiblich)","kategorie":"Strassenbaum","pflanzjahr":2010,"kronendurchmesser":5},"geometry":{"type":"Point","coordinates":[8.51246,47.38845]}},{"type":"Feature","properties":{"baumnamedeu":"Ginkgo, Mädchenhaarbaum, Fächerblattbaum","kategorie":"Strassenbaum","pflanzjahr":2010,"kronendurchmesser":5},"geometry":{"type":"Point","coordinates":[8.51265,47.38868]}},{"type":"Feature","properties":{"baumnamedeu":"Ginkgo, Mädchenhaarbaum, Fächerblattbaum","kategorie":"Strassenbaum","pflanzjahr":2010,"kronendurchmesser":3},"geometry":{"type":"Point","coordinates":[8.51269,47.38874]}},{"type":"Feature","properties":{"baumnamedeu":"Ginkgo, Mädchenhaarbaum, Fächerblattbaum (weiblich)","kategorie":"Strassenbaum","pflanzjahr":2010,"kronendurchmesser":4},"geometry":{"type":"Point","coordinates":[8.51278,47.38886]}},{"type":"Feature","properties":{"baumnamedeu":"Ginkgo, Mädchenhaarbaum, Fächerblattbaum","kategorie":"Strassenbaum","pflanzjahr":2010,"kronendurchmesser":4},"geometry":{"type":"Point","coordinates":[8.51283,47.38892]}},{"type":"Feature","properties":{"baumnamedeu":"Ginkgo, Mädchenhaarbaum, Fächerblattbaum","kategorie":"Strassenbaum","pflanzjahr":2010,"kronendurchmesser":4},"geometry":{"type":"Point","coordinates":[8.51291,47.38904]}},{"type":"Feature","properties":{"baumnamedeu":"Ginkgo, Mädchenhaarbaum, Fächerblattbaum","kategorie":"Strassenbaum","pflanzjahr":2010,"kronendurchmesser":4},"geometry":{"type":"Point","coordinates":[8.51334,47.38997]}},{"type":"Feature","properties":{"baumnamedeu":"Ginkgo, Mädchenhaarbaum, Fächerblattbaum","kategorie":"Strassenbaum","pflanzjahr":2010,"kronendurchmesser":4},"geometry":{"type":"Point","coordinates":[8.51339,47.39004]}},{"type":"Feature","properties":{"baumnamedeu":"Japanischer Schnurbaum","kategorie":"Strassenbaum","pflanzjahr":2006,"kronendurchmesser":6},"geometry":{"type":"Point","coordinates":[8.51618,47.38922]}},{"type":"Feature","properties":{"baumnamedeu":"Japanischer Schnurbaum","kategorie":"Strassenbaum","pflanzjahr":2006,"kronendurchmesser":6},"geometry":{"type":"Point","coordinates":[8.51627,47.38935]}},{"type":"Feature","properties":{"baumnamedeu":"Japanischer Schnurbaum","kategorie":"Strassenbaum","pflanzjahr":2003,"kronendurchmesser":7},"geometry":{"type":"Point","coordinates":[8.51765,47.38903]}},{"type":"Feature","properties":{"baumnamedeu":"Japanischer Schnurbaum","kategorie":"Strassenbaum","pflanzjahr":null,"kronendurchmesser":9},"geometry":{"type":"Point","coordinates":[8.51799,47.38892]}},{"type":"Feature","properties":{"baumnamedeu":"Japanischer Schnurbaum","kategorie":"Strassenbaum","pflanzjahr":2003,"kronendurchmesser":9},"geometry":{"type":"Point","coordinates":[8.51867,47.38869]}},{"type":"Feature","properties":{"baumnamedeu":"Japanischer Schnurbaum","kategorie":"Strassenbaum","pflanzjahr":2003,"kronendurchmesser":9},"geometry":{"type":"Point","coordinates":[8.51878,47.38865]}},{"type":"Feature","properties":{"baumnamedeu":"Winter-Linde, Stadt-Linde","kategorie":"Strassenbaum","pflanzjahr":2024,"kronendurchmesser":1},"geometry":{"type":"Point","coordinates":[8.51619,47.3888]}},{"type":"Feature","properties":{"baumnamedeu":"Italienische-Erle","kategorie":"Parkbaum","pflanzjahr":2024,"kronendurchmesser":2},"geometry":{"type":"Point","coordinates":[8.51315,47.38853]}},{"type":"Feature","properties":{"baumnamedeu":"Winter-Linde","kategorie":"Strassenbaum","pflanzjahr":2010,"kronendurchmesser":3},"geometry":{"type":"Point","coordinates":[8.51347,47.38928]}},{"type":"Feature","properties":{"baumnamedeu":"Stiel-Eiche, säulenförmig","kategorie":"Strassenbaum","pflanzjahr":2011,"kronendurchmesser":3},"geometry":{"type":"Point","coordinates":[8.51266,47.38951]}},{"type":"Feature","properties":{"baumnamedeu":"Stiel-Eiche, säulenförmig","kategorie":"Strassenbaum","pflanzjahr":2011,"kronendurchmesser":3},"geometry":{"type":"Point","coordinates":[8.51317,47.38942]}},{"type":"Feature","properties":{"baumnamedeu":"Stiel-Eiche, säulenförmig","kategorie":"Strassenbaum","pflanzjahr":2011,"kronendurchmesser":3},"geometry":{"type":"Point","coordinates":[8.51339,47.38938]}},{"type":"Feature","properties":{"baumnamedeu":"Stiel-Eiche, säulenförmig","kategorie":"Strassenbaum","pflanzjahr":2011,"kronendurchmesser":3},"geometry":{"type":"Point","coordinates":[8.51377,47.38931]}},{"type":"Feature","properties":{"baumnamedeu":"Stiel-Eiche, säulenförmig","kategorie":"Strassenbaum","pflanzjahr":2011,"kronendurchmesser":3},"geometry":{"type":"Point","coordinates":[8.51396,47.38928]}},{"type":"Feature","properties":{"baumnamedeu":"Stiel-Eiche, säulenförmig","kategorie":"Strassenbaum","pflanzjahr":2011,"kronendurchmesser":3},"geometry":{"type":"Point","coordinates":[8.51434,47.3892]}},{"type":"Feature","properties":{"baumnamedeu":"Stiel-Eiche, säulenförmig","kategorie":"Strassenbaum","pflanzjahr":2011,"kronendurchmesser":3},"geometry":{"type":"Point","coordinates":[8.51453,47.38916]}},{"type":"Feature","properties":{"baumnamedeu":"Stiel-Eiche, säulenförmig","kategorie":"Strassenbaum","pflanzjahr":2011,"kronendurchmesser":3},"geometry":{"type":"Point","coordinates":[8.51473,47.38911]}},{"type":"Feature","properties":{"baumnamedeu":"Stiel-Eiche, säulenförmig","kategorie":"Strassenbaum","pflanzjahr":2011,"kronendurchmesser":3},"geometry":{"type":"Point","coordinates":[8.51491,47.38905]}},{"type":"Feature","properties":{"baumnamedeu":"Stiel-Eiche, säulenförmig","kategorie":"Strassenbaum","pflanzjahr":2011,"kronendurchmesser":3},"geometry":{"type":"Point","coordinates":[8.5151,47.38899]}},{"type":"Feature","properties":{"baumnamedeu":"Winter-Linde, Stadt-Linde","kategorie":"Strassenbaum","pflanzjahr":2010,"kronendurchmesser":3},"geometry":{"type":"Point","coordinates":[8.51493,47.38889]}},{"type":"Feature","properties":{"baumnamedeu":"Winter-Linde, Stadt-Linde","kategorie":"Strassenbaum","pflanzjahr":2010,"kronendurchmesser":3},"geometry":{"type":"Point","coordinates":[8.51414,47.38944]}},{"type":"Feature","properties":{"baumnamedeu":"Winter-Linde, Stadt-Linde","kategorie":"Strassenbaum","pflanzjahr":2010,"kronendurchmesser":3},"geometry":{"type":"Point","coordinates":[8.51422,47.38942]}},{"type":"Feature","properties":{"baumnamedeu":"Winter-Linde, Stadt-Linde","kategorie":"Strassenbaum","pflanzjahr":2011,"kronendurchmesser":3},"geometry":{"type":"Point","coordinates":[8.51642,47.3887]}},{"type":"Feature","properties":{"baumnamedeu":"Winter-Linde, Stadt-Linde","kategorie":"Strassenbaum","pflanzjahr":2011,"kronendurchmesser":3},"geometry":{"type":"Point","coordinates":[8.51625,47.38844]}},{"type":"Feature","properties":{"baumnamedeu":"Stiel-Eiche, säulenförmig","kategorie":"Strassenbaum","pflanzjahr":2011,"kronendurchmesser":3},"geometry":{"type":"Point","coordinates":[8.51611,47.38859]}},{"type":"Feature","properties":{"baumnamedeu":"Stiel-Eiche, säulenförmig","kategorie":"Strassenbaum","pflanzjahr":2011,"kronendurchmesser":3},"geometry":{"type":"Point","coordinates":[8.51632,47.3885]}},{"type":"Feature","properties":{"baumnamedeu":"Stiel-Eiche, säulenförmig","kategorie":"Strassenbaum","pflanzjahr":2011,"kronendurchmesser":3},"geometry":{"type":"Point","coordinates":[8.51647,47.38843]}},{"type":"Feature","properties":{"baumnamedeu":"Stiel-Eiche, säulenförmig","kategorie":"Strassenbaum","pflanzjahr":2011,"kronendurchmesser":3},"geometry":{"type":"Point","coordinates":[8.51664,47.38836]}},{"type":"Feature","properties":{"baumnamedeu":"Stiel-Eiche, säulenförmig","kategorie":"Strassenbaum","pflanzjahr":2011,"kronendurchmesser":3},"geometry":{"type":"Point","coordinates":[8.5168,47.38829]}},{"type":"Feature","properties":{"baumnamedeu":"Stiel-Eiche, säulenförmig","kategorie":"Strassenbaum","pflanzjahr":2011,"kronendurchmesser":3},"geometry":{"type":"Point","coordinates":[8.51697,47.38823]}},{"type":"Feature","properties":{"baumnamedeu":"Stiel-Eiche, säulenförmig","kategorie":"Strassenbaum","pflanzjahr":2011,"kronendurchmesser":3},"geometry":{"type":"Point","coordinates":[8.51713,47.38815]}},{"type":"Feature","properties":{"baumnamedeu":"Stiel-Eiche, säulenförmig","kategorie":"Strassenbaum","pflanzjahr":2011,"kronendurchmesser":3},"geometry":{"type":"Point","coordinates":[8.51729,47.38808]}},{"type":"Feature","properties":{"baumnamedeu":"Stiel-Eiche, säulenförmig","kategorie":"Strassenbaum","pflanzjahr":2011,"kronendurchmesser":3},"geometry":{"type":"Point","coordinates":[8.51745,47.38801]}},{"type":"Feature","properties":{"baumnamedeu":"Stiel-Eiche, säulenförmig","kategorie":"Strassenbaum","pflanzjahr":2011,"kronendurchmesser":3},"geometry":{"type":"Point","coordinates":[8.51792,47.38778]}},{"type":"Feature","properties":{"baumnamedeu":"Stiel-Eiche, säulenförmig","kategorie":"Strassenbaum","pflanzjahr":2011,"kronendurchmesser":3},"geometry":{"type":"Point","coordinates":[8.51807,47.3877]}},{"type":"Feature","properties":{"baumnamedeu":"Stiel-Eiche, säulenförmig","kategorie":"Strassenbaum","pflanzjahr":2011,"kronendurchmesser":3},"geometry":{"type":"Point","coordinates":[8.51823,47.38763]}},{"type":"Feature","properties":{"baumnamedeu":"Stiel-Eiche, säulenförmig","kategorie":"Strassenbaum","pflanzjahr":2011,"kronendurchmesser":3},"geometry":{"type":"Point","coordinates":[8.51839,47.38755]}},{"type":"Feature","properties":{"baumnamedeu":"Stiel-Eiche, säulenförmig","kategorie":"Strassenbaum","pflanzjahr":2011,"kronendurchmesser":3},"geometry":{"type":"Point","coordinates":[8.51854,47.38747]}},{"type":"Feature","properties":{"baumnamedeu":"Stiel-Eiche, säulenförmig","kategorie":"Strassenbaum","pflanzjahr":2011,"kronendurchmesser":3},"geometry":{"type":"Point","coordinates":[8.5187,47.38739]}},{"type":"Feature","properties":{"baumnamedeu":"Winter-Linde, Stadt-Linde","kategorie":"Strassenbaum","pflanzjahr":2011,"kronendurchmesser":3},"geometry":{"type":"Point","coordinates":[8.51706,47.38839]}},{"type":"Feature","properties":{"baumnamedeu":"Winter-Linde, Stadt-Linde","kategorie":"Strassenbaum","pflanzjahr":2011,"kronendurchmesser":3},"geometry":{"type":"Point","coordinates":[8.5171,47.38837]}},{"type":"Feature","properties":{"baumnamedeu":"Winter-Linde, Stadt-Linde","kategorie":"Strassenbaum","pflanzjahr":2011,"kronendurchmesser":3},"geometry":{"type":"Point","coordinates":[8.51714,47.38835]}},{"type":"Feature","properties":{"baumnamedeu":"Winter-Linde, Stadt-Linde","kategorie":"Strassenbaum","pflanzjahr":2011,"kronendurchmesser":3},"geometry":{"type":"Point","coordinates":[8.51727,47.38829]}},{"type":"Feature","properties":{"baumnamedeu":"Winter-Linde, Stadt-Linde","kategorie":"Strassenbaum","pflanzjahr":2011,"kronendurchmesser":3},"geometry":{"type":"Point","coordinates":[8.51742,47.38821]}},{"type":"Feature","properties":{"baumnamedeu":"Winter-Linde, Stadt-Linde","kategorie":"Strassenbaum","pflanzjahr":2011,"kronendurchmesser":3},"geometry":{"type":"Point","coordinates":[8.51746,47.38819]}},{"type":"Feature","properties":{"baumnamedeu":"Winter-Linde, Stadt-Linde","kategorie":"Strassenbaum","pflanzjahr":2011,"kronendurchmesser":3},"geometry":{"type":"Point","coordinates":[8.5175,47.38817]}},{"type":"Feature","properties":{"baumnamedeu":"Winter-Linde, Stadt-Linde","kategorie":"Strassenbaum","pflanzjahr":2011,"kronendurchmesser":3},"geometry":{"type":"Point","coordinates":[8.5177,47.38807]}},{"type":"Feature","properties":{"baumnamedeu":"Winter-Linde, Stadt-Linde","kategorie":"Strassenbaum","pflanzjahr":2011,"kronendurchmesser":3},"geometry":{"type":"Point","coordinates":[8.51774,47.38805]}},{"type":"Feature","properties":{"baumnamedeu":"Stiel-Eiche, säulenförmig","kategorie":"Strassenbaum","pflanzjahr":2011,"kronendurchmesser":3},"geometry":{"type":"Point","coordinates":[8.51529,47.38893]}},{"type":"Feature","properties":{"baumnamedeu":"Winter-Linde, Stadt-Linde","kategorie":"Strassenbaum","pflanzjahr":2011,"kronendurchmesser":3},"geometry":{"type":"Point","coordinates":[8.51667,47.38858]}},{"type":"Feature","properties":{"baumnamedeu":"Winter-Linde, Stadt-Linde","kategorie":"Strassenbaum","pflanzjahr":2010,"kronendurchmesser":3},"geometry":{"type":"Point","coordinates":[8.51317,47.38934]}},{"type":"Feature","properties":{"baumnamedeu":"Winter-Linde, Stadt-Linde","kategorie":"Strassenbaum","pflanzjahr":2010,"kronendurchmesser":3},"geometry":{"type":"Point","coordinates":[8.51316,47.38931]}},{"type":"Feature","properties":{"baumnamedeu":"Winter-Linde","kategorie":"Strassenbaum","pflanzjahr":2010,"kronendurchmesser":3},"geometry":{"type":"Point","coordinates":[8.51634,47.3884]}},{"type":"Feature","properties":{"baumnamedeu":"Winter-Linde","kategorie":"Strassenbaum","pflanzjahr":2010,"kronendurchmesser":3},"geometry":{"type":"Point","coordinates":[8.51631,47.38838]}},{"type":"Feature","properties":{"baumnamedeu":"Winter-Linde","kategorie":"Strassenbaum","pflanzjahr":2010,"kronendurchmesser":3},"geometry":{"type":"Point","coordinates":[8.51627,47.3884]}},{"type":"Feature","properties":{"baumnamedeu":"Winter-Linde","kategorie":"Strassenbaum","pflanzjahr":2010,"kronendurchmesser":3},"geometry":{"type":"Point","coordinates":[8.51629,47.38842]}},{"type":"Feature","properties":{"baumnamedeu":"Winter-Linde","kategorie":"Strassenbaum","pflanzjahr":2010,"kronendurchmesser":3},"geometry":{"type":"Point","coordinates":[8.51623,47.38842]}},{"type":"Feature","properties":{"baumnamedeu":"Winter-Linde","kategorie":"Strassenbaum","pflanzjahr":2010,"kronendurchmesser":3},"geometry":{"type":"Point","coordinates":[8.51608,47.38848]}},{"type":"Feature","properties":{"baumnamedeu":"Winter-Linde","kategorie":"Strassenbaum","pflanzjahr":2010,"kronendurchmesser":3},"geometry":{"type":"Point","coordinates":[8.51611,47.3885]}},{"type":"Feature","properties":{"baumnamedeu":"Winter-Linde","kategorie":"Strassenbaum","pflanzjahr":2010,"kronendurchmesser":3},"geometry":{"type":"Point","coordinates":[8.51604,47.3885]}},{"type":"Feature","properties":{"baumnamedeu":"Winter-Linde","kategorie":"Strassenbaum","pflanzjahr":2010,"kronendurchmesser":3},"geometry":{"type":"Point","coordinates":[8.51606,47.38852]}},{"type":"Feature","properties":{"baumnamedeu":"Winter-Linde","kategorie":"Strassenbaum","pflanzjahr":2010,"kronendurchmesser":3},"geometry":{"type":"Point","coordinates":[8.516,47.38852]}},{"type":"Feature","properties":{"baumnamedeu":"Winter-Linde, Stadt-Linde","kategorie":"Strassenbaum","pflanzjahr":2011,"kronendurchmesser":3},"geometry":{"type":"Point","coordinates":[8.51602,47.38854]}},{"type":"Feature","properties":{"baumnamedeu":"Winter-Linde, Stadt-Linde","kategorie":"Strassenbaum","pflanzjahr":2010,"kronendurchmesser":3},"geometry":{"type":"Point","coordinates":[8.51535,47.38872]}},{"type":"Feature","properties":{"baumnamedeu":"Winter-Linde, Stadt-Linde","kategorie":"Strassenbaum","pflanzjahr":2010,"kronendurchmesser":3},"geometry":{"type":"Point","coordinates":[8.51527,47.38875]}},{"type":"Feature","properties":{"baumnamedeu":"Winter-Linde, Stadt-Linde","kategorie":"Strassenbaum","pflanzjahr":2010,"kronendurchmesser":3},"geometry":{"type":"Point","coordinates":[8.5152,47.38877]}},{"type":"Feature","properties":{"baumnamedeu":"Winter-Linde, Stadt-Linde","kategorie":"Strassenbaum","pflanzjahr":2010,"kronendurchmesser":3},"geometry":{"type":"Point","coordinates":[8.51511,47.38881]}},{"type":"Feature","properties":{"baumnamedeu":"Winter-Linde, Stadt-Linde","kategorie":"Strassenbaum","pflanzjahr":2010,"kronendurchmesser":3},"geometry":{"type":"Point","coordinates":[8.51513,47.38883]}},{"type":"Feature","properties":{"baumnamedeu":"Winter-Linde, Stadt-Linde","kategorie":"Strassenbaum","pflanzjahr":2010,"kronendurchmesser":3},"geometry":{"type":"Point","coordinates":[8.51506,47.38886]}},{"type":"Feature","properties":{"baumnamedeu":"Winter-Linde, Stadt-Linde","kategorie":"Strassenbaum","pflanzjahr":2010,"kronendurchmesser":3},"geometry":{"type":"Point","coordinates":[8.51503,47.38883]}},{"type":"Feature","properties":{"baumnamedeu":"Winter-Linde, Stadt-Linde","kategorie":"Strassenbaum","pflanzjahr":2010,"kronendurchmesser":3},"geometry":{"type":"Point","coordinates":[8.51492,47.38887]}},{"type":"Feature","properties":{"baumnamedeu":"Winter-Linde","kategorie":"Strassenbaum","pflanzjahr":2010,"kronendurchmesser":3},"geometry":{"type":"Point","coordinates":[8.51474,47.38893]}},{"type":"Feature","properties":{"baumnamedeu":"Winter-Linde","kategorie":"Strassenbaum","pflanzjahr":2010,"kronendurchmesser":3},"geometry":{"type":"Point","coordinates":[8.51477,47.38896]}},{"type":"Feature","properties":{"baumnamedeu":"Winter-Linde","kategorie":"Strassenbaum","pflanzjahr":2010,"kronendurchmesser":3},"geometry":{"type":"Point","coordinates":[8.51467,47.38895]}},{"type":"Feature","properties":{"baumnamedeu":"Winter-Linde","kategorie":"Strassenbaum","pflanzjahr":2010,"kronendurchmesser":3},"geometry":{"type":"Point","coordinates":[8.51469,47.38898]}},{"type":"Feature","properties":{"baumnamedeu":"Winter-Linde, Stadt-Linde","kategorie":"Strassenbaum","pflanzjahr":2010,"kronendurchmesser":3},"geometry":{"type":"Point","coordinates":[8.51462,47.389]}},{"type":"Feature","properties":{"baumnamedeu":"Winter-Linde","kategorie":"Strassenbaum","pflanzjahr":2010,"kronendurchmesser":3},"geometry":{"type":"Point","coordinates":[8.51414,47.38915]}},{"type":"Feature","properties":{"baumnamedeu":"Winter-Linde","kategorie":"Strassenbaum","pflanzjahr":2010,"kronendurchmesser":3},"geometry":{"type":"Point","coordinates":[8.51412,47.38912]}},{"type":"Feature","properties":{"baumnamedeu":"Winter-Linde","kategorie":"Strassenbaum","pflanzjahr":2010,"kronendurchmesser":3},"geometry":{"type":"Point","coordinates":[8.51405,47.38914]}},{"type":"Feature","properties":{"baumnamedeu":"Winter-Linde","kategorie":"Strassenbaum","pflanzjahr":2010,"kronendurchmesser":3},"geometry":{"type":"Point","coordinates":[8.51406,47.38917]}},{"type":"Feature","properties":{"baumnamedeu":"Winter-Linde, Stadt-Linde","kategorie":"Strassenbaum","pflanzjahr":2010,"kronendurchmesser":3},"geometry":{"type":"Point","coordinates":[8.51398,47.38919]}},{"type":"Feature","properties":{"baumnamedeu":"Winter-Linde","kategorie":"Strassenbaum","pflanzjahr":2010,"kronendurchmesser":3},"geometry":{"type":"Point","coordinates":[8.51397,47.38916]}},{"type":"Feature","properties":{"baumnamedeu":"Winter-Linde","kategorie":"Strassenbaum","pflanzjahr":2010,"kronendurchmesser":3},"geometry":{"type":"Point","coordinates":[8.51384,47.38918]}},{"type":"Feature","properties":{"baumnamedeu":"Winter-Linde","kategorie":"Strassenbaum","pflanzjahr":2010,"kronendurchmesser":3},"geometry":{"type":"Point","coordinates":[8.51377,47.3892]}},{"type":"Feature","properties":{"baumnamedeu":"Winter-Linde","kategorie":"Strassenbaum","pflanzjahr":2010,"kronendurchmesser":3},"geometry":{"type":"Point","coordinates":[8.51369,47.38922]}},{"type":"Feature","properties":{"baumnamedeu":"Winter-Linde, Stadt-Linde","kategorie":"Strassenbaum","pflanzjahr":2010,"kronendurchmesser":3},"geometry":{"type":"Point","coordinates":[8.5137,47.38924]}},{"type":"Feature","properties":{"baumnamedeu":"Winter-Linde","kategorie":"Strassenbaum","pflanzjahr":2010,"kronendurchmesser":3},"geometry":{"type":"Point","coordinates":[8.51354,47.38924]}},{"type":"Feature","properties":{"baumnamedeu":"Winter-Linde","kategorie":"Strassenbaum","pflanzjahr":2010,"kronendurchmesser":3},"geometry":{"type":"Point","coordinates":[8.51355,47.38927]}},{"type":"Feature","properties":{"baumnamedeu":"Winter-Linde","kategorie":"Strassenbaum","pflanzjahr":2010,"kronendurchmesser":3},"geometry":{"type":"Point","coordinates":[8.51346,47.38926]}},{"type":"Feature","properties":{"baumnamedeu":"Winter-Linde, Stadt-Linde","kategorie":"Strassenbaum","pflanzjahr":2010,"kronendurchmesser":3},"geometry":{"type":"Point","coordinates":[8.5134,47.3893]}},{"type":"Feature","properties":{"baumnamedeu":"Winter-Linde","kategorie":"Strassenbaum","pflanzjahr":2010,"kronendurchmesser":3},"geometry":{"type":"Point","coordinates":[8.51339,47.38927]}},{"type":"Feature","properties":{"baumnamedeu":"Winter-Linde, Stadt-Linde","kategorie":"Strassenbaum","pflanzjahr":2010,"kronendurchmesser":3},"geometry":{"type":"Point","coordinates":[8.51324,47.38929]}},{"type":"Feature","properties":{"baumnamedeu":"Winter-Linde, Stadt-Linde","kategorie":"Strassenbaum","pflanzjahr":2010,"kronendurchmesser":3},"geometry":{"type":"Point","coordinates":[8.51325,47.38932]}},{"type":"Feature","properties":{"baumnamedeu":"Winter-Linde, Stadt-Linde","kategorie":"Strassenbaum","pflanzjahr":2010,"kronendurchmesser":3},"geometry":{"type":"Point","coordinates":[8.51309,47.38935]}},{"type":"Feature","properties":{"baumnamedeu":"Winter-Linde, Stadt-Linde","kategorie":"Strassenbaum","pflanzjahr":2010,"kronendurchmesser":3},"geometry":{"type":"Point","coordinates":[8.51358,47.38954]}},{"type":"Feature","properties":{"baumnamedeu":"Winter-Linde, Stadt-Linde","kategorie":"Strassenbaum","pflanzjahr":2010,"kronendurchmesser":3},"geometry":{"type":"Point","coordinates":[8.51365,47.38952]}},{"type":"Feature","properties":{"baumnamedeu":"Winter-Linde, Stadt-Linde","kategorie":"Strassenbaum","pflanzjahr":2010,"kronendurchmesser":3},"geometry":{"type":"Point","coordinates":[8.51378,47.3895]}},{"type":"Feature","properties":{"baumnamedeu":"Winter-Linde, Stadt-Linde","kategorie":"Strassenbaum","pflanzjahr":2010,"kronendurchmesser":3},"geometry":{"type":"Point","coordinates":[8.51386,47.38949]}},{"type":"Feature","properties":{"baumnamedeu":"Winter-Linde, Stadt-Linde","kategorie":"Strassenbaum","pflanzjahr":2010,"kronendurchmesser":3},"geometry":{"type":"Point","coordinates":[8.51406,47.38945]}},{"type":"Feature","properties":{"baumnamedeu":"Winter-Linde, Stadt-Linde","kategorie":"Strassenbaum","pflanzjahr":2011,"kronendurchmesser":3},"geometry":{"type":"Point","coordinates":[8.51731,47.38826]}},{"type":"Feature","properties":{"baumnamedeu":"Winter-Linde, Stadt-Linde","kategorie":"Strassenbaum","pflanzjahr":2011,"kronendurchmesser":3},"geometry":{"type":"Point","coordinates":[8.51722,47.38831]}},{"type":"Feature","properties":{"baumnamedeu":"Winter-Linde, Stadt-Linde","kategorie":"Strassenbaum","pflanzjahr":2011,"kronendurchmesser":3},"geometry":{"type":"Point","coordinates":[8.51675,47.38854]}},{"type":"Feature","properties":{"baumnamedeu":"Winter-Linde, Stadt-Linde","kategorie":"Strassenbaum","pflanzjahr":2011,"kronendurchmesser":3},"geometry":{"type":"Point","coordinates":[8.51633,47.38874]}},{"type":"Feature","properties":{"baumnamedeu":"Winter-Linde, Stadt-Linde","kategorie":"Strassenbaum","pflanzjahr":2011,"kronendurchmesser":3},"geometry":{"type":"Point","coordinates":[8.51628,47.38876]}},{"type":"Feature","properties":{"baumnamedeu":"Winter-Linde, Stadt-Linde","kategorie":"Strassenbaum","pflanzjahr":2011,"kronendurchmesser":3},"geometry":{"type":"Point","coordinates":[8.51623,47.38878]}},{"type":"Feature","properties":{"baumnamedeu":"Pyramiden-Pappel, Italienische Pappel","kategorie":"Strassenbaum","pflanzjahr":1985,"kronendurchmesser":4},"geometry":{"type":"Point","coordinates":[8.51126,47.38962]}},{"type":"Feature","properties":{"baumnamedeu":"Pyramiden-Pappel, Italienische Pappel","kategorie":"Strassenbaum","pflanzjahr":null,"kronendurchmesser":8},"geometry":{"type":"Point","coordinates":[8.51124,47.38959]}},{"type":"Feature","properties":{"baumnamedeu":"Pyramiden-Pappel, Italienische Pappel","kategorie":"Strassenbaum","pflanzjahr":2013,"kronendurchmesser":3},"geometry":{"type":"Point","coordinates":[8.51126,47.38952]}},{"type":"Feature","properties":{"baumnamedeu":"Pyramiden-Pappel, Italienische Pappel","kategorie":"Strassenbaum","pflanzjahr":1985,"kronendurchmesser":4},"geometry":{"type":"Point","coordinates":[8.51128,47.3895]}},{"type":"Feature","properties":{"baumnamedeu":"Pyramiden-Pappel, Italienische Pappel","kategorie":"Strassenbaum","pflanzjahr":2013,"kronendurchmesser":2},"geometry":{"type":"Point","coordinates":[8.5113,47.38953]}},{"type":"Feature","properties":{"baumnamedeu":"Gelbe Pavie","kategorie":"Strassenbaum","pflanzjahr":1990,"kronendurchmesser":8},"geometry":{"type":"Point","coordinates":[8.51554,47.38291]}},{"type":"Feature","properties":{"baumnamedeu":"Gemeine Rosskastanie","kategorie":"Strassenbaum","pflanzjahr":1990,"kronendurchmesser":7},"geometry":{"type":"Point","coordinates":[8.51553,47.38294]}},{"type":"Feature","properties":{"baumnamedeu":"Gewöhnliche Hopfenbuche","kategorie":"Parkbaum","pflanzjahr":2025,"kronendurchmesser":2},"geometry":{"type":"Point","coordinates":[8.51622,47.38285]}},{"type":"Feature","properties":{"baumnamedeu":"Feld-Ahorn, Hecken-Ahorn","kategorie":"Parkbaum","pflanzjahr":2025,"kronendurchmesser":1},"geometry":{"type":"Point","coordinates":[8.51596,47.38287]}},{"type":"Feature","properties":{"baumnamedeu":"Oxelbeere, Schwedische Mehlbeere","kategorie":"Parkbaum","pflanzjahr":2025,"kronendurchmesser":1},"geometry":{"type":"Point","coordinates":[8.51594,47.38282]}},{"type":"Feature","properties":{"baumnamedeu":"Feld-Ahorn, Hecken-Ahorn","kategorie":"Parkbaum","pflanzjahr":2025,"kronendurchmesser":2},"geometry":{"type":"Point","coordinates":[8.51651,47.38261]}},{"type":"Feature","properties":{"baumnamedeu":"Feld-Ahorn, Hecken-Ahorn","kategorie":"Parkbaum","pflanzjahr":2025,"kronendurchmesser":1},"geometry":{"type":"Point","coordinates":[8.51657,47.38244]}},{"type":"Feature","properties":{"baumnamedeu":"Speierling, Sperbe","kategorie":"Parkbaum","pflanzjahr":2025,"kronendurchmesser":1},"geometry":{"type":"Point","coordinates":[8.51665,47.38234]}},{"type":"Feature","properties":{"baumnamedeu":"Gewöhnliche Hopfenbuche","kategorie":"Parkbaum","pflanzjahr":2025,"kronendurchmesser":1},"geometry":{"type":"Point","coordinates":[8.51667,47.38238]}},{"type":"Feature","properties":{"baumnamedeu":"Oxelbeere, Schwedische Mehlbeere","kategorie":"Parkbaum","pflanzjahr":2025,"kronendurchmesser":1},"geometry":{"type":"Point","coordinates":[8.51657,47.38231]}},{"type":"Feature","properties":{"baumnamedeu":"Oxelbeere, Schwedische Mehlbeere","kategorie":"Parkbaum","pflanzjahr":2025,"kronendurchmesser":1},"geometry":{"type":"Point","coordinates":[8.51659,47.38227]}},{"type":"Feature","properties":{"baumnamedeu":"Feld-Ahorn, Hecken-Ahorn","kategorie":"Parkbaum","pflanzjahr":2025,"kronendurchmesser":1},"geometry":{"type":"Point","coordinates":[8.51638,47.38238]}},{"type":"Feature","properties":{"baumnamedeu":"Ungarische Eiche","kategorie":"Parkbaum","pflanzjahr":2025,"kronendurchmesser":1},"geometry":{"type":"Point","coordinates":[8.51637,47.38233]}},{"type":"Feature","properties":{"baumnamedeu":"Krim-Linde (cordata x platyphyllos)","kategorie":"Parkbaum","pflanzjahr":2025,"kronendurchmesser":1},"geometry":{"type":"Point","coordinates":[8.51624,47.38223]}},{"type":"Feature","properties":{"baumnamedeu":"Gewöhnliche Hopfenbuche","kategorie":"Parkbaum","pflanzjahr":2025,"kronendurchmesser":1},"geometry":{"type":"Point","coordinates":[8.51614,47.38236]}},{"type":"Feature","properties":{"baumnamedeu":"Gewöhnliche Hopfenbuche","kategorie":"Parkbaum","pflanzjahr":2025,"kronendurchmesser":1},"geometry":{"type":"Point","coordinates":[8.51602,47.3825]}},{"type":"Feature","properties":{"baumnamedeu":"Ungarische Eiche","kategorie":"Parkbaum","pflanzjahr":2025,"kronendurchmesser":1},"geometry":{"type":"Point","coordinates":[8.51599,47.38253]}},{"type":"Feature","properties":{"baumnamedeu":"Krim-Linde (cordata x platyphyllos)","kategorie":"Parkbaum","pflanzjahr":2025,"kronendurchmesser":1},"geometry":{"type":"Point","coordinates":[8.51614,47.38258]}},{"type":"Feature","properties":{"baumnamedeu":"Oxelbeere, Schwedische Mehlbeere","kategorie":"Parkbaum","pflanzjahr":2025,"kronendurchmesser":1},"geometry":{"type":"Point","coordinates":[8.51596,47.38256]}},{"type":"Feature","properties":{"baumnamedeu":"Oxelbeere, Schwedische Mehlbeere","kategorie":"Parkbaum","pflanzjahr":2025,"kronendurchmesser":1},"geometry":{"type":"Point","coordinates":[8.51593,47.3826]}},{"type":"Feature","properties":{"baumnamedeu":"Ungarische Eiche","kategorie":"Parkbaum","pflanzjahr":2025,"kronendurchmesser":1},"geometry":{"type":"Point","coordinates":[8.51591,47.38263]}},{"type":"Feature","properties":{"baumnamedeu":"Feld-Ahorn, Hecken-Ahorn","kategorie":"Strassenbaum","pflanzjahr":2000,"kronendurchmesser":6},"geometry":{"type":"Point","coordinates":[8.51581,47.38282]}},{"type":"Feature","properties":{"baumnamedeu":"Winter-Linde","kategorie":"Strassenbaum","pflanzjahr":1990,"kronendurchmesser":8},"geometry":{"type":"Point","coordinates":[8.51574,47.38295]}},{"type":"Feature","properties":{"baumnamedeu":"Winter-Linde","kategorie":"Strassenbaum","pflanzjahr":1990,"kronendurchmesser":7},"geometry":{"type":"Point","coordinates":[8.51571,47.38309]}},{"type":"Feature","properties":{"baumnamedeu":"Gemeine Rosskastanie","kategorie":"Strassenbaum","pflanzjahr":null,"kronendurchmesser":8},"geometry":{"type":"Point","coordinates":[8.5152,47.38201]}},{"type":"Feature","properties":{"baumnamedeu":"Scharlach-Rosskastanie","kategorie":"Strassenbaum","pflanzjahr":null,"kronendurchmesser":8},"geometry":{"type":"Point","coordinates":[8.51533,47.38199]}},{"type":"Feature","properties":{"baumnamedeu":"Gefülltblühende Rosskastanie","kategorie":"Strassenbaum","pflanzjahr":2000,"kronendurchmesser":8},"geometry":{"type":"Point","coordinates":[8.51389,47.38199]}},{"type":"Feature","properties":{"baumnamedeu":"Gemeine Rosskastanie","kategorie":"Strassenbaum","pflanzjahr":null,"kronendurchmesser":6},"geometry":{"type":"Point","coordinates":[8.51396,47.38207]}},{"type":"Feature","properties":{"baumnamedeu":"Scharlach-Rosskastanie","kategorie":"Strassenbaum","pflanzjahr":2007,"kronendurchmesser":5},"geometry":{"type":"Point","coordinates":[8.5141,47.38198]}},{"type":"Feature","properties":{"baumnamedeu":"Gewöhnliche Hopfenbuche","kategorie":"Strassenbaum","pflanzjahr":2025,"kronendurchmesser":2},"geometry":{"type":"Point","coordinates":[8.51323,47.38982]}},{"type":"Feature","properties":{"baumnamedeu":"Berg-Ahorn, Wald-Ahorn","kategorie":"Strassenbaum","pflanzjahr":2025,"kronendurchmesser":2},"geometry":{"type":"Point","coordinates":[8.51326,47.38986]}},{"type":"Feature","properties":{"baumnamedeu":"Ungarische Eiche","kategorie":"Strassenbaum","pflanzjahr":2025,"kronendurchmesser":2},"geometry":{"type":"Point","coordinates":[8.51329,47.3899]}},{"type":"Feature","properties":{"baumnamedeu":"Feld-Ahorn, Hecken-Ahorn","kategorie":"Strassenbaum","pflanzjahr":2025,"kronendurchmesser":2},"geometry":{"type":"Point","coordinates":[8.51331,47.38993]}},{"type":"Feature","properties":{"baumnamedeu":"Zerr-Eiche","kategorie":"Strassenbaum","pflanzjahr":2025,"kronendurchmesser":2},"geometry":{"type":"Point","coordinates":[8.51341,47.39008]}},{"type":"Feature","properties":{"baumnamedeu":"Kuchenbaum, Katsurabaum","kategorie":"Parkbaum","pflanzjahr":2000,"kronendurchmesser":5},"geometry":{"type":"Point","coordinates":[8.51071,47.38213]}},{"type":"Feature","properties":{"baumnamedeu":"Kuchenbaum, Katsurabaum","kategorie":"Parkbaum","pflanzjahr":2000,"kronendurchmesser":6},"geometry":{"type":"Point","coordinates":[8.51079,47.38222]}},{"type":"Feature","properties":{"baumnamedeu":"Kuchenbaum, Katsurabaum","kategorie":"Parkbaum","pflanzjahr":2000,"kronendurchmesser":7},"geometry":{"type":"Point","coordinates":[8.51087,47.3823]}},{"type":"Feature","properties":{"baumnamedeu":"Japanischer Schnurbaum","kategorie":"Strassenbaum","pflanzjahr":2017,"kronendurchmesser":8},"geometry":{"type":"Point","coordinates":[8.51428,47.38262]}},{"type":"Feature","properties":{"baumnamedeu":"Ungarische Silber-Linde","kategorie":"Parkbaum","pflanzjahr":2021,"kronendurchmesser":3},"geometry":{"type":"Point","coordinates":[8.51424,47.38899]}},{"type":"Feature","properties":{"baumnamedeu":"Ungarische Silber-Linde","kategorie":"Parkbaum","pflanzjahr":2021,"kronendurchmesser":3},"geometry":{"type":"Point","coordinates":[8.5143,47.38899]}},{"type":"Feature","properties":{"baumnamedeu":"Schwarz-Erle, Rot-Erle","kategorie":"Parkbaum","pflanzjahr":2021,"kronendurchmesser":3},"geometry":{"type":"Point","coordinates":[8.51433,47.38896]}},{"type":"Feature","properties":{"baumnamedeu":"Ungarische Silber-Linde","kategorie":"Parkbaum","pflanzjahr":2021,"kronendurchmesser":3},"geometry":{"type":"Point","coordinates":[8.5144,47.38895]}},{"type":"Feature","properties":{"baumnamedeu":"Ungarische Silber-Linde","kategorie":"Parkbaum","pflanzjahr":2021,"kronendurchmesser":3},"geometry":{"type":"Point","coordinates":[8.51438,47.38893]}},{"type":"Feature","properties":{"baumnamedeu":"Ungarische Silber-Linde","kategorie":"Parkbaum","pflanzjahr":2021,"kronendurchmesser":3},"geometry":{"type":"Point","coordinates":[8.51442,47.38893]}},{"type":"Feature","properties":{"baumnamedeu":"Winter-Linde","kategorie":"Parkbaum","pflanzjahr":2021,"kronendurchmesser":4},"geometry":{"type":"Point","coordinates":[8.51454,47.38892]}},{"type":"Feature","properties":{"baumnamedeu":"Feld-Ahorn, Hecken-Ahorn","kategorie":"Parkbaum","pflanzjahr":2021,"kronendurchmesser":4},"geometry":{"type":"Point","coordinates":[8.51444,47.38884]}},{"type":"Feature","properties":{"baumnamedeu":"Feld-Ahorn, Hecken-Ahorn","kategorie":"Parkbaum","pflanzjahr":2021,"kronendurchmesser":4},"geometry":{"type":"Point","coordinates":[8.51436,47.38877]}},{"type":"Feature","properties":{"baumnamedeu":"Feld-Ahorn, Hecken-Ahorn","kategorie":"Parkbaum","pflanzjahr":2021,"kronendurchmesser":4},"geometry":{"type":"Point","coordinates":[8.51429,47.38871]}},{"type":"Feature","properties":{"baumnamedeu":"Winter-Linde","kategorie":"Parkbaum","pflanzjahr":2021,"kronendurchmesser":4},"geometry":{"type":"Point","coordinates":[8.51421,47.38865]}},{"type":"Feature","properties":{"baumnamedeu":"Feld-Ahorn, Hecken-Ahorn","kategorie":"Parkbaum","pflanzjahr":2021,"kronendurchmesser":3},"geometry":{"type":"Point","coordinates":[8.51413,47.38858]}},{"type":"Feature","properties":{"baumnamedeu":"Feld-Ahorn, Hecken-Ahorn","kategorie":"Parkbaum","pflanzjahr":2021,"kronendurchmesser":4},"geometry":{"type":"Point","coordinates":[8.51405,47.38851]}},{"type":"Feature","properties":{"baumnamedeu":"Feld-Ahorn, Hecken-Ahorn","kategorie":"Parkbaum","pflanzjahr":2021,"kronendurchmesser":4},"geometry":{"type":"Point","coordinates":[8.51383,47.38844]}},{"type":"Feature","properties":{"baumnamedeu":"Feld-Ahorn, Hecken-Ahorn","kategorie":"Parkbaum","pflanzjahr":2021,"kronendurchmesser":4},"geometry":{"type":"Point","coordinates":[8.51387,47.38848]}},{"type":"Feature","properties":{"baumnamedeu":"Feld-Ahorn, Hecken-Ahorn","kategorie":"Parkbaum","pflanzjahr":2021,"kronendurchmesser":4},"geometry":{"type":"Point","coordinates":[8.51392,47.38852]}},{"type":"Feature","properties":{"baumnamedeu":"Winter-Linde","kategorie":"Parkbaum","pflanzjahr":2021,"kronendurchmesser":4},"geometry":{"type":"Point","coordinates":[8.51397,47.38856]}},{"type":"Feature","properties":{"baumnamedeu":"Feld-Ahorn, Hecken-Ahorn","kategorie":"Parkbaum","pflanzjahr":2021,"kronendurchmesser":4},"geometry":{"type":"Point","coordinates":[8.51402,47.38861]}},{"type":"Feature","properties":{"baumnamedeu":"Winter-Linde","kategorie":"Parkbaum","pflanzjahr":2021,"kronendurchmesser":4},"geometry":{"type":"Point","coordinates":[8.51399,47.38862]}},{"type":"Feature","properties":{"baumnamedeu":"Winter-Linde","kategorie":"Parkbaum","pflanzjahr":2021,"kronendurchmesser":4},"geometry":{"type":"Point","coordinates":[8.51407,47.38865]}},{"type":"Feature","properties":{"baumnamedeu":"Winter-Linde","kategorie":"Parkbaum","pflanzjahr":2021,"kronendurchmesser":4},"geometry":{"type":"Point","coordinates":[8.51403,47.38866]}},{"type":"Feature","properties":{"baumnamedeu":"Feld-Ahorn, Hecken-Ahorn","kategorie":"Parkbaum","pflanzjahr":2021,"kronendurchmesser":4},"geometry":{"type":"Point","coordinates":[8.51412,47.38869]}},{"type":"Feature","properties":{"baumnamedeu":"Feld-Ahorn, Hecken-Ahorn","kategorie":"Parkbaum","pflanzjahr":2021,"kronendurchmesser":4},"geometry":{"type":"Point","coordinates":[8.51406,47.38871]}},{"type":"Feature","properties":{"baumnamedeu":"Gemeine Hain- oder Weissbuche","kategorie":"Parkbaum","pflanzjahr":2021,"kronendurchmesser":4},"geometry":{"type":"Point","coordinates":[8.51352,47.3887]}},{"type":"Feature","properties":{"baumnamedeu":"Feld-Ahorn, Hecken-Ahorn","kategorie":"Parkbaum","pflanzjahr":2021,"kronendurchmesser":4},"geometry":{"type":"Point","coordinates":[8.51347,47.38863]}},{"type":"Feature","properties":{"baumnamedeu":"Gemeine Hain- oder Weissbuche","kategorie":"Parkbaum","pflanzjahr":2021,"kronendurchmesser":3},"geometry":{"type":"Point","coordinates":[8.51332,47.38867]}},{"type":"Feature","properties":{"baumnamedeu":"Schwarz-Erle, Rot-Erle","kategorie":"Parkbaum","pflanzjahr":2021,"kronendurchmesser":4},"geometry":{"type":"Point","coordinates":[8.51332,47.3887]}},{"type":"Feature","properties":{"baumnamedeu":"Gemeine Hain- oder Weissbuche","kategorie":"Parkbaum","pflanzjahr":2021,"kronendurchmesser":3},"geometry":{"type":"Point","coordinates":[8.51339,47.38878]}},{"type":"Feature","properties":{"baumnamedeu":"Feld-Ahorn, Hecken-Ahorn","kategorie":"Parkbaum","pflanzjahr":2021,"kronendurchmesser":3},"geometry":{"type":"Point","coordinates":[8.51351,47.3888]}},{"type":"Feature","properties":{"baumnamedeu":"Gemeine Hain- oder Weissbuche","kategorie":"Parkbaum","pflanzjahr":2021,"kronendurchmesser":3},"geometry":{"type":"Point","coordinates":[8.51354,47.38887]}},{"type":"Feature","properties":{"baumnamedeu":"Feld-Ahorn, Hecken-Ahorn","kategorie":"Parkbaum","pflanzjahr":2021,"kronendurchmesser":4},"geometry":{"type":"Point","coordinates":[8.51335,47.38887]}},{"type":"Feature","properties":{"baumnamedeu":"Gemeine Hain- oder Weissbuche","kategorie":"Parkbaum","pflanzjahr":2021,"kronendurchmesser":4},"geometry":{"type":"Point","coordinates":[8.51326,47.3888]}},{"type":"Feature","properties":{"baumnamedeu":"Feld-Ahorn, Hecken-Ahorn","kategorie":"Parkbaum","pflanzjahr":2021,"kronendurchmesser":3},"geometry":{"type":"Point","coordinates":[8.51324,47.38875]}},{"type":"Feature","properties":{"baumnamedeu":"Feld-Ahorn, Hecken-Ahorn","kategorie":"Parkbaum","pflanzjahr":2021,"kronendurchmesser":4},"geometry":{"type":"Point","coordinates":[8.51317,47.38868]}},{"type":"Feature","properties":{"baumnamedeu":"Schwarz-Erle, Rot-Erle","kategorie":"Parkbaum","pflanzjahr":2021,"kronendurchmesser":3},"geometry":{"type":"Point","coordinates":[8.51309,47.38879]}},{"type":"Feature","properties":{"baumnamedeu":"Feld-Ahorn, Hecken-Ahorn","kategorie":"Parkbaum","pflanzjahr":2021,"kronendurchmesser":2},"geometry":{"type":"Point","coordinates":[8.51304,47.38875]}},{"type":"Feature","properties":{"baumnamedeu":"Winter-Linde","kategorie":"Parkbaum","pflanzjahr":2021,"kronendurchmesser":4},"geometry":{"type":"Point","coordinates":[8.51299,47.38875]}},{"type":"Feature","properties":{"baumnamedeu":"Winter-Linde","kategorie":"Parkbaum","pflanzjahr":2021,"kronendurchmesser":4},"geometry":{"type":"Point","coordinates":[8.51304,47.38882]}},{"type":"Feature","properties":{"baumnamedeu":"Feld-Ahorn, Hecken-Ahorn","kategorie":"Parkbaum","pflanzjahr":2021,"kronendurchmesser":4},"geometry":{"type":"Point","coordinates":[8.51309,47.38889]}},{"type":"Feature","properties":{"baumnamedeu":"Winter-Linde","kategorie":"Parkbaum","pflanzjahr":2021,"kronendurchmesser":4},"geometry":{"type":"Point","coordinates":[8.51313,47.38895]}},{"type":"Feature","properties":{"baumnamedeu":"Feld-Ahorn, Hecken-Ahorn","kategorie":"Parkbaum","pflanzjahr":2021,"kronendurchmesser":4},"geometry":{"type":"Point","coordinates":[8.51318,47.38902]}},{"type":"Feature","properties":{"baumnamedeu":"Feld-Ahorn, Hecken-Ahorn","kategorie":"Parkbaum","pflanzjahr":2000,"kronendurchmesser":8},"geometry":{"type":"Point","coordinates":[8.51629,47.38284]}},{"type":"Feature","properties":{"baumnamedeu":"Japanischer Schnurbaum","kategorie":"Parkbaum","pflanzjahr":2010,"kronendurchmesser":9},"geometry":{"type":"Point","coordinates":[8.51603,47.38295]}},{"type":"Feature","properties":{"baumnamedeu":"Ungarische Silber-Linde","kategorie":"Parkbaum","pflanzjahr":2007,"kronendurchmesser":9},"geometry":{"type":"Point","coordinates":[8.51615,47.38242]}},{"type":"Feature","properties":{"baumnamedeu":"Gemeine Hain- oder Weissbuche","kategorie":"Parkbaum","pflanzjahr":2000,"kronendurchmesser":9},"geometry":{"type":"Point","coordinates":[8.5161,47.38241]}},{"type":"Feature","properties":{"baumnamedeu":"Schwarzer Holunder","kategorie":"Parkbaum","pflanzjahr":2005,"kronendurchmesser":6},"geometry":{"type":"Point","coordinates":[8.51619,47.3823]}},{"type":"Feature","properties":{"baumnamedeu":"Feld-Ahorn, Hecken-Ahorn","kategorie":"Parkbaum","pflanzjahr":1980,"kronendurchmesser":9},"geometry":{"type":"Point","coordinates":[8.51632,47.38222]}},{"type":"Feature","properties":{"baumnamedeu":"Winter-Linde","kategorie":"Parkbaum","pflanzjahr":1930,"kronendurchmesser":15},"geometry":{"type":"Point","coordinates":[8.51634,47.38282]}},{"type":"Feature","properties":{"baumnamedeu":"Kolchischer Ahorn","kategorie":"Parkbaum","pflanzjahr":1960,"kronendurchmesser":17},"geometry":{"type":"Point","coordinates":[8.51586,47.38276]}},{"type":"Feature","properties":{"baumnamedeu":"Platane (occidentalis x orientalis)","kategorie":"Parkbaum","pflanzjahr":1930,"kronendurchmesser":18},"geometry":{"type":"Point","coordinates":[8.5167,47.38255]}},{"type":"Feature","properties":{"baumnamedeu":"Platane (occidentalis x orientalis)","kategorie":"Parkbaum","pflanzjahr":1930,"kronendurchmesser":26},"geometry":{"type":"Point","coordinates":[8.51679,47.38249]}},{"type":"Feature","properties":{"baumnamedeu":"Spitz-Ahorn","kategorie":"Parkbaum","pflanzjahr":1950,"kronendurchmesser":21},"geometry":{"type":"Point","coordinates":[8.51644,47.3822]}},{"type":"Feature","properties":{"baumnamedeu":"Feld-Ulme","kategorie":"Parkbaum","pflanzjahr":1960,"kronendurchmesser":12},"geometry":{"type":"Point","coordinates":[8.51617,47.38228]}},{"type":"Feature","properties":{"baumnamedeu":"Feld-Ulme","kategorie":"Parkbaum","pflanzjahr":1960,"kronendurchmesser":15},"geometry":{"type":"Point","coordinates":[8.51632,47.38215]}},{"type":"Feature","properties":{"baumnamedeu":"Platane (occidentalis x orientalis)","kategorie":"Parkbaum","pflanzjahr":2010,"kronendurchmesser":5},"geometry":{"type":"Point","coordinates":[8.51017,47.38277]}},{"type":"Feature","properties":{"baumnamedeu":"Platane (occidentalis x orientalis)","kategorie":"Parkbaum","pflanzjahr":2010,"kronendurchmesser":5},"geometry":{"type":"Point","coordinates":[8.5102,47.38275]}},{"type":"Feature","properties":{"baumnamedeu":"Platane (occidentalis x orientalis)","kategorie":"Parkbaum","pflanzjahr":2010,"kronendurchmesser":5},"geometry":{"type":"Point","coordinates":[8.51027,47.38274]}},{"type":"Feature","properties":{"baumnamedeu":"Platane (occidentalis x orientalis)","kategorie":"Parkbaum","pflanzjahr":2010,"kronendurchmesser":5},"geometry":{"type":"Point","coordinates":[8.51038,47.38269]}},{"type":"Feature","properties":{"baumnamedeu":"Elsbeere","kategorie":"Parkbaum","pflanzjahr":2017,"kronendurchmesser":3},"geometry":{"type":"Point","coordinates":[8.51616,47.38293]}},{"type":"Feature","properties":{"baumnamedeu":"Schnee-Birnbaum","kategorie":"Parkbaum","pflanzjahr":2023,"kronendurchmesser":1},"geometry":{"type":"Point","coordinates":[8.51653,47.38264]}},{"type":"Feature","properties":{"baumnamedeu":"Feld-Ahorn, Hecken-Ahorn","kategorie":"Parkbaum","pflanzjahr":null,"kronendurchmesser":6},"geometry":{"type":"Point","coordinates":[8.51616,47.38233]}},{"type":"Feature","properties":{"baumnamedeu":"Gemeine Hain- oder Weissbuche","kategorie":"Parkbaum","pflanzjahr":1985,"kronendurchmesser":7},"geometry":{"type":"Point","coordinates":[8.51605,47.38244]}},{"type":"Feature","properties":{"baumnamedeu":"Holländische Linde (cordata x platyphyllos)","kategorie":"Parkbaum","pflanzjahr":2015,"kronendurchmesser":6},"geometry":{"type":"Point","coordinates":[8.51605,47.38249]}},{"type":"Feature","properties":{"baumnamedeu":"Apfel-Obstgehölz, Sorte unbekannt","kategorie":"Parkbaum","pflanzjahr":2025,"kronendurchmesser":2},"geometry":{"type":"Point","coordinates":[8.51334,47.38892]}},{"type":"Feature","properties":{"baumnamedeu":"Stiel-Eiche","kategorie":"Parkbaum","pflanzjahr":2015,"kronendurchmesser":4},"geometry":{"type":"Point","coordinates":[8.51351,47.38845]}},{"type":"Feature","properties":{"baumnamedeu":"Stiel-Eiche","kategorie":"Parkbaum","pflanzjahr":2015,"kronendurchmesser":3},"geometry":{"type":"Point","coordinates":[8.51365,47.38838]}},{"type":"Feature","properties":{"baumnamedeu":"Holländische Linde (cordata x platyphyllos)","kategorie":"Parkbaum","pflanzjahr":2015,"kronendurchmesser":4},"geometry":{"type":"Point","coordinates":[8.51256,47.38843]}},{"type":"Feature","properties":{"baumnamedeu":"Holländische Linde (cordata x platyphyllos)","kategorie":"Parkbaum","pflanzjahr":2015,"kronendurchmesser":4},"geometry":{"type":"Point","coordinates":[8.51264,47.38841]}},{"type":"Feature","properties":{"baumnamedeu":"Holländische Linde (cordata x platyphyllos)","kategorie":"Parkbaum","pflanzjahr":2015,"kronendurchmesser":4},"geometry":{"type":"Point","coordinates":[8.51258,47.38842]}},{"type":"Feature","properties":{"baumnamedeu":"Holländische Linde (cordata x platyphyllos)","kategorie":"Parkbaum","pflanzjahr":2015,"kronendurchmesser":4},"geometry":{"type":"Point","coordinates":[8.51266,47.3884]}},{"type":"Feature","properties":{"baumnamedeu":"Holländische Linde (cordata x platyphyllos)","kategorie":"Parkbaum","pflanzjahr":2015,"kronendurchmesser":4},"geometry":{"type":"Point","coordinates":[8.51258,47.3884]}},{"type":"Feature","properties":{"baumnamedeu":"Holländische Linde (cordata x platyphyllos)","kategorie":"Parkbaum","pflanzjahr":2015,"kronendurchmesser":4},"geometry":{"type":"Point","coordinates":[8.51261,47.38826]}},{"type":"Feature","properties":{"baumnamedeu":"Holländische Linde (cordata x platyphyllos)","kategorie":"Parkbaum","pflanzjahr":2015,"kronendurchmesser":4},"geometry":{"type":"Point","coordinates":[8.51253,47.38823]}},{"type":"Feature","properties":{"baumnamedeu":"Holländische Linde (cordata x platyphyllos)","kategorie":"Parkbaum","pflanzjahr":2015,"kronendurchmesser":4},"geometry":{"type":"Point","coordinates":[8.51246,47.38819]}},{"type":"Feature","properties":{"baumnamedeu":"Holländische Linde (cordata x platyphyllos)","kategorie":"Parkbaum","pflanzjahr":2015,"kronendurchmesser":4},"geometry":{"type":"Point","coordinates":[8.51249,47.38826]}},{"type":"Feature","properties":{"baumnamedeu":"Holländische Linde (cordata x platyphyllos)","kategorie":"Parkbaum","pflanzjahr":2015,"kronendurchmesser":4},"geometry":{"type":"Point","coordinates":[8.51244,47.38825]}},{"type":"Feature","properties":{"baumnamedeu":"Holländische Linde (cordata x platyphyllos)","kategorie":"Parkbaum","pflanzjahr":2015,"kronendurchmesser":4},"geometry":{"type":"Point","coordinates":[8.51262,47.38829]}},{"type":"Feature","properties":{"baumnamedeu":"Holländische Linde (cordata x platyphyllos)","kategorie":"Parkbaum","pflanzjahr":2015,"kronendurchmesser":4},"geometry":{"type":"Point","coordinates":[8.51252,47.38836]}},{"type":"Feature","properties":{"baumnamedeu":"Holländische Linde (cordata x platyphyllos)","kategorie":"Parkbaum","pflanzjahr":2015,"kronendurchmesser":4},"geometry":{"type":"Point","coordinates":[8.51254,47.38831]}},{"type":"Feature","properties":{"baumnamedeu":"Gemeine Hain- oder Weissbuche","kategorie":"Parkbaum","pflanzjahr":2015,"kronendurchmesser":4},"geometry":{"type":"Point","coordinates":[8.51312,47.38843]}},{"type":"Feature","properties":{"baumnamedeu":"Feld-Ahorn, Hecken-Ahorn","kategorie":"Parkbaum","pflanzjahr":2015,"kronendurchmesser":4},"geometry":{"type":"Point","coordinates":[8.51286,47.38838]}},{"type":"Feature","properties":{"baumnamedeu":"Gemeine Hain- oder Weissbuche","kategorie":"Parkbaum","pflanzjahr":2015,"kronendurchmesser":4},"geometry":{"type":"Point","coordinates":[8.51303,47.38843]}},{"type":"Feature","properties":{"baumnamedeu":"Feld-Ahorn, Hecken-Ahorn","kategorie":"Parkbaum","pflanzjahr":2015,"kronendurchmesser":4},"geometry":{"type":"Point","coordinates":[8.51295,47.38851]}},{"type":"Feature","properties":{"baumnamedeu":"Feld-Ahorn, Hecken-Ahorn","kategorie":"Parkbaum","pflanzjahr":2015,"kronendurchmesser":4},"geometry":{"type":"Point","coordinates":[8.51299,47.38838]}},{"type":"Feature","properties":{"baumnamedeu":"Feld-Ahorn, Hecken-Ahorn","kategorie":"Parkbaum","pflanzjahr":2015,"kronendurchmesser":4},"geometry":{"type":"Point","coordinates":[8.51292,47.38842]}},{"type":"Feature","properties":{"baumnamedeu":"Feld-Ahorn, Hecken-Ahorn","kategorie":"Parkbaum","pflanzjahr":2015,"kronendurchmesser":4},"geometry":{"type":"Point","coordinates":[8.51284,47.38833]}},{"type":"Feature","properties":{"baumnamedeu":"Schwarz-Erle, Rot-Erle","kategorie":"Parkbaum","pflanzjahr":2015,"kronendurchmesser":3},"geometry":{"type":"Point","coordinates":[8.51289,47.38829]}},{"type":"Feature","properties":{"baumnamedeu":"Schwarz-Erle, Rot-Erle","kategorie":"Parkbaum","pflanzjahr":2015,"kronendurchmesser":3},"geometry":{"type":"Point","coordinates":[8.51282,47.38824]}},{"type":"Feature","properties":{"baumnamedeu":"Schwarz-Erle, Rot-Erle","kategorie":"Parkbaum","pflanzjahr":2015,"kronendurchmesser":3},"geometry":{"type":"Point","coordinates":[8.51281,47.38829]}},{"type":"Feature","properties":{"baumnamedeu":"Feld-Ahorn, Hecken-Ahorn","kategorie":"Parkbaum","pflanzjahr":2015,"kronendurchmesser":4},"geometry":{"type":"Point","coordinates":[8.51249,47.388]}},{"type":"Feature","properties":{"baumnamedeu":"Winter-Linde","kategorie":"Parkbaum","pflanzjahr":2015,"kronendurchmesser":4},"geometry":{"type":"Point","coordinates":[8.51226,47.38786]}},{"type":"Feature","properties":{"baumnamedeu":"Winter-Linde","kategorie":"Parkbaum","pflanzjahr":2015,"kronendurchmesser":4},"geometry":{"type":"Point","coordinates":[8.51241,47.38762]}},{"type":"Feature","properties":{"baumnamedeu":"Schwarz-Erle, Rot-Erle","kategorie":"Parkbaum","pflanzjahr":2015,"kronendurchmesser":4},"geometry":{"type":"Point","coordinates":[8.51251,47.38784]}},{"type":"Feature","properties":{"baumnamedeu":"Schwarz-Erle, Rot-Erle","kategorie":"Parkbaum","pflanzjahr":2015,"kronendurchmesser":4},"geometry":{"type":"Point","coordinates":[8.51242,47.38781]}},{"type":"Feature","properties":{"baumnamedeu":"Feld-Ahorn, Hecken-Ahorn","kategorie":"Parkbaum","pflanzjahr":2015,"kronendurchmesser":4},"geometry":{"type":"Point","coordinates":[8.5124,47.38775]}},{"type":"Feature","properties":{"baumnamedeu":"Stiel-Eiche","kategorie":"Parkbaum","pflanzjahr":2015,"kronendurchmesser":4},"geometry":{"type":"Point","coordinates":[8.51259,47.38763]}},{"type":"Feature","properties":{"baumnamedeu":"Feld-Ahorn, Hecken-Ahorn","kategorie":"Parkbaum","pflanzjahr":2015,"kronendurchmesser":4},"geometry":{"type":"Point","coordinates":[8.51247,47.38769]}},{"type":"Feature","properties":{"baumnamedeu":"Gemeine Hain- oder Weissbuche","kategorie":"Parkbaum","pflanzjahr":2015,"kronendurchmesser":4},"geometry":{"type":"Point","coordinates":[8.5125,47.38773]}},{"type":"Feature","properties":{"baumnamedeu":"Schwarz-Erle, Rot-Erle","kategorie":"Parkbaum","pflanzjahr":2015,"kronendurchmesser":4},"geometry":{"type":"Point","coordinates":[8.51246,47.38779]}},{"type":"Feature","properties":{"baumnamedeu":"Gemeine Hain- oder Weissbuche","kategorie":"Parkbaum","pflanzjahr":2015,"kronendurchmesser":4},"geometry":{"type":"Point","coordinates":[8.51252,47.38781]}},{"type":"Feature","properties":{"baumnamedeu":"Feld-Ahorn, Hecken-Ahorn","kategorie":"Parkbaum","pflanzjahr":2015,"kronendurchmesser":4},"geometry":{"type":"Point","coordinates":[8.51244,47.38796]}},{"type":"Feature","properties":{"baumnamedeu":"Feld-Ahorn, Hecken-Ahorn","kategorie":"Parkbaum","pflanzjahr":2015,"kronendurchmesser":4},"geometry":{"type":"Point","coordinates":[8.51249,47.38797]}},{"type":"Feature","properties":{"baumnamedeu":"Feld-Ahorn, Hecken-Ahorn","kategorie":"Parkbaum","pflanzjahr":2015,"kronendurchmesser":4},"geometry":{"type":"Point","coordinates":[8.51256,47.38797]}},{"type":"Feature","properties":{"baumnamedeu":"Feld-Ahorn, Hecken-Ahorn","kategorie":"Parkbaum","pflanzjahr":2015,"kronendurchmesser":4},"geometry":{"type":"Point","coordinates":[8.51251,47.38792]}},{"type":"Feature","properties":{"baumnamedeu":"Feld-Ahorn, Hecken-Ahorn","kategorie":"Parkbaum","pflanzjahr":2015,"kronendurchmesser":4},"geometry":{"type":"Point","coordinates":[8.51255,47.38787]}},{"type":"Feature","properties":{"baumnamedeu":"Schwarz-Erle, Rot-Erle","kategorie":"Parkbaum","pflanzjahr":2015,"kronendurchmesser":4},"geometry":{"type":"Point","coordinates":[8.5124,47.38786]}},{"type":"Feature","properties":{"baumnamedeu":"Schwarz-Erle, Rot-Erle","kategorie":"Parkbaum","pflanzjahr":2015,"kronendurchmesser":4},"geometry":{"type":"Point","coordinates":[8.51239,47.38791]}},{"type":"Feature","properties":{"baumnamedeu":"Schwarz-Erle, Rot-Erle","kategorie":"Parkbaum","pflanzjahr":2015,"kronendurchmesser":3},"geometry":{"type":"Point","coordinates":[8.51243,47.38792]}},{"type":"Feature","properties":{"baumnamedeu":"Schwarz-Erle, Rot-Erle","kategorie":"Parkbaum","pflanzjahr":2015,"kronendurchmesser":3},"geometry":{"type":"Point","coordinates":[8.51236,47.38783]}},{"type":"Feature","properties":{"baumnamedeu":"Schwarz-Erle, Rot-Erle","kategorie":"Parkbaum","pflanzjahr":2015,"kronendurchmesser":3},"geometry":{"type":"Point","coordinates":[8.51238,47.38779]}},{"type":"Feature","properties":{"baumnamedeu":"Winter-Linde","kategorie":"Parkbaum","pflanzjahr":2015,"kronendurchmesser":4},"geometry":{"type":"Point","coordinates":[8.51215,47.38781]}},{"type":"Feature","properties":{"baumnamedeu":"Winter-Linde","kategorie":"Parkbaum","pflanzjahr":2015,"kronendurchmesser":4},"geometry":{"type":"Point","coordinates":[8.51209,47.3878]}},{"type":"Feature","properties":{"baumnamedeu":"Winter-Linde","kategorie":"Parkbaum","pflanzjahr":2015,"kronendurchmesser":4},"geometry":{"type":"Point","coordinates":[8.5121,47.38785]}},{"type":"Feature","properties":{"baumnamedeu":"Winter-Linde","kategorie":"Parkbaum","pflanzjahr":2015,"kronendurchmesser":4},"geometry":{"type":"Point","coordinates":[8.51219,47.38766]}},{"type":"Feature","properties":{"baumnamedeu":"Winter-Linde","kategorie":"Parkbaum","pflanzjahr":2015,"kronendurchmesser":4},"geometry":{"type":"Point","coordinates":[8.51218,47.38761]}},{"type":"Feature","properties":{"baumnamedeu":"Winter-Linde","kategorie":"Parkbaum","pflanzjahr":2015,"kronendurchmesser":4},"geometry":{"type":"Point","coordinates":[8.51211,47.38762]}},{"type":"Feature","properties":{"baumnamedeu":"Winter-Linde","kategorie":"Parkbaum","pflanzjahr":2015,"kronendurchmesser":4},"geometry":{"type":"Point","coordinates":[8.51212,47.38757]}},{"type":"Feature","properties":{"baumnamedeu":"Winter-Linde","kategorie":"Parkbaum","pflanzjahr":2015,"kronendurchmesser":4},"geometry":{"type":"Point","coordinates":[8.5121,47.38746]}},{"type":"Feature","properties":{"baumnamedeu":"Winter-Linde","kategorie":"Parkbaum","pflanzjahr":2015,"kronendurchmesser":4},"geometry":{"type":"Point","coordinates":[8.51213,47.38743]}},{"type":"Feature","properties":{"baumnamedeu":"Winter-Linde","kategorie":"Parkbaum","pflanzjahr":2015,"kronendurchmesser":4},"geometry":{"type":"Point","coordinates":[8.51222,47.38776]}},{"type":"Feature","properties":{"baumnamedeu":"Winter-Linde","kategorie":"Parkbaum","pflanzjahr":2015,"kronendurchmesser":4},"geometry":{"type":"Point","coordinates":[8.51243,47.38713]}},{"type":"Feature","properties":{"baumnamedeu":"Winter-Linde","kategorie":"Parkbaum","pflanzjahr":2015,"kronendurchmesser":4},"geometry":{"type":"Point","coordinates":[8.51237,47.38706]}},{"type":"Feature","properties":{"baumnamedeu":"Winter-Linde","kategorie":"Parkbaum","pflanzjahr":2015,"kronendurchmesser":4},"geometry":{"type":"Point","coordinates":[8.51247,47.38707]}},{"type":"Feature","properties":{"baumnamedeu":"Winter-Linde","kategorie":"Parkbaum","pflanzjahr":2015,"kronendurchmesser":4},"geometry":{"type":"Point","coordinates":[8.51252,47.38714]}},{"type":"Feature","properties":{"baumnamedeu":"Winter-Linde","kategorie":"Parkbaum","pflanzjahr":2015,"kronendurchmesser":4},"geometry":{"type":"Point","coordinates":[8.51236,47.3872]}},{"type":"Feature","properties":{"baumnamedeu":"Winter-Linde","kategorie":"Parkbaum","pflanzjahr":2015,"kronendurchmesser":4},"geometry":{"type":"Point","coordinates":[8.51209,47.38773]}},{"type":"Feature","properties":{"baumnamedeu":"Gemeine Hain- oder Weissbuche","kategorie":"Parkbaum","pflanzjahr":2015,"kronendurchmesser":4},"geometry":{"type":"Point","coordinates":[8.5124,47.38752]}},{"type":"Feature","properties":{"baumnamedeu":"Winter-Linde","kategorie":"Parkbaum","pflanzjahr":2015,"kronendurchmesser":4},"geometry":{"type":"Point","coordinates":[8.51234,47.38749]}},{"type":"Feature","properties":{"baumnamedeu":"Gemeine Hain- oder Weissbuche","kategorie":"Parkbaum","pflanzjahr":2015,"kronendurchmesser":4},"geometry":{"type":"Point","coordinates":[8.51243,47.38747]}},{"type":"Feature","properties":{"baumnamedeu":"Gemeine Hain- oder Weissbuche","kategorie":"Parkbaum","pflanzjahr":2015,"kronendurchmesser":4},"geometry":{"type":"Point","coordinates":[8.51253,47.38732]}},{"type":"Feature","properties":{"baumnamedeu":"Feld-Ahorn, Hecken-Ahorn","kategorie":"Parkbaum","pflanzjahr":2015,"kronendurchmesser":3},"geometry":{"type":"Point","coordinates":[8.5135,47.38814]}},{"type":"Feature","properties":{"baumnamedeu":"Feld-Ahorn, Hecken-Ahorn","kategorie":"Parkbaum","pflanzjahr":2015,"kronendurchmesser":3},"geometry":{"type":"Point","coordinates":[8.51331,47.38798]}},{"type":"Feature","properties":{"baumnamedeu":"Feld-Ahorn, Hecken-Ahorn","kategorie":"Parkbaum","pflanzjahr":2015,"kronendurchmesser":3},"geometry":{"type":"Point","coordinates":[8.51318,47.38788]}},{"type":"Feature","properties":{"baumnamedeu":"Feld-Ahorn, Hecken-Ahorn","kategorie":"Parkbaum","pflanzjahr":2015,"kronendurchmesser":3},"geometry":{"type":"Point","coordinates":[8.51301,47.38771]}},{"type":"Feature","properties":{"baumnamedeu":"Feld-Ahorn, Hecken-Ahorn","kategorie":"Parkbaum","pflanzjahr":2015,"kronendurchmesser":3},"geometry":{"type":"Point","coordinates":[8.51295,47.38766]}},{"type":"Feature","properties":{"baumnamedeu":"Feld-Ahorn, Hecken-Ahorn","kategorie":"Parkbaum","pflanzjahr":2015,"kronendurchmesser":3},"geometry":{"type":"Point","coordinates":[8.51281,47.38748]}},{"type":"Feature","properties":{"baumnamedeu":"Gemeine Hain- oder Weissbuche","kategorie":"Parkbaum","pflanzjahr":2015,"kronendurchmesser":3},"geometry":{"type":"Point","coordinates":[8.51304,47.38783]}},{"type":"Feature","properties":{"baumnamedeu":"Feld-Ahorn, Hecken-Ahorn","kategorie":"Parkbaum","pflanzjahr":2015,"kronendurchmesser":3},"geometry":{"type":"Point","coordinates":[8.51293,47.38774]}},{"type":"Feature","properties":{"baumnamedeu":"Gemeine Hain- oder Weissbuche","kategorie":"Parkbaum","pflanzjahr":2015,"kronendurchmesser":3},"geometry":{"type":"Point","coordinates":[8.513,47.38778]}},{"type":"Feature","properties":{"baumnamedeu":"Feld-Ahorn, Hecken-Ahorn","kategorie":"Parkbaum","pflanzjahr":2015,"kronendurchmesser":3},"geometry":{"type":"Point","coordinates":[8.51284,47.3876]}},{"type":"Feature","properties":{"baumnamedeu":"Stiel-Eiche","kategorie":"Parkbaum","pflanzjahr":2015,"kronendurchmesser":4},"geometry":{"type":"Point","coordinates":[8.51314,47.38861]}},{"type":"Feature","properties":{"baumnamedeu":"Winter-Linde","kategorie":"Parkbaum","pflanzjahr":2015,"kronendurchmesser":3},"geometry":{"type":"Point","coordinates":[8.51375,47.38835]}},{"type":"Feature","properties":{"baumnamedeu":"Winter-Linde","kategorie":"Parkbaum","pflanzjahr":2015,"kronendurchmesser":3},"geometry":{"type":"Point","coordinates":[8.51362,47.38824]}},{"type":"Feature","properties":{"baumnamedeu":"Winter-Linde","kategorie":"Parkbaum","pflanzjahr":2015,"kronendurchmesser":3},"geometry":{"type":"Point","coordinates":[8.51356,47.38819]}},{"type":"Feature","properties":{"baumnamedeu":"Winter-Linde","kategorie":"Parkbaum","pflanzjahr":2015,"kronendurchmesser":3},"geometry":{"type":"Point","coordinates":[8.51337,47.38803]}},{"type":"Feature","properties":{"baumnamedeu":"Winter-Linde","kategorie":"Parkbaum","pflanzjahr":2015,"kronendurchmesser":3},"geometry":{"type":"Point","coordinates":[8.51324,47.38793]}},{"type":"Feature","properties":{"baumnamedeu":"Winter-Linde","kategorie":"Parkbaum","pflanzjahr":2015,"kronendurchmesser":3},"geometry":{"type":"Point","coordinates":[8.51311,47.38783]}},{"type":"Feature","properties":{"baumnamedeu":"Stiel-Eiche","kategorie":"Parkbaum","pflanzjahr":2015,"kronendurchmesser":4},"geometry":{"type":"Point","coordinates":[8.51293,47.38788]}},{"type":"Feature","properties":{"baumnamedeu":"Winter-Linde","kategorie":"Parkbaum","pflanzjahr":2015,"kronendurchmesser":3},"geometry":{"type":"Point","coordinates":[8.51306,47.38777]}},{"type":"Feature","properties":{"baumnamedeu":"Winter-Linde","kategorie":"Parkbaum","pflanzjahr":2015,"kronendurchmesser":3},"geometry":{"type":"Point","coordinates":[8.51287,47.38765]}},{"type":"Feature","properties":{"baumnamedeu":"Winter-Linde","kategorie":"Parkbaum","pflanzjahr":2015,"kronendurchmesser":3},"geometry":{"type":"Point","coordinates":[8.51291,47.3876]}},{"type":"Feature","properties":{"baumnamedeu":"Winter-Linde","kategorie":"Parkbaum","pflanzjahr":2015,"kronendurchmesser":3},"geometry":{"type":"Point","coordinates":[8.51286,47.38754]}},{"type":"Feature","properties":{"baumnamedeu":"Stiel-Eiche","kategorie":"Parkbaum","pflanzjahr":2015,"kronendurchmesser":6},"geometry":{"type":"Point","coordinates":[8.51271,47.38752]}},{"type":"Feature","properties":{"baumnamedeu":"Winter-Linde","kategorie":"Parkbaum","pflanzjahr":2015,"kronendurchmesser":3},"geometry":{"type":"Point","coordinates":[8.51276,47.38742]}},{"type":"Feature","properties":{"baumnamedeu":"Winter-Linde","kategorie":"Parkbaum","pflanzjahr":2015,"kronendurchmesser":3},"geometry":{"type":"Point","coordinates":[8.5127,47.38737]}},{"type":"Feature","properties":{"baumnamedeu":"Stiel-Eiche","kategorie":"Parkbaum","pflanzjahr":2015,"kronendurchmesser":4},"geometry":{"type":"Point","coordinates":[8.51239,47.38738]}},{"type":"Feature","properties":{"baumnamedeu":"Winter-Linde","kategorie":"Parkbaum","pflanzjahr":2015,"kronendurchmesser":4},"geometry":{"type":"Point","coordinates":[8.51251,47.38722]}},{"type":"Feature","properties":{"baumnamedeu":"Stiel-Eiche","kategorie":"Parkbaum","pflanzjahr":2015,"kronendurchmesser":6},"geometry":{"type":"Point","coordinates":[8.513,47.38829]}},{"type":"Feature","properties":{"baumnamedeu":"Winter-Linde","kategorie":"Parkbaum","pflanzjahr":2015,"kronendurchmesser":4},"geometry":{"type":"Point","coordinates":[8.51292,47.38833]}},{"type":"Feature","properties":{"baumnamedeu":"Winter-Linde","kategorie":"Parkbaum","pflanzjahr":2015,"kronendurchmesser":4},"geometry":{"type":"Point","coordinates":[8.51296,47.38844]}},{"type":"Feature","properties":{"baumnamedeu":"Stiel-Eiche","kategorie":"Parkbaum","pflanzjahr":2015,"kronendurchmesser":4},"geometry":{"type":"Point","coordinates":[8.51327,47.38848]}},{"type":"Feature","properties":{"baumnamedeu":"Stiel-Eiche","kategorie":"Parkbaum","pflanzjahr":2015,"kronendurchmesser":4},"geometry":{"type":"Point","coordinates":[8.51267,47.38786]}},{"type":"Feature","properties":{"baumnamedeu":"Holländische Linde (cordata x platyphyllos)","kategorie":"Parkbaum","pflanzjahr":2015,"kronendurchmesser":4},"geometry":{"type":"Point","coordinates":[8.51255,47.3882]}},{"type":"Feature","properties":{"baumnamedeu":"Stiel-Eiche","kategorie":"Parkbaum","pflanzjahr":2015,"kronendurchmesser":4},"geometry":{"type":"Point","coordinates":[8.51267,47.38808]}},{"type":"Feature","properties":{"baumnamedeu":"Gemeine Hain- oder Weissbuche","kategorie":"Parkbaum","pflanzjahr":2022,"kronendurchmesser":2},"geometry":{"type":"Point","coordinates":[8.51275,47.38815]}},{"type":"Feature","properties":{"baumnamedeu":"Kaiser-Linde (cordata x platyphyllos)","kategorie":"Parkbaum","pflanzjahr":2022,"kronendurchmesser":3},"geometry":{"type":"Point","coordinates":[8.51253,47.38812]}},{"type":"Feature","properties":{"baumnamedeu":"Feld-Ahorn, Hecken-Ahorn","kategorie":"Parkbaum","pflanzjahr":2022,"kronendurchmesser":4},"geometry":{"type":"Point","coordinates":[8.51309,47.3885]}},{"type":"Feature","properties":{"baumnamedeu":"Winter-Linde","kategorie":"Parkbaum","pflanzjahr":2022,"kronendurchmesser":3},"geometry":{"type":"Point","coordinates":[8.51369,47.38829]}},{"type":"Feature","properties":{"baumnamedeu":"Winter-Linde","kategorie":"Parkbaum","pflanzjahr":2022,"kronendurchmesser":2},"geometry":{"type":"Point","coordinates":[8.51344,47.38808]}},{"type":"Feature","properties":{"baumnamedeu":"Winter-Linde","kategorie":"Parkbaum","pflanzjahr":2022,"kronendurchmesser":2},"geometry":{"type":"Point","coordinates":[8.51292,47.38781]}},{"type":"Feature","properties":{"baumnamedeu":"Blasenbaum, Blasenesche","kategorie":"Parkbaum","pflanzjahr":2010,"kronendurchmesser":6},"geometry":{"type":"Point","coordinates":[8.51267,47.38852]}},{"type":"Feature","properties":{"baumnamedeu":"Blasenbaum, Blasenesche","kategorie":"Parkbaum","pflanzjahr":2010,"kronendurchmesser":4},"geometry":{"type":"Point","coordinates":[8.51272,47.3885]}},{"type":"Feature","properties":{"baumnamedeu":"Blasenbaum, Blasenesche","kategorie":"Parkbaum","pflanzjahr":2010,"kronendurchmesser":4},"geometry":{"type":"Point","coordinates":[8.51275,47.38854]}},{"type":"Feature","properties":{"baumnamedeu":"Blasenbaum, Blasenesche","kategorie":"Parkbaum","pflanzjahr":2010,"kronendurchmesser":6},"geometry":{"type":"Point","coordinates":[8.51269,47.38856]}},{"type":"Feature","properties":{"baumnamedeu":"Blasenbaum, Blasenesche","kategorie":"Parkbaum","pflanzjahr":2010,"kronendurchmesser":5},"geometry":{"type":"Point","coordinates":[8.51272,47.38859]}},{"type":"Feature","properties":{"baumnamedeu":"Blasenbaum, Blasenesche","kategorie":"Parkbaum","pflanzjahr":2010,"kronendurchmesser":5},"geometry":{"type":"Point","coordinates":[8.51277,47.38857]}},{"type":"Feature","properties":{"baumnamedeu":"Blasenbaum, Blasenesche","kategorie":"Parkbaum","pflanzjahr":2010,"kronendurchmesser":5},"geometry":{"type":"Point","coordinates":[8.51279,47.3886]}},{"type":"Feature","properties":{"baumnamedeu":"Blasenbaum, Blasenesche","kategorie":"Parkbaum","pflanzjahr":2010,"kronendurchmesser":5},"geometry":{"type":"Point","coordinates":[8.51281,47.38863]}},{"type":"Feature","properties":{"baumnamedeu":"Wintergrüne Eiche","kategorie":"Parkbaum","pflanzjahr":2010,"kronendurchmesser":3},"geometry":{"type":"Point","coordinates":[8.5128,47.38865]}},{"type":"Feature","properties":{"baumnamedeu":"Wintergrüne Eiche","kategorie":"Parkbaum","pflanzjahr":2010,"kronendurchmesser":3},"geometry":{"type":"Point","coordinates":[8.51276,47.38868]}},{"type":"Feature","properties":{"baumnamedeu":"Wintergrüne Eiche","kategorie":"Parkbaum","pflanzjahr":2010,"kronendurchmesser":3},"geometry":{"type":"Point","coordinates":[8.51281,47.38868]}},{"type":"Feature","properties":{"baumnamedeu":"Blasenbaum, Blasenesche","kategorie":"Parkbaum","pflanzjahr":2010,"kronendurchmesser":5},"geometry":{"type":"Point","coordinates":[8.51286,47.3887]}},{"type":"Feature","properties":{"baumnamedeu":"Blasenbaum, Blasenesche","kategorie":"Parkbaum","pflanzjahr":2010,"kronendurchmesser":5},"geometry":{"type":"Point","coordinates":[8.51281,47.38872]}},{"type":"Feature","properties":{"baumnamedeu":"Blasenbaum, Blasenesche","kategorie":"Parkbaum","pflanzjahr":2010,"kronendurchmesser":5},"geometry":{"type":"Point","coordinates":[8.51289,47.38873]}},{"type":"Feature","properties":{"baumnamedeu":"Blasenbaum, Blasenesche","kategorie":"Parkbaum","pflanzjahr":2010,"kronendurchmesser":5},"geometry":{"type":"Point","coordinates":[8.51283,47.38875]}},{"type":"Feature","properties":{"baumnamedeu":"Blasenbaum, Blasenesche","kategorie":"Parkbaum","pflanzjahr":2010,"kronendurchmesser":5},"geometry":{"type":"Point","coordinates":[8.51291,47.38876]}},{"type":"Feature","properties":{"baumnamedeu":"Blasenbaum, Blasenesche","kategorie":"Parkbaum","pflanzjahr":2010,"kronendurchmesser":5},"geometry":{"type":"Point","coordinates":[8.51286,47.38878]}},{"type":"Feature","properties":{"baumnamedeu":"Blasenbaum, Blasenesche","kategorie":"Parkbaum","pflanzjahr":2010,"kronendurchmesser":5},"geometry":{"type":"Point","coordinates":[8.51288,47.38882]}},{"type":"Feature","properties":{"baumnamedeu":"Blasenbaum, Blasenesche","kategorie":"Parkbaum","pflanzjahr":2010,"kronendurchmesser":5},"geometry":{"type":"Point","coordinates":[8.51293,47.3888]}},{"type":"Feature","properties":{"baumnamedeu":"Blasenbaum, Blasenesche","kategorie":"Parkbaum","pflanzjahr":2010,"kronendurchmesser":5},"geometry":{"type":"Point","coordinates":[8.51295,47.38883]}},{"type":"Feature","properties":{"baumnamedeu":"Blasenbaum, Blasenesche","kategorie":"Parkbaum","pflanzjahr":2010,"kronendurchmesser":5},"geometry":{"type":"Point","coordinates":[8.51298,47.38886]}},{"type":"Feature","properties":{"baumnamedeu":"Blasenbaum, Blasenesche","kategorie":"Parkbaum","pflanzjahr":2010,"kronendurchmesser":5},"geometry":{"type":"Point","coordinates":[8.51292,47.38888]}},{"type":"Feature","properties":{"baumnamedeu":"Blasenbaum, Blasenesche","kategorie":"Parkbaum","pflanzjahr":2010,"kronendurchmesser":5},"geometry":{"type":"Point","coordinates":[8.513,47.3889]}},{"type":"Feature","properties":{"baumnamedeu":"Aleppo-Kiefer, See-Kiefer","kategorie":"Strassenbaum","pflanzjahr":2024,"kronendurchmesser":2},"geometry":{"type":"Point","coordinates":[8.51704,47.38933]}},{"type":"Feature","properties":{"baumnamedeu":"Gewöhnliche Hopfenbuche","kategorie":"Strassenbaum","pflanzjahr":2024,"kronendurchmesser":3},"geometry":{"type":"Point","coordinates":[8.51712,47.38921]}},{"type":"Feature","properties":{"baumnamedeu":"Gewöhnliche Hopfenbuche","kategorie":"Strassenbaum","pflanzjahr":2021,"kronendurchmesser":3},"geometry":{"type":"Point","coordinates":[8.51743,47.38911]}},{"type":"Feature","properties":{"baumnamedeu":"Gewöhnliche Hopfenbuche","kategorie":"Strassenbaum","pflanzjahr":2021,"kronendurchmesser":3},"geometry":{"type":"Point","coordinates":[8.51746,47.38956]}},{"type":"Feature","properties":{"baumnamedeu":"Gewöhnliche Hopfenbuche","kategorie":"Strassenbaum","pflanzjahr":2021,"kronendurchmesser":3},"geometry":{"type":"Point","coordinates":[8.51769,47.38983]}},{"type":"Feature","properties":{"baumnamedeu":"Gewöhnliche Hopfenbuche","kategorie":"Strassenbaum","pflanzjahr":2021,"kronendurchmesser":3},"geometry":{"type":"Point","coordinates":[8.51737,47.38995]}},{"type":"Feature","properties":{"baumnamedeu":"Gewöhnliche Hopfenbuche","kategorie":"Strassenbaum","pflanzjahr":2021,"kronendurchmesser":3},"geometry":{"type":"Point","coordinates":[8.51737,47.38987]}},{"type":"Feature","properties":{"baumnamedeu":"Gewöhnliche Hopfenbuche","kategorie":"Strassenbaum","pflanzjahr":2021,"kronendurchmesser":3},"geometry":{"type":"Point","coordinates":[8.51736,47.38983]}},{"type":"Feature","properties":{"baumnamedeu":"Gewöhnliche Hopfenbuche","kategorie":"Strassenbaum","pflanzjahr":2021,"kronendurchmesser":3},"geometry":{"type":"Point","coordinates":[8.51733,47.38972]}},{"type":"Feature","properties":{"baumnamedeu":"Gewöhnliche Hopfenbuche","kategorie":"Strassenbaum","pflanzjahr":2021,"kronendurchmesser":3},"geometry":{"type":"Point","coordinates":[8.51688,47.38973]}},{"type":"Feature","properties":{"baumnamedeu":"Gewöhnliche Hopfenbuche","kategorie":"Strassenbaum","pflanzjahr":2021,"kronendurchmesser":3},"geometry":{"type":"Point","coordinates":[8.51713,47.38981]}},{"type":"Feature","properties":{"baumnamedeu":"Zerr-Eiche","kategorie":"Strassenbaum","pflanzjahr":2021,"kronendurchmesser":3},"geometry":{"type":"Point","coordinates":[8.51691,47.38982]}},{"type":"Feature","properties":{"baumnamedeu":"Sand-Birke, Weiss-Birke","kategorie":"Strassenbaum","pflanzjahr":2005,"kronendurchmesser":6},"geometry":{"type":"Point","coordinates":[8.51674,47.39]}},{"type":"Feature","properties":{"baumnamedeu":"Gewöhnlicher Kiefer, Wald-Kiefer, Föhre","kategorie":"Strassenbaum","pflanzjahr":2021,"kronendurchmesser":4},"geometry":{"type":"Point","coordinates":[8.51675,47.3899]}},{"type":"Feature","properties":{"baumnamedeu":"Sand-Birke, Weiss-Birke","kategorie":"Strassenbaum","pflanzjahr":2005,"kronendurchmesser":5},"geometry":{"type":"Point","coordinates":[8.51662,47.38984]}},{"type":"Feature","properties":{"baumnamedeu":"Sand-Birke, Weiss-Birke","kategorie":"Strassenbaum","pflanzjahr":2005,"kronendurchmesser":7},"geometry":{"type":"Point","coordinates":[8.5166,47.38981]}},{"type":"Feature","properties":{"baumnamedeu":"Sand-Birke, Weiss-Birke","kategorie":"Strassenbaum","pflanzjahr":2005,"kronendurchmesser":5},"geometry":{"type":"Point","coordinates":[8.51652,47.38957]}},{"type":"Feature","properties":{"baumnamedeu":"Sand-Birke, Weiss-Birke","kategorie":"Strassenbaum","pflanzjahr":2005,"kronendurchmesser":6},"geometry":{"type":"Point","coordinates":[8.5165,47.38954]}},{"type":"Feature","properties":{"baumnamedeu":"Gewöhnlicher Kiefer, Wald-Kiefer, Föhre","kategorie":"Strassenbaum","pflanzjahr":2021,"kronendurchmesser":2},"geometry":{"type":"Point","coordinates":[8.51666,47.38937]}},{"type":"Feature","properties":{"baumnamedeu":"Sand-Birke, Weiss-Birke","kategorie":"Strassenbaum","pflanzjahr":2005,"kronendurchmesser":6},"geometry":{"type":"Point","coordinates":[8.51678,47.38932]}},{"type":"Feature","properties":{"baumnamedeu":"Sand-Birke, Weiss-Birke","kategorie":"Strassenbaum","pflanzjahr":2005,"kronendurchmesser":5},"geometry":{"type":"Point","coordinates":[8.51666,47.38942]}},{"type":"Feature","properties":{"baumnamedeu":"Sand-Birke, Weiss-Birke","kategorie":"Strassenbaum","pflanzjahr":2005,"kronendurchmesser":6},"geometry":{"type":"Point","coordinates":[8.51671,47.38942]}},{"type":"Feature","properties":{"baumnamedeu":"Sand-Birke, Weiss-Birke","kategorie":"Strassenbaum","pflanzjahr":2005,"kronendurchmesser":6},"geometry":{"type":"Point","coordinates":[8.51681,47.38939]}},{"type":"Feature","properties":{"baumnamedeu":"Sand-Birke, Weiss-Birke","kategorie":"Strassenbaum","pflanzjahr":2005,"kronendurchmesser":7},"geometry":{"type":"Point","coordinates":[8.51689,47.38935]}},{"type":"Feature","properties":{"baumnamedeu":"Sand-Birke, Weiss-Birke","kategorie":"Strassenbaum","pflanzjahr":2005,"kronendurchmesser":7},"geometry":{"type":"Point","coordinates":[8.5169,47.3894]}},{"type":"Feature","properties":{"baumnamedeu":"Sand-Birke, Weiss-Birke","kategorie":"Strassenbaum","pflanzjahr":2005,"kronendurchmesser":5},"geometry":{"type":"Point","coordinates":[8.51703,47.38924]}},{"type":"Feature","properties":{"baumnamedeu":"Sand-Birke, Weiss-Birke","kategorie":"Strassenbaum","pflanzjahr":2005,"kronendurchmesser":8},"geometry":{"type":"Point","coordinates":[8.51715,47.38932]}},{"type":"Feature","properties":{"baumnamedeu":"Sand-Birke, Weiss-Birke","kategorie":"Strassenbaum","pflanzjahr":2005,"kronendurchmesser":5},"geometry":{"type":"Point","coordinates":[8.51719,47.38926]}},{"type":"Feature","properties":{"baumnamedeu":"Sand-Birke, Weiss-Birke","kategorie":"Strassenbaum","pflanzjahr":2005,"kronendurchmesser":9},"geometry":{"type":"Point","coordinates":[8.51726,47.38923]}},{"type":"Feature","properties":{"baumnamedeu":"Sand-Birke, Weiss-Birke","kategorie":"Strassenbaum","pflanzjahr":2005,"kronendurchmesser":6},"geometry":{"type":"Point","coordinates":[8.51733,47.38914]}},{"type":"Feature","properties":{"baumnamedeu":"Sand-Birke, Weiss-Birke","kategorie":"Strassenbaum","pflanzjahr":2005,"kronendurchmesser":6},"geometry":{"type":"Point","coordinates":[8.51739,47.38918]}},{"type":"Feature","properties":{"baumnamedeu":"Sand-Birke, Weiss-Birke","kategorie":"Strassenbaum","pflanzjahr":2005,"kronendurchmesser":6},"geometry":{"type":"Point","coordinates":[8.51743,47.38923]}},{"type":"Feature","properties":{"baumnamedeu":"Sand-Birke, Weiss-Birke","kategorie":"Strassenbaum","pflanzjahr":2005,"kronendurchmesser":5},"geometry":{"type":"Point","coordinates":[8.51745,47.38918]}},{"type":"Feature","properties":{"baumnamedeu":"Gewöhnlicher Kiefer, Wald-Kiefer, Föhre","kategorie":"Strassenbaum","pflanzjahr":2021,"kronendurchmesser":2},"geometry":{"type":"Point","coordinates":[8.51751,47.38916]}},{"type":"Feature","properties":{"baumnamedeu":"Sand-Birke, Weiss-Birke","kategorie":"Strassenbaum","pflanzjahr":2005,"kronendurchmesser":8},"geometry":{"type":"Point","coordinates":[8.51769,47.38942]}},{"type":"Feature","properties":{"baumnamedeu":"Sand-Birke, Weiss-Birke","kategorie":"Strassenbaum","pflanzjahr":2005,"kronendurchmesser":9},"geometry":{"type":"Point","coordinates":[8.51766,47.38947]}},{"type":"Feature","properties":{"baumnamedeu":"Sand-Birke, Weiss-Birke","kategorie":"Strassenbaum","pflanzjahr":2005,"kronendurchmesser":5},"geometry":{"type":"Point","coordinates":[8.51745,47.3895]}},{"type":"Feature","properties":{"baumnamedeu":"Sand-Birke, Weiss-Birke","kategorie":"Strassenbaum","pflanzjahr":2005,"kronendurchmesser":8},"geometry":{"type":"Point","coordinates":[8.51775,47.38948]}},{"type":"Feature","properties":{"baumnamedeu":"Sand-Birke, Weiss-Birke","kategorie":"Strassenbaum","pflanzjahr":2005,"kronendurchmesser":7},"geometry":{"type":"Point","coordinates":[8.51765,47.38954]}},{"type":"Feature","properties":{"baumnamedeu":"Sand-Birke, Weiss-Birke","kategorie":"Strassenbaum","pflanzjahr":2005,"kronendurchmesser":7},"geometry":{"type":"Point","coordinates":[8.51771,47.38954]}},{"type":"Feature","properties":{"baumnamedeu":"Sand-Birke, Weiss-Birke","kategorie":"Strassenbaum","pflanzjahr":2005,"kronendurchmesser":7},"geometry":{"type":"Point","coordinates":[8.51767,47.38961]}},{"type":"Feature","properties":{"baumnamedeu":"Sand-Birke, Weiss-Birke","kategorie":"Strassenbaum","pflanzjahr":2005,"kronendurchmesser":4},"geometry":{"type":"Point","coordinates":[8.51764,47.38964]}},{"type":"Feature","properties":{"baumnamedeu":"Sand-Birke, Weiss-Birke","kategorie":"Strassenbaum","pflanzjahr":2005,"kronendurchmesser":7},"geometry":{"type":"Point","coordinates":[8.51772,47.38967]}},{"type":"Feature","properties":{"baumnamedeu":"Himalaja-Birke","kategorie":"Strassenbaum","pflanzjahr":2005,"kronendurchmesser":6},"geometry":{"type":"Point","coordinates":[8.51781,47.38964]}},{"type":"Feature","properties":{"baumnamedeu":"Sand-Birke, Weiss-Birke","kategorie":"Strassenbaum","pflanzjahr":2005,"kronendurchmesser":6},"geometry":{"type":"Point","coordinates":[8.51787,47.38965]}},{"type":"Feature","properties":{"baumnamedeu":"Sand-Birke, Weiss-Birke","kategorie":"Strassenbaum","pflanzjahr":2005,"kronendurchmesser":5},"geometry":{"type":"Point","coordinates":[8.51794,47.38974]}},{"type":"Feature","properties":{"baumnamedeu":"Sand-Birke, Weiss-Birke","kategorie":"Strassenbaum","pflanzjahr":2005,"kronendurchmesser":3},"geometry":{"type":"Point","coordinates":[8.51784,47.3898]}},{"type":"Feature","properties":{"baumnamedeu":"Sand-Birke, Weiss-Birke","kategorie":"Strassenbaum","pflanzjahr":2005,"kronendurchmesser":5},"geometry":{"type":"Point","coordinates":[8.51779,47.38985]}},{"type":"Feature","properties":{"baumnamedeu":"Zerr-Eiche","kategorie":"Strassenbaum","pflanzjahr":2021,"kronendurchmesser":3},"geometry":{"type":"Point","coordinates":[8.51759,47.38984]}},{"type":"Feature","properties":{"baumnamedeu":"Gewöhnlicher Kiefer, Wald-Kiefer, Föhre","kategorie":"Strassenbaum","pflanzjahr":2021,"kronendurchmesser":2},"geometry":{"type":"Point","coordinates":[8.5177,47.38972]}},{"type":"Feature","properties":{"baumnamedeu":"Gewöhnlicher Kiefer, Wald-Kiefer, Föhre","kategorie":"Strassenbaum","pflanzjahr":2021,"kronendurchmesser":2},"geometry":{"type":"Point","coordinates":[8.51763,47.3897]}},{"type":"Feature","properties":{"baumnamedeu":"Sand-Birke, Weiss-Birke","kategorie":"Strassenbaum","pflanzjahr":2005,"kronendurchmesser":8},"geometry":{"type":"Point","coordinates":[8.51756,47.38965]}},{"type":"Feature","properties":{"baumnamedeu":"Gewöhnlicher Kiefer, Wald-Kiefer, Föhre","kategorie":"Strassenbaum","pflanzjahr":2021,"kronendurchmesser":2},"geometry":{"type":"Point","coordinates":[8.51749,47.38963]}},{"type":"Feature","properties":{"baumnamedeu":"Gewöhnlicher Kiefer, Wald-Kiefer, Föhre","kategorie":"Strassenbaum","pflanzjahr":2021,"kronendurchmesser":2},"geometry":{"type":"Point","coordinates":[8.51742,47.38981]}},{"type":"Feature","properties":{"baumnamedeu":"Sand-Birke, Weiss-Birke","kategorie":"Strassenbaum","pflanzjahr":2005,"kronendurchmesser":4},"geometry":{"type":"Point","coordinates":[8.51742,47.3899]}},{"type":"Feature","properties":{"baumnamedeu":"Sand-Birke, Weiss-Birke","kategorie":"Strassenbaum","pflanzjahr":2005,"kronendurchmesser":6},"geometry":{"type":"Point","coordinates":[8.51722,47.38996]}},{"type":"Feature","properties":{"baumnamedeu":"Gewöhnlicher Kiefer, Wald-Kiefer, Föhre","kategorie":"Strassenbaum","pflanzjahr":2021,"kronendurchmesser":4},"geometry":{"type":"Point","coordinates":[8.51714,47.39002]}},{"type":"Feature","properties":{"baumnamedeu":"Sand-Birke, Weiss-Birke","kategorie":"Strassenbaum","pflanzjahr":2005,"kronendurchmesser":8},"geometry":{"type":"Point","coordinates":[8.51723,47.3899]}},{"type":"Feature","properties":{"baumnamedeu":"Sand-Birke, Weiss-Birke","kategorie":"Strassenbaum","pflanzjahr":2005,"kronendurchmesser":7},"geometry":{"type":"Point","coordinates":[8.51706,47.38998]}},{"type":"Feature","properties":{"baumnamedeu":"Gewöhnlicher Kiefer, Wald-Kiefer, Föhre","kategorie":"Strassenbaum","pflanzjahr":2021,"kronendurchmesser":2},"geometry":{"type":"Point","coordinates":[8.51702,47.38993]}},{"type":"Feature","properties":{"baumnamedeu":"Sand-Birke, Weiss-Birke","kategorie":"Strassenbaum","pflanzjahr":2005,"kronendurchmesser":6},"geometry":{"type":"Point","coordinates":[8.51708,47.38993]}},{"type":"Feature","properties":{"baumnamedeu":"Sand-Birke, Weiss-Birke","kategorie":"Strassenbaum","pflanzjahr":2005,"kronendurchmesser":6},"geometry":{"type":"Point","coordinates":[8.5171,47.38988]}},{"type":"Feature","properties":{"baumnamedeu":"Gewöhnlicher Kiefer, Wald-Kiefer, Föhre","kategorie":"Strassenbaum","pflanzjahr":2021,"kronendurchmesser":2},"geometry":{"type":"Point","coordinates":[8.51718,47.38985]}},{"type":"Feature","properties":{"baumnamedeu":"Gewöhnliche Hopfenbuche","kategorie":"Strassenbaum","pflanzjahr":2021,"kronendurchmesser":3},"geometry":{"type":"Point","coordinates":[8.51693,47.38988]}},{"type":"Feature","properties":{"baumnamedeu":"Sand-Birke, Weiss-Birke","kategorie":"Strassenbaum","pflanzjahr":2005,"kronendurchmesser":5},"geometry":{"type":"Point","coordinates":[8.51702,47.38977]}},{"type":"Feature","properties":{"baumnamedeu":"Gewöhnlicher Kiefer, Wald-Kiefer, Föhre","kategorie":"Strassenbaum","pflanzjahr":2021,"kronendurchmesser":2},"geometry":{"type":"Point","coordinates":[8.51696,47.38973]}},{"type":"Feature","properties":{"baumnamedeu":"Sand-Birke, Weiss-Birke","kategorie":"Strassenbaum","pflanzjahr":2005,"kronendurchmesser":8},"geometry":{"type":"Point","coordinates":[8.51698,47.38964]}},{"type":"Feature","properties":{"baumnamedeu":"Gewöhnliche Hopfenbuche","kategorie":"Strassenbaum","pflanzjahr":2021,"kronendurchmesser":3},"geometry":{"type":"Point","coordinates":[8.5171,47.38968]}},{"type":"Feature","properties":{"baumnamedeu":"Sand-Birke, Weiss-Birke","kategorie":"Strassenbaum","pflanzjahr":2005,"kronendurchmesser":6},"geometry":{"type":"Point","coordinates":[8.51711,47.38974]}},{"type":"Feature","properties":{"baumnamedeu":"Sand-Birke, Weiss-Birke","kategorie":"Strassenbaum","pflanzjahr":2005,"kronendurchmesser":5},"geometry":{"type":"Point","coordinates":[8.51719,47.38977]}},{"type":"Feature","properties":{"baumnamedeu":"Sand-Birke, Weiss-Birke","kategorie":"Strassenbaum","pflanzjahr":2005,"kronendurchmesser":6},"geometry":{"type":"Point","coordinates":[8.51724,47.38976]}},{"type":"Feature","properties":{"baumnamedeu":"Sand-Birke, Weiss-Birke","kategorie":"Strassenbaum","pflanzjahr":2005,"kronendurchmesser":5},"geometry":{"type":"Point","coordinates":[8.51718,47.38971]}},{"type":"Feature","properties":{"baumnamedeu":"Gewöhnlicher Kiefer, Wald-Kiefer, Föhre","kategorie":"Strassenbaum","pflanzjahr":2021,"kronendurchmesser":2},"geometry":{"type":"Point","coordinates":[8.51726,47.38971]}},{"type":"Feature","properties":{"baumnamedeu":"Zerr-Eiche","kategorie":"Strassenbaum","pflanzjahr":2021,"kronendurchmesser":3},"geometry":{"type":"Point","coordinates":[8.51725,47.38961]}},{"type":"Feature","properties":{"baumnamedeu":"Esskastanie-Obstgehölz, Sämling","kategorie":"Parkbaum","pflanzjahr":2025,"kronendurchmesser":1},"geometry":{"type":"Point","coordinates":[8.51273,47.38864]}},{"type":"Feature","properties":{"baumnamedeu":"Trauben-Eiche","kategorie":"Parkbaum","pflanzjahr":2025,"kronendurchmesser":1},"geometry":{"type":"Point","coordinates":[8.51276,47.3886]}},{"type":"Feature","properties":{"baumnamedeu":"Apfel-Obstgehölz, Sorte unbekannt","kategorie":"Parkbaum","pflanzjahr":2025,"kronendurchmesser":1},"geometry":{"type":"Point","coordinates":[8.51284,47.38867]}},{"type":"Feature","properties":{"baumnamedeu":"Apfel-Obstgehölz, Sorte unbekannt","kategorie":"Parkbaum","pflanzjahr":2025,"kronendurchmesser":1},"geometry":{"type":"Point","coordinates":[8.51295,47.38891]}},{"type":"Feature","properties":{"baumnamedeu":"Feldulme-Kultivar","kategorie":"Parkbaum","pflanzjahr":2025,"kronendurchmesser":2},"geometry":{"type":"Point","coordinates":[8.5129,47.38885]}},{"type":"Feature","properties":{"baumnamedeu":"Esskastanie-Obstgehölz, Sämling","kategorie":"Parkbaum","pflanzjahr":2025,"kronendurchmesser":2},"geometry":{"type":"Point","coordinates":[8.51268,47.38849]}},{"type":"Feature","properties":{"baumnamedeu":"Feldulme-Kultivar","kategorie":"Parkbaum","pflanzjahr":2025,"kronendurchmesser":2},"geometry":{"type":"Point","coordinates":[8.51261,47.38849]}},{"type":"Feature","properties":{"baumnamedeu":"Persische Eiche","kategorie":"Parkbaum","pflanzjahr":2025,"kronendurchmesser":2},"geometry":{"type":"Point","coordinates":[8.51252,47.38852]}},{"type":"Feature","properties":{"baumnamedeu":"Trauben-Eiche","kategorie":"Parkbaum","pflanzjahr":2025,"kronendurchmesser":2},"geometry":{"type":"Point","coordinates":[8.51259,47.38854]}},{"type":"Feature","properties":{"baumnamedeu":"Apfel-Obstgehölz, Sorte unbekannt","kategorie":"Parkbaum","pflanzjahr":2025,"kronendurchmesser":2},"geometry":{"type":"Point","coordinates":[8.51263,47.38859]}},{"type":"Feature","properties":{"baumnamedeu":"Esskastanie-Obstgehölz, Sämling","kategorie":"Parkbaum","pflanzjahr":2025,"kronendurchmesser":2},"geometry":{"type":"Point","coordinates":[8.51261,47.38861]}},{"type":"Feature","properties":{"baumnamedeu":"Feldulme-Kultivar","kategorie":"Parkbaum","pflanzjahr":2025,"kronendurchmesser":2},"geometry":{"type":"Point","coordinates":[8.51263,47.38864]}},{"type":"Feature","properties":{"baumnamedeu":"Trauben-Eiche","kategorie":"Parkbaum","pflanzjahr":2025,"kronendurchmesser":2},"geometry":{"type":"Point","coordinates":[8.5127,47.38865]}},{"type":"Feature","properties":{"baumnamedeu":"Apfel-Obstgehölz, Sorte unbekannt","kategorie":"Parkbaum","pflanzjahr":2025,"kronendurchmesser":2},"geometry":{"type":"Point","coordinates":[8.51269,47.38862]}},{"type":"Feature","properties":{"baumnamedeu":"Esskastanie-Obstgehölz, Sämling","kategorie":"Parkbaum","pflanzjahr":2025,"kronendurchmesser":2},"geometry":{"type":"Point","coordinates":[8.51266,47.38862]}},{"type":"Feature","properties":{"baumnamedeu":"Apfel-Obstgehölz, Sorte unbekannt","kategorie":"Parkbaum","pflanzjahr":2025,"kronendurchmesser":2},"geometry":{"type":"Point","coordinates":[8.51269,47.3887]}},{"type":"Feature","properties":{"baumnamedeu":"Esskastanie-Obstgehölz, Sämling","kategorie":"Parkbaum","pflanzjahr":2025,"kronendurchmesser":2},"geometry":{"type":"Point","coordinates":[8.51273,47.3887]}},{"type":"Feature","properties":{"baumnamedeu":"Esskastanie-Obstgehölz, Sämling","kategorie":"Parkbaum","pflanzjahr":2025,"kronendurchmesser":2},"geometry":{"type":"Point","coordinates":[8.51276,47.38872]}},{"type":"Feature","properties":{"baumnamedeu":"Feldulme-Kultivar","kategorie":"Parkbaum","pflanzjahr":2025,"kronendurchmesser":2},"geometry":{"type":"Point","coordinates":[8.51272,47.38873]}},{"type":"Feature","properties":{"baumnamedeu":"Persische Eiche","kategorie":"Parkbaum","pflanzjahr":2025,"kronendurchmesser":2},"geometry":{"type":"Point","coordinates":[8.51278,47.38874]}},{"type":"Feature","properties":{"baumnamedeu":"Esskastanie-Obstgehölz, Sämling","kategorie":"Parkbaum","pflanzjahr":2025,"kronendurchmesser":2},"geometry":{"type":"Point","coordinates":[8.51276,47.38878]}},{"type":"Feature","properties":{"baumnamedeu":"Esskastanie-Obstgehölz, Sämling","kategorie":"Parkbaum","pflanzjahr":2025,"kronendurchmesser":1},"geometry":{"type":"Point","coordinates":[8.51275,47.38881]}},{"type":"Feature","properties":{"baumnamedeu":"Feldulme-Kultivar","kategorie":"Parkbaum","pflanzjahr":2025,"kronendurchmesser":2},"geometry":{"type":"Point","coordinates":[8.51278,47.38883]}},{"type":"Feature","properties":{"baumnamedeu":"Esskastanie-Obstgehölz, Sämling","kategorie":"Parkbaum","pflanzjahr":2025,"kronendurchmesser":2},"geometry":{"type":"Point","coordinates":[8.51281,47.38885]}},{"type":"Feature","properties":{"baumnamedeu":"Esskastanie-Obstgehölz, Sämling","kategorie":"Parkbaum","pflanzjahr":2025,"kronendurchmesser":2},"geometry":{"type":"Point","coordinates":[8.51281,47.38878]}},{"type":"Feature","properties":{"baumnamedeu":"Trauben-Eiche","kategorie":"Parkbaum","pflanzjahr":2025,"kronendurchmesser":2},"geometry":{"type":"Point","coordinates":[8.51283,47.38881]}},{"type":"Feature","properties":{"baumnamedeu":"Persische Eiche","kategorie":"Parkbaum","pflanzjahr":2025,"kronendurchmesser":2},"geometry":{"type":"Point","coordinates":[8.51297,47.38908]}},{"type":"Feature","properties":{"baumnamedeu":"Apfel-Obstgehölz, Sorte unbekannt","kategorie":"Parkbaum","pflanzjahr":2025,"kronendurchmesser":2},"geometry":{"type":"Point","coordinates":[8.51302,47.38909]}},{"type":"Feature","properties":{"baumnamedeu":"Esskastanie-Obstgehölz, Sämling","kategorie":"Parkbaum","pflanzjahr":2025,"kronendurchmesser":2},"geometry":{"type":"Point","coordinates":[8.513,47.38911]}},{"type":"Feature","properties":{"baumnamedeu":"Apfel-Obstgehölz, Sorte unbekannt","kategorie":"Parkbaum","pflanzjahr":2025,"kronendurchmesser":2},"geometry":{"type":"Point","coordinates":[8.51298,47.38914]}},{"type":"Feature","properties":{"baumnamedeu":"Trauben-Eiche","kategorie":"Parkbaum","pflanzjahr":2025,"kronendurchmesser":2},"geometry":{"type":"Point","coordinates":[8.51303,47.38913]}},{"type":"Feature","properties":{"baumnamedeu":"Apfel-Obstgehölz, Sorte unbekannt","kategorie":"Parkbaum","pflanzjahr":2025,"kronendurchmesser":2},"geometry":{"type":"Point","coordinates":[8.51311,47.38916]}},{"type":"Feature","properties":{"baumnamedeu":"Gemeine Hain- oder Weissbuche","kategorie":"Parkbaum","pflanzjahr":2025,"kronendurchmesser":2},"geometry":{"type":"Point","coordinates":[8.51315,47.38916]}},{"type":"Feature","properties":{"baumnamedeu":"Esskastanie-Obstgehölz, Sämling","kategorie":"Parkbaum","pflanzjahr":2025,"kronendurchmesser":2},"geometry":{"type":"Point","coordinates":[8.51315,47.38913]}},{"type":"Feature","properties":{"baumnamedeu":"Trauben-Eiche","kategorie":"Parkbaum","pflanzjahr":2025,"kronendurchmesser":2},"geometry":{"type":"Point","coordinates":[8.5132,47.38914]}},{"type":"Feature","properties":{"baumnamedeu":"Esskastanie-Obstgehölz, Sämling","kategorie":"Parkbaum","pflanzjahr":2025,"kronendurchmesser":2},"geometry":{"type":"Point","coordinates":[8.51317,47.38917]}},{"type":"Feature","properties":{"baumnamedeu":"Apfel-Obstgehölz, Sorte unbekannt","kategorie":"Parkbaum","pflanzjahr":2025,"kronendurchmesser":2},"geometry":{"type":"Point","coordinates":[8.51314,47.3892]}},{"type":"Feature","properties":{"baumnamedeu":"Feldulme-Kultivar","kategorie":"Parkbaum","pflanzjahr":2025,"kronendurchmesser":2},"geometry":{"type":"Point","coordinates":[8.5132,47.38919]}},{"type":"Feature","properties":{"baumnamedeu":"Apfel-Obstgehölz, Sorte unbekannt","kategorie":"Parkbaum","pflanzjahr":2025,"kronendurchmesser":2},"geometry":{"type":"Point","coordinates":[8.51315,47.3891]}},{"type":"Feature","properties":{"baumnamedeu":"Feldulme-Kultivar","kategorie":"Parkbaum","pflanzjahr":2025,"kronendurchmesser":2},"geometry":{"type":"Point","coordinates":[8.51311,47.38908]}},{"type":"Feature","properties":{"baumnamedeu":"Esskastanie-Obstgehölz, Sämling","kategorie":"Parkbaum","pflanzjahr":2025,"kronendurchmesser":2},"geometry":{"type":"Point","coordinates":[8.51311,47.38902]}},{"type":"Feature","properties":{"baumnamedeu":"Feldulme-Kultivar","kategorie":"Parkbaum","pflanzjahr":2025,"kronendurchmesser":2},"geometry":{"type":"Point","coordinates":[8.51306,47.389]}},{"type":"Feature","properties":{"baumnamedeu":"Trauben-Eiche","kategorie":"Parkbaum","pflanzjahr":2025,"kronendurchmesser":2},"geometry":{"type":"Point","coordinates":[8.51303,47.38896]}},{"type":"Feature","properties":{"baumnamedeu":"Esskastanie-Obstgehölz, Sämling","kategorie":"Parkbaum","pflanzjahr":2025,"kronendurchmesser":2},"geometry":{"type":"Point","coordinates":[8.513,47.38894]}},{"type":"Feature","properties":{"baumnamedeu":"Berg-Ahorn, Wald-Ahorn","kategorie":"Parkbaum","pflanzjahr":2025,"kronendurchmesser":2},"geometry":{"type":"Point","coordinates":[8.51315,47.38899]}},{"type":"Feature","properties":{"baumnamedeu":"Zerr-Eiche","kategorie":"Parkbaum","pflanzjahr":2025,"kronendurchmesser":2},"geometry":{"type":"Point","coordinates":[8.51311,47.38892]}},{"type":"Feature","properties":{"baumnamedeu":"Feld-Ahorn, Hecken-Ahorn","kategorie":"Parkbaum","pflanzjahr":2025,"kronendurchmesser":2},"geometry":{"type":"Point","coordinates":[8.51306,47.38885]}},{"type":"Feature","properties":{"baumnamedeu":"Apfel-Obstgehölz, Sorte unbekannt","kategorie":"Parkbaum","pflanzjahr":2025,"kronendurchmesser":2},"geometry":{"type":"Point","coordinates":[8.51285,47.38885]}},{"type":"Feature","properties":{"baumnamedeu":"Feldulme-Kultivar","kategorie":"Parkbaum","pflanzjahr":2025,"kronendurchmesser":2},"geometry":{"type":"Point","coordinates":[8.51284,47.38889]}},{"type":"Feature","properties":{"baumnamedeu":"Persische Eiche","kategorie":"Parkbaum","pflanzjahr":2025,"kronendurchmesser":2},"geometry":{"type":"Point","coordinates":[8.51289,47.38891]}},{"type":"Feature","properties":{"baumnamedeu":"Esskastanie-Obstgehölz, Sämling","kategorie":"Parkbaum","pflanzjahr":2025,"kronendurchmesser":2},"geometry":{"type":"Point","coordinates":[8.51286,47.38893]}},{"type":"Feature","properties":{"baumnamedeu":"Esskastanie-Obstgehölz, Sämling","kategorie":"Parkbaum","pflanzjahr":2025,"kronendurchmesser":2},"geometry":{"type":"Point","coordinates":[8.5129,47.38895]}},{"type":"Feature","properties":{"baumnamedeu":"Trauben-Eiche","kategorie":"Parkbaum","pflanzjahr":2025,"kronendurchmesser":2},"geometry":{"type":"Point","coordinates":[8.51286,47.38898]}},{"type":"Feature","properties":{"baumnamedeu":"Esskastanie-Obstgehölz, Sämling","kategorie":"Parkbaum","pflanzjahr":2025,"kronendurchmesser":2},"geometry":{"type":"Point","coordinates":[8.51289,47.389]}},{"type":"Feature","properties":{"baumnamedeu":"Esskastanie-Obstgehölz, Sämling","kategorie":"Parkbaum","pflanzjahr":2025,"kronendurchmesser":2},"geometry":{"type":"Point","coordinates":[8.51292,47.38898]}},{"type":"Feature","properties":{"baumnamedeu":"Feldulme-Kultivar","kategorie":"Parkbaum","pflanzjahr":2025,"kronendurchmesser":2},"geometry":{"type":"Point","coordinates":[8.51294,47.389]}},{"type":"Feature","properties":{"baumnamedeu":"Gemeine Hain- oder Weissbuche","kategorie":"Parkbaum","pflanzjahr":2025,"kronendurchmesser":2},"geometry":{"type":"Point","coordinates":[8.51294,47.38896]}},{"type":"Feature","properties":{"baumnamedeu":"Apfel-Obstgehölz, Sorte unbekannt","kategorie":"Parkbaum","pflanzjahr":2025,"kronendurchmesser":2},"geometry":{"type":"Point","coordinates":[8.51291,47.38902]}},{"type":"Feature","properties":{"baumnamedeu":"Trauben-Eiche","kategorie":"Parkbaum","pflanzjahr":2025,"kronendurchmesser":2},"geometry":{"type":"Point","coordinates":[8.51296,47.38903]}},{"type":"Feature","properties":{"baumnamedeu":"Esskastanie-Obstgehölz, Sämling","kategorie":"Parkbaum","pflanzjahr":2025,"kronendurchmesser":2},"geometry":{"type":"Point","coordinates":[8.51299,47.38906]}},{"type":"Feature","properties":{"baumnamedeu":"Gemeine Hain- oder Weissbuche","kategorie":"Parkbaum","pflanzjahr":2025,"kronendurchmesser":1},"geometry":{"type":"Point","coordinates":[8.51279,47.38764]}},{"type":"Feature","properties":{"baumnamedeu":"Sand-Birke, Weiss-Birke","kategorie":"Strassenbaum","pflanzjahr":2005,"kronendurchmesser":8},"geometry":{"type":"Point","coordinates":[8.51779,47.38953]}},{"type":"Feature","properties":{"baumnamedeu":"Japanische Blüten-Kirsche, Japanische Nelken-Kirsche","kategorie":"Strassenbaum","pflanzjahr":1990,"kronendurchmesser":11},"geometry":{"type":"Point","coordinates":[8.5102,47.38304]}},{"type":"Feature","properties":{"baumnamedeu":"Japanische Blüten-Kirsche, Japanische Nelken-Kirsche","kategorie":"Strassenbaum","pflanzjahr":1990,"kronendurchmesser":8},"geometry":{"type":"Point","coordinates":[8.51072,47.38282]}},{"type":"Feature","properties":{"baumnamedeu":"Japanische Blüten-Kirsche, Japanische Nelken-Kirsche","kategorie":"Strassenbaum","pflanzjahr":1990,"kronendurchmesser":6},"geometry":{"type":"Point","coordinates":[8.51149,47.38249]}},{"type":"Feature","properties":{"baumnamedeu":"Berg-Ulme","kategorie":"Strassenbaum","pflanzjahr":null,"kronendurchmesser":12},"geometry":{"type":"Point","coordinates":[8.52192,47.38624]}},{"type":"Feature","properties":{"baumnamedeu":"Pyramiden-Pappel, Italienische Pappel","kategorie":"Strassenbaum","pflanzjahr":2011,"kronendurchmesser":4},"geometry":{"type":"Point","coordinates":[8.51025,47.38995]}},{"type":"Feature","properties":{"baumnamedeu":"Pyramiden-Pappel, Italienische Pappel","kategorie":"Strassenbaum","pflanzjahr":2011,"kronendurchmesser":4},"geometry":{"type":"Point","coordinates":[8.51042,47.3899]}},{"type":"Feature","properties":{"baumnamedeu":"Pyramiden-Pappel, Italienische Pappel","kategorie":"Strassenbaum","pflanzjahr":2011,"kronendurchmesser":4},"geometry":{"type":"Point","coordinates":[8.51059,47.38985]}},{"type":"Feature","properties":{"baumnamedeu":"Pyramiden-Pappel, Italienische Pappel","kategorie":"Strassenbaum","pflanzjahr":2011,"kronendurchmesser":4},"geometry":{"type":"Point","coordinates":[8.51082,47.38978]}},{"type":"Feature","properties":{"baumnamedeu":"Pyramiden-Pappel, Italienische Pappel","kategorie":"Strassenbaum","pflanzjahr":2011,"kronendurchmesser":4},"geometry":{"type":"Point","coordinates":[8.51092,47.38975]}},{"type":"Feature","properties":{"baumnamedeu":"Pyramiden-Pappel, Italienische Pappel","kategorie":"Strassenbaum","pflanzjahr":2011,"kronendurchmesser":4},"geometry":{"type":"Point","coordinates":[8.5112,47.38966]}},{"type":"Feature","properties":{"baumnamedeu":"Japanische Blüten-Kirsche, Japanische Nelken-Kirsche","kategorie":"Strassenbaum","pflanzjahr":1999,"kronendurchmesser":9},"geometry":{"type":"Point","coordinates":[8.51053,47.3829]}},{"type":"Feature","properties":{"baumnamedeu":"Japanische Blüten-Kirsche, Japanische Nelken-Kirsche","kategorie":"Strassenbaum","pflanzjahr":1990,"kronendurchmesser":10},"geometry":{"type":"Point","coordinates":[8.51064,47.38285]}},{"type":"Feature","properties":{"baumnamedeu":"Ungarische Eiche","kategorie":"Parkbaum","pflanzjahr":2025,"kronendurchmesser":8},"geometry":{"type":"Point","coordinates":[8.51649,47.38245]}},{"type":"Feature","properties":{"baumnamedeu":"Ginkgo, Mädchenhaarbaum, Fächerblattbaum","kategorie":"Strassenbaum","pflanzjahr":2010,"kronendurchmesser":4},"geometry":{"type":"Point","coordinates":[8.51258,47.38859]}},{"type":"Feature","properties":{"baumnamedeu":"Platane (occidentalis x orientalis)","kategorie":"Parkbaum","pflanzjahr":2004,"kronendurchmesser":8},"geometry":{"type":"Point","coordinates":[8.5166,47.38261]}},{"type":"Feature","properties":{"baumnamedeu":"Rotbuche","kategorie":"Parkbaum","pflanzjahr":1930,"kronendurchmesser":19},"geometry":{"type":"Point","coordinates":[8.51648,47.38271]}},{"type":"Feature","properties":{"baumnamedeu":"Feld-Ahorn, Hecken-Ahorn","kategorie":"Parkbaum","pflanzjahr":1980,"kronendurchmesser":14},"geometry":{"type":"Point","coordinates":[8.51643,47.38276]}},{"type":"Feature","properties":{"baumnamedeu":"Oxelbeere, Schwedische Mehlbeere","kategorie":"Parkbaum","pflanzjahr":2025,"kronendurchmesser":2},"geometry":{"type":"Point","coordinates":[8.51609,47.38295]}},{"type":"Feature","properties":{"baumnamedeu":"Schwarz-Erle, Rot-Erle","kategorie":"Parkbaum","pflanzjahr":2021,"kronendurchmesser":3},"geometry":{"type":"Point","coordinates":[8.51308,47.38873]}},{"type":"Feature","properties":{"baumnamedeu":"Trauben-Eiche","kategorie":"Parkbaum","pflanzjahr":2025,"kronendurchmesser":2},"geometry":{"type":"Point","coordinates":[8.51271,47.38846]}},{"type":"Feature","properties":{"baumnamedeu":"Ungarische Eiche","kategorie":"Parkbaum","pflanzjahr":2025,"kronendurchmesser":2},"geometry":{"type":"Point","coordinates":[8.51301,47.38879]}}]}