{"type":"FeatureCollection","features":[{"type":"Feature","properties":{"massnahmengebiet":"MG 3 - Empfehlung","klasse":"3"},"geometry":{"type":"Polygon","coordinates":[[[8.52676,47.33401],[8.52708,47.33401],[8.52735,47.3338],[8.52891,47.33405],[8.52894,47.3349],[8.53,47.33487],[8.52999,47.33473],[8.53055,47.33481],[8.53058,47.33353],[8.53214,47.33351],[8.53215,47.3326],[8.5326,47.33177],[8.53266,47.33012],[8.53089,47.33016],[8.53088,47.32979],[8.53,47.32999],[8.52988,47.33018],[8.52996,47.33177],[8.52846,47.3318],[8.52814,47.33232],[8.5278,47.33223],[8.52757,47.33205],[8.52715,47.33301],[8.52695,47.33303],[8.5268,47.33348],[8.52696,47.33351],[8.52676,47.33401]]]}},{"type":"Feature","properties":{"massnahmengebiet":"MG 3 - Empfehlung","klasse":"3"},"geometry":{"type":"Polygon","coordinates":[[[8.5394,47.33684],[8.54005,47.33704],[8.54026,47.33681],[8.54089,47.33694],[8.54118,47.33691],[8.54185,47.33652],[8.54165,47.33642],[8.54165,47.33624],[8.5418,47.33619],[8.54196,47.33627],[8.54192,47.33651],[8.54235,47.33641],[8.54246,47.33609],[8.54258,47.33604],[8.54247,47.3359],[8.54297,47.33543],[8.54259,47.33525],[8.5421,47.3356],[8.54201,47.33552],[8.54166,47.33578],[8.5411,47.33542],[8.53993,47.33628],[8.5394,47.33684]]]}},{"type":"Feature","properties":{"massnahmengebiet":"MG 3 - Empfehlung","klasse":"3"},"geometry":{"type":"Polygon","coordinates":[[[8.52331,47.33709],[8.52352,47.33717],[8.52346,47.33775],[8.52424,47.33781],[8.52435,47.33744],[8.52478,47.33758],[8.52479,47.33665],[8.52496,47.33546],[8.52371,47.33606],[8.52334,47.33683],[8.52331,47.33709]]]}},{"type":"Feature","properties":{"massnahmengebiet":"MG 3 - Empfehlung","klasse":"3"},"geometry":{"type":"Polygon","coordinates":[[[8.51454,47.3362],[8.51466,47.33619],[8.51475,47.33635],[8.51474,47.33665],[8.51484,47.33677],[8.51556,47.33691],[8.51552,47.33703],[8.51605,47.33701],[8.51574,47.33774],[8.51545,47.33814],[8.51561,47.33819],[8.51545,47.33886],[8.51577,47.33927],[8.51577,47.33946],[8.51613,47.33964],[8.5164,47.33957],[8.51629,47.33899],[8.5165,47.33841],[8.51701,47.33785],[8.51771,47.3374],[8.51711,47.33717],[8.51737,47.33662],[8.51772,47.33624],[8.51659,47.33598],[8.51663,47.33557],[8.51454,47.3362]]]}},{"type":"Feature","properties":{"massnahmengebiet":"MG 3 - Empfehlung","klasse":"3"},"geometry":{"type":"Polygon","coordinates":[[[8.58815,47.39348],[8.58842,47.39377],[8.58895,47.39404],[8.58815,47.39348]]]}},{"type":"Feature","properties":{"massnahmengebiet":"MG 3 - Empfehlung","klasse":"3"},"geometry":{"type":"Polygon","coordinates":[[[8.53069,47.34196],[8.53092,47.34254],[8.53135,47.34255],[8.53265,47.34301],[8.53328,47.34208],[8.53328,47.34174],[8.5335,47.34097],[8.53459,47.34123],[8.53475,47.34103],[8.5355,47.34117],[8.5348,47.34224],[8.53377,47.34329],[8.53464,47.3438],[8.53482,47.34381],[8.53572,47.34254],[8.53723,47.34304],[8.5373,47.34276],[8.53669,47.34257],[8.53743,47.34141],[8.53757,47.34144],[8.53776,47.34106],[8.53803,47.34109],[8.53816,47.34081],[8.53884,47.34094],[8.53871,47.34054],[8.53966,47.33857],[8.53958,47.33843],[8.53963,47.33828],[8.54021,47.33811],[8.54045,47.33857],[8.54071,47.33863],[8.54081,47.33841],[8.54066,47.33823],[8.54047,47.33818],[8.5404,47.33803],[8.54003,47.33795],[8.54006,47.3379],[8.53958,47.33771],[8.5399,47.3377],[8.53961,47.33762],[8.53931,47.33812],[8.53863,47.33796],[8.53852,47.33822],[8.53797,47.33805],[8.53751,47.33816],[8.53625,47.33789],[8.53612,47.33807],[8.53542,47.33795],[8.53544,47.33778],[8.53463,47.33777],[8.53412,47.33734],[8.53451,47.33704],[8.53467,47.33713],[8.53529,47.33647],[8.535,47.33627],[8.53717,47.33494],[8.53874,47.33347],[8.5396,47.33401],[8.53854,47.33487],[8.53786,47.33574],[8.53906,47.33615],[8.53959,47.33563],[8.5414,47.3345],[8.54074,47.33376],[8.54031,47.33396],[8.5402,47.33372],[8.54043,47.33358],[8.53957,47.33272],[8.53931,47.33269],[8.53881,47.33208],[8.53764,47.33149],[8.53779,47.33158],[8.53615,47.33297],[8.53682,47.33333],[8.53566,47.33458],[8.5351,47.33432],[8.5342,47.33575],[8.53358,47.33631],[8.53431,47.33686],[8.53385,47.33713],[8.53271,47.33816],[8.53264,47.33858],[8.53205,47.33856],[8.53125,47.34131],[8.53069,47.34196]]]}},{"type":"Feature","properties":{"massnahmengebiet":"MG 1 - Tag / Nacht","klasse":"1"},"geometry":{"type":"Polygon","coordinates":[[[8.53828,47.33817],[8.53852,47.33822],[8.53863,47.33796],[8.53931,47.33812],[8.53958,47.33762],[8.54014,47.33776],[8.54049,47.33718],[8.5394,47.33684],[8.53966,47.33653],[8.5411,47.33542],[8.54166,47.33578],[8.54201,47.33552],[8.5421,47.3356],[8.54259,47.33525],[8.54208,47.33502],[8.5414,47.3345],[8.53989,47.33542],[8.5393,47.33588],[8.5387,47.33671],[8.53852,47.33711],[8.53828,47.33817]]]}},{"type":"Feature","properties":{"massnahmengebiet":"MG 1 - Tag / Nacht","klasse":"1"},"geometry":{"type":"Polygon","coordinates":[[[8.51708,47.33926],[8.5172,47.33976],[8.51833,47.3415],[8.51982,47.34147],[8.51975,47.3392],[8.51708,47.33926]]]}},{"type":"Feature","properties":{"massnahmengebiet":"MG 2 - Tag","klasse":"2"},"geometry":{"type":"Polygon","coordinates":[[[8.46517,47.39829],[8.46569,47.39922],[8.4676,47.39872],[8.46771,47.39891],[8.46917,47.39851],[8.46902,47.39824],[8.47397,47.3969],[8.4735,47.39599],[8.46517,47.39829]]]}},{"type":"Feature","properties":{"massnahmengebiet":"MG 3 - Empfehlung","klasse":"3"},"geometry":{"type":"Polygon","coordinates":[[[8.56626,47.40231],[8.56633,47.40241],[8.56665,47.40231],[8.56655,47.4022],[8.56626,47.40231]]]}},{"type":"Feature","properties":{"massnahmengebiet":"MG 3 - Empfehlung","klasse":"3"},"geometry":{"type":"Polygon","coordinates":[[[8.56505,47.40274],[8.56509,47.40287],[8.56613,47.40271],[8.56604,47.40254],[8.56505,47.40274]]]}},{"type":"Feature","properties":{"massnahmengebiet":"MG 1 - Tag / Nacht","klasse":"1"},"geometry":{"type":"Polygon","coordinates":[[[8.53443,47.34576],[8.53448,47.34698],[8.53596,47.3471],[8.53645,47.34593],[8.53593,47.34581],[8.53598,47.34574],[8.53645,47.34584],[8.53657,47.34565],[8.53659,47.34555],[8.53614,47.34543],[8.53662,47.34544],[8.53615,47.34535],[8.53618,47.34529],[8.53665,47.34536],[8.53709,47.34432],[8.53693,47.34422],[8.53723,47.34304],[8.53572,47.34254],[8.53482,47.34381],[8.53443,47.34576]]]}},{"type":"Feature","properties":{"massnahmengebiet":"MG 1 - Tag / Nacht","klasse":"1"},"geometry":{"type":"Polygon","coordinates":[[[8.5117,47.35309],[8.51178,47.35338],[8.51261,47.35403],[8.51451,47.35779],[8.51582,47.35756],[8.51673,47.35553],[8.51625,47.3552],[8.51553,47.3544],[8.5147,47.3548],[8.51396,47.35637],[8.51384,47.35618],[8.51425,47.35502],[8.51443,47.35389],[8.51434,47.35305],[8.51317,47.35292],[8.51241,47.35247],[8.51199,47.35237],[8.51197,47.35262],[8.51183,47.35261],[8.5117,47.35309]]]}},{"type":"Feature","properties":{"massnahmengebiet":"MG 1 - Tag / Nacht","klasse":"1"},"geometry":{"type":"Polygon","coordinates":[[[8.52189,47.35803],[8.52201,47.35887],[8.52291,47.35988],[8.52322,47.35994],[8.52416,47.35704],[8.52423,47.35638],[8.52306,47.35601],[8.52189,47.35803]]]}},{"type":"Feature","properties":{"massnahmengebiet":"MG 1 - Tag / Nacht","klasse":"1"},"geometry":{"type":"Polygon","coordinates":[[[8.53222,47.38912],[8.53314,47.38969],[8.53386,47.38911],[8.5341,47.38852],[8.53349,47.3886],[8.53222,47.38912]]]}},{"type":"Feature","properties":{"massnahmengebiet":"MG 1 - Tag / Nacht","klasse":"1"},"geometry":{"type":"Polygon","coordinates":[[[8.46616,47.40006],[8.46733,47.40215],[8.46895,47.40176],[8.46857,47.40108],[8.4698,47.40076],[8.4692,47.3996],[8.46971,47.39946],[8.46917,47.39851],[8.46771,47.39891],[8.46807,47.39957],[8.46616,47.40006]]]}},{"type":"Feature","properties":{"massnahmengebiet":"MG 1 - Tag / Nacht","klasse":"1"},"geometry":{"type":"Polygon","coordinates":[[[8.47239,47.39379],[8.47316,47.39533],[8.47772,47.39374],[8.4797,47.39354],[8.48123,47.39393],[8.48034,47.39422],[8.48099,47.39523],[8.48027,47.39543],[8.48065,47.39609],[8.47962,47.39634],[8.48011,47.39714],[8.48045,47.39699],[8.48095,47.39785],[8.47991,47.39816],[8.48072,47.39958],[8.47864,47.40052],[8.47992,47.40231],[8.48118,47.40164],[8.48141,47.40175],[8.48117,47.40191],[8.48138,47.4022],[8.48238,47.402],[8.48277,47.40181],[8.48272,47.40174],[8.4832,47.40135],[8.48337,47.40093],[8.48456,47.39969],[8.48457,47.39957],[8.48442,47.39948],[8.48446,47.39938],[8.48526,47.39893],[8.48519,47.39885],[8.48552,47.39861],[8.48563,47.39866],[8.4859,47.39854],[8.48587,47.39836],[8.48545,47.39855],[8.48537,47.39845],[8.48494,47.39853],[8.48473,47.39843],[8.48455,47.39848],[8.48452,47.39872],[8.48428,47.39881],[8.48418,47.39874],[8.48368,47.39895],[8.48339,47.39876],[8.48333,47.39866],[8.48355,47.39857],[8.4831,47.39789],[8.48221,47.39814],[8.48193,47.39764],[8.48299,47.39722],[8.48259,47.39647],[8.48533,47.39576],[8.48503,47.39543],[8.48887,47.39447],[8.49218,47.39378],[8.49267,47.39332],[8.49296,47.3933],[8.4955,47.39324],[8.50109,47.39331],[8.50205,47.39353],[8.50231,47.39371],[8.50543,47.39388],[8.50552,47.39456],[8.50591,47.39543],[8.50435,47.39557],[8.50438,47.39573],[8.50413,47.39595],[8.50394,47.39577],[8.50279,47.39634],[8.50297,47.39652],[8.50253,47.39684],[8.50234,47.39673],[8.50122,47.39763],[8.50138,47.39777],[8.50109,47.39795],[8.50042,47.39814],[8.49916,47.3987],[8.49811,47.39901],[8.49814,47.39906],[8.49673,47.39928],[8.49702,47.39999],[8.49922,47.39941],[8.50271,47.3982],[8.50293,47.39843],[8.50219,47.39872],[8.50162,47.39938],[8.50093,47.39961],[8.50123,47.40025],[8.50064,47.4005],[8.50115,47.40106],[8.50095,47.40134],[8.50148,47.40201],[8.50353,47.40134],[8.50463,47.40058],[8.50411,47.40008],[8.50538,47.39948],[8.50662,47.39867],[8.50627,47.39834],[8.50733,47.39775],[8.50856,47.39713],[8.50958,47.39683],[8.50975,47.39713],[8.51166,47.39677],[8.51159,47.39647],[8.51427,47.3963],[8.51396,47.39545],[8.51732,47.39489],[8.51743,47.39563],[8.51827,47.39563],[8.51983,47.3953],[8.5216,47.3947],[8.5232,47.3943],[8.5236,47.39475],[8.52219,47.39516],[8.52272,47.39623],[8.52478,47.39575],[8.52699,47.39506],[8.52666,47.39444],[8.5283,47.39385],[8.52787,47.39325],[8.52897,47.39304],[8.52919,47.39289],[8.52926,47.39261],[8.52849,47.39123],[8.52875,47.39105],[8.5282,47.39029],[8.5289,47.38999],[8.53006,47.38924],[8.52963,47.38895],[8.53106,47.38802],[8.5316,47.38835],[8.5331,47.38768],[8.53351,47.38741],[8.53398,47.38781],[8.53428,47.38785],[8.5341,47.38852],[8.53465,47.38858],[8.53546,47.38886],[8.53494,47.38932],[8.53615,47.38998],[8.53572,47.39029],[8.53587,47.39039],[8.53582,47.39133],[8.53871,47.39133],[8.53905,47.39002],[8.53906,47.38864],[8.5393,47.38797],[8.53936,47.38789],[8.54056,47.38789],[8.54069,47.3863],[8.53978,47.38604],[8.54003,47.38455],[8.54089,47.38347],[8.54164,47.38378],[8.54233,47.38389],[8.54265,47.38404],[8.54304,47.3844],[8.54232,47.38549],[8.54374,47.38573],[8.54416,47.38496],[8.54448,47.38367],[8.54496,47.38341],[8.54532,47.38349],[8.54535,47.38153],[8.54718,47.37895],[8.54747,47.3786],[8.54812,47.37875],[8.54815,47.38003],[8.54853,47.38002],[8.54888,47.37971],[8.54928,47.37896],[8.55025,47.37817],[8.55056,47.37755],[8.54857,47.37687],[8.54904,47.37576],[8.54731,47.3754],[8.54816,47.37363],[8.54805,47.37335],[8.54715,47.37292],[8.5474,47.3724],[8.54742,47.37162],[8.5488,47.37017],[8.54995,47.37145],[8.54915,47.37182],[8.54974,47.37243],[8.55047,47.37262],[8.55065,47.37213],[8.55054,47.37188],[8.55019,47.37151],[8.55081,47.37119],[8.55056,47.37103],[8.55072,47.37087],[8.55074,47.37062],[8.55057,47.37023],[8.55091,47.37015],[8.55077,47.36983],[8.55048,47.36989],[8.55041,47.36975],[8.55087,47.36933],[8.55019,47.36904],[8.54973,47.36942],[8.54911,47.36906],[8.54836,47.36953],[8.54805,47.36919],[8.54709,47.37047],[8.54624,47.37024],[8.54651,47.36988],[8.54561,47.36948],[8.54684,47.3682],[8.5463,47.36787],[8.54761,47.36665],[8.54831,47.36705],[8.54928,47.36638],[8.55045,47.366],[8.55035,47.36582],[8.55185,47.36562],[8.55148,47.36523],[8.55292,47.36418],[8.55348,47.36447],[8.55401,47.3642],[8.55437,47.36439],[8.55539,47.36548],[8.55617,47.36584],[8.55678,47.36531],[8.55519,47.36436],[8.556,47.36412],[8.55582,47.36393],[8.55514,47.3641],[8.55498,47.36393],[8.55393,47.36384],[8.55389,47.36368],[8.55299,47.36281],[8.55411,47.36167],[8.5533,47.36149],[8.55329,47.36113],[8.55298,47.36124],[8.55249,47.3612],[8.5528,47.36061],[8.55241,47.36047],[8.55263,47.36012],[8.55246,47.36006],[8.55515,47.35696],[8.55352,47.35644],[8.55448,47.35527],[8.55615,47.35615],[8.55793,47.35437],[8.55834,47.3547],[8.5578,47.35547],[8.55765,47.35596],[8.55887,47.35639],[8.55967,47.35535],[8.5589,47.35502],[8.55904,47.35481],[8.55857,47.35453],[8.55945,47.35392],[8.55975,47.35397],[8.55989,47.35258],[8.5602,47.35198],[8.56035,47.35182],[8.56114,47.35214],[8.56208,47.35116],[8.56148,47.35088],[8.56334,47.34885],[8.56416,47.34918],[8.56448,47.34879],[8.56506,47.34904],[8.5656,47.34855],[8.56496,47.34828],[8.56477,47.34849],[8.56393,47.3482],[8.56424,47.34782],[8.56453,47.34793],[8.56495,47.34741],[8.56465,47.34735],[8.56518,47.34645],[8.5643,47.34605],[8.56406,47.34615],[8.56357,47.34599],[8.56289,47.34638],[8.56298,47.34643],[8.5622,47.34713],[8.56279,47.34733],[8.56268,47.34742],[8.56222,47.34723],[8.56183,47.3477],[8.56171,47.34804],[8.56132,47.34845],[8.56149,47.3487],[8.56143,47.34881],[8.56128,47.34879],[8.56082,47.3492],[8.56093,47.34937],[8.56067,47.34994],[8.56073,47.34999],[8.55914,47.35146],[8.55877,47.35169],[8.55851,47.35165],[8.55824,47.35178],[8.55823,47.35199],[8.55779,47.35236],[8.55622,47.35313],[8.55661,47.35349],[8.55486,47.35495],[8.5534,47.3541],[8.55295,47.35446],[8.55184,47.35591],[8.55273,47.35619],[8.55216,47.35697],[8.55129,47.35878],[8.5512,47.35913],[8.54812,47.35887],[8.54791,47.35941],[8.54725,47.35928],[8.54733,47.35945],[8.54736,47.36122],[8.54729,47.36122],[8.54718,47.36196],[8.54651,47.3628],[8.54498,47.3654],[8.54481,47.3654],[8.5449,47.36547],[8.54425,47.36674],[8.54399,47.36688],[8.54235,47.36659],[8.54222,47.36647],[8.54224,47.36635],[8.54178,47.36627],[8.54181,47.36618],[8.54139,47.36611],[8.54126,47.36601],[8.541,47.36604],[8.54012,47.3658],[8.54007,47.36585],[8.53984,47.36572],[8.53994,47.3655],[8.53727,47.36409],[8.53706,47.36384],[8.53701,47.36354],[8.53739,47.36306],[8.53724,47.36293],[8.5371,47.36243],[8.53604,47.36137],[8.53616,47.35948],[8.5343,47.35939],[8.53417,47.3603],[8.53257,47.35997],[8.5322,47.36114],[8.53288,47.36126],[8.53254,47.36229],[8.53141,47.3621],[8.53132,47.3629],[8.53058,47.36467],[8.52857,47.364],[8.52803,47.36418],[8.52744,47.36423],[8.52631,47.36419],[8.52477,47.36386],[8.52377,47.36383],[8.5239,47.36422],[8.52389,47.3646],[8.52375,47.36458],[8.52389,47.36494],[8.52435,47.36551],[8.52534,47.36644],[8.52544,47.36598],[8.52716,47.36617],[8.52668,47.36562],[8.52687,47.36555],[8.52747,47.36583],[8.52806,47.36658],[8.5293,47.36525],[8.53159,47.3666],[8.53175,47.36696],[8.53177,47.36757],[8.52909,47.36966],[8.52834,47.36918],[8.52593,47.36958],[8.52483,47.36899],[8.52437,47.3691],[8.52426,47.36884],[8.52388,47.36891],[8.52335,47.36861],[8.52262,47.36922],[8.52187,47.36877],[8.52229,47.36844],[8.52214,47.36836],[8.52328,47.36738],[8.52168,47.36565],[8.52159,47.36543],[8.52226,47.36312],[8.52247,47.36191],[8.52218,47.36187],[8.5222,47.36179],[8.5216,47.36153],[8.52176,47.3607],[8.52095,47.3606],[8.52076,47.36096],[8.52038,47.36071],[8.52031,47.36049],[8.52063,47.35952],[8.52147,47.35869],[8.52029,47.35824],[8.51877,47.35993],[8.51915,47.36028],[8.51814,47.36119],[8.51838,47.36142],[8.51798,47.36174],[8.51812,47.36187],[8.51742,47.36217],[8.51715,47.36164],[8.51416,47.36075],[8.51399,47.361],[8.51229,47.36051],[8.51205,47.36083],[8.5101,47.35993],[8.5082,47.36202],[8.50913,47.36276],[8.51004,47.36322],[8.51133,47.36368],[8.51275,47.36406],[8.51382,47.36389],[8.51393,47.36422],[8.51467,47.36411],[8.51462,47.36416],[8.51501,47.36434],[8.51532,47.36402],[8.51558,47.364],[8.51585,47.36411],[8.51652,47.3634],[8.518,47.36287],[8.51844,47.36341],[8.51808,47.36402],[8.5191,47.36421],[8.51885,47.36469],[8.51886,47.36535],[8.51933,47.36532],[8.51957,47.36659],[8.51994,47.36655],[8.52002,47.36701],[8.51969,47.36784],[8.51971,47.36867],[8.51948,47.36896],[8.51859,47.3687],[8.51808,47.36919],[8.51742,47.36937],[8.51702,47.36888],[8.5165,47.36894],[8.51446,47.3704],[8.51189,47.37007],[8.51107,47.37065],[8.51181,47.37145],[8.51039,47.37212],[8.51352,47.37387],[8.51171,47.37523],[8.51319,47.37633],[8.51224,47.37694],[8.51069,47.37592],[8.50784,47.37782],[8.5051,47.37928],[8.50562,47.37972],[8.50451,47.38025],[8.50496,47.38067],[8.50522,47.38056],[8.50574,47.3811],[8.50462,47.38161],[8.50488,47.38188],[8.50447,47.38206],[8.50382,47.38157],[8.50311,47.38149],[8.49989,47.383],[8.49909,47.38236],[8.49667,47.38349],[8.49593,47.38271],[8.49742,47.38207],[8.49434,47.37993],[8.49398,47.38015],[8.49318,47.37958],[8.49355,47.37934],[8.49219,47.37848],[8.49129,47.37911],[8.4897,47.3784],[8.48696,47.38006],[8.48768,47.38153],[8.48852,47.38214],[8.48874,47.38208],[8.48943,47.38334],[8.48993,47.38434],[8.48926,47.3845],[8.49051,47.38683],[8.49317,47.38577],[8.49414,47.38715],[8.48904,47.38898],[8.48828,47.38726],[8.48667,47.3877],[8.48675,47.38903],[8.48568,47.3892],[8.48586,47.38959],[8.48534,47.38972],[8.48648,47.3915],[8.48302,47.39197],[8.4817,47.39183],[8.4818,47.392],[8.48045,47.39233],[8.48064,47.39269],[8.47872,47.39326],[8.47785,47.39181],[8.47239,47.39379]]]}},{"type":"Feature","properties":{"massnahmengebiet":"MG 1 - Tag / Nacht","klasse":"1"},"geometry":{"type":"Polygon","coordinates":[[[8.48272,47.404],[8.48293,47.40434],[8.48351,47.40446],[8.4839,47.40474],[8.48587,47.40385],[8.48828,47.40343],[8.48782,47.40272],[8.49015,47.40218],[8.49063,47.40219],[8.49183,47.40199],[8.49171,47.40167],[8.49239,47.40156],[8.4923,47.40129],[8.49432,47.40088],[8.49449,47.40082],[8.49454,47.4007],[8.49417,47.40022],[8.4926,47.40064],[8.49247,47.40041],[8.49107,47.40067],[8.49116,47.40081],[8.49043,47.40105],[8.49028,47.40079],[8.48962,47.40093],[8.48986,47.40125],[8.48906,47.40156],[8.48745,47.40197],[8.4875,47.40205],[8.48681,47.4023],[8.48658,47.40253],[8.48495,47.40344],[8.48506,47.40356],[8.48272,47.404]]]}},{"type":"Feature","properties":{"massnahmengebiet":"MG 1 - Tag / Nacht","klasse":"1"},"geometry":{"type":"Polygon","coordinates":[[[8.55016,47.41058],[8.55055,47.41268],[8.5525,47.41273],[8.55251,47.4122],[8.55419,47.41222],[8.55426,47.41073],[8.55016,47.41058]]]}},{"type":"Feature","properties":{"massnahmengebiet":"MG 3 - Empfehlung","klasse":"3"},"geometry":{"type":"Polygon","coordinates":[[[8.50753,47.403],[8.50851,47.40344],[8.50902,47.40289],[8.5082,47.40249],[8.50753,47.403]]]}},{"type":"Feature","properties":{"massnahmengebiet":"MG 3 - Empfehlung","klasse":"3"},"geometry":{"type":"Polygon","coordinates":[[[8.54118,47.39678],[8.54274,47.39926],[8.54516,47.3998],[8.54636,47.39996],[8.54714,47.3999],[8.5474,47.39965],[8.54742,47.39948],[8.54715,47.39892],[8.5464,47.39912],[8.54617,47.39874],[8.54578,47.39881],[8.54534,47.39807],[8.5468,47.39764],[8.54637,47.39685],[8.54765,47.3965],[8.54731,47.3959],[8.54881,47.39549],[8.54875,47.39538],[8.54971,47.39536],[8.54969,47.395],[8.55055,47.39499],[8.55064,47.39637],[8.55118,47.39622],[8.55219,47.39799],[8.55154,47.39817],[8.55176,47.39855],[8.5504,47.39892],[8.55032,47.39876],[8.54882,47.39915],[8.54854,47.39864],[8.54801,47.39826],[8.54751,47.39842],[8.54771,47.39885],[8.54871,47.39969],[8.54934,47.4],[8.54985,47.39944],[8.5505,47.3997],[8.55106,47.39916],[8.55331,47.40018],[8.55199,47.4014],[8.55428,47.40245],[8.55728,47.40331],[8.55738,47.40282],[8.55679,47.40259],[8.55611,47.40198],[8.55523,47.40054],[8.55447,47.40015],[8.55417,47.40028],[8.55343,47.39953],[8.55353,47.39955],[8.5534,47.39941],[8.55358,47.39935],[8.55353,47.39929],[8.5543,47.39855],[8.55461,47.39846],[8.55519,47.39851],[8.555,47.39793],[8.55477,47.39768],[8.55412,47.39746],[8.55374,47.39686],[8.55283,47.39591],[8.55258,47.39549],[8.55169,47.3949],[8.55158,47.39462],[8.55218,47.39448],[8.55191,47.39384],[8.55198,47.39378],[8.55174,47.39349],[8.55179,47.39314],[8.55198,47.39319],[8.55202,47.39276],[8.5516,47.39254],[8.55134,47.39252],[8.55133,47.39245],[8.55159,47.39203],[8.55177,47.39133],[8.55194,47.39108],[8.55194,47.39077],[8.55209,47.39061],[8.55203,47.38968],[8.5525,47.38967],[8.55266,47.38894],[8.55342,47.38925],[8.55364,47.38865],[8.55356,47.38852],[8.55374,47.3882],[8.55459,47.38746],[8.55476,47.38756],[8.55901,47.38532],[8.55952,47.38569],[8.56056,47.38476],[8.56116,47.38464],[8.56173,47.38438],[8.56283,47.38331],[8.56346,47.38286],[8.56446,47.38234],[8.56701,47.38147],[8.56661,47.38092],[8.56762,47.38052],[8.56987,47.38121],[8.57028,47.38069],[8.57092,47.38044],[8.5708,47.38021],[8.57127,47.37987],[8.57075,47.37892],[8.57161,47.37835],[8.57094,47.37819],[8.5716,47.37755],[8.57307,47.3774],[8.57304,47.37721],[8.57246,47.37705],[8.57075,47.37693],[8.56784,47.37586],[8.56756,47.3761],[8.56723,47.37609],[8.56725,47.37567],[8.56697,47.3756],[8.56698,47.37541],[8.56662,47.37519],[8.56636,47.3753],[8.56622,47.37513],[8.56643,47.37515],[8.56662,47.37499],[8.56678,47.37499],[8.5673,47.37523],[8.56767,47.3747],[8.56764,47.37459],[8.56784,47.37433],[8.56775,47.37427],[8.5686,47.37384],[8.56919,47.37329],[8.57048,47.37261],[8.57166,47.37243],[8.57192,47.37313],[8.57236,47.37309],[8.57329,47.37336],[8.57373,47.37332],[8.57409,47.37314],[8.57423,47.37325],[8.57474,47.37305],[8.57496,47.37323],[8.57511,47.37313],[8.57565,47.37339],[8.57654,47.37232],[8.57612,47.37184],[8.57551,47.37168],[8.57522,47.37197],[8.57424,47.37234],[8.57304,47.3723],[8.57317,47.37176],[8.57177,47.37179],[8.57164,47.37118],[8.57127,47.37118],[8.57123,47.37102],[8.57103,47.3709],[8.56994,47.37075],[8.56901,47.37091],[8.56872,47.37051],[8.56865,47.37053],[8.56855,47.37026],[8.56883,47.37022],[8.56883,47.36994],[8.56936,47.37007],[8.56957,47.36983],[8.56964,47.36985],[8.57037,47.36886],[8.56984,47.36869],[8.56956,47.3687],[8.57032,47.36761],[8.56899,47.36705],[8.56883,47.36716],[8.56844,47.36683],[8.56818,47.36701],[8.56806,47.36693],[8.56744,47.36722],[8.56729,47.36748],[8.56752,47.36765],[8.56695,47.36876],[8.56597,47.36831],[8.56643,47.36814],[8.56652,47.36718],[8.56702,47.36639],[8.56753,47.3666],[8.56816,47.36618],[8.56877,47.36664],[8.56918,47.36649],[8.56937,47.36654],[8.57021,47.36619],[8.57038,47.36582],[8.56992,47.36526],[8.57032,47.365],[8.57129,47.36496],[8.57219,47.36507],[8.57292,47.36482],[8.57365,47.36491],[8.57351,47.36477],[8.57335,47.36477],[8.57424,47.36398],[8.57392,47.36308],[8.57402,47.3629],[8.57396,47.36238],[8.57403,47.36233],[8.57413,47.36254],[8.5743,47.36253],[8.57432,47.36222],[8.5742,47.36177],[8.57362,47.36084],[8.57347,47.35947],[8.57375,47.35938],[8.5738,47.35902],[8.573,47.35899],[8.57222,47.35938],[8.5719,47.35913],[8.56994,47.3602],[8.57004,47.36027],[8.56983,47.36059],[8.57171,47.36097],[8.57107,47.36192],[8.57032,47.36215],[8.56891,47.36328],[8.56882,47.36326],[8.56748,47.36508],[8.56776,47.36519],[8.56702,47.36618],[8.56662,47.36603],[8.56609,47.36684],[8.56543,47.36759],[8.56511,47.36807],[8.56453,47.3695],[8.56517,47.37031],[8.56516,47.37078],[8.56468,47.37094],[8.56357,47.37088],[8.56278,47.3715],[8.56386,47.37211],[8.56329,47.37275],[8.56197,47.37307],[8.56155,47.37338],[8.56041,47.37525],[8.56107,47.37528],[8.56105,47.37559],[8.56053,47.3761],[8.56122,47.37676],[8.56034,47.3768],[8.56085,47.3772],[8.56234,47.37761],[8.56106,47.3782],[8.56166,47.37865],[8.56181,47.37909],[8.56077,47.37924],[8.5617,47.38013],[8.56261,47.38005],[8.56293,47.38049],[8.56048,47.38127],[8.55829,47.38242],[8.55738,47.38309],[8.55694,47.38293],[8.55599,47.38364],[8.55547,47.38336],[8.55534,47.38349],[8.55521,47.38387],[8.55464,47.38437],[8.55381,47.38383],[8.55238,47.38484],[8.5518,47.38556],[8.55132,47.38757],[8.55011,47.3875],[8.55011,47.38783],[8.54858,47.38769],[8.54866,47.3886],[8.54808,47.38867],[8.54842,47.39002],[8.54728,47.39015],[8.54707,47.38944],[8.54609,47.39142],[8.54734,47.39202],[8.54725,47.39248],[8.54772,47.3925],[8.54768,47.39271],[8.54796,47.39314],[8.5475,47.39351],[8.54725,47.39386],[8.54498,47.39375],[8.5454,47.39597],[8.54118,47.39678]]]}},{"type":"Feature","properties":{"massnahmengebiet":"MG 1 - Tag / Nacht","klasse":"1"},"geometry":{"type":"Polygon","coordinates":[[[8.53031,47.41347],[8.53064,47.41455],[8.53209,47.41436],[8.53262,47.41616],[8.53569,47.41602],[8.53546,47.41417],[8.53639,47.41412],[8.53626,47.41303],[8.53774,47.41294],[8.5408,47.41406],[8.5442,47.41391],[8.54416,47.41314],[8.54436,47.41229],[8.54534,47.41264],[8.54546,47.41202],[8.5468,47.41242],[8.54817,47.41261],[8.54831,47.4122],[8.54825,47.41174],[8.5478,47.41167],[8.54772,47.41144],[8.54794,47.41123],[8.54749,47.4108],[8.54951,47.40952],[8.55052,47.40851],[8.54866,47.40887],[8.54822,47.40754],[8.54763,47.40775],[8.54719,47.40821],[8.54661,47.40854],[8.54689,47.40749],[8.54662,47.40759],[8.54607,47.40752],[8.54278,47.40884],[8.54388,47.40968],[8.54201,47.41042],[8.54263,47.41071],[8.54191,47.41126],[8.53953,47.41037],[8.53808,47.4104],[8.53796,47.41107],[8.53757,47.41103],[8.53496,47.41138],[8.53482,47.41103],[8.53369,47.41125],[8.53377,47.41145],[8.53344,47.41154],[8.5331,47.41322],[8.53031,47.41347]]]}},{"type":"Feature","properties":{"massnahmengebiet":"MG 1 - Tag / Nacht","klasse":"1"},"geometry":{"type":"Polygon","coordinates":[[[8.5527,47.41439],[8.55529,47.41685],[8.5613,47.41828],[8.56236,47.41632],[8.56283,47.41643],[8.56325,47.41565],[8.56545,47.41613],[8.566,47.41545],[8.56629,47.41465],[8.56644,47.41345],[8.56311,47.41339],[8.56307,47.41463],[8.56255,47.41533],[8.56194,47.41503],[8.56111,47.41477],[8.56023,47.41462],[8.55878,47.41451],[8.5527,47.41439]]]}},{"type":"Feature","properties":{"massnahmengebiet":"MG 2 - Tag","klasse":"2"},"geometry":{"type":"Polygon","coordinates":[[[8.50911,47.32469],[8.5092,47.3247],[8.50915,47.32523],[8.50973,47.32555],[8.51019,47.32557],[8.51112,47.32541],[8.5117,47.3255],[8.51216,47.325],[8.51029,47.32463],[8.50912,47.32461],[8.50911,47.32469]]]}},{"type":"Feature","properties":{"massnahmengebiet":"MG 2 - Tag","klasse":"2"},"geometry":{"type":"Polygon","coordinates":[[[8.51928,47.32532],[8.51929,47.32548],[8.52008,47.32568],[8.52098,47.32431],[8.52054,47.32433],[8.52052,47.32442],[8.52013,47.32452],[8.5198,47.32472],[8.51942,47.32528],[8.51928,47.32532]]]}},{"type":"Feature","properties":{"massnahmengebiet":"MG 2 - Tag","klasse":"2"},"geometry":{"type":"Polygon","coordinates":[[[8.47061,47.40249],[8.47062,47.40263],[8.47201,47.40285],[8.47266,47.40286],[8.47442,47.40311],[8.47575,47.4034],[8.47685,47.40346],[8.47552,47.40185],[8.47265,47.40194],[8.47243,47.40103],[8.47062,47.4023],[8.47061,47.40249]]]}},{"type":"Feature","properties":{"massnahmengebiet":"MG 3 - Empfehlung","klasse":"3"},"geometry":{"type":"Polygon","coordinates":[[[8.48212,47.41822],[8.48235,47.41815],[8.48239,47.41824],[8.48226,47.41836],[8.48232,47.41833],[8.48274,47.41807],[8.48285,47.41779],[8.48217,47.41776],[8.48212,47.41822]]]}},{"type":"Feature","properties":{"massnahmengebiet":"MG 2 - Tag","klasse":"2"},"geometry":{"type":"Polygon","coordinates":[[[8.5128,47.32855],[8.51293,47.32926],[8.51293,47.32997],[8.5139,47.33001],[8.51412,47.33059],[8.51444,47.3309],[8.51561,47.33057],[8.51576,47.33079],[8.5165,47.33071],[8.51652,47.33044],[8.51615,47.33041],[8.51695,47.32924],[8.51724,47.3293],[8.51746,47.32906],[8.51719,47.32894],[8.51743,47.32864],[8.51737,47.3286],[8.51662,47.32845],[8.51615,47.32821],[8.5151,47.3281],[8.51485,47.32839],[8.51449,47.32847],[8.51461,47.32905],[8.51422,47.32907],[8.51413,47.32887],[8.51378,47.32899],[8.5128,47.32855]]]}},{"type":"Feature","properties":{"massnahmengebiet":"MG 2 - Tag","klasse":"2"},"geometry":{"type":"Polygon","coordinates":[[[8.51317,47.33469],[8.51348,47.3349],[8.51403,47.33499],[8.51424,47.33582],[8.51454,47.3362],[8.51663,47.33557],[8.51659,47.33598],[8.51772,47.33624],[8.51737,47.33662],[8.51711,47.33717],[8.51771,47.3374],[8.51973,47.3362],[8.52035,47.33551],[8.5206,47.33479],[8.52052,47.3345],[8.52029,47.33421],[8.51819,47.3324],[8.51777,47.33264],[8.51711,47.33207],[8.51658,47.33191],[8.51603,47.33201],[8.516,47.33214],[8.51558,47.33227],[8.51547,47.33244],[8.51441,47.33265],[8.51444,47.33278],[8.51367,47.33284],[8.51371,47.33332],[8.51359,47.33413],[8.51336,47.33401],[8.51317,47.33469]]]}},{"type":"Feature","properties":{"massnahmengebiet":"MG 2 - Tag","klasse":"2"},"geometry":{"type":"Polygon","coordinates":[[[8.53412,47.33734],[8.53463,47.33777],[8.53544,47.33778],[8.53542,47.33795],[8.53612,47.33807],[8.53625,47.33789],[8.53751,47.33816],[8.53797,47.33805],[8.53828,47.33817],[8.53852,47.33711],[8.53906,47.33615],[8.53786,47.33574],[8.53854,47.33487],[8.5396,47.33401],[8.53874,47.33347],[8.53717,47.33494],[8.535,47.33627],[8.53529,47.33647],[8.53467,47.33713],[8.53451,47.33704],[8.53412,47.33734]]]}},{"type":"Feature","properties":{"massnahmengebiet":"MG 2 - Tag","klasse":"2"},"geometry":{"type":"Polygon","coordinates":[[[8.5035,47.40783],[8.50365,47.40836],[8.50392,47.40876],[8.50575,47.41075],[8.50639,47.41125],[8.50916,47.41122],[8.50969,47.41105],[8.5095,47.41077],[8.50962,47.41062],[8.51018,47.41041],[8.50995,47.41017],[8.51,47.4101],[8.51191,47.40951],[8.51221,47.40934],[8.51113,47.40813],[8.5121,47.40717],[8.51145,47.40627],[8.50976,47.40526],[8.50355,47.40733],[8.5035,47.40783]]]}},{"type":"Feature","properties":{"massnahmengebiet":"MG 2 - Tag","klasse":"2"},"geometry":{"type":"Polygon","coordinates":[[[8.51707,47.33904],[8.51708,47.33926],[8.51975,47.3392],[8.51982,47.34147],[8.51833,47.3415],[8.51883,47.34235],[8.51901,47.34336],[8.51916,47.34353],[8.51926,47.3435],[8.51926,47.34377],[8.51989,47.34376],[8.52037,47.34317],[8.52181,47.33994],[8.5217,47.33989],[8.52163,47.3394],[8.52136,47.33936],[8.52143,47.33912],[8.52157,47.33907],[8.52151,47.33884],[8.52136,47.33875],[8.52072,47.33693],[8.52073,47.33648],[8.52084,47.33631],[8.52057,47.33624],[8.51986,47.33663],[8.51971,47.33673],[8.51971,47.33703],[8.51934,47.33711],[8.51919,47.33705],[8.51896,47.3372],[8.51908,47.33729],[8.51776,47.33804],[8.51722,47.33857],[8.51707,47.33904]]]}},{"type":"Feature","properties":{"massnahmengebiet":"MG 2 - Tag","klasse":"2"},"geometry":{"type":"Polygon","coordinates":[[[8.5534,47.3541],[8.55486,47.35495],[8.55661,47.35349],[8.55622,47.35313],[8.55448,47.35352],[8.5534,47.3541]]]}},{"type":"Feature","properties":{"massnahmengebiet":"MG 2 - Tag","klasse":"2"},"geometry":{"type":"Polygon","coordinates":[[[8.54812,47.35887],[8.5512,47.35913],[8.55129,47.35878],[8.55216,47.35697],[8.55273,47.35619],[8.55184,47.35591],[8.55131,47.35662],[8.55008,47.35616],[8.54812,47.35887]]]}},{"type":"Feature","properties":{"massnahmengebiet":"MG 2 - Tag","klasse":"2"},"geometry":{"type":"Polygon","coordinates":[[[8.57746,47.35831],[8.5782,47.35849],[8.5792,47.35856],[8.58035,47.35833],[8.58282,47.35835],[8.58024,47.35957],[8.57993,47.36004],[8.58294,47.35875],[8.58329,47.35887],[8.58351,47.35878],[8.58375,47.35887],[8.58319,47.3596],[8.58354,47.35971],[8.58454,47.3584],[8.58523,47.35841],[8.58486,47.35924],[8.58511,47.3596],[8.58704,47.35975],[8.58687,47.36077],[8.5893,47.36105],[8.58964,47.35992],[8.58823,47.3597],[8.58617,47.35964],[8.58647,47.35903],[8.58743,47.35913],[8.58784,47.35854],[8.58852,47.35866],[8.58876,47.35833],[8.58849,47.35826],[8.58939,47.35738],[8.58879,47.35716],[8.58834,47.35769],[8.58767,47.35743],[8.58845,47.35671],[8.58812,47.35634],[8.58731,47.35672],[8.58707,47.35657],[8.58674,47.35665],[8.58657,47.35655],[8.58588,47.35734],[8.58543,47.35807],[8.58372,47.35798],[8.58372,47.35831],[8.58282,47.35827],[8.58144,47.35753],[8.58222,47.35647],[8.5823,47.35599],[8.58122,47.35706],[8.58039,47.35712],[8.58014,47.357],[8.58118,47.35607],[8.57998,47.35561],[8.5792,47.35638],[8.57837,47.35702],[8.5775,47.35809],[8.57746,47.35831]]]}},{"type":"Feature","properties":{"massnahmengebiet":"MG 2 - Tag","klasse":"2"},"geometry":{"type":"Polygon","coordinates":[[[8.59263,47.35493],[8.59325,47.35573],[8.59413,47.35574],[8.59546,47.35593],[8.59557,47.35634],[8.59631,47.35619],[8.59851,47.35481],[8.59921,47.35502],[8.5991,47.35515],[8.59952,47.35543],[8.59976,47.35528],[8.6001,47.35558],[8.59872,47.35627],[8.59829,47.35601],[8.59765,47.35706],[8.59703,47.35691],[8.59761,47.35656],[8.59732,47.35633],[8.59696,47.35657],[8.59657,47.3563],[8.5955,47.35668],[8.59573,47.35707],[8.5953,47.35715],[8.59539,47.35816],[8.59497,47.35856],[8.59412,47.35885],[8.59329,47.35964],[8.59358,47.35981],[8.5943,47.35997],[8.59426,47.36046],[8.59498,47.36082],[8.59553,47.36138],[8.59718,47.36183],[8.59757,47.36224],[8.59776,47.36205],[8.59723,47.36102],[8.59678,47.36046],[8.59686,47.36031],[8.59607,47.36007],[8.59618,47.35992],[8.59487,47.35962],[8.5955,47.35844],[8.59689,47.35764],[8.59793,47.35724],[8.59834,47.35743],[8.59883,47.35745],[8.59925,47.35731],[8.59999,47.35799],[8.60156,47.35696],[8.60141,47.35679],[8.60294,47.35625],[8.60276,47.35559],[8.60239,47.35561],[8.60325,47.35491],[8.60254,47.35427],[8.60158,47.3546],[8.60139,47.35455],[8.60126,47.35384],[8.59866,47.35415],[8.5975,47.35452],[8.5962,47.35351],[8.59588,47.35391],[8.59577,47.3548],[8.59546,47.35513],[8.59498,47.35513],[8.59398,47.35458],[8.59345,47.35465],[8.59263,47.35493]]]}},{"type":"Feature","properties":{"massnahmengebiet":"MG 2 - Tag","klasse":"2"},"geometry":{"type":"Polygon","coordinates":[[[8.46633,47.38975],[8.46802,47.39076],[8.46894,47.39184],[8.47017,47.39276],[8.46968,47.3931],[8.46982,47.39322],[8.4694,47.39348],[8.46994,47.39378],[8.47067,47.39439],[8.47785,47.39181],[8.47872,47.39326],[8.48064,47.39269],[8.48045,47.39233],[8.4818,47.392],[8.4817,47.39183],[8.48302,47.39197],[8.48648,47.3915],[8.48534,47.38972],[8.48586,47.38959],[8.48568,47.3892],[8.48675,47.38903],[8.48667,47.3877],[8.48828,47.38726],[8.48904,47.38898],[8.49414,47.38715],[8.49317,47.38577],[8.49051,47.38683],[8.48926,47.3845],[8.48993,47.38434],[8.48874,47.38208],[8.48697,47.38255],[8.48665,47.38191],[8.48537,47.38],[8.48451,47.38051],[8.48409,47.3802],[8.48342,47.38023],[8.48338,47.3799],[8.48547,47.37817],[8.48595,47.37794],[8.48609,47.37709],[8.48712,47.37706],[8.48692,47.37742],[8.48869,47.37863],[8.49066,47.37747],[8.49079,47.37756],[8.4897,47.3784],[8.49129,47.37911],[8.49219,47.37848],[8.49355,47.37934],[8.49318,47.37958],[8.49398,47.38015],[8.49434,47.37993],[8.49742,47.38207],[8.49593,47.38271],[8.49667,47.38349],[8.49909,47.38236],[8.49989,47.383],[8.50311,47.38149],[8.50382,47.38157],[8.50447,47.38206],[8.50488,47.38188],[8.50462,47.38161],[8.50574,47.3811],[8.50522,47.38056],[8.50496,47.38067],[8.50451,47.38025],[8.50562,47.37972],[8.5051,47.37928],[8.50784,47.37782],[8.50702,47.37765],[8.50061,47.37739],[8.50031,47.37677],[8.50459,47.37402],[8.50473,47.37381],[8.50858,47.37176],[8.5097,47.37249],[8.50957,47.37256],[8.5101,47.37292],[8.51115,47.37258],[8.51039,47.37212],[8.51181,47.37145],[8.51107,47.37065],[8.51189,47.37007],[8.51446,47.3704],[8.5165,47.36894],[8.51702,47.36888],[8.51742,47.36937],[8.51808,47.36919],[8.51859,47.3687],[8.51948,47.36896],[8.51971,47.36867],[8.51969,47.36784],[8.52002,47.36701],[8.51994,47.36655],[8.51957,47.36659],[8.51933,47.36532],[8.51886,47.36535],[8.51885,47.36469],[8.5191,47.36421],[8.51808,47.36402],[8.51844,47.36341],[8.518,47.36287],[8.51652,47.3634],[8.51585,47.36411],[8.51558,47.364],[8.51532,47.36402],[8.51501,47.36434],[8.51462,47.36416],[8.51467,47.36411],[8.51393,47.36422],[8.51382,47.36389],[8.51275,47.36406],[8.51133,47.36368],[8.51004,47.36322],[8.50913,47.36276],[8.5082,47.36202],[8.5101,47.35993],[8.51205,47.36083],[8.51229,47.36051],[8.51399,47.361],[8.51416,47.36075],[8.51715,47.36164],[8.51742,47.36217],[8.51812,47.36187],[8.51798,47.36174],[8.51838,47.36142],[8.51814,47.36119],[8.51915,47.36028],[8.51877,47.35993],[8.52029,47.35824],[8.52147,47.35869],[8.52063,47.35952],[8.52032,47.36029],[8.52038,47.36071],[8.52076,47.36096],[8.52095,47.3606],[8.52176,47.3607],[8.5216,47.36153],[8.5222,47.36179],[8.52218,47.36187],[8.52247,47.36191],[8.52226,47.36312],[8.52159,47.36543],[8.52168,47.36565],[8.52328,47.36738],[8.52214,47.36836],[8.52229,47.36844],[8.52187,47.36877],[8.52262,47.36922],[8.52335,47.36861],[8.52388,47.36891],[8.52426,47.36884],[8.52437,47.3691],[8.52483,47.36899],[8.52593,47.36958],[8.52834,47.36918],[8.52909,47.36966],[8.53177,47.36757],[8.53175,47.36696],[8.53159,47.3666],[8.5293,47.36525],[8.52806,47.36658],[8.52747,47.36583],[8.52687,47.36555],[8.52668,47.36562],[8.52716,47.36617],[8.52544,47.36598],[8.52534,47.36644],[8.52435,47.36551],[8.52389,47.36494],[8.52375,47.36458],[8.52389,47.3646],[8.5239,47.36422],[8.52377,47.36383],[8.52477,47.36386],[8.52631,47.36419],[8.52744,47.36423],[8.52803,47.36418],[8.52857,47.364],[8.53058,47.36467],[8.53132,47.3629],[8.53141,47.3621],[8.53254,47.36229],[8.53288,47.36126],[8.5322,47.36114],[8.53257,47.35997],[8.53417,47.3603],[8.5343,47.35939],[8.53616,47.35948],[8.53618,47.35926],[8.5372,47.35921],[8.5372,47.35905],[8.53703,47.35902],[8.53704,47.35893],[8.53723,47.35888],[8.53713,47.35871],[8.53671,47.35882],[8.53682,47.35901],[8.53648,47.359],[8.53628,47.35867],[8.53592,47.35856],[8.53612,47.35756],[8.53658,47.35754],[8.53655,47.3573],[8.53675,47.35729],[8.53656,47.35587],[8.53637,47.35556],[8.53596,47.3552],[8.53555,47.35529],[8.5349,47.35506],[8.53419,47.35517],[8.53461,47.3566],[8.53446,47.35833],[8.53431,47.35887],[8.53264,47.35862],[8.53268,47.3584],[8.53211,47.35834],[8.53213,47.35825],[8.5315,47.35823],[8.53134,47.35954],[8.5287,47.359],[8.52937,47.35768],[8.52938,47.35744],[8.52832,47.35743],[8.52833,47.35719],[8.52786,47.35714],[8.52796,47.35654],[8.52837,47.35562],[8.52939,47.35551],[8.53042,47.3552],[8.53112,47.35515],[8.53131,47.3559],[8.53222,47.35665],[8.53219,47.35626],[8.53229,47.35574],[8.53247,47.35564],[8.53281,47.35489],[8.53278,47.35453],[8.53258,47.35418],[8.53282,47.35417],[8.53271,47.35334],[8.53222,47.35335],[8.5321,47.35209],[8.53345,47.35191],[8.53399,47.34873],[8.53447,47.34873],[8.53452,47.34779],[8.53443,47.34576],[8.53482,47.34381],[8.53464,47.3438],[8.53377,47.34329],[8.5348,47.34224],[8.5355,47.34117],[8.53475,47.34103],[8.53459,47.34123],[8.5335,47.34097],[8.53328,47.34174],[8.53328,47.34208],[8.53265,47.34301],[8.53135,47.34255],[8.53092,47.34254],[8.53069,47.34196],[8.53125,47.34131],[8.53205,47.33856],[8.53264,47.33858],[8.53271,47.33816],[8.53385,47.33713],[8.53431,47.33686],[8.53358,47.33631],[8.5342,47.33575],[8.5351,47.33432],[8.53566,47.33458],[8.53682,47.33333],[8.53615,47.33297],[8.53779,47.33158],[8.53643,47.33076],[8.53643,47.33044],[8.53623,47.3303],[8.53623,47.33018],[8.53379,47.32996],[8.5338,47.33118],[8.53264,47.33112],[8.5326,47.33177],[8.53215,47.3326],[8.53214,47.33351],[8.53058,47.33353],[8.53055,47.33481],[8.52999,47.33473],[8.53,47.33487],[8.52894,47.3349],[8.52891,47.33405],[8.52735,47.3338],[8.52708,47.33401],[8.52676,47.33401],[8.52615,47.33517],[8.52554,47.33533],[8.52496,47.3353],[8.52479,47.33665],[8.52478,47.33758],[8.52435,47.33744],[8.52424,47.33781],[8.52346,47.33775],[8.52361,47.33832],[8.52349,47.33891],[8.52331,47.33892],[8.52348,47.34013],[8.52358,47.34013],[8.52359,47.34091],[8.52389,47.34098],[8.52469,47.34096],[8.52453,47.34351],[8.52668,47.34452],[8.52733,47.3442],[8.52746,47.3442],[8.52747,47.34444],[8.52738,47.34486],[8.5269,47.34477],[8.52653,47.34589],[8.52586,47.34667],[8.526,47.34679],[8.5245,47.34794],[8.5241,47.34772],[8.52346,47.34827],[8.52361,47.34837],[8.52354,47.34841],[8.52468,47.34911],[8.52464,47.34917],[8.52521,47.34924],[8.52586,47.34915],[8.52655,47.34936],[8.52709,47.34991],[8.5273,47.34989],[8.52732,47.35032],[8.52685,47.35172],[8.52658,47.35166],[8.52605,47.35173],[8.52579,47.35227],[8.52481,47.35314],[8.52499,47.35347],[8.52502,47.35383],[8.52475,47.35521],[8.52465,47.3565],[8.52401,47.3563],[8.52423,47.35638],[8.52416,47.35704],[8.52322,47.35994],[8.52291,47.35988],[8.52201,47.35887],[8.52189,47.35803],[8.52286,47.35644],[8.51953,47.35553],[8.51868,47.35692],[8.51876,47.35699],[8.51863,47.35713],[8.51843,47.35717],[8.51824,47.3571],[8.51817,47.35689],[8.51764,47.35666],[8.51692,47.35613],[8.51673,47.35553],[8.51582,47.35756],[8.51451,47.35779],[8.51261,47.35403],[8.51178,47.35338],[8.5117,47.35309],[8.51113,47.35286],[8.51041,47.35284],[8.50892,47.35258],[8.50904,47.35219],[8.51049,47.35146],[8.51017,47.35114],[8.50884,47.35173],[8.5078,47.35159],[8.50762,47.35252],[8.50828,47.35263],[8.5081,47.3532],[8.50783,47.35314],[8.50747,47.35371],[8.5089,47.35408],[8.50786,47.35554],[8.50755,47.3554],[8.5072,47.35598],[8.50661,47.35664],[8.50908,47.35765],[8.50885,47.35794],[8.50797,47.35759],[8.50671,47.35901],[8.50758,47.3594],[8.50601,47.3612],[8.50465,47.36049],[8.50323,47.3617],[8.50279,47.36145],[8.50227,47.36189],[8.50254,47.36207],[8.50217,47.36231],[8.50135,47.36264],[8.50049,47.36283],[8.5006,47.36304],[8.50189,47.36277],[8.50205,47.36298],[8.50292,47.36256],[8.50368,47.36198],[8.50465,47.36248],[8.50356,47.36353],[8.5042,47.36384],[8.50344,47.3647],[8.50345,47.36498],[8.50082,47.36497],[8.49957,47.36698],[8.49782,47.36654],[8.49802,47.36614],[8.4956,47.3657],[8.49536,47.3662],[8.49477,47.36613],[8.49461,47.36639],[8.49387,47.36697],[8.49301,47.36661],[8.49277,47.36697],[8.49212,47.36759],[8.49197,47.3679],[8.49015,47.36861],[8.48939,47.3691],[8.49013,47.36933],[8.48998,47.36957],[8.49054,47.36977],[8.48812,47.37173],[8.48607,47.37274],[8.48488,47.37318],[8.48353,47.37408],[8.48306,47.37402],[8.48256,47.37429],[8.48289,47.37448],[8.48258,47.37473],[8.4827,47.37482],[8.48237,47.37497],[8.48244,47.375],[8.48235,47.37536],[8.48162,47.37591],[8.4812,47.3764],[8.48227,47.37717],[8.48179,47.37755],[8.48127,47.37815],[8.48167,47.3785],[8.48239,47.37762],[8.4832,47.37808],[8.48171,47.37928],[8.48192,47.37937],[8.48079,47.38027],[8.48242,47.38141],[8.48309,47.38176],[8.48217,47.38277],[8.48189,47.38254],[8.48138,47.38319],[8.48037,47.38381],[8.48078,47.38451],[8.4772,47.38483],[8.47517,47.38546],[8.4745,47.38585],[8.47338,47.38538],[8.47257,47.38596],[8.47246,47.38588],[8.47187,47.3863],[8.47155,47.38779],[8.47248,47.38878],[8.47107,47.38919],[8.47034,47.38919],[8.46985,47.38908],[8.47005,47.38889],[8.46963,47.38866],[8.46934,47.38806],[8.46916,47.38821],[8.46877,47.38806],[8.46821,47.38844],[8.46796,47.38898],[8.46765,47.38891],[8.46672,47.38923],[8.46657,47.38935],[8.46672,47.38945],[8.46633,47.38975]]]}},{"type":"Feature","properties":{"massnahmengebiet":"MG 2 - Tag","klasse":"2"},"geometry":{"type":"Polygon","coordinates":[[[8.47316,47.39533],[8.4735,47.39599],[8.48123,47.39393],[8.4797,47.39354],[8.47772,47.39374],[8.47316,47.39533]]]}},{"type":"Feature","properties":{"massnahmengebiet":"MG 2 - Tag","klasse":"2"},"geometry":{"type":"Polygon","coordinates":[[[8.48193,47.39764],[8.48221,47.39814],[8.4831,47.39789],[8.48301,47.39774],[8.48478,47.39706],[8.4861,47.39672],[8.48696,47.39758],[8.48753,47.39778],[8.4881,47.39777],[8.48823,47.39798],[8.49036,47.39812],[8.49325,47.39848],[8.49428,47.3983],[8.49412,47.39797],[8.49419,47.39789],[8.49476,47.3978],[8.49506,47.3986],[8.49765,47.39822],[8.49845,47.398],[8.49858,47.39815],[8.49874,47.3981],[8.49814,47.39759],[8.49829,47.39748],[8.49808,47.39738],[8.498,47.397],[8.49846,47.39673],[8.49838,47.39667],[8.49853,47.39655],[8.49793,47.3961],[8.49732,47.39644],[8.49621,47.39543],[8.49395,47.39506],[8.49237,47.39593],[8.49016,47.39417],[8.48503,47.39543],[8.48533,47.39576],[8.48259,47.39647],[8.48299,47.39722],[8.48193,47.39764]]]}},{"type":"Feature","properties":{"massnahmengebiet":"MG 2 - Tag","klasse":"2"},"geometry":{"type":"Polygon","coordinates":[[[8.47483,47.41309],[8.47586,47.41329],[8.4758,47.41353],[8.47547,47.41401],[8.4754,47.41463],[8.47572,47.4149],[8.47558,47.41501],[8.47573,47.41583],[8.47637,47.41577],[8.47782,47.41586],[8.48055,47.41673],[8.4811,47.41655],[8.48127,47.41639],[8.48134,47.41618],[8.48138,47.41504],[8.48103,47.41478],[8.48131,47.41432],[8.48073,47.41417],[8.48104,47.41362],[8.48356,47.41426],[8.48365,47.41446],[8.48452,47.41403],[8.4845,47.4134],[8.48493,47.41322],[8.4848,47.41289],[8.48357,47.41281],[8.48369,47.41241],[8.48294,47.41266],[8.48267,47.41226],[8.48241,47.41235],[8.4821,47.4119],[8.48106,47.41216],[8.48056,47.41144],[8.47974,47.41168],[8.47991,47.41191],[8.47899,47.41218],[8.47782,47.41268],[8.47649,47.41252],[8.47508,47.41285],[8.47483,47.41309]]]}},{"type":"Feature","properties":{"massnahmengebiet":"MG 2 - Tag","klasse":"2"},"geometry":{"type":"Polygon","coordinates":[[[8.56731,47.41487],[8.56775,47.41544],[8.56827,47.41588],[8.56737,47.41648],[8.56789,47.41683],[8.56843,47.41652],[8.56853,47.41659],[8.5689,47.41642],[8.56977,47.41691],[8.57103,47.41608],[8.5719,47.41527],[8.57202,47.41538],[8.57215,47.41522],[8.57305,47.41479],[8.57172,47.41355],[8.56893,47.41383],[8.56928,47.41344],[8.56757,47.41347],[8.56752,47.41475],[8.56731,47.41487]]]}},{"type":"Feature","properties":{"massnahmengebiet":"MG 2 - Tag","klasse":"2"},"geometry":{"type":"Polygon","coordinates":[[[8.51867,47.42483],[8.51991,47.42506],[8.52222,47.42516],[8.52558,47.425],[8.52547,47.42412],[8.52548,47.42388],[8.5256,47.42386],[8.52557,47.42366],[8.52548,47.42367],[8.52551,47.42301],[8.525,47.423],[8.52499,47.42345],[8.52397,47.42345],[8.52396,47.42386],[8.52416,47.42388],[8.51878,47.42381],[8.51867,47.42483]]]}},{"type":"Feature","properties":{"massnahmengebiet":"MG 3 - Empfehlung","klasse":"3"},"geometry":{"type":"Polygon","coordinates":[[[8.57472,47.38749],[8.57512,47.3876],[8.57567,47.38746],[8.57577,47.38734],[8.57577,47.38708],[8.57607,47.3867],[8.57552,47.38656],[8.57503,47.38699],[8.57472,47.38749]]]}},{"type":"Feature","properties":{"massnahmengebiet":"MG 3 - Empfehlung","klasse":"3"},"geometry":{"type":"Polygon","coordinates":[[[8.46934,47.38806],[8.46963,47.38866],[8.47005,47.38889],[8.46985,47.38908],[8.47034,47.38919],[8.47107,47.38919],[8.47248,47.38878],[8.47155,47.38779],[8.47187,47.3863],[8.47055,47.38724],[8.47059,47.38753],[8.46996,47.38804],[8.46955,47.38788],[8.46934,47.38806]]]}},{"type":"Feature","properties":{"massnahmengebiet":"MG 3 - Empfehlung","klasse":"3"},"geometry":{"type":"Polygon","coordinates":[[[8.5862,47.39389],[8.58671,47.39405],[8.58786,47.39338],[8.58721,47.39322],[8.5862,47.39389]]]}},{"type":"Feature","properties":{"massnahmengebiet":"MG 2 - Tag","klasse":"2"},"geometry":{"type":"Polygon","coordinates":[[[8.49351,47.42587],[8.49601,47.42633],[8.49841,47.4266],[8.49957,47.42638],[8.49977,47.42618],[8.50043,47.42609],[8.50042,47.42588],[8.50058,47.42588],[8.50057,47.4254],[8.50064,47.42533],[8.50098,47.42526],[8.50128,47.42543],[8.50287,47.42511],[8.50377,47.42473],[8.50506,47.42468],[8.50526,47.42477],[8.50526,47.42496],[8.50477,47.42497],[8.50488,47.42555],[8.5039,47.42573],[8.50389,47.42619],[8.50349,47.42619],[8.50343,47.42647],[8.50486,47.42662],[8.5047,47.42704],[8.50702,47.42762],[8.50772,47.4279],[8.50785,47.42766],[8.50803,47.42771],[8.5081,47.42757],[8.50809,47.42745],[8.50796,47.42744],[8.50807,47.42722],[8.50999,47.42692],[8.51008,47.42717],[8.51084,47.42705],[8.50981,47.42599],[8.51108,47.4257],[8.51368,47.42482],[8.51549,47.42437],[8.51485,47.42284],[8.51458,47.42253],[8.51493,47.42249],[8.51433,47.42176],[8.51356,47.42091],[8.51328,47.42078],[8.51304,47.42079],[8.51241,47.42007],[8.51173,47.41999],[8.51156,47.4198],[8.51286,47.41924],[8.5127,47.41893],[8.51316,47.41864],[8.51289,47.41842],[8.51369,47.41803],[8.51332,47.41771],[8.51217,47.41836],[8.51162,47.41772],[8.51334,47.41686],[8.51504,47.4162],[8.51795,47.41512],[8.5193,47.41479],[8.5186,47.4137],[8.51659,47.41243],[8.51405,47.41213],[8.51263,47.41169],[8.51177,47.41166],[8.51177,47.41173],[8.51161,47.41173],[8.51163,47.41222],[8.51179,47.41222],[8.51205,47.41268],[8.51216,47.4138],[8.51233,47.41372],[8.51255,47.41403],[8.51209,47.41417],[8.51244,47.41485],[8.51199,47.41504],[8.51144,47.41449],[8.51128,47.41361],[8.51084,47.41343],[8.51061,47.41289],[8.50969,47.41286],[8.50961,47.41368],[8.50633,47.41512],[8.50633,47.41577],[8.50624,47.41579],[8.50626,47.41589],[8.50697,47.41721],[8.5069,47.41741],[8.5062,47.41803],[8.5061,47.41831],[8.50468,47.41774],[8.50421,47.41781],[8.50348,47.41866],[8.50287,47.41915],[8.50077,47.42017],[8.50157,47.42084],[8.4994,47.4216],[8.49886,47.42099],[8.49758,47.42151],[8.49671,47.42171],[8.4969,47.42239],[8.49461,47.42281],[8.4946,47.42357],[8.49375,47.4235],[8.4942,47.42462],[8.49369,47.42476],[8.49437,47.42541],[8.49351,47.42587]],[[8.50579,47.42643],[8.5063,47.42559],[8.50591,47.42561],[8.50607,47.4251],[8.50683,47.42491],[8.50692,47.4251],[8.5077,47.42493],[8.50766,47.42421],[8.50725,47.42374],[8.50844,47.42331],[8.50899,47.42291],[8.5097,47.42265],[8.50937,47.4224],[8.50897,47.42227],[8.51008,47.42191],[8.51084,47.42333],[8.51006,47.42372],[8.50947,47.42419],[8.50942,47.42407],[8.50843,47.42423],[8.50868,47.42496],[8.50856,47.42561],[8.50783,47.42539],[8.50741,47.4255],[8.50759,47.42601],[8.50721,47.42614],[8.50674,47.42606],[8.5063,47.4266],[8.50579,47.42643]]]}},{"type":"Feature","properties":{"massnahmengebiet":"MG 2 - Tag","klasse":"2"},"geometry":{"type":"Polygon","coordinates":[[[8.51488,47.42842],[8.51555,47.42841],[8.51554,47.42952],[8.51689,47.42951],[8.51689,47.42911],[8.51805,47.4291],[8.51808,47.42975],[8.51907,47.42951],[8.51908,47.42986],[8.52014,47.42986],[8.52015,47.42817],[8.51778,47.42816],[8.51778,47.42772],[8.51586,47.42772],[8.51586,47.42794],[8.51488,47.42814],[8.51488,47.42842]]]}},{"type":"Feature","properties":{"massnahmengebiet":"MG 2 - Tag","klasse":"2"},"geometry":{"type":"Polygon","coordinates":[[[8.47779,47.40841],[8.47789,47.40873],[8.47822,47.40908],[8.47871,47.4091],[8.47884,47.40903],[8.47875,47.40891],[8.47943,47.40853],[8.4792,47.4083],[8.47896,47.40839],[8.47869,47.40805],[8.47874,47.40782],[8.47864,47.40765],[8.48093,47.40702],[8.4815,47.40712],[8.4818,47.40739],[8.48229,47.40722],[8.48272,47.40786],[8.48248,47.40804],[8.4826,47.40823],[8.48181,47.40836],[8.48153,47.4085],[8.48212,47.40897],[8.48108,47.40926],[8.48018,47.40969],[8.48041,47.41016],[8.48258,47.41008],[8.48377,47.41096],[8.48466,47.41065],[8.48471,47.41029],[8.48642,47.40961],[8.486,47.40925],[8.48625,47.40905],[8.48602,47.40892],[8.48628,47.40872],[8.48642,47.40865],[8.4867,47.409],[8.48756,47.40857],[8.48886,47.40811],[8.48914,47.40829],[8.48978,47.4076],[8.4902,47.40781],[8.4906,47.40784],[8.49226,47.40744],[8.49339,47.40686],[8.49466,47.40644],[8.49644,47.40619],[8.49988,47.40528],[8.50147,47.4047],[8.50325,47.40381],[8.50351,47.4044],[8.50441,47.40488],[8.50528,47.40408],[8.50424,47.40339],[8.50393,47.40304],[8.50307,47.40243],[8.50539,47.40168],[8.50577,47.40187],[8.50697,47.40089],[8.5075,47.40114],[8.50815,47.40067],[8.50846,47.40083],[8.50814,47.40107],[8.50889,47.40144],[8.51022,47.40009],[8.51069,47.39974],[8.50984,47.39908],[8.50981,47.39894],[8.50929,47.39892],[8.50968,47.39867],[8.5112,47.39833],[8.51091,47.39793],[8.51268,47.39773],[8.51498,47.39795],[8.51434,47.39913],[8.51724,47.39972],[8.51769,47.39916],[8.51824,47.39888],[8.51838,47.39862],[8.51793,47.39852],[8.51843,47.39804],[8.51886,47.39785],[8.52129,47.3972],[8.52217,47.39704],[8.52391,47.39692],[8.52388,47.39675],[8.52463,47.39659],[8.52514,47.39791],[8.52666,47.3976],[8.52768,47.39717],[8.52954,47.39736],[8.53038,47.39709],[8.53226,47.39768],[8.53237,47.39802],[8.53226,47.39841],[8.53176,47.39924],[8.53195,47.40009],[8.53187,47.40065],[8.53145,47.40148],[8.53057,47.40241],[8.53154,47.40296],[8.53181,47.40291],[8.53287,47.4025],[8.53345,47.40212],[8.53427,47.40131],[8.53528,47.40253],[8.53046,47.40763],[8.52809,47.40968],[8.52541,47.41153],[8.5241,47.4121],[8.52336,47.41201],[8.52401,47.41089],[8.52324,47.41059],[8.52286,47.41095],[8.5213,47.41178],[8.52264,47.41254],[8.5228,47.41275],[8.51981,47.41393],[8.52022,47.41457],[8.52081,47.41497],[8.52099,47.4149],[8.52164,47.41504],[8.52262,47.41482],[8.52426,47.41417],[8.5237,47.41366],[8.52416,47.41373],[8.5247,47.41391],[8.52453,47.41422],[8.52446,47.41481],[8.52568,47.41498],[8.52635,47.41483],[8.52745,47.4149],[8.52803,47.41675],[8.53101,47.41691],[8.53191,47.41705],[8.53186,47.41716],[8.5361,47.41794],[8.53835,47.41815],[8.53837,47.41902],[8.53641,47.41907],[8.53615,47.41825],[8.53529,47.41827],[8.53503,47.41844],[8.53469,47.41844],[8.5346,47.41983],[8.53549,47.42012],[8.53735,47.42127],[8.53817,47.42159],[8.5378,47.42186],[8.53659,47.42246],[8.53491,47.42307],[8.53496,47.4252],[8.53441,47.4252],[8.53441,47.42565],[8.53571,47.42562],[8.53726,47.42587],[8.53886,47.42575],[8.53882,47.42554],[8.542,47.42523],[8.5421,47.4254],[8.54277,47.42502],[8.54334,47.4252],[8.54262,47.42579],[8.54236,47.42567],[8.54178,47.426],[8.54096,47.4263],[8.54054,47.42634],[8.54049,47.42669],[8.54013,47.4265],[8.53959,47.42644],[8.5394,47.42687],[8.53652,47.42638],[8.53651,47.42619],[8.53499,47.4267],[8.53517,47.42843],[8.53745,47.42836],[8.53915,47.42805],[8.53987,47.42801],[8.54111,47.42815],[8.54149,47.42743],[8.54173,47.42739],[8.54272,47.42791],[8.54249,47.42858],[8.54138,47.4283],[8.54058,47.42847],[8.53924,47.4292],[8.53874,47.42871],[8.53688,47.42884],[8.53807,47.4299],[8.53761,47.43],[8.5378,47.43062],[8.53857,47.43052],[8.53854,47.43043],[8.53934,47.42997],[8.54005,47.43002],[8.54067,47.43025],[8.53886,47.43083],[8.53897,47.4313],[8.53974,47.43124],[8.5402,47.43099],[8.54087,47.43121],[8.54099,47.43103],[8.54183,47.43131],[8.54172,47.43147],[8.54177,47.43167],[8.54364,47.43143],[8.54316,47.43233],[8.54634,47.4314],[8.54499,47.43108],[8.54488,47.4309],[8.54497,47.43072],[8.54636,47.43104],[8.54757,47.43055],[8.5466,47.42948],[8.5478,47.42897],[8.54776,47.42867],[8.54671,47.42883],[8.54586,47.4286],[8.54607,47.42822],[8.54583,47.428],[8.54617,47.42758],[8.54731,47.4281],[8.54794,47.42849],[8.54824,47.42831],[8.54838,47.42838],[8.54898,47.42815],[8.55004,47.42802],[8.55015,47.4276],[8.55002,47.42761],[8.54991,47.42645],[8.5507,47.42658],[8.55081,47.42758],[8.55063,47.42813],[8.55046,47.42823],[8.55059,47.4285],[8.55152,47.42844],[8.55304,47.42874],[8.55613,47.4272],[8.55524,47.42671],[8.55612,47.42626],[8.55602,47.42576],[8.55784,47.42554],[8.55699,47.4249],[8.55737,47.42472],[8.55463,47.42175],[8.55376,47.42097],[8.56083,47.41817],[8.55529,47.41685],[8.5527,47.41439],[8.55878,47.41451],[8.56023,47.41462],[8.56111,47.41477],[8.56194,47.41503],[8.56255,47.41533],[8.56307,47.41463],[8.56311,47.41339],[8.56644,47.41345],[8.56697,47.41248],[8.56729,47.41218],[8.56874,47.41151],[8.57009,47.41119],[8.56996,47.41092],[8.57001,47.41087],[8.57088,47.41135],[8.57072,47.41227],[8.57292,47.41226],[8.5726,47.41202],[8.57275,47.41165],[8.57295,47.41149],[8.57264,47.41118],[8.58006,47.4095],[8.57998,47.4094],[8.58023,47.40934],[8.58031,47.40944],[8.5872,47.40786],[8.5877,47.40763],[8.58832,47.40707],[8.58897,47.40684],[8.59497,47.40623],[8.59406,47.40474],[8.59248,47.40518],[8.59167,47.40391],[8.59285,47.40358],[8.59152,47.40158],[8.59315,47.40113],[8.5929,47.40071],[8.59471,47.4002],[8.59395,47.39894],[8.59608,47.39836],[8.59492,47.39698],[8.59454,47.39712],[8.59393,47.39647],[8.59336,47.39614],[8.59257,47.39654],[8.59209,47.39691],[8.59174,47.39681],[8.5902,47.39813],[8.5895,47.39832],[8.5886,47.39825],[8.58795,47.39853],[8.58798,47.39901],[8.58823,47.39923],[8.58746,47.39949],[8.5874,47.39933],[8.58698,47.3994],[8.58647,47.39963],[8.5864,47.39931],[8.58614,47.39889],[8.58577,47.39913],[8.58551,47.39841],[8.58346,47.39949],[8.58403,47.40004],[8.58258,47.40071],[8.58291,47.40124],[8.57657,47.40308],[8.57465,47.40393],[8.57428,47.40347],[8.57395,47.4035],[8.57333,47.40399],[8.57279,47.4041],[8.57178,47.40366],[8.57149,47.40367],[8.57071,47.40333],[8.57022,47.40341],[8.56995,47.40377],[8.56967,47.40364],[8.56935,47.40375],[8.56864,47.40364],[8.56864,47.4035],[8.56848,47.40346],[8.56838,47.40324],[8.56815,47.4033],[8.56803,47.40308],[8.56735,47.40324],[8.56747,47.40375],[8.56598,47.40363],[8.56219,47.40407],[8.56217,47.40401],[8.5619,47.40397],[8.5619,47.40405],[8.56018,47.40373],[8.55935,47.40323],[8.55888,47.40307],[8.55738,47.40282],[8.55728,47.40331],[8.55428,47.40245],[8.55199,47.4014],[8.55331,47.40018],[8.55106,47.39916],[8.5505,47.3997],[8.54985,47.39944],[8.54934,47.4],[8.54871,47.39969],[8.54771,47.39885],[8.54751,47.39842],[8.54801,47.39826],[8.54854,47.39864],[8.54882,47.39915],[8.55032,47.39876],[8.5504,47.39892],[8.55176,47.39855],[8.55154,47.39817],[8.55219,47.39799],[8.55118,47.39622],[8.55064,47.39637],[8.55055,47.39499],[8.54969,47.395],[8.54971,47.39536],[8.54875,47.39538],[8.54881,47.39549],[8.54731,47.3959],[8.54765,47.3965],[8.54637,47.39685],[8.5468,47.39764],[8.54534,47.39807],[8.54578,47.39881],[8.54617,47.39874],[8.5464,47.39912],[8.54715,47.39892],[8.54742,47.39948],[8.5474,47.39965],[8.54714,47.3999],[8.54636,47.39996],[8.54516,47.3998],[8.54274,47.39926],[8.54118,47.39678],[8.5454,47.39597],[8.54498,47.39375],[8.54725,47.39386],[8.5475,47.39351],[8.54796,47.39314],[8.54768,47.39271],[8.54772,47.3925],[8.54725,47.39248],[8.54734,47.39202],[8.54609,47.39142],[8.54707,47.38944],[8.54728,47.39015],[8.54842,47.39002],[8.54808,47.38867],[8.54866,47.3886],[8.54858,47.38769],[8.55011,47.38783],[8.55011,47.3875],[8.55132,47.38757],[8.5518,47.38556],[8.55238,47.38484],[8.55381,47.38383],[8.55464,47.38437],[8.55521,47.38387],[8.55534,47.38349],[8.55547,47.38336],[8.55599,47.38364],[8.55694,47.38293],[8.55738,47.38309],[8.55829,47.38242],[8.56048,47.38127],[8.56293,47.38049],[8.56261,47.38005],[8.5617,47.38013],[8.56077,47.37924],[8.56181,47.37909],[8.56166,47.37865],[8.56106,47.3782],[8.56234,47.37761],[8.56085,47.3772],[8.56034,47.3768],[8.56122,47.37676],[8.56053,47.3761],[8.56105,47.37559],[8.56107,47.37528],[8.56041,47.37525],[8.56155,47.37338],[8.56197,47.37307],[8.56329,47.37275],[8.56386,47.37211],[8.56278,47.3715],[8.56357,47.37088],[8.56468,47.37094],[8.56516,47.37078],[8.56517,47.37031],[8.56453,47.3695],[8.56511,47.36807],[8.56662,47.36603],[8.56702,47.36618],[8.56776,47.36519],[8.56748,47.36508],[8.56882,47.36326],[8.56891,47.36328],[8.57032,47.36215],[8.57107,47.36192],[8.57171,47.36097],[8.56983,47.36059],[8.57004,47.36027],[8.56994,47.3602],[8.5719,47.35913],[8.57196,47.35906],[8.57175,47.35889],[8.57231,47.35866],[8.5722,47.35854],[8.57256,47.35837],[8.57254,47.35828],[8.57129,47.35845],[8.57109,47.35832],[8.57128,47.35811],[8.57055,47.3581],[8.56999,47.35797],[8.56988,47.35805],[8.56989,47.35832],[8.56958,47.35874],[8.5686,47.35893],[8.56827,47.35904],[8.5683,47.3591],[8.56784,47.35909],[8.56731,47.35883],[8.56708,47.35891],[8.56633,47.35952],[8.56598,47.35964],[8.56514,47.35957],[8.56408,47.35974],[8.56325,47.35961],[8.56185,47.35996],[8.56177,47.35974],[8.56131,47.35957],[8.55983,47.35962],[8.55805,47.3592],[8.56039,47.35651],[8.56146,47.35707],[8.56142,47.3574],[8.56095,47.3581],[8.56141,47.35843],[8.5621,47.35856],[8.56275,47.35807],[8.56332,47.35746],[8.56344,47.35642],[8.56256,47.3562],[8.56315,47.35521],[8.56263,47.3551],[8.56142,47.35511],[8.56158,47.35392],[8.56186,47.35333],[8.56305,47.3519],[8.56334,47.35142],[8.56401,47.3516],[8.56443,47.35222],[8.56527,47.35132],[8.56584,47.35133],[8.56589,47.35151],[8.56629,47.35188],[8.56605,47.35214],[8.56555,47.35242],[8.56581,47.3527],[8.56647,47.35233],[8.5667,47.35262],[8.56713,47.35245],[8.56663,47.35173],[8.56844,47.35144],[8.56947,47.35201],[8.56885,47.35242],[8.5684,47.35481],[8.56937,47.35491],[8.56939,47.35472],[8.57027,47.35467],[8.57047,47.35428],[8.57075,47.3543],[8.57083,47.35392],[8.57199,47.35405],[8.57205,47.35489],[8.57189,47.35519],[8.57035,47.35671],[8.57178,47.35724],[8.57212,47.35674],[8.57252,47.3569],[8.57245,47.35747],[8.5717,47.35795],[8.57236,47.35789],[8.57276,47.35798],[8.57355,47.35748],[8.57331,47.35728],[8.57375,47.35718],[8.57396,47.35663],[8.57409,47.35652],[8.57427,47.35646],[8.5744,47.35657],[8.57456,47.35654],[8.57501,47.35635],[8.57493,47.35569],[8.57507,47.3557],[8.57526,47.35545],[8.57584,47.35543],[8.57604,47.35534],[8.57593,47.35507],[8.57601,47.35478],[8.57732,47.35448],[8.5778,47.35457],[8.5783,47.35418],[8.57863,47.35417],[8.57868,47.35396],[8.57808,47.35388],[8.57811,47.35359],[8.57776,47.35357],[8.57788,47.35295],[8.57759,47.35299],[8.57756,47.35293],[8.57629,47.35271],[8.57646,47.3521],[8.57735,47.35015],[8.57599,47.34978],[8.57467,47.34994],[8.5745,47.35037],[8.57473,47.35044],[8.57495,47.35008],[8.57547,47.35021],[8.57526,47.35049],[8.57564,47.35059],[8.57519,47.35136],[8.5739,47.35101],[8.5727,47.35081],[8.57341,47.3497],[8.57341,47.3495],[8.57317,47.34921],[8.57353,47.34903],[8.57403,47.34928],[8.57485,47.34945],[8.57582,47.3491],[8.57673,47.34923],[8.57683,47.34914],[8.5769,47.34859],[8.5731,47.34751],[8.57301,47.34765],[8.57215,47.34744],[8.57221,47.34736],[8.57164,47.34727],[8.57171,47.34711],[8.5703,47.34672],[8.56925,47.34834],[8.56854,47.34811],[8.56828,47.34848],[8.5679,47.34839],[8.56741,47.3495],[8.56752,47.34957],[8.56728,47.34985],[8.56648,47.3496],[8.56687,47.34902],[8.56662,47.34888],[8.56717,47.34814],[8.56752,47.34824],[8.56845,47.34712],[8.56736,47.34673],[8.56715,47.34693],[8.56705,47.34688],[8.56682,47.34713],[8.56564,47.34684],[8.56576,47.34666],[8.56518,47.34645],[8.56465,47.34735],[8.56495,47.34741],[8.56453,47.34793],[8.56424,47.34782],[8.56393,47.3482],[8.56477,47.34849],[8.56496,47.34828],[8.5656,47.34855],[8.56506,47.34904],[8.56448,47.34879],[8.56416,47.34918],[8.56334,47.34885],[8.56148,47.35088],[8.56208,47.35116],[8.56114,47.35214],[8.56035,47.35182],[8.5602,47.35198],[8.55989,47.35258],[8.55975,47.35397],[8.55945,47.35392],[8.55857,47.35453],[8.55904,47.35481],[8.5589,47.35502],[8.55967,47.35535],[8.55887,47.35639],[8.55765,47.35596],[8.5578,47.35547],[8.55834,47.3547],[8.55793,47.35437],[8.55615,47.35615],[8.55448,47.35527],[8.55352,47.35644],[8.55515,47.35696],[8.55246,47.36006],[8.55263,47.36012],[8.55241,47.36047],[8.5528,47.36061],[8.55249,47.3612],[8.55298,47.36124],[8.55329,47.36113],[8.5533,47.36149],[8.55411,47.36167],[8.55299,47.36281],[8.55389,47.36368],[8.55393,47.36384],[8.55498,47.36393],[8.55514,47.3641],[8.55582,47.36393],[8.556,47.36412],[8.55519,47.36436],[8.55678,47.36531],[8.55617,47.36584],[8.55539,47.36548],[8.55437,47.36439],[8.55401,47.3642],[8.55348,47.36447],[8.55292,47.36418],[8.55148,47.36523],[8.55185,47.36562],[8.55035,47.36582],[8.55045,47.366],[8.54928,47.36638],[8.54831,47.36705],[8.54761,47.36665],[8.5463,47.36787],[8.54684,47.3682],[8.54561,47.36948],[8.54651,47.36988],[8.54624,47.37024],[8.54709,47.37047],[8.54805,47.36919],[8.54836,47.36953],[8.54911,47.36906],[8.54973,47.36942],[8.55019,47.36904],[8.55087,47.36933],[8.55041,47.36975],[8.55048,47.36989],[8.55077,47.36983],[8.55091,47.37015],[8.55057,47.37023],[8.55074,47.37062],[8.55072,47.37087],[8.55056,47.37103],[8.55081,47.37119],[8.55019,47.37151],[8.55054,47.37188],[8.55065,47.37213],[8.55047,47.37262],[8.54974,47.37243],[8.54915,47.37182],[8.54995,47.37145],[8.5488,47.37017],[8.54742,47.37162],[8.5474,47.3724],[8.54715,47.37292],[8.54805,47.37335],[8.54816,47.37363],[8.54731,47.3754],[8.54904,47.37576],[8.54857,47.37687],[8.55056,47.37755],[8.55025,47.37817],[8.54928,47.37896],[8.54888,47.37971],[8.54853,47.38002],[8.54815,47.38003],[8.54812,47.37875],[8.54747,47.3786],[8.54718,47.37895],[8.54535,47.38153],[8.54532,47.38349],[8.54496,47.38341],[8.54448,47.38367],[8.54416,47.38496],[8.54374,47.38573],[8.54232,47.38549],[8.54304,47.3844],[8.54265,47.38404],[8.54233,47.38389],[8.54164,47.38378],[8.54089,47.38347],[8.54003,47.38455],[8.53978,47.38604],[8.54069,47.3863],[8.54056,47.38789],[8.53936,47.38789],[8.5393,47.38797],[8.53906,47.38864],[8.53905,47.39002],[8.53871,47.39133],[8.53582,47.39133],[8.53587,47.39039],[8.53572,47.39029],[8.53615,47.38998],[8.53494,47.38932],[8.53546,47.38886],[8.53465,47.38858],[8.5341,47.38852],[8.53428,47.38785],[8.53398,47.38781],[8.53351,47.38741],[8.5331,47.38768],[8.5316,47.38835],[8.53106,47.38802],[8.52963,47.38895],[8.53006,47.38924],[8.5289,47.38999],[8.5282,47.39029],[8.52875,47.39105],[8.52849,47.39123],[8.52926,47.39261],[8.52919,47.39289],[8.52897,47.39304],[8.52787,47.39325],[8.5283,47.39385],[8.52666,47.39444],[8.52699,47.39506],[8.52478,47.39575],[8.52272,47.39623],[8.52219,47.39516],[8.5236,47.39475],[8.5232,47.3943],[8.5216,47.3947],[8.51983,47.3953],[8.51827,47.39563],[8.51743,47.39563],[8.51732,47.39489],[8.51506,47.39522],[8.51396,47.39545],[8.51427,47.3963],[8.51159,47.39647],[8.51166,47.39677],[8.50975,47.39713],[8.50958,47.39683],[8.50822,47.39729],[8.50627,47.39834],[8.50662,47.39867],[8.50538,47.39948],[8.50411,47.40008],[8.50463,47.40058],[8.50353,47.40134],[8.50148,47.40201],[8.50095,47.40134],[8.50115,47.40106],[8.50064,47.4005],[8.50123,47.40025],[8.50093,47.39961],[8.49906,47.40041],[8.49813,47.40139],[8.49757,47.40128],[8.49714,47.40139],[8.4971,47.40128],[8.49612,47.40138],[8.49627,47.40179],[8.49553,47.40161],[8.49563,47.40137],[8.49454,47.4007],[8.49449,47.40082],[8.49432,47.40088],[8.4923,47.40129],[8.49239,47.40156],[8.49171,47.40167],[8.49183,47.40199],[8.49063,47.40219],[8.49015,47.40218],[8.48782,47.40272],[8.48828,47.40343],[8.48587,47.40385],[8.4839,47.40474],[8.48351,47.40446],[8.48293,47.40434],[8.48272,47.404],[8.48506,47.40356],[8.48495,47.40344],[8.48658,47.40253],[8.48681,47.4023],[8.4875,47.40205],[8.48745,47.40197],[8.48906,47.40156],[8.48986,47.40125],[8.48962,47.40093],[8.49028,47.40079],[8.49043,47.40105],[8.49116,47.40081],[8.49107,47.40067],[8.49247,47.40041],[8.4926,47.40064],[8.49417,47.40022],[8.49361,47.39995],[8.49344,47.39969],[8.49225,47.39982],[8.49134,47.39977],[8.49065,47.39993],[8.48861,47.40087],[8.48665,47.40208],[8.48426,47.40331],[8.48211,47.4041],[8.48025,47.40451],[8.48039,47.40497],[8.48069,47.40495],[8.48071,47.40512],[8.4789,47.40499],[8.4782,47.40508],[8.47816,47.40527],[8.47805,47.40528],[8.47811,47.40549],[8.47792,47.40655],[8.47798,47.407],[8.47864,47.40715],[8.47899,47.40733],[8.47845,47.4075],[8.4781,47.40773],[8.47785,47.40808],[8.47779,47.40841]],[[8.53031,47.41347],[8.5331,47.41322],[8.53344,47.41154],[8.53377,47.41145],[8.53369,47.41125],[8.53482,47.41103],[8.53496,47.41138],[8.53757,47.41103],[8.53796,47.41107],[8.53808,47.4104],[8.53953,47.41037],[8.54191,47.41126],[8.54263,47.41071],[8.54201,47.41042],[8.54388,47.40968],[8.54278,47.40884],[8.54607,47.40752],[8.54662,47.40759],[8.54689,47.40749],[8.54661,47.40854],[8.54719,47.40821],[8.54763,47.40775],[8.54822,47.40754],[8.54866,47.40887],[8.55052,47.40851],[8.54951,47.40952],[8.54749,47.4108],[8.54794,47.41123],[8.54772,47.41144],[8.5478,47.41167],[8.54825,47.41174],[8.54831,47.4122],[8.54817,47.41261],[8.5468,47.41242],[8.54546,47.41202],[8.54534,47.41264],[8.54436,47.41229],[8.54416,47.41314],[8.5442,47.41391],[8.5408,47.41406],[8.53774,47.41294],[8.53626,47.41303],[8.53639,47.41412],[8.53546,47.41417],[8.53569,47.41602],[8.53262,47.41616],[8.53209,47.41436],[8.53064,47.41455],[8.53031,47.41347]],[[8.53222,47.38912],[8.53349,47.3886],[8.5341,47.38852],[8.53386,47.38911],[8.53314,47.38969],[8.53222,47.38912]],[[8.54747,47.41354],[8.54768,47.41279],[8.55038,47.413],[8.55077,47.41407],[8.54767,47.41382],[8.54747,47.41354]],[[8.55016,47.41058],[8.55426,47.41073],[8.55419,47.41222],[8.55251,47.4122],[8.5525,47.41273],[8.55055,47.41268],[8.55016,47.41058]]]}},{"type":"Feature","properties":{"massnahmengebiet":"MG 3 - Empfehlung","klasse":"3"},"geometry":{"type":"Polygon","coordinates":[[[8.52666,47.32617],[8.5269,47.32637],[8.52686,47.32655],[8.5274,47.32657],[8.52765,47.32655],[8.52764,47.32644],[8.52804,47.32644],[8.52803,47.32635],[8.52756,47.32639],[8.52763,47.32616],[8.52666,47.32617]]]}},{"type":"Feature","properties":{"massnahmengebiet":"MG 3 - Empfehlung","klasse":"3"},"geometry":{"type":"Polygon","coordinates":[[[8.50912,47.32461],[8.51029,47.32463],[8.51216,47.325],[8.5117,47.3255],[8.51214,47.32578],[8.51209,47.32605],[8.51221,47.32619],[8.51253,47.32623],[8.51242,47.32704],[8.5131,47.3272],[8.51338,47.32516],[8.51414,47.32487],[8.51569,47.32498],[8.51566,47.32523],[8.51724,47.3252],[8.51747,47.32457],[8.51738,47.3241],[8.51717,47.32399],[8.51555,47.32358],[8.5154,47.3237],[8.51492,47.3234],[8.51306,47.32356],[8.51295,47.32467],[8.51241,47.32475],[8.51209,47.32468],[8.51182,47.32431],[8.51113,47.32382],[8.51037,47.32367],[8.50921,47.32368],[8.50912,47.32461]]]}},{"type":"Feature","properties":{"massnahmengebiet":"MG 3 - Empfehlung","klasse":"3"},"geometry":{"type":"Polygon","coordinates":[[[8.52891,47.32724],[8.52939,47.32731],[8.52942,47.3269],[8.529,47.32701],[8.52891,47.32724]]]}},{"type":"Feature","properties":{"massnahmengebiet":"MG 3 - Empfehlung","klasse":"3"},"geometry":{"type":"Polygon","coordinates":[[[8.51289,47.3279],[8.51322,47.32788],[8.51321,47.32768],[8.51336,47.32758],[8.51295,47.32755],[8.51289,47.3279]]]}},{"type":"Feature","properties":{"massnahmengebiet":"MG 3 - Empfehlung","klasse":"3"},"geometry":{"type":"Polygon","coordinates":[[[8.51719,47.32894],[8.51746,47.32906],[8.51781,47.32866],[8.51762,47.32857],[8.51743,47.32864],[8.51719,47.32894]]]}},{"type":"Feature","properties":{"massnahmengebiet":"MG 3 - Empfehlung","klasse":"3"},"geometry":{"type":"Polygon","coordinates":[[[8.51111,47.32919],[8.51134,47.32952],[8.51174,47.33056],[8.51137,47.33063],[8.51275,47.33234],[8.51331,47.33217],[8.51423,47.33217],[8.51616,47.33168],[8.51629,47.33162],[8.5162,47.3315],[8.51658,47.33147],[8.5165,47.33071],[8.51576,47.33079],[8.51561,47.33057],[8.51444,47.3309],[8.51412,47.33059],[8.5139,47.33001],[8.51293,47.32997],[8.51293,47.32926],[8.5128,47.32855],[8.51378,47.32899],[8.51413,47.32887],[8.51422,47.32907],[8.51461,47.32905],[8.51449,47.32847],[8.51485,47.32839],[8.5151,47.3281],[8.51446,47.32789],[8.51388,47.32782],[8.51394,47.32817],[8.51192,47.3282],[8.51173,47.32861],[8.51254,47.32857],[8.51266,47.32874],[8.51253,47.3288],[8.51269,47.3288],[8.51279,47.32894],[8.51169,47.32928],[8.51153,47.32907],[8.51111,47.32919]]]}},{"type":"Feature","properties":{"massnahmengebiet":"MG 3 - Empfehlung","klasse":"3"},"geometry":{"type":"Polygon","coordinates":[[[8.51238,47.33311],[8.51239,47.33354],[8.51291,47.33352],[8.51258,47.33316],[8.51238,47.33311]]]}},{"type":"Feature","properties":{"massnahmengebiet":"MG 3 - Empfehlung","klasse":"3"},"geometry":{"type":"Polygon","coordinates":[[[8.51192,47.33416],[8.51204,47.33439],[8.51253,47.33427],[8.5125,47.33407],[8.51192,47.33416]]]}},{"type":"Feature","properties":{"massnahmengebiet":"MG 3 - Empfehlung","klasse":"3"},"geometry":{"type":"Polygon","coordinates":[[[8.57802,47.38613],[8.57913,47.38672],[8.5793,47.38662],[8.57918,47.38626],[8.57867,47.38565],[8.57802,47.38613]]]}},{"type":"Feature","properties":{"massnahmengebiet":"MG 3 - Empfehlung","klasse":"3"},"geometry":{"type":"Polygon","coordinates":[[[8.47143,47.39464],[8.47158,47.39496],[8.47195,47.39514],[8.4724,47.39517],[8.47301,47.39507],[8.47239,47.39379],[8.47199,47.39396],[8.47209,47.39408],[8.47154,47.3943],[8.47158,47.39436],[8.47143,47.39464]]]}},{"type":"Feature","properties":{"massnahmengebiet":"MG 3 - Empfehlung","klasse":"3"},"geometry":{"type":"Polygon","coordinates":[[[8.58168,47.39724],[8.58186,47.39743],[8.5817,47.39752],[8.58201,47.39777],[8.58235,47.39756],[8.58208,47.3973],[8.58233,47.39717],[8.58338,47.39794],[8.5834,47.39822],[8.58393,47.39853],[8.58334,47.39887],[8.58384,47.39927],[8.58551,47.39841],[8.58577,47.39913],[8.58614,47.39889],[8.5864,47.39931],[8.58647,47.39963],[8.58698,47.3994],[8.5874,47.39933],[8.58746,47.39949],[8.58823,47.39923],[8.58798,47.39901],[8.58795,47.39853],[8.5886,47.39825],[8.58926,47.39834],[8.58911,47.3982],[8.58918,47.39767],[8.58906,47.39739],[8.58891,47.39728],[8.58884,47.39674],[8.58839,47.39684],[8.58723,47.3967],[8.58624,47.39731],[8.5866,47.39755],[8.58583,47.39813],[8.58543,47.3983],[8.58291,47.39682],[8.58266,47.39695],[8.5824,47.39673],[8.58168,47.39724]]]}},{"type":"Feature","properties":{"massnahmengebiet":"MG 3 - Empfehlung","klasse":"3"},"geometry":{"type":"Polygon","coordinates":[[[8.50929,47.39892],[8.50981,47.39894],[8.50984,47.39908],[8.51069,47.39974],[8.51064,47.39981],[8.51121,47.39957],[8.51114,47.3995],[8.51138,47.3994],[8.5125,47.39911],[8.51434,47.39913],[8.51498,47.39795],[8.51268,47.39773],[8.51091,47.39793],[8.5112,47.39833],[8.50968,47.39867],[8.50929,47.39892]]]}},{"type":"Feature","properties":{"massnahmengebiet":"MG 3 - Empfehlung","klasse":"3"},"geometry":{"type":"Polygon","coordinates":[[[8.57208,47.4001],[8.57234,47.40022],[8.57289,47.3994],[8.57317,47.39914],[8.57286,47.39906],[8.57272,47.39872],[8.57248,47.39883],[8.57232,47.39923],[8.57238,47.39927],[8.57216,47.39939],[8.57236,47.3995],[8.57209,47.39977],[8.57224,47.39985],[8.57208,47.4001]]]}},{"type":"Feature","properties":{"massnahmengebiet":"MG 3 - Empfehlung","klasse":"3"},"geometry":{"type":"Polygon","coordinates":[[[8.52014,47.3457],[8.52037,47.34635],[8.52077,47.34688],[8.52105,47.34671],[8.52104,47.34662],[8.52123,47.34657],[8.52014,47.3457]]]}},{"type":"Feature","properties":{"massnahmengebiet":"MG 3 - Empfehlung","klasse":"3"},"geometry":{"type":"Polygon","coordinates":[[[8.49416,47.34784],[8.49443,47.34804],[8.49519,47.34746],[8.49546,47.34747],[8.49606,47.34691],[8.49518,47.34687],[8.49502,47.34701],[8.49479,47.34752],[8.49416,47.34784]]]}},{"type":"Feature","properties":{"massnahmengebiet":"MG 3 - Empfehlung","klasse":"3"},"geometry":{"type":"Polygon","coordinates":[[[8.51724,47.39972],[8.51764,47.40015],[8.51865,47.4003],[8.51904,47.40011],[8.51905,47.39985],[8.52078,47.39961],[8.52306,47.39887],[8.52562,47.39879],[8.52934,47.39786],[8.53075,47.39791],[8.53054,47.39844],[8.53117,47.39854],[8.5313,47.39816],[8.53155,47.39829],[8.53225,47.39839],[8.53237,47.39802],[8.53226,47.39768],[8.53038,47.39709],[8.52954,47.39736],[8.52768,47.39717],[8.52666,47.3976],[8.52514,47.39791],[8.52463,47.39659],[8.52388,47.39675],[8.52391,47.39692],[8.52217,47.39704],[8.52129,47.3972],[8.51886,47.39785],[8.51843,47.39804],[8.51793,47.39852],[8.51838,47.39862],[8.51824,47.39888],[8.51769,47.39916],[8.51724,47.39972]]]}},{"type":"Feature","properties":{"massnahmengebiet":"MG 3 - Empfehlung","klasse":"3"},"geometry":{"type":"Polygon","coordinates":[[[8.51485,47.39989],[8.51505,47.39995],[8.51492,47.40016],[8.5152,47.40029],[8.51539,47.40035],[8.51546,47.40026],[8.51625,47.40055],[8.51652,47.40047],[8.51684,47.40062],[8.51628,47.40008],[8.51514,47.39977],[8.51494,47.39977],[8.51485,47.39989]]]}},{"type":"Feature","properties":{"massnahmengebiet":"MG 3 - Empfehlung","klasse":"3"},"geometry":{"type":"Polygon","coordinates":[[[8.57556,47.40053],[8.57592,47.40105],[8.57711,47.40049],[8.57656,47.40006],[8.57556,47.40053]]]}},{"type":"Feature","properties":{"massnahmengebiet":"MG 3 - Empfehlung","klasse":"3"},"geometry":{"type":"Polygon","coordinates":[[[8.56871,47.40158],[8.56915,47.4018],[8.56948,47.40179],[8.56973,47.4016],[8.5702,47.40079],[8.57009,47.4007],[8.56871,47.40158]]]}},{"type":"Feature","properties":{"massnahmengebiet":"MG 3 - Empfehlung","klasse":"3"},"geometry":{"type":"Polygon","coordinates":[[[8.50674,47.40254],[8.50718,47.40271],[8.50774,47.40217],[8.50728,47.40193],[8.50703,47.40211],[8.50674,47.40254]]]}},{"type":"Feature","properties":{"massnahmengebiet":"MG 3 - Empfehlung","klasse":"3"},"geometry":{"type":"Polygon","coordinates":[[[8.52118,47.34354],[8.52125,47.34394],[8.52276,47.34358],[8.52297,47.34387],[8.52391,47.34352],[8.52403,47.34337],[8.52453,47.34351],[8.52469,47.34096],[8.52306,47.34092],[8.5237,47.34152],[8.52259,47.34202],[8.52246,47.34195],[8.52208,47.34297],[8.52118,47.34354]]]}},{"type":"Feature","properties":{"massnahmengebiet":"MG 3 - Empfehlung","klasse":"3"},"geometry":{"type":"Polygon","coordinates":[[[8.56648,47.3496],[8.56728,47.34985],[8.56752,47.34957],[8.56741,47.3495],[8.5679,47.34839],[8.56828,47.34848],[8.56854,47.34811],[8.56925,47.34834],[8.56968,47.34759],[8.56845,47.34712],[8.56752,47.34824],[8.56717,47.34814],[8.56662,47.34888],[8.56687,47.34902],[8.56648,47.3496]]]}},{"type":"Feature","properties":{"massnahmengebiet":"MG 3 - Empfehlung","klasse":"3"},"geometry":{"type":"Polygon","coordinates":[[[8.50487,47.35147],[8.50496,47.35163],[8.50489,47.35176],[8.5052,47.35182],[8.50575,47.35133],[8.50559,47.35128],[8.50488,47.35138],[8.50487,47.35147]]]}},{"type":"Feature","properties":{"massnahmengebiet":"MG 3 - Empfehlung","klasse":"3"},"geometry":{"type":"Polygon","coordinates":[[[8.51166,47.35166],[8.51193,47.35201],[8.51239,47.35157],[8.51228,47.35142],[8.51166,47.35166]]]}},{"type":"Feature","properties":{"massnahmengebiet":"MG 3 - Empfehlung","klasse":"3"},"geometry":{"type":"Polygon","coordinates":[[[8.60189,47.35086],[8.60192,47.351],[8.60263,47.35102],[8.60295,47.3512],[8.60291,47.35102],[8.60283,47.35102],[8.60289,47.35085],[8.60205,47.35073],[8.60189,47.35086]]]}},{"type":"Feature","properties":{"massnahmengebiet":"MG 3 - Empfehlung","klasse":"3"},"geometry":{"type":"Polygon","coordinates":[[[8.52388,47.35242],[8.52444,47.35272],[8.52467,47.35262],[8.52473,47.35226],[8.52464,47.35183],[8.52388,47.35242]]]}},{"type":"Feature","properties":{"massnahmengebiet":"MG 3 - Empfehlung","klasse":"3"},"geometry":{"type":"Polygon","coordinates":[[[8.50033,47.35284],[8.50092,47.35308],[8.50101,47.35293],[8.50173,47.35274],[8.50098,47.35246],[8.5008,47.35261],[8.5005,47.35267],[8.50033,47.35284]]]}},{"type":"Feature","properties":{"massnahmengebiet":"MG 3 - Empfehlung","klasse":"3"},"geometry":{"type":"Polygon","coordinates":[[[8.57276,47.35798],[8.57301,47.35812],[8.57383,47.35831],[8.57377,47.35821],[8.5742,47.35781],[8.57368,47.35743],[8.57276,47.35798]]]}},{"type":"Feature","properties":{"massnahmengebiet":"MG 3 - Empfehlung","klasse":"3"},"geometry":{"type":"Polygon","coordinates":[[[8.58011,47.35115],[8.58059,47.35144],[8.58203,47.35184],[8.58265,47.35181],[8.58285,47.35208],[8.58344,47.35196],[8.58427,47.35233],[8.58557,47.35216],[8.58463,47.35141],[8.58418,47.35129],[8.58439,47.35116],[8.58423,47.35113],[8.584,47.35084],[8.58349,47.35104],[8.58336,47.35087],[8.58229,47.35101],[8.58085,47.35092],[8.58074,47.3511],[8.58011,47.35115]]]}},{"type":"Feature","properties":{"massnahmengebiet":"MG 3 - Empfehlung","klasse":"3"},"geometry":{"type":"Polygon","coordinates":[[[8.60026,47.35238],[8.6009,47.35223],[8.60087,47.35211],[8.60059,47.3521],[8.60026,47.35238]]]}},{"type":"Feature","properties":{"massnahmengebiet":"MG 3 - Empfehlung","klasse":"3"},"geometry":{"type":"Polygon","coordinates":[[[8.5727,47.35081],[8.5739,47.35101],[8.57519,47.35136],[8.57564,47.35059],[8.57526,47.35049],[8.57547,47.35021],[8.57495,47.35008],[8.57473,47.35044],[8.5745,47.35037],[8.57467,47.34994],[8.57599,47.34978],[8.57735,47.35015],[8.57646,47.3521],[8.57629,47.35271],[8.57756,47.35293],[8.57793,47.35229],[8.57828,47.35191],[8.57885,47.35152],[8.57956,47.35121],[8.57937,47.35091],[8.57949,47.3507],[8.57764,47.35021],[8.57748,47.35005],[8.57783,47.3493],[8.57812,47.34901],[8.57873,47.34902],[8.579,47.34892],[8.57852,47.34873],[8.57828,47.34888],[8.57787,47.34865],[8.57687,47.34878],[8.57683,47.34914],[8.57673,47.34923],[8.57582,47.3491],[8.57485,47.34945],[8.57403,47.34928],[8.57353,47.34903],[8.57317,47.34921],[8.57341,47.3495],[8.57341,47.3497],[8.5727,47.35081]]]}},{"type":"Feature","properties":{"massnahmengebiet":"MG 3 - Empfehlung","klasse":"3"},"geometry":{"type":"Polygon","coordinates":[[[8.48948,47.35309],[8.48964,47.35387],[8.48995,47.3543],[8.49001,47.35428],[8.49005,47.35408],[8.48983,47.35339],[8.4899,47.35302],[8.48948,47.35309]]]}},{"type":"Feature","properties":{"massnahmengebiet":"MG 3 - Empfehlung","klasse":"3"},"geometry":{"type":"Polygon","coordinates":[[[8.52374,47.35447],[8.52384,47.35456],[8.52398,47.35434],[8.52386,47.35429],[8.52374,47.35447]]]}},{"type":"Feature","properties":{"massnahmengebiet":"MG 3 - Empfehlung","klasse":"3"},"geometry":{"type":"Polygon","coordinates":[[[8.57776,47.35357],[8.57811,47.35359],[8.57808,47.35388],[8.57868,47.35396],[8.57863,47.35417],[8.579,47.35418],[8.57926,47.35401],[8.57935,47.35371],[8.57967,47.35349],[8.5791,47.35316],[8.57995,47.35294],[8.58023,47.35304],[8.58075,47.35294],[8.58195,47.35301],[8.58258,47.35286],[8.58263,47.35266],[8.58195,47.35201],[8.58003,47.35273],[8.57878,47.35296],[8.57788,47.35295],[8.57776,47.35357]]]}},{"type":"Feature","properties":{"massnahmengebiet":"MG 3 - Empfehlung","klasse":"3"},"geometry":{"type":"Polygon","coordinates":[[[8.57722,47.35614],[8.5776,47.35639],[8.57794,47.35611],[8.57757,47.35594],[8.57722,47.35614]]]}},{"type":"Feature","properties":{"massnahmengebiet":"MG 3 - Empfehlung","klasse":"3"},"geometry":{"type":"Polygon","coordinates":[[[8.5962,47.35351],[8.5975,47.35452],[8.59866,47.35415],[8.60126,47.35384],[8.60139,47.35455],[8.60158,47.3546],[8.60254,47.35427],[8.60325,47.35491],[8.60239,47.35561],[8.60276,47.35559],[8.60294,47.35625],[8.60499,47.35589],[8.60504,47.35598],[8.60569,47.35589],[8.60562,47.3554],[8.6054,47.35541],[8.60534,47.35492],[8.60476,47.35502],[8.60449,47.35429],[8.60201,47.35343],[8.60208,47.35335],[8.60192,47.35323],[8.6014,47.35298],[8.59679,47.3533],[8.5962,47.35351]]]}},{"type":"Feature","properties":{"massnahmengebiet":"MG 3 - Empfehlung","klasse":"3"},"geometry":{"type":"Polygon","coordinates":[[[8.49681,47.35861],[8.49708,47.35896],[8.49734,47.35881],[8.4976,47.3588],[8.49763,47.35889],[8.49803,47.35901],[8.49864,47.35864],[8.49809,47.35842],[8.49822,47.35831],[8.49905,47.35839],[8.49923,47.35824],[8.49856,47.35797],[8.49849,47.35805],[8.49807,47.35772],[8.49716,47.35824],[8.49726,47.35844],[8.4972,47.35848],[8.49692,47.35848],[8.49681,47.35861]]]}},{"type":"Feature","properties":{"massnahmengebiet":"MG 3 - Empfehlung","klasse":"3"},"geometry":{"type":"Polygon","coordinates":[[[8.57251,47.35817],[8.57263,47.35831],[8.57282,47.35821],[8.57274,47.35814],[8.57251,47.35817]]]}},{"type":"Feature","properties":{"massnahmengebiet":"MG 3 - Empfehlung","klasse":"3"},"geometry":{"type":"Polygon","coordinates":[[[8.50772,47.4279],[8.50848,47.4282],[8.50933,47.42818],[8.50926,47.42767],[8.50845,47.4278],[8.50783,47.42769],[8.50772,47.4279]]]}},{"type":"Feature","properties":{"massnahmengebiet":"MG 3 - Empfehlung","klasse":"3"},"geometry":{"type":"Polygon","coordinates":[[[8.57682,47.35779],[8.57751,47.35808],[8.57837,47.35702],[8.5792,47.35638],[8.57998,47.35561],[8.58118,47.35607],[8.58014,47.357],[8.58039,47.35712],[8.58122,47.35706],[8.5823,47.35599],[8.58222,47.35647],[8.58144,47.35753],[8.5825,47.35815],[8.58282,47.35827],[8.58372,47.35831],[8.58372,47.35798],[8.58543,47.35807],[8.58614,47.35699],[8.58579,47.3568],[8.58594,47.35659],[8.58552,47.35642],[8.58576,47.35615],[8.58609,47.35596],[8.58598,47.35587],[8.58684,47.35554],[8.58834,47.35528],[8.58856,47.35496],[8.58785,47.35477],[8.58488,47.35473],[8.58454,47.35453],[8.58415,47.35449],[8.58379,47.35423],[8.58332,47.35451],[8.582,47.35491],[8.58226,47.35518],[8.58222,47.35524],[8.58191,47.35495],[8.58151,47.35491],[8.58138,47.35512],[8.58113,47.35526],[8.5807,47.35516],[8.58029,47.35535],[8.57958,47.35511],[8.57894,47.35594],[8.57886,47.35591],[8.57868,47.35629],[8.57712,47.35721],[8.57719,47.35726],[8.57682,47.35779]]]}},{"type":"Feature","properties":{"massnahmengebiet":"MG 3 - Empfehlung","klasse":"3"},"geometry":{"type":"Polygon","coordinates":[[[8.52786,47.35714],[8.52833,47.35719],[8.52832,47.35743],[8.52938,47.35744],[8.52937,47.35768],[8.5287,47.359],[8.53134,47.35954],[8.5315,47.35823],[8.53213,47.35825],[8.53211,47.35834],[8.53268,47.3584],[8.53264,47.35862],[8.53437,47.35883],[8.53461,47.3566],[8.53419,47.35517],[8.5349,47.35506],[8.53555,47.35529],[8.53596,47.3552],[8.53596,47.35501],[8.53609,47.35501],[8.53601,47.3533],[8.53577,47.35157],[8.53583,47.35076],[8.53563,47.34988],[8.5358,47.34954],[8.53609,47.3493],[8.53641,47.34951],[8.53618,47.34988],[8.53636,47.35007],[8.53663,47.34999],[8.53696,47.34959],[8.53681,47.3494],[8.53643,47.34949],[8.53611,47.34927],[8.53622,47.34903],[8.53608,47.34886],[8.53497,47.34869],[8.53529,47.34704],[8.53448,47.34698],[8.53447,47.34873],[8.53399,47.34873],[8.53345,47.35191],[8.5321,47.35209],[8.53222,47.35335],[8.53271,47.35334],[8.53282,47.35417],[8.53258,47.35418],[8.53278,47.35453],[8.53281,47.35489],[8.53247,47.35564],[8.53229,47.35574],[8.53219,47.35626],[8.53222,47.35665],[8.53131,47.3559],[8.53112,47.35515],[8.53042,47.3552],[8.52939,47.35551],[8.52837,47.35562],[8.52796,47.35654],[8.52786,47.35714]]]}},{"type":"Feature","properties":{"massnahmengebiet":"MG 3 - Empfehlung","klasse":"3"},"geometry":{"type":"Polygon","coordinates":[[[8.4914,47.42783],[8.49214,47.42876],[8.49244,47.42862],[8.4918,47.42775],[8.4914,47.42783]]]}},{"type":"Feature","properties":{"massnahmengebiet":"MG 3 - Empfehlung","klasse":"3"},"geometry":{"type":"Polygon","coordinates":[[[8.54711,47.35795],[8.54722,47.35805],[8.54716,47.35873],[8.54725,47.35928],[8.54791,47.35941],[8.54812,47.35887],[8.55008,47.35616],[8.55131,47.35662],[8.55238,47.35514],[8.55295,47.35446],[8.55338,47.35412],[8.55448,47.35352],[8.55622,47.35313],[8.55701,47.3528],[8.55779,47.35236],[8.55823,47.35199],[8.55824,47.35178],[8.55808,47.35162],[8.55789,47.35161],[8.55634,47.35227],[8.55567,47.35233],[8.55566,47.35244],[8.55523,47.35258],[8.5549,47.35238],[8.55417,47.35252],[8.5534,47.35251],[8.55339,47.3526],[8.55293,47.3527],[8.55222,47.35264],[8.55125,47.35271],[8.5509,47.35287],[8.55074,47.35282],[8.55083,47.35291],[8.55071,47.353],[8.55045,47.35294],[8.55037,47.35303],[8.55053,47.35317],[8.55027,47.35342],[8.55063,47.35429],[8.54961,47.3556],[8.54932,47.35574],[8.549,47.35643],[8.54785,47.35782],[8.54726,47.3578],[8.54711,47.35795]]]}},{"type":"Feature","properties":{"massnahmengebiet":"MG 3 - Empfehlung","klasse":"3"},"geometry":{"type":"Polygon","coordinates":[[[8.55805,47.3592],[8.55983,47.35962],[8.56131,47.35957],[8.56177,47.35974],[8.56185,47.35996],[8.56325,47.35961],[8.56408,47.35974],[8.56514,47.35957],[8.56598,47.35964],[8.56609,47.3594],[8.56653,47.35903],[8.56647,47.35892],[8.56673,47.35871],[8.56663,47.3586],[8.56722,47.35813],[8.56784,47.35802],[8.56801,47.35815],[8.56898,47.35777],[8.56902,47.35762],[8.56917,47.35757],[8.56944,47.35773],[8.57108,47.35722],[8.57138,47.35722],[8.57025,47.35765],[8.57018,47.35776],[8.57158,47.35801],[8.57245,47.35747],[8.57252,47.3569],[8.57212,47.35674],[8.57178,47.35724],[8.57035,47.35671],[8.56981,47.35728],[8.56911,47.35734],[8.5684,47.35728],[8.56608,47.35666],[8.56611,47.35534],[8.56563,47.3552],[8.56564,47.35509],[8.56543,47.35511],[8.56543,47.355],[8.56641,47.35384],[8.56761,47.35309],[8.568,47.35345],[8.5682,47.35381],[8.5684,47.35386],[8.56829,47.35442],[8.56837,47.35485],[8.56809,47.35518],[8.56798,47.35556],[8.56811,47.35556],[8.56841,47.3551],[8.56871,47.35548],[8.56903,47.3553],[8.56968,47.35555],[8.56975,47.35563],[8.56948,47.35612],[8.5704,47.3565],[8.57116,47.35572],[8.57189,47.35519],[8.57205,47.35489],[8.57199,47.35405],[8.57083,47.35392],[8.57075,47.3543],[8.57047,47.35428],[8.57027,47.35467],[8.56939,47.35472],[8.56937,47.35491],[8.5684,47.35481],[8.56885,47.35242],[8.56947,47.35201],[8.56844,47.35144],[8.56663,47.35173],[8.56713,47.35245],[8.5667,47.35262],[8.56647,47.35233],[8.56581,47.3527],[8.56555,47.35242],[8.56605,47.35214],[8.56629,47.35188],[8.56589,47.35151],[8.56584,47.35133],[8.56527,47.35132],[8.56443,47.35222],[8.56401,47.3516],[8.56334,47.35142],[8.56305,47.3519],[8.56186,47.35333],[8.56158,47.35392],[8.56142,47.35511],[8.56263,47.3551],[8.56315,47.35521],[8.56256,47.3562],[8.56344,47.35642],[8.56332,47.35746],[8.56275,47.35807],[8.5621,47.35856],[8.56141,47.35843],[8.56095,47.3581],[8.56142,47.3574],[8.56146,47.35707],[8.56039,47.35651],[8.55805,47.3592]]]}},{"type":"Feature","properties":{"massnahmengebiet":"MG 3 - Empfehlung","klasse":"3"},"geometry":{"type":"Polygon","coordinates":[[[8.62158,47.35949],[8.62192,47.35956],[8.62166,47.35937],[8.62158,47.35949]]]}},{"type":"Feature","properties":{"massnahmengebiet":"MG 3 - Empfehlung","klasse":"3"},"geometry":{"type":"Polygon","coordinates":[[[8.57635,47.36169],[8.57654,47.36174],[8.57664,47.3616],[8.5765,47.36152],[8.57635,47.36169]]]}},{"type":"Feature","properties":{"massnahmengebiet":"MG 3 - Empfehlung","klasse":"3"},"geometry":{"type":"Polygon","coordinates":[[[8.5,47.36195],[8.50049,47.36283],[8.50135,47.36264],[8.50217,47.36231],[8.50254,47.36207],[8.50227,47.36189],[8.50279,47.36145],[8.50323,47.3617],[8.50465,47.36049],[8.50601,47.3612],[8.50758,47.3594],[8.50671,47.35901],[8.50797,47.35759],[8.50885,47.35794],[8.50908,47.35765],[8.50757,47.35704],[8.50732,47.35706],[8.50752,47.35718],[8.50744,47.3573],[8.50607,47.35679],[8.50491,47.35816],[8.50483,47.35812],[8.50388,47.35911],[8.50316,47.35971],[8.50309,47.35968],[8.50228,47.36048],[8.50178,47.36083],[8.50169,47.36078],[8.5,47.36195]]]}},{"type":"Feature","properties":{"massnahmengebiet":"MG 3 - Empfehlung","klasse":"3"},"geometry":{"type":"Polygon","coordinates":[[[8.49478,47.36307],[8.49558,47.36358],[8.49656,47.36276],[8.49694,47.36261],[8.49656,47.36241],[8.49609,47.36243],[8.49585,47.36232],[8.49478,47.36307]]]}},{"type":"Feature","properties":{"massnahmengebiet":"MG 3 - Empfehlung","klasse":"3"},"geometry":{"type":"Polygon","coordinates":[[[8.57476,47.35842],[8.57506,47.35854],[8.57521,47.35872],[8.57583,47.35891],[8.57578,47.35932],[8.57603,47.35957],[8.57582,47.36006],[8.57587,47.36019],[8.57657,47.36038],[8.57635,47.36081],[8.57627,47.36128],[8.5767,47.36155],[8.57671,47.36175],[8.5766,47.3618],[8.57648,47.36218],[8.57707,47.36214],[8.57698,47.36251],[8.57739,47.36264],[8.57748,47.36265],[8.57761,47.36242],[8.5779,47.36249],[8.578,47.36232],[8.5793,47.36168],[8.58046,47.36135],[8.58164,47.36112],[8.58169,47.36104],[8.58251,47.3613],[8.58392,47.36136],[8.58398,47.36102],[8.58452,47.36106],[8.58468,47.36078],[8.58478,47.36076],[8.58506,47.36078],[8.58495,47.36145],[8.58704,47.36135],[8.58788,47.36145],[8.58899,47.36183],[8.58936,47.3616],[8.59086,47.36175],[8.59146,47.36156],[8.59295,47.36058],[8.59336,47.36042],[8.59426,47.36046],[8.5943,47.35997],[8.59358,47.35981],[8.59329,47.35964],[8.59412,47.35885],[8.59497,47.35856],[8.59539,47.35816],[8.5953,47.35715],[8.59573,47.35707],[8.5955,47.35668],[8.59657,47.3563],[8.59696,47.35657],[8.59732,47.35633],[8.59761,47.35656],[8.59703,47.35691],[8.59765,47.35706],[8.59829,47.35601],[8.59872,47.35627],[8.6001,47.35558],[8.59976,47.35528],[8.59952,47.35543],[8.5991,47.35515],[8.59921,47.35502],[8.59851,47.35481],[8.59631,47.35619],[8.59557,47.35634],[8.59546,47.35593],[8.59413,47.35574],[8.59325,47.35573],[8.59263,47.35493],[8.59084,47.35546],[8.5877,47.35578],[8.58781,47.35605],[8.58845,47.35671],[8.58767,47.35743],[8.58834,47.35769],[8.58879,47.35716],[8.58939,47.35738],[8.58849,47.35826],[8.58876,47.35833],[8.58852,47.35866],[8.58784,47.35854],[8.58743,47.35913],[8.58647,47.35903],[8.58617,47.35964],[8.58823,47.3597],[8.58964,47.35992],[8.5893,47.36105],[8.58687,47.36077],[8.58704,47.35975],[8.58547,47.35967],[8.58496,47.35948],[8.58486,47.35924],[8.58523,47.35841],[8.58454,47.3584],[8.58354,47.35971],[8.58319,47.3596],[8.58375,47.35887],[8.58351,47.35878],[8.58329,47.35887],[8.58294,47.35875],[8.57993,47.36004],[8.58024,47.35957],[8.58282,47.35835],[8.58035,47.35833],[8.5792,47.35856],[8.5782,47.35849],[8.57746,47.35831],[8.57746,47.35842],[8.5772,47.35872],[8.57719,47.35898],[8.57686,47.35884],[8.57676,47.35896],[8.57711,47.3592],[8.57802,47.35947],[8.57912,47.36024],[8.57872,47.36039],[8.57791,47.35981],[8.57699,47.35944],[8.57624,47.35888],[8.57664,47.35851],[8.57691,47.3584],[8.5769,47.35831],[8.57647,47.35831],[8.5762,47.35844],[8.57588,47.35817],[8.57534,47.35806],[8.57523,47.35823],[8.57533,47.3583],[8.57492,47.35827],[8.57476,47.35842]]]}},{"type":"Feature","properties":{"massnahmengebiet":"MG 3 - Empfehlung","klasse":"3"},"geometry":{"type":"Polygon","coordinates":[[[8.48545,47.3682],[8.48575,47.3686],[8.48603,47.36838],[8.48582,47.36812],[8.48545,47.3682]]]}},{"type":"Feature","properties":{"massnahmengebiet":"MG 3 - Empfehlung","klasse":"3"},"geometry":{"type":"Polygon","coordinates":[[[8.54991,47.42645],[8.55002,47.42761],[8.55015,47.4276],[8.55004,47.42802],[8.55046,47.42823],[8.55063,47.42813],[8.55081,47.42758],[8.5507,47.42658],[8.54991,47.42645]]]}},{"type":"Feature","properties":{"massnahmengebiet":"MG 3 - Empfehlung","klasse":"3"},"geometry":{"type":"Polygon","coordinates":[[[8.59487,47.35962],[8.59618,47.35992],[8.59607,47.36007],[8.59686,47.36031],[8.59678,47.36046],[8.59723,47.36102],[8.59776,47.36205],[8.59889,47.36268],[8.60046,47.36206],[8.60158,47.36219],[8.60194,47.36181],[8.60219,47.36122],[8.60235,47.36124],[8.60246,47.36074],[8.60273,47.36038],[8.6018,47.36019],[8.60184,47.36011],[8.59883,47.35909],[8.59913,47.35878],[8.60023,47.35818],[8.59925,47.35731],[8.59883,47.35745],[8.59834,47.35743],[8.59793,47.35724],[8.59689,47.35764],[8.5955,47.35844],[8.59487,47.35962]]]}},{"type":"Feature","properties":{"massnahmengebiet":"MG 3 - Empfehlung","klasse":"3"},"geometry":{"type":"Polygon","coordinates":[[[8.46792,47.36539],[8.46808,47.36565],[8.46884,47.36556],[8.46889,47.36569],[8.46921,47.36566],[8.46921,47.36552],[8.46971,47.36537],[8.46932,47.3654],[8.46923,47.36508],[8.46904,47.36506],[8.46863,47.3651],[8.46792,47.36539]]]}},{"type":"Feature","properties":{"massnahmengebiet":"MG 3 - Empfehlung","klasse":"3"},"geometry":{"type":"Polygon","coordinates":[[[8.46559,47.36638],[8.46579,47.36644],[8.46606,47.3662],[8.46613,47.36612],[8.46596,47.36605],[8.46609,47.36592],[8.46559,47.36638]]]}},{"type":"Feature","properties":{"massnahmengebiet":"MG 3 - Empfehlung","klasse":"3"},"geometry":{"type":"Polygon","coordinates":[[[8.58954,47.36501],[8.58962,47.36532],[8.59039,47.36587],[8.5907,47.36648],[8.59054,47.36663],[8.59082,47.36672],[8.59095,47.36697],[8.59198,47.36667],[8.5924,47.36633],[8.59248,47.3661],[8.59262,47.36608],[8.59256,47.36591],[8.59246,47.36593],[8.59235,47.36597],[8.59242,47.36614],[8.59205,47.36623],[8.59198,47.36601],[8.59154,47.36557],[8.5916,47.36525],[8.59287,47.3653],[8.59434,47.36557],[8.59449,47.36536],[8.59649,47.36557],[8.59653,47.36534],[8.59784,47.36543],[8.59796,47.36465],[8.5981,47.36465],[8.59815,47.36434],[8.59869,47.36439],[8.59878,47.36388],[8.59767,47.36214],[8.59757,47.36224],[8.59718,47.36183],[8.59553,47.36138],[8.59498,47.36082],[8.59426,47.36046],[8.59435,47.36067],[8.59425,47.36086],[8.59434,47.36094],[8.59305,47.36228],[8.59308,47.3626],[8.59322,47.36267],[8.59265,47.36275],[8.59229,47.36266],[8.59193,47.36279],[8.5919,47.36317],[8.59263,47.36321],[8.59257,47.36344],[8.58951,47.3635],[8.59015,47.36503],[8.58954,47.36501]]]}},{"type":"Feature","properties":{"massnahmengebiet":"MG 3 - Empfehlung","klasse":"3"},"geometry":{"type":"Polygon","coordinates":[[[8.57899,47.36736],[8.57907,47.36748],[8.57901,47.36758],[8.5793,47.36773],[8.57952,47.36748],[8.57942,47.36722],[8.57929,47.36717],[8.57899,47.36736]]]}},{"type":"Feature","properties":{"massnahmengebiet":"MG 3 - Empfehlung","klasse":"3"},"geometry":{"type":"Polygon","coordinates":[[[8.48204,47.36912],[8.4824,47.36945],[8.48396,47.3689],[8.48374,47.36861],[8.48383,47.36854],[8.48204,47.36912]]]}},{"type":"Feature","properties":{"massnahmengebiet":"MG 3 - Empfehlung","klasse":"3"},"geometry":{"type":"Polygon","coordinates":[[[8.47037,47.37119],[8.47073,47.3715],[8.47103,47.37128],[8.47053,47.37099],[8.47037,47.37119]]]}},{"type":"Feature","properties":{"massnahmengebiet":"MG 3 - Empfehlung","klasse":"3"},"geometry":{"type":"Polygon","coordinates":[[[8.48119,47.37215],[8.4813,47.37224],[8.48164,47.37206],[8.48153,47.37197],[8.48119,47.37215]]]}},{"type":"Feature","properties":{"massnahmengebiet":"MG 3 - Empfehlung","klasse":"3"},"geometry":{"type":"Polygon","coordinates":[[[8.58298,47.37451],[8.58308,47.37477],[8.58436,47.37454],[8.58426,47.37427],[8.58298,47.37451]]]}},{"type":"Feature","properties":{"massnahmengebiet":"MG 3 - Empfehlung","klasse":"3"},"geometry":{"type":"Polygon","coordinates":[[[8.50031,47.37677],[8.50061,47.37739],[8.50702,47.37765],[8.50784,47.37782],[8.51069,47.37592],[8.51224,47.37694],[8.51319,47.37633],[8.51171,47.37523],[8.51352,47.37387],[8.51115,47.37258],[8.5101,47.37292],[8.50957,47.37256],[8.5097,47.37249],[8.50858,47.37176],[8.50473,47.37381],[8.50459,47.37402],[8.50031,47.37677]]]}},{"type":"Feature","properties":{"massnahmengebiet":"MG 3 - Empfehlung","klasse":"3"},"geometry":{"type":"Polygon","coordinates":[[[8.47777,47.37858],[8.47828,47.37896],[8.47863,47.37876],[8.47801,47.37843],[8.47777,47.37858]]]}},{"type":"Feature","properties":{"massnahmengebiet":"MG 3 - Empfehlung","klasse":"3"},"geometry":{"type":"Polygon","coordinates":[[[8.47834,47.37742],[8.47885,47.37771],[8.479,47.37759],[8.47928,47.37775],[8.47898,47.37808],[8.47939,47.37828],[8.47974,47.37802],[8.481,47.37868],[8.48171,47.37928],[8.4832,47.37808],[8.48239,47.37762],[8.48167,47.3785],[8.48127,47.37815],[8.48179,47.37755],[8.48227,47.37717],[8.4812,47.3764],[8.48162,47.37591],[8.48235,47.37536],[8.48244,47.375],[8.48237,47.37497],[8.4827,47.37482],[8.48258,47.37473],[8.48289,47.37448],[8.48256,47.37429],[8.48306,47.37402],[8.48353,47.37408],[8.48488,47.37318],[8.48607,47.37274],[8.48812,47.37173],[8.49054,47.36977],[8.48998,47.36957],[8.49013,47.36933],[8.48939,47.3691],[8.48959,47.36892],[8.49015,47.36861],[8.49197,47.3679],[8.49212,47.36759],[8.49277,47.36697],[8.49301,47.36661],[8.49387,47.36697],[8.49461,47.36639],[8.49477,47.36613],[8.49536,47.3662],[8.4956,47.3657],[8.49802,47.36614],[8.49782,47.36654],[8.49957,47.36698],[8.50082,47.36497],[8.50345,47.36498],[8.50344,47.3647],[8.5042,47.36384],[8.50356,47.36353],[8.50465,47.36248],[8.50368,47.36198],[8.50292,47.36256],[8.50205,47.36298],[8.50189,47.36277],[8.5006,47.36304],[8.50091,47.3636],[8.50241,47.3632],[8.50293,47.36297],[8.50318,47.36305],[8.50231,47.36407],[8.50231,47.36436],[8.50278,47.36438],[8.50263,47.36469],[8.502,47.3645],[8.49865,47.36262],[8.49626,47.36402],[8.49636,47.36409],[8.49547,47.36488],[8.4947,47.36487],[8.49409,47.36499],[8.4939,47.36488],[8.49398,47.36467],[8.49332,47.36443],[8.49302,47.36462],[8.49282,47.36462],[8.49227,47.36484],[8.49204,47.36506],[8.49222,47.36527],[8.49203,47.36535],[8.4923,47.36557],[8.49153,47.36585],[8.49158,47.36595],[8.48945,47.36637],[8.48839,47.36676],[8.48834,47.36688],[8.48685,47.36733],[8.48656,47.3676],[8.48636,47.36767],[8.48594,47.36759],[8.48556,47.36772],[8.48571,47.36798],[8.48648,47.36782],[8.48667,47.36794],[8.48661,47.36798],[8.48701,47.36849],[8.48785,47.36843],[8.48849,47.36817],[8.48866,47.36838],[8.48907,47.36843],[8.48871,47.36878],[8.48837,47.36885],[8.48758,47.36957],[8.48759,47.36984],[8.48696,47.36982],[8.48628,47.37042],[8.48584,47.37066],[8.48518,47.37095],[8.48501,47.37075],[8.48453,47.37095],[8.48436,47.37152],[8.48294,47.37175],[8.48282,47.37267],[8.48318,47.37271],[8.48207,47.37294],[8.48207,47.37301],[8.48272,47.37298],[8.48317,47.37285],[8.48325,47.37296],[8.48267,47.37328],[8.48249,47.37353],[8.48203,47.37337],[8.48201,47.37319],[8.48109,47.37344],[8.48057,47.37336],[8.48105,47.37373],[8.48077,47.37392],[8.48088,47.37398],[8.48065,47.37409],[8.48082,47.37446],[8.48078,47.37461],[8.48047,47.37477],[8.48072,47.37481],[8.48046,47.37537],[8.47967,47.37633],[8.47834,47.37742]]]}},{"type":"Feature","properties":{"massnahmengebiet":"MG 3 - Empfehlung","klasse":"3"},"geometry":{"type":"Polygon","coordinates":[[[8.57192,47.38124],[8.57217,47.38137],[8.57243,47.38114],[8.57217,47.38102],[8.57192,47.38124]]]}},{"type":"Feature","properties":{"massnahmengebiet":"MG 3 - Empfehlung","klasse":"3"},"geometry":{"type":"Polygon","coordinates":[[[8.47202,47.38281],[8.4723,47.38301],[8.47311,47.38248],[8.47353,47.38252],[8.47388,47.38266],[8.47353,47.38292],[8.47382,47.38313],[8.47423,47.38289],[8.47354,47.38232],[8.47407,47.38191],[8.47377,47.38174],[8.47322,47.38208],[8.47266,47.38229],[8.47294,47.38229],[8.47202,47.38281]]]}},{"type":"Feature","properties":{"massnahmengebiet":"MG 3 - Empfehlung","klasse":"3"},"geometry":{"type":"Polygon","coordinates":[[[8.48338,47.3799],[8.48342,47.38023],[8.48409,47.3802],[8.48451,47.38051],[8.48537,47.38],[8.48665,47.38191],[8.48697,47.38255],[8.48852,47.38214],[8.48768,47.38153],[8.48696,47.38006],[8.48921,47.37873],[8.49079,47.37756],[8.49066,47.37747],[8.48869,47.37863],[8.48692,47.37742],[8.48712,47.37706],[8.48609,47.37709],[8.48595,47.37794],[8.48547,47.37817],[8.48338,47.3799]]]}},{"type":"Feature","properties":{"massnahmengebiet":"MG 3 - Empfehlung","klasse":"3"},"geometry":{"type":"Polygon","coordinates":[[[8.58727,47.38244],[8.58774,47.38271],[8.58788,47.38247],[8.5883,47.38251],[8.58849,47.38233],[8.5879,47.38194],[8.58727,47.38244]]]}},{"type":"Feature","properties":{"massnahmengebiet":"MG 3 - Empfehlung","klasse":"3"},"geometry":{"type":"Polygon","coordinates":[[[8.56525,47.38214],[8.56595,47.38311],[8.56821,47.38226],[8.5677,47.38221],[8.56734,47.38173],[8.56593,47.38221],[8.56525,47.38214]]]}},{"type":"Feature","properties":{"massnahmengebiet":"MG 3 - Empfehlung","klasse":"3"},"geometry":{"type":"Polygon","coordinates":[[[8.58535,47.38265],[8.58626,47.3832],[8.58622,47.38328],[8.58566,47.38341],[8.58579,47.38367],[8.58647,47.38351],[8.58654,47.38339],[8.58686,47.38347],[8.58673,47.38375],[8.58753,47.38381],[8.58757,47.38355],[8.58836,47.3837],[8.58841,47.38341],[8.58746,47.38326],[8.58747,47.383],[8.5874,47.38296],[8.58672,47.38305],[8.58567,47.38242],[8.58535,47.38265]]]}},{"type":"Feature","properties":{"massnahmengebiet":"MG 3 - Empfehlung","klasse":"3"},"geometry":{"type":"Polygon","coordinates":[[[8.59169,47.38295],[8.59193,47.3832],[8.5922,47.38308],[8.59196,47.38282],[8.59169,47.38295]]]}},{"type":"Feature","properties":{"massnahmengebiet":"MG 3 - Empfehlung","klasse":"3"},"geometry":{"type":"Polygon","coordinates":[[[8.58404,47.38348],[8.58426,47.38368],[8.58501,47.38351],[8.58451,47.38317],[8.58404,47.38348]]]}},{"type":"Feature","properties":{"massnahmengebiet":"MG 3 - Empfehlung","klasse":"3"},"geometry":{"type":"Polygon","coordinates":[[[8.47326,47.38525],[8.47338,47.38538],[8.4745,47.38585],[8.47517,47.38546],[8.4772,47.38483],[8.48078,47.38451],[8.48037,47.38381],[8.48138,47.38319],[8.48189,47.38254],[8.48217,47.38277],[8.48309,47.38176],[8.48242,47.38141],[8.48079,47.38027],[8.47989,47.37997],[8.47914,47.3809],[8.47851,47.38144],[8.47847,47.38175],[8.47793,47.38166],[8.47781,47.38175],[8.47721,47.38137],[8.47668,47.38173],[8.47748,47.38233],[8.47764,47.38264],[8.47674,47.38358],[8.47624,47.3833],[8.47548,47.38384],[8.47517,47.38392],[8.47439,47.38458],[8.47326,47.38525]]]}},{"type":"Feature","properties":{"massnahmengebiet":"MG 3 - Empfehlung","klasse":"3"},"geometry":{"type":"Polygon","coordinates":[[[8.50621,47.35647],[8.50661,47.35664],[8.5072,47.35598],[8.50755,47.3554],[8.50786,47.35554],[8.5089,47.35408],[8.50833,47.3539],[8.50744,47.3553],[8.5072,47.35519],[8.5068,47.35583],[8.50621,47.35647]]]}},{"type":"Feature","properties":{"massnahmengebiet":"MG 2 - Tag","klasse":"2"},"geometry":{"type":"MultiPolygon","coordinates":[]}},{"type":"Feature","properties":{"massnahmengebiet":"MG 1 - Tag / Nacht","klasse":"1"},"geometry":{"type":"MultiPolygon","coordinates":[]}},{"type":"Feature","properties":{"massnahmengebiet":"MG 1 - Tag / Nacht","klasse":"1"},"geometry":{"type":"Polygon","coordinates":[[[8.54747,47.41354],[8.54767,47.41382],[8.55077,47.41407],[8.55038,47.413],[8.54768,47.41279],[8.54747,47.41354]]]}},{"type":"Feature","properties":{"massnahmengebiet":"MG 3 - Empfehlung","klasse":"3"},"geometry":{"type":"Polygon","coordinates":[[[8.51881,47.40595],[8.51923,47.40623],[8.51966,47.40601],[8.51934,47.40577],[8.51915,47.40589],[8.51902,47.40581],[8.51881,47.40595]]]}},{"type":"Feature","properties":{"massnahmengebiet":"MG 2 - Tag","klasse":"2"},"geometry":{"type":"Polygon","coordinates":[[[8.5131,47.3272],[8.5139,47.32683],[8.51474,47.32714],[8.51504,47.32695],[8.5159,47.32735],[8.51688,47.32757],[8.51681,47.32767],[8.51785,47.32807],[8.518,47.32827],[8.51799,47.32846],[8.51866,47.32766],[8.51884,47.32698],[8.51839,47.32536],[8.51792,47.32537],[8.51795,47.32555],[8.51678,47.32569],[8.5156,47.32568],[8.51547,47.32562],[8.51569,47.32498],[8.51414,47.32487],[8.51338,47.32516],[8.5131,47.3272]]]}},{"type":"Feature","properties":{"massnahmengebiet":"MG 3 - Empfehlung","klasse":"3"},"geometry":{"type":"Polygon","coordinates":[[[8.51286,47.33419],[8.51299,47.33457],[8.51317,47.33469],[8.51336,47.33401],[8.51359,47.33413],[8.51371,47.33332],[8.51367,47.33284],[8.51304,47.33289],[8.51286,47.33419]]]}},{"type":"Feature","properties":{"massnahmengebiet":"MG 3 - Empfehlung","klasse":"3"},"geometry":{"type":"Polygon","coordinates":[[[8.52613,47.35071],[8.52655,47.35126],[8.52658,47.35166],[8.52685,47.35172],[8.52729,47.35047],[8.52727,47.35031],[8.52676,47.35023],[8.52668,47.35045],[8.52613,47.35071]]]}},{"type":"Feature","properties":{"massnahmengebiet":"MG 3 - Empfehlung","klasse":"3"},"geometry":{"type":"Polygon","coordinates":[[[8.47412,47.3832],[8.47479,47.3838],[8.47502,47.38361],[8.47439,47.38303],[8.47412,47.3832]]]}},{"type":"Feature","properties":{"massnahmengebiet":"MG 3 - Empfehlung","klasse":"3"},"geometry":{"type":"Polygon","coordinates":[[[8.572,47.3837],[8.57335,47.38439],[8.57348,47.38428],[8.57399,47.38463],[8.57454,47.38422],[8.57493,47.38474],[8.57533,47.38634],[8.57564,47.38644],[8.57623,47.38638],[8.5779,47.3853],[8.57623,47.38441],[8.5749,47.3842],[8.57488,47.38403],[8.5743,47.38387],[8.5749,47.38334],[8.57359,47.38273],[8.5723,47.38301],[8.57257,47.38337],[8.572,47.3837]]]}},{"type":"Feature","properties":{"massnahmengebiet":"MG 3 - Empfehlung","klasse":"3"},"geometry":{"type":"Polygon","coordinates":[[[8.57138,47.40115],[8.57163,47.4013],[8.57202,47.40099],[8.57179,47.4008],[8.57138,47.40115]]]}},{"type":"Feature","properties":{"massnahmengebiet":"MG 3 - Empfehlung","klasse":"3"},"geometry":{"type":"Polygon","coordinates":[[[8.53033,47.4072],[8.53071,47.40738],[8.53528,47.40253],[8.53483,47.40205],[8.53324,47.40382],[8.53312,47.40377],[8.53272,47.40422],[8.53284,47.40426],[8.53152,47.40594],[8.53076,47.40666],[8.53082,47.40669],[8.5307,47.40686],[8.53033,47.4072]]]}},{"type":"Feature","properties":{"massnahmengebiet":"MG 3 - Empfehlung","klasse":"3"},"geometry":{"type":"Polygon","coordinates":[[[8.48956,47.42839],[8.49022,47.42885],[8.49053,47.42882],[8.48999,47.42814],[8.48956,47.42839]]]}},{"type":"Feature","properties":{"massnahmengebiet":"MG 3 - Empfehlung","klasse":"3"},"geometry":{"type":"Polygon","coordinates":[[[8.50307,47.40243],[8.50485,47.40381],[8.50523,47.40362],[8.50493,47.40335],[8.5056,47.40296],[8.5068,47.40186],[8.50698,47.40185],[8.50702,47.40167],[8.50746,47.40124],[8.5077,47.4014],[8.50746,47.40159],[8.5082,47.40199],[8.50889,47.40144],[8.50814,47.40107],[8.50846,47.40083],[8.50815,47.40067],[8.5075,47.40114],[8.50697,47.40089],[8.50577,47.40187],[8.50539,47.40168],[8.50307,47.40243]]]}},{"type":"Feature","properties":{"massnahmengebiet":"MG 3 - Empfehlung","klasse":"3"},"geometry":{"type":"Polygon","coordinates":[[[8.48073,47.41417],[8.48131,47.41432],[8.48103,47.41478],[8.48133,47.41498],[8.4814,47.41517],[8.48127,47.41639],[8.48082,47.4167],[8.48307,47.41681],[8.48325,47.4158],[8.48348,47.41587],[8.48358,47.41508],[8.48369,47.4149],[8.48356,47.41426],[8.48104,47.41362],[8.48073,47.41417]]]}},{"type":"Feature","properties":{"massnahmengebiet":"MG 3 - Empfehlung","klasse":"3"},"geometry":{"type":"Polygon","coordinates":[[[8.53824,47.42827],[8.53924,47.4292],[8.54058,47.42847],[8.54138,47.4283],[8.54249,47.42858],[8.54272,47.42791],[8.54173,47.42739],[8.54149,47.42743],[8.54111,47.42815],[8.53987,47.42801],[8.53915,47.42805],[8.53824,47.42827]]]}},{"type":"Feature","properties":{"massnahmengebiet":"MG 3 - Empfehlung","klasse":"3"},"geometry":{"type":"Polygon","coordinates":[[[8.55921,47.40317],[8.56018,47.40373],[8.5619,47.40405],[8.56185,47.40326],[8.56116,47.40328],[8.56115,47.40302],[8.55985,47.40297],[8.55921,47.40317]]]}},{"type":"Feature","properties":{"massnahmengebiet":"MG 3 - Empfehlung","klasse":"3"},"geometry":{"type":"Polygon","coordinates":[[[8.47706,47.40763],[8.47727,47.40817],[8.47794,47.40791],[8.47832,47.40758],[8.47892,47.40734],[8.47851,47.40715],[8.47798,47.40704],[8.47796,47.40727],[8.47706,47.40724],[8.47706,47.40763]]]}},{"type":"Feature","properties":{"massnahmengebiet":"MG 3 - Empfehlung","klasse":"3"},"geometry":{"type":"Polygon","coordinates":[[[8.52852,47.40886],[8.52872,47.40911],[8.53046,47.40763],[8.53012,47.40745],[8.53,47.40752],[8.52852,47.40886]]]}},{"type":"Feature","properties":{"massnahmengebiet":"MG 3 - Empfehlung","klasse":"3"},"geometry":{"type":"Polygon","coordinates":[[[8.47852,47.4096],[8.47874,47.40995],[8.4793,47.40986],[8.4794,47.40992],[8.47919,47.40964],[8.47887,47.40945],[8.47852,47.4096]]]}},{"type":"Feature","properties":{"massnahmengebiet":"MG 3 - Empfehlung","klasse":"3"},"geometry":{"type":"Polygon","coordinates":[[[8.47977,47.41046],[8.48024,47.41087],[8.4809,47.41054],[8.48053,47.41016],[8.47989,47.41015],[8.47986,47.4104],[8.47977,47.41046]]]}},{"type":"Feature","properties":{"massnahmengebiet":"MG 3 - Empfehlung","klasse":"3"},"geometry":{"type":"Polygon","coordinates":[[[8.54583,47.428],[8.54607,47.42822],[8.54586,47.4286],[8.5467,47.42883],[8.54776,47.42867],[8.54794,47.42849],[8.54627,47.42759],[8.54617,47.42758],[8.54583,47.428]]]}},{"type":"Feature","properties":{"massnahmengebiet":"MG 3 - Empfehlung","klasse":"3"},"geometry":{"type":"Polygon","coordinates":[[[8.5626,47.40375],[8.56266,47.40403],[8.56598,47.40363],[8.56747,47.40375],[8.56735,47.40324],[8.56803,47.40308],[8.56815,47.4033],[8.56838,47.40324],[8.56848,47.40346],[8.56864,47.4035],[8.56864,47.40364],[8.56935,47.40375],[8.56967,47.40364],[8.56995,47.40377],[8.57022,47.40341],[8.57071,47.40333],[8.57149,47.40367],[8.57178,47.40366],[8.57279,47.4041],[8.57333,47.40399],[8.57395,47.4035],[8.57428,47.40347],[8.57465,47.40393],[8.57657,47.40308],[8.58291,47.40124],[8.58258,47.40071],[8.58403,47.40004],[8.58346,47.39949],[8.58217,47.40026],[8.58131,47.40062],[8.57903,47.40127],[8.5786,47.40075],[8.57891,47.40044],[8.57858,47.39989],[8.57772,47.40059],[8.57611,47.40132],[8.57665,47.4019],[8.57685,47.40217],[8.57679,47.40224],[8.57597,47.40281],[8.57467,47.40326],[8.57378,47.40216],[8.57319,47.40253],[8.57207,47.40252],[8.57184,47.40233],[8.57162,47.40244],[8.57117,47.40236],[8.57101,47.40243],[8.57083,47.40223],[8.57034,47.40243],[8.57014,47.40206],[8.57045,47.40182],[8.56987,47.40142],[8.56986,47.40159],[8.56949,47.40187],[8.56864,47.40187],[8.56871,47.40177],[8.56865,47.40171],[8.56839,47.40178],[8.56824,47.40207],[8.56845,47.40238],[8.56805,47.40262],[8.56733,47.40245],[8.56616,47.40275],[8.56626,47.40295],[8.56569,47.4031],[8.56581,47.40335],[8.5626,47.40375]]]}},{"type":"Feature","properties":{"massnahmengebiet":"MG 3 - Empfehlung","klasse":"3"},"geometry":{"type":"Polygon","coordinates":[[[8.46733,47.40215],[8.46771,47.403],[8.46996,47.40299],[8.47552,47.40381],[8.47816,47.40387],[8.4782,47.40508],[8.4789,47.40499],[8.48071,47.40512],[8.48069,47.40495],[8.48039,47.40497],[8.48025,47.40451],[8.48211,47.4041],[8.48426,47.40331],[8.48665,47.40208],[8.48876,47.40079],[8.49043,47.40001],[8.49118,47.39979],[8.4923,47.39981],[8.49344,47.39969],[8.49361,47.39995],[8.49417,47.40022],[8.49454,47.4007],[8.49563,47.40137],[8.49553,47.40161],[8.49627,47.40179],[8.49612,47.40138],[8.4971,47.40128],[8.49714,47.40139],[8.49757,47.40128],[8.49813,47.40139],[8.49906,47.40041],[8.50162,47.39938],[8.50219,47.39872],[8.50291,47.39841],[8.50271,47.3982],[8.49922,47.39941],[8.49702,47.39999],[8.49673,47.39928],[8.49814,47.39906],[8.49811,47.39901],[8.49916,47.3987],[8.50042,47.39814],[8.50109,47.39795],[8.50138,47.39777],[8.50122,47.39763],[8.50234,47.39673],[8.50253,47.39684],[8.50297,47.39652],[8.50279,47.39634],[8.50394,47.39577],[8.50413,47.39595],[8.50438,47.39573],[8.50435,47.39557],[8.50591,47.39543],[8.50552,47.39456],[8.50543,47.39388],[8.50231,47.39371],[8.50205,47.39353],[8.50109,47.39331],[8.49549,47.39324],[8.49267,47.39332],[8.49218,47.39378],[8.49016,47.39417],[8.49237,47.39593],[8.49395,47.39506],[8.49621,47.39543],[8.49732,47.39644],[8.49793,47.3961],[8.49853,47.39655],[8.49838,47.39667],[8.49846,47.39673],[8.498,47.397],[8.49808,47.39738],[8.49829,47.39748],[8.49814,47.39759],[8.49874,47.3981],[8.49858,47.39815],[8.49845,47.398],[8.49765,47.39822],[8.49506,47.3986],[8.49476,47.3978],[8.49419,47.39789],[8.49412,47.39797],[8.49428,47.3983],[8.49325,47.39848],[8.49036,47.39812],[8.48823,47.39798],[8.4881,47.39777],[8.48753,47.39778],[8.48696,47.39758],[8.4861,47.39672],[8.48478,47.39706],[8.48301,47.39774],[8.48355,47.39857],[8.48333,47.39866],[8.48339,47.39876],[8.48368,47.39895],[8.48418,47.39874],[8.48428,47.39881],[8.48452,47.39872],[8.48455,47.39848],[8.48472,47.39843],[8.48494,47.39853],[8.48537,47.39845],[8.48545,47.39855],[8.48587,47.39836],[8.48593,47.39847],[8.48579,47.39862],[8.48552,47.39861],[8.48519,47.39885],[8.48526,47.39893],[8.48446,47.39938],[8.48442,47.39948],[8.48457,47.39957],[8.48456,47.39969],[8.48337,47.40093],[8.4832,47.40135],[8.48272,47.40174],[8.48277,47.40181],[8.48238,47.402],[8.48138,47.4022],[8.48117,47.40191],[8.48141,47.40175],[8.48118,47.40164],[8.47992,47.40231],[8.47864,47.40052],[8.48072,47.39958],[8.47991,47.39816],[8.48095,47.39785],[8.48045,47.39699],[8.48011,47.39714],[8.47962,47.39634],[8.48065,47.39609],[8.48027,47.39543],[8.48099,47.39523],[8.48029,47.39414],[8.4735,47.39599],[8.47397,47.3969],[8.46902,47.39824],[8.46971,47.39946],[8.4692,47.3996],[8.4698,47.40076],[8.46857,47.40108],[8.46895,47.40176],[8.46733,47.40215]],[[8.47061,47.40249],[8.47062,47.4023],[8.47243,47.40103],[8.47265,47.40194],[8.47552,47.40185],[8.47685,47.40346],[8.47575,47.4034],[8.47442,47.40311],[8.47266,47.40286],[8.47201,47.40285],[8.47062,47.40263],[8.47061,47.40249]]]}},{"type":"Feature","properties":{"massnahmengebiet":"MG 3 - Empfehlung","klasse":"3"},"geometry":{"type":"Polygon","coordinates":[[[8.50449,47.40482],[8.50496,47.40505],[8.50583,47.40424],[8.50661,47.4033],[8.50622,47.40314],[8.50581,47.40375],[8.50523,47.40411],[8.50449,47.40482]]]}},{"type":"Feature","properties":{"massnahmengebiet":"MG 3 - Empfehlung","klasse":"3"},"geometry":{"type":"Polygon","coordinates":[[[8.51682,47.40458],[8.51771,47.40527],[8.51786,47.40514],[8.51748,47.40488],[8.51758,47.40483],[8.51737,47.40465],[8.51776,47.40442],[8.51753,47.40418],[8.51682,47.40458]]]}},{"type":"Feature","properties":{"massnahmengebiet":"MG 3 - Empfehlung","klasse":"3"},"geometry":{"type":"Polygon","coordinates":[[[8.49136,47.41096],[8.49204,47.41112],[8.49175,47.41143],[8.49193,47.41163],[8.49229,47.41123],[8.49211,47.41097],[8.49215,47.41086],[8.49173,47.41074],[8.49136,47.41096]]]}},{"type":"Feature","properties":{"massnahmengebiet":"MG 3 - Empfehlung","klasse":"3"},"geometry":{"type":"Polygon","coordinates":[[[8.4804,47.4111],[8.48065,47.41138],[8.4808,47.41122],[8.48121,47.41106],[8.48092,47.41092],[8.4804,47.4111]]]}},{"type":"Feature","properties":{"massnahmengebiet":"MG 3 - Empfehlung","klasse":"3"},"geometry":{"type":"Polygon","coordinates":[[[8.50916,47.41122],[8.51145,47.41119],[8.51331,47.41058],[8.51255,47.40973],[8.51164,47.40998],[8.51146,47.40965],[8.51,47.4101],[8.50995,47.41017],[8.51018,47.41041],[8.50962,47.41062],[8.5095,47.41077],[8.50969,47.41105],[8.50916,47.41122]]]}},{"type":"Feature","properties":{"massnahmengebiet":"MG 3 - Empfehlung","klasse":"3"},"geometry":{"type":"Polygon","coordinates":[[[8.48373,47.41097],[8.48438,47.41175],[8.48445,47.41171],[8.4846,47.41181],[8.48418,47.41211],[8.48493,47.41193],[8.48511,47.41218],[8.48589,47.41196],[8.48644,47.41132],[8.48679,47.41156],[8.48741,47.41132],[8.48728,47.41117],[8.48789,47.41072],[8.48774,47.4106],[8.48819,47.41031],[8.48805,47.41001],[8.48809,47.40958],[8.4888,47.40927],[8.48874,47.40919],[8.48919,47.40902],[8.48924,47.40909],[8.48969,47.409],[8.4906,47.40857],[8.49071,47.40873],[8.49146,47.40854],[8.49154,47.40872],[8.49323,47.40837],[8.49458,47.40791],[8.49462,47.40782],[8.49491,47.40787],[8.49906,47.40636],[8.49882,47.40606],[8.5009,47.40539],[8.50118,47.40573],[8.50247,47.40523],[8.50332,47.4055],[8.50225,47.40568],[8.50248,47.40601],[8.50274,47.40587],[8.5031,47.40609],[8.50325,47.40598],[8.5034,47.40607],[8.50387,47.40572],[8.50353,47.40555],[8.50362,47.40548],[8.50401,47.40569],[8.50425,47.40553],[8.50427,47.40544],[8.50416,47.40539],[8.50409,47.40545],[8.50376,47.40531],[8.50441,47.40488],[8.50351,47.4044],[8.50325,47.40381],[8.50147,47.4047],[8.49988,47.40528],[8.49644,47.40619],[8.49466,47.40644],[8.49339,47.40686],[8.49226,47.40744],[8.4906,47.40784],[8.4902,47.40781],[8.48978,47.4076],[8.48914,47.40829],[8.48886,47.40811],[8.48756,47.40857],[8.4867,47.409],[8.48642,47.40865],[8.48628,47.40872],[8.48602,47.40892],[8.48625,47.40905],[8.486,47.40925],[8.48642,47.40961],[8.48471,47.41029],[8.48466,47.41065],[8.48373,47.41097]]]}},{"type":"Feature","properties":{"massnahmengebiet":"MG 3 - Empfehlung","klasse":"3"},"geometry":{"type":"Polygon","coordinates":[[[8.5045,47.41222],[8.50489,47.41238],[8.50605,47.41259],[8.50605,47.41186],[8.50579,47.4114],[8.5045,47.41222]]]}},{"type":"Feature","properties":{"massnahmengebiet":"MG 3 - Empfehlung","klasse":"3"},"geometry":{"type":"Polygon","coordinates":[[[8.4848,47.41289],[8.48503,47.41348],[8.48556,47.41334],[8.48536,47.41284],[8.4848,47.41289]]]}},{"type":"Feature","properties":{"massnahmengebiet":"MG 3 - Empfehlung","klasse":"3"},"geometry":{"type":"Polygon","coordinates":[[[8.55562,47.42896],[8.55582,47.42904],[8.55607,47.42817],[8.55586,47.42849],[8.55593,47.42857],[8.55562,47.42896]]]}},{"type":"Feature","properties":{"massnahmengebiet":"MG 3 - Empfehlung","klasse":"3"},"geometry":{"type":"Polygon","coordinates":[[[8.50351,47.41304],[8.50365,47.41316],[8.50355,47.41322],[8.50369,47.41332],[8.50505,47.41246],[8.50413,47.41211],[8.50351,47.41252],[8.50389,47.41278],[8.50351,47.41304]]]}},{"type":"Feature","properties":{"massnahmengebiet":"MG 3 - Empfehlung","klasse":"3"},"geometry":{"type":"Polygon","coordinates":[[[8.50633,47.41512],[8.50961,47.41368],[8.50969,47.41286],[8.51059,47.41288],[8.51049,47.41227],[8.50979,47.41228],[8.50978,47.41183],[8.50956,47.41176],[8.50692,47.41179],[8.50631,47.41218],[8.5063,47.41301],[8.50648,47.41422],[8.50633,47.41512]]]}},{"type":"Feature","properties":{"massnahmengebiet":"MG 3 - Empfehlung","klasse":"3"},"geometry":{"type":"Polygon","coordinates":[[[8.51167,47.41471],[8.51199,47.41504],[8.51244,47.41485],[8.51229,47.4146],[8.51209,47.41451],[8.51167,47.41471]]]}},{"type":"Feature","properties":{"massnahmengebiet":"MG 3 - Empfehlung","klasse":"3"},"geometry":{"type":"Polygon","coordinates":[[[8.5663,47.41458],[8.56676,47.41345],[8.56928,47.41344],[8.56893,47.41383],[8.57172,47.41355],[8.57305,47.41479],[8.57381,47.41425],[8.57391,47.41399],[8.57385,47.41324],[8.57333,47.41257],[8.57292,47.41226],[8.57072,47.41227],[8.57088,47.41135],[8.57001,47.41087],[8.56996,47.41092],[8.57009,47.41119],[8.56874,47.41151],[8.56763,47.41199],[8.56697,47.41248],[8.56644,47.41345],[8.5663,47.41458]]]}},{"type":"Feature","properties":{"massnahmengebiet":"MG 3 - Empfehlung","klasse":"3"},"geometry":{"type":"Polygon","coordinates":[[[8.47335,47.4146],[8.47356,47.4156],[8.47379,47.41568],[8.4735,47.41616],[8.47376,47.41639],[8.47405,47.4164],[8.47463,47.41616],[8.47511,47.41614],[8.47537,47.41616],[8.47574,47.41637],[8.47591,47.41626],[8.47651,47.41628],[8.47652,47.41622],[8.47782,47.41629],[8.47839,47.41644],[8.47869,47.41614],[8.47782,47.41586],[8.47637,47.41577],[8.47573,47.41583],[8.47558,47.41501],[8.47572,47.4149],[8.4754,47.41463],[8.47547,47.41401],[8.4758,47.41353],[8.47586,47.41329],[8.47507,47.4132],[8.47489,47.41393],[8.4749,47.41449],[8.47335,47.4146]]]}},{"type":"Feature","properties":{"massnahmengebiet":"MG 3 - Empfehlung","klasse":"3"},"geometry":{"type":"Polygon","coordinates":[[[8.50091,47.4164],[8.50113,47.41684],[8.50167,47.41665],[8.50132,47.41627],[8.50091,47.4164]]]}},{"type":"Feature","properties":{"massnahmengebiet":"MG 3 - Empfehlung","klasse":"3"},"geometry":{"type":"Polygon","coordinates":[[[8.52485,47.41658],[8.52533,47.41671],[8.52516,47.41693],[8.52803,47.41675],[8.52745,47.4149],[8.52635,47.41483],[8.52568,47.41498],[8.52485,47.41658]]]}},{"type":"Feature","properties":{"massnahmengebiet":"MG 3 - Empfehlung","klasse":"3"},"geometry":{"type":"Polygon","coordinates":[[[8.51604,47.41692],[8.51661,47.41727],[8.51678,47.41714],[8.5162,47.41678],[8.51604,47.41692]]]}},{"type":"Feature","properties":{"massnahmengebiet":"MG 3 - Empfehlung","klasse":"3"},"geometry":{"type":"Polygon","coordinates":[[[8.51162,47.41772],[8.51217,47.41836],[8.51332,47.41771],[8.51378,47.41809],[8.5144,47.41775],[8.51449,47.41781],[8.51489,47.41759],[8.51481,47.41751],[8.51557,47.41659],[8.51758,47.41573],[8.51841,47.41515],[8.51884,47.41542],[8.52056,47.41478],[8.52022,47.41457],[8.51981,47.41393],[8.5228,47.41275],[8.52264,47.41254],[8.5213,47.41178],[8.52286,47.41095],[8.52324,47.41059],[8.52401,47.41089],[8.52336,47.41201],[8.5241,47.4121],[8.52541,47.41153],[8.52809,47.40968],[8.52701,47.40891],[8.52753,47.40839],[8.52631,47.40781],[8.52671,47.40702],[8.52574,47.40675],[8.52533,47.40756],[8.52558,47.40763],[8.52501,47.40839],[8.5247,47.40857],[8.52419,47.40845],[8.52313,47.40914],[8.5229,47.40898],[8.52254,47.40921],[8.5231,47.40953],[8.52236,47.40985],[8.52286,47.41024],[8.52221,47.41066],[8.52176,47.41048],[8.52144,47.41078],[8.51918,47.41187],[8.51955,47.41216],[8.51979,47.41212],[8.51966,47.41219],[8.51974,47.41235],[8.5193,47.41252],[8.51983,47.41339],[8.51968,47.41345],[8.51879,47.41353],[8.51863,47.41323],[8.51774,47.41264],[8.51783,47.41257],[8.51751,47.41236],[8.51856,47.41213],[8.5183,47.41184],[8.51753,47.4121],[8.517,47.41151],[8.51324,47.41112],[8.51228,47.41147],[8.51218,47.41159],[8.51177,47.41158],[8.51177,47.41166],[8.51263,47.41169],[8.51405,47.41213],[8.51659,47.41243],[8.5186,47.4137],[8.5193,47.41479],[8.51795,47.41512],[8.51504,47.4162],[8.51334,47.41686],[8.51162,47.41772]]]}},{"type":"Feature","properties":{"massnahmengebiet":"MG 3 - Empfehlung","klasse":"3"},"geometry":{"type":"Polygon","coordinates":[[[8.53103,47.41898],[8.53297,47.41965],[8.5346,47.41983],[8.53469,47.41844],[8.53503,47.41844],[8.53529,47.41827],[8.53615,47.41825],[8.53641,47.41907],[8.53837,47.41902],[8.53835,47.41815],[8.5361,47.41794],[8.53186,47.41716],[8.53103,47.41898]]]}},{"type":"Feature","properties":{"massnahmengebiet":"MG 3 - Empfehlung","klasse":"3"},"geometry":{"type":"Polygon","coordinates":[[[8.53289,47.42034],[8.53316,47.42039],[8.53327,47.41989],[8.533,47.41996],[8.53289,47.42034]]]}},{"type":"Feature","properties":{"massnahmengebiet":"MG 3 - Empfehlung","klasse":"3"},"geometry":{"type":"Polygon","coordinates":[[[8.53497,47.4256],[8.53503,47.4267],[8.53651,47.42619],[8.53652,47.42638],[8.5394,47.42687],[8.53959,47.42644],[8.54013,47.4265],[8.54049,47.42669],[8.54054,47.42634],[8.54096,47.4263],[8.54178,47.426],[8.54236,47.42567],[8.54262,47.42579],[8.54334,47.4252],[8.54277,47.42502],[8.5421,47.4254],[8.542,47.42523],[8.53882,47.42554],[8.53886,47.42575],[8.53726,47.42587],[8.53571,47.42562],[8.53497,47.4256]]]}},{"type":"Feature","properties":{"massnahmengebiet":"MG 3 - Empfehlung","klasse":"3"},"geometry":{"type":"Polygon","coordinates":[[[8.49234,47.42255],[8.49268,47.42279],[8.4935,47.42293],[8.49375,47.4235],[8.4946,47.42357],[8.49461,47.42281],[8.4969,47.42239],[8.49671,47.42171],[8.49758,47.42151],[8.49886,47.42099],[8.4994,47.4216],[8.50157,47.42084],[8.50077,47.42017],[8.50287,47.41915],[8.50348,47.41866],[8.50421,47.41781],[8.50468,47.41774],[8.5061,47.41831],[8.5062,47.41803],[8.5069,47.41741],[8.50693,47.41707],[8.50624,47.41579],[8.50481,47.41608],[8.50515,47.41647],[8.50515,47.41675],[8.50508,47.41687],[8.50446,47.4168],[8.50444,47.41742],[8.50481,47.4176],[8.50539,47.41768],[8.50535,47.41786],[8.50542,47.41791],[8.50466,47.41766],[8.50439,47.41771],[8.50416,47.41752],[8.50415,47.41718],[8.50393,47.41687],[8.50357,47.41685],[8.50329,47.41738],[8.50281,47.41711],[8.50261,47.4171],[8.50216,47.41672],[8.50158,47.41698],[8.50149,47.41688],[8.50134,47.41691],[8.50122,47.41697],[8.5013,47.41715],[8.50041,47.41757],[8.50143,47.41851],[8.50022,47.41918],[8.49995,47.41897],[8.49943,47.41921],[8.49895,47.41915],[8.49899,47.4198],[8.49857,47.42014],[8.49666,47.42046],[8.49678,47.42106],[8.49652,47.4211],[8.49663,47.4216],[8.49498,47.42183],[8.49504,47.42216],[8.49234,47.42255]]]}},{"type":"Feature","properties":{"massnahmengebiet":"MG 3 - Empfehlung","klasse":"3"},"geometry":{"type":"Polygon","coordinates":[[[8.50057,47.4254],[8.50058,47.42588],[8.50137,47.42579],[8.50141,47.42588],[8.50128,47.42591],[8.50136,47.42608],[8.50246,47.42612],[8.50219,47.42595],[8.50266,47.42587],[8.50258,47.4256],[8.50178,47.42572],[8.50098,47.42526],[8.50057,47.4254]]]}},{"type":"Feature","properties":{"massnahmengebiet":"MG 3 - Empfehlung","klasse":"3"},"geometry":{"type":"Polygon","coordinates":[[[8.50579,47.42643],[8.5063,47.4266],[8.50674,47.42606],[8.50721,47.42614],[8.50759,47.42601],[8.50741,47.4255],[8.50783,47.42539],[8.50856,47.42561],[8.50868,47.42496],[8.50843,47.42423],[8.50942,47.42407],[8.50947,47.42419],[8.51006,47.42372],[8.51084,47.42333],[8.51008,47.42191],[8.50897,47.42227],[8.50937,47.4224],[8.5097,47.42265],[8.50899,47.42291],[8.50844,47.42331],[8.50725,47.42374],[8.50766,47.42421],[8.5077,47.42493],[8.50692,47.4251],[8.50683,47.42491],[8.50607,47.4251],[8.50591,47.42561],[8.5063,47.42559],[8.50579,47.42643]]]}},{"type":"Feature","properties":{"massnahmengebiet":"MG 3 - Empfehlung","klasse":"3"},"geometry":{"type":"Polygon","coordinates":[[[8.49076,47.42808],[8.4909,47.42819],[8.49118,47.42808],[8.49108,47.42795],[8.49076,47.42808]]]}},{"type":"Feature","properties":{"massnahmengebiet":"MG 3 - Empfehlung","klasse":"3"},"geometry":{"type":"Polygon","coordinates":[[[8.55026,47.4288],[8.55096,47.42958],[8.5518,47.42932],[8.55304,47.42874],[8.55152,47.42844],[8.55059,47.4285],[8.55026,47.4288]]]}},{"type":"Feature","properties":{"massnahmengebiet":"MG 3 - Empfehlung","klasse":"3"},"geometry":{"type":"Polygon","coordinates":[[[8.55485,47.43001],[8.55488,47.4301],[8.55542,47.43006],[8.55525,47.43064],[8.55537,47.43063],[8.55574,47.42932],[8.55542,47.42922],[8.55516,47.42954],[8.5552,47.42977],[8.55498,47.42976],[8.55502,47.42999],[8.55485,47.43001]]]}},{"type":"Feature","properties":{"massnahmengebiet":"MG 3 - Empfehlung","klasse":"3"},"geometry":{"type":"Polygon","coordinates":[[[8.53586,47.42975],[8.53639,47.43087],[8.53701,47.43076],[8.53713,47.43108],[8.53745,47.43103],[8.53746,47.43123],[8.53727,47.43127],[8.53732,47.43142],[8.53897,47.4313],[8.53886,47.43083],[8.54067,47.43025],[8.54005,47.43002],[8.53934,47.42997],[8.53854,47.43043],[8.53857,47.43052],[8.5378,47.43062],[8.53761,47.43],[8.53807,47.4299],[8.53688,47.42884],[8.53616,47.42895],[8.53619,47.42977],[8.53586,47.42975]]]}},{"type":"Feature","properties":{"massnahmengebiet":"MG 3 - Empfehlung","klasse":"3"},"geometry":{"type":"Polygon","coordinates":[[[8.54488,47.4309],[8.54499,47.43108],[8.54634,47.4314],[8.54783,47.43084],[8.54757,47.43055],[8.54636,47.43104],[8.54497,47.43072],[8.54488,47.4309]]]}},{"type":"Feature","properties":{"massnahmengebiet":"MG 3 - Empfehlung","klasse":"3"},"geometry":{"type":"Polygon","coordinates":[[[8.52389,47.34761],[8.5245,47.34794],[8.526,47.34679],[8.52586,47.34667],[8.52653,47.34589],[8.5269,47.34477],[8.52738,47.34486],[8.52746,47.3442],[8.52668,47.34452],[8.52591,47.34416],[8.52546,47.34488],[8.52561,47.34491],[8.52537,47.3456],[8.52478,47.34621],[8.52524,47.34655],[8.52389,47.34761]]]}}]}