{"type":"FeatureCollection","features":[{"type":"Feature","properties":{"fliesstiefe":"0 - 0.1 m"},"geometry":{"type":"Polygon","coordinates":[[[8.51608,47.38221],[8.51606,47.38216],[8.51596,47.38225],[8.51603,47.3822],[8.51606,47.38226],[8.51609,47.38223],[8.51607,47.38228],[8.51613,47.38218],[8.51608,47.38221]]]}},{"type":"Feature","properties":{"fliesstiefe":"0 - 0.1 m"},"geometry":{"type":"Polygon","coordinates":[[[8.51689,47.382],[8.51673,47.382],[8.51687,47.3821],[8.51694,47.38206],[8.51689,47.382]]]}},{"type":"Feature","properties":{"fliesstiefe":"0 - 0.1 m"},"geometry":{"type":"Polygon","coordinates":[[[8.51792,47.38545],[8.51779,47.38539],[8.51792,47.38551],[8.51792,47.38545]]]}},{"type":"Feature","properties":{"fliesstiefe":"0 - 0.1 m"},"geometry":{"type":"Polygon","coordinates":[[[8.51873,47.38526],[8.51882,47.38523],[8.51886,47.3853],[8.51878,47.38523],[8.51868,47.38526],[8.51871,47.38533],[8.51881,47.38535],[8.51873,47.38526]]]}},{"type":"Feature","properties":{"fliesstiefe":"0 - 0.1 m"},"geometry":{"type":"Polygon","coordinates":[[[8.51941,47.38537],[8.51938,47.38529],[8.51923,47.38531],[8.51903,47.38518],[8.51904,47.38524],[8.51919,47.38533],[8.51935,47.38532],[8.51942,47.3854],[8.51947,47.38536],[8.51941,47.38537]]]}},{"type":"Feature","properties":{"fliesstiefe":"0 - 0.1 m"},"geometry":{"type":"Polygon","coordinates":[[[8.5179,47.38573],[8.51761,47.38549],[8.5175,47.38551],[8.51755,47.38547],[8.51732,47.38556],[8.51725,47.38553],[8.51729,47.3855],[8.51718,47.38553],[8.51726,47.38562],[8.51745,47.38556],[8.51729,47.38564],[8.51742,47.38561],[8.51735,47.3857],[8.51751,47.38591],[8.5179,47.38573]],[[8.51786,47.38572],[8.51754,47.38589],[8.51743,47.38581],[8.51757,47.38563],[8.51749,47.38564],[8.51761,47.38553],[8.51786,47.38572]]]}},{"type":"Feature","properties":{"fliesstiefe":"0 - 0.1 m"},"geometry":{"type":"Polygon","coordinates":[[[8.51928,47.38581],[8.51922,47.38583],[8.51999,47.38564],[8.52014,47.38554],[8.52002,47.38554],[8.51993,47.3854],[8.51977,47.38543],[8.51956,47.38533],[8.51973,47.38543],[8.51977,47.38565],[8.51927,47.38577],[8.51916,47.38556],[8.51923,47.38577],[8.51884,47.38586],[8.51928,47.38581]],[[8.52001,47.38559],[8.51985,47.38563],[8.51983,47.38556],[8.51982,47.3856],[8.51977,47.38555],[8.51978,47.38544],[8.51991,47.38541],[8.52001,47.38559]]]}},{"type":"Feature","properties":{"fliesstiefe":"0 - 0.1 m"},"geometry":{"type":"Polygon","coordinates":[[[8.51645,47.38603],[8.51683,47.3858],[8.51685,47.3856],[8.51675,47.38555],[8.51682,47.38575],[8.51651,47.38593],[8.51631,47.38618],[8.51645,47.38603]]]}},{"type":"Feature","properties":{"fliesstiefe":"0 - 0.1 m"},"geometry":{"type":"Polygon","coordinates":[[[8.52018,47.38512],[8.52025,47.38509],[8.52017,47.3851],[8.52015,47.38518],[8.52006,47.38518],[8.52025,47.38523],[8.52018,47.38512]]]}},{"type":"Feature","properties":{"fliesstiefe":"0 - 0.1 m"},"geometry":{"type":"Polygon","coordinates":[[[8.51703,47.38468],[8.51712,47.38463],[8.51684,47.38467],[8.51651,47.38483],[8.51703,47.38468]]]}},{"type":"Feature","properties":{"fliesstiefe":"0 - 0.1 m"},"geometry":{"type":"Polygon","coordinates":[[[8.51672,47.38224],[8.51667,47.38227],[8.51684,47.38238],[8.51672,47.38224]]]}},{"type":"Feature","properties":{"fliesstiefe":"0 - 0.1 m"},"geometry":{"type":"Polygon","coordinates":[[[8.5213,47.38282],[8.522,47.38226],[8.522,47.38202],[8.522,47.38224],[8.52124,47.38287],[8.5213,47.38282]]]}},{"type":"Feature","properties":{"fliesstiefe":"0 - 0.1 m"},"geometry":{"type":"Polygon","coordinates":[[[8.52153,47.38483],[8.52142,47.38484],[8.52156,47.38492],[8.52153,47.38483]]]}},{"type":"Feature","properties":{"fliesstiefe":"0 - 0.1 m"},"geometry":{"type":"Polygon","coordinates":[[[8.52195,47.38345],[8.522,47.3835],[8.522,47.38344],[8.52195,47.38345]]]}},{"type":"Feature","properties":{"fliesstiefe":"0 - 0.1 m"},"geometry":{"type":"Polygon","coordinates":[[[8.52179,47.38609],[8.52159,47.38599],[8.52157,47.38608],[8.52163,47.38611],[8.52183,47.38612],[8.52179,47.38609]]]}},{"type":"Feature","properties":{"fliesstiefe":"0 - 0.1 m"},"geometry":{"type":"Polygon","coordinates":[[[8.52197,47.38549],[8.52191,47.38544],[8.52196,47.38554],[8.52197,47.38549]]]}},{"type":"Feature","properties":{"fliesstiefe":"0 - 0.1 m"},"geometry":{"type":"Polygon","coordinates":[[[8.5174,47.38206],[8.51749,47.38208],[8.51759,47.382],[8.51749,47.38207],[8.51739,47.38204],[8.51728,47.38208],[8.51735,47.382],[8.5173,47.382],[8.51717,47.38222],[8.51717,47.38217],[8.5174,47.38206]]]}},{"type":"Feature","properties":{"fliesstiefe":"0 - 0.1 m"},"geometry":{"type":"Polygon","coordinates":[[[8.51795,47.382],[8.51798,47.38205],[8.51805,47.382],[8.51795,47.382]]]}},{"type":"Feature","properties":{"fliesstiefe":"0 - 0.1 m"},"geometry":{"type":"Polygon","coordinates":[[[8.51801,47.38224],[8.51806,47.38211],[8.51824,47.382],[8.51799,47.38207],[8.51804,47.38208],[8.51798,47.38219],[8.51804,47.3823],[8.51801,47.38224]]]}},{"type":"Feature","properties":{"fliesstiefe":"0 - 0.1 m"},"geometry":{"type":"Polygon","coordinates":[[[8.5193,47.38266],[8.51957,47.38242],[8.52023,47.382],[8.52009,47.382],[8.51981,47.38224],[8.51953,47.38238],[8.51969,47.38231],[8.51961,47.38237],[8.51927,47.38252],[8.51898,47.38275],[8.51909,47.3828],[8.5193,47.38266]],[[8.51998,47.38212],[8.51993,47.38213],[8.52007,47.38205],[8.51998,47.38212]],[[8.51933,47.38258],[8.51912,47.38274],[8.51898,47.38275],[8.51922,47.38256],[8.51942,47.38252],[8.51933,47.38258]]]}},{"type":"Feature","properties":{"fliesstiefe":"0 - 0.1 m"},"geometry":{"type":"Polygon","coordinates":[[[8.52013,47.38488],[8.52011,47.385],[8.52022,47.38505],[8.52013,47.38488]]]}},{"type":"Feature","properties":{"fliesstiefe":"0 - 0.1 m"},"geometry":{"type":"Polygon","coordinates":[[[8.51856,47.38325],[8.51905,47.38304],[8.51876,47.38318],[8.51861,47.38316],[8.51841,47.38329],[8.51856,47.38325]]]}},{"type":"Feature","properties":{"fliesstiefe":"0.1 - 0.25 m"},"geometry":{"type":"Polygon","coordinates":[[[8.52091,47.38555],[8.52078,47.38556],[8.52114,47.38565],[8.52091,47.38555]]]}},{"type":"Feature","properties":{"fliesstiefe":"0.1 - 0.25 m"},"geometry":{"type":"Polygon","coordinates":[[[8.5172,47.38234],[8.51771,47.382],[8.51731,47.38225],[8.51721,47.38227],[8.51719,47.3822],[8.51749,47.38208],[8.5174,47.38206],[8.51717,47.38217],[8.51719,47.38227],[8.51697,47.38247],[8.5172,47.38234]]]}},{"type":"Feature","properties":{"fliesstiefe":"0.1 - 0.25 m"},"geometry":{"type":"Polygon","coordinates":[[[8.51771,47.3824],[8.51767,47.38244],[8.51772,47.38247],[8.51771,47.3824]]]}},{"type":"Feature","properties":{"fliesstiefe":"0.1 - 0.25 m"},"geometry":{"type":"Polygon","coordinates":[[[8.516,47.38221],[8.51606,47.38216],[8.51609,47.38221],[8.51641,47.382],[8.51619,47.382],[8.51598,47.38212],[8.51577,47.38237],[8.51571,47.38255],[8.516,47.38221]],[[8.51588,47.38233],[8.516,47.38214],[8.51615,47.38207],[8.51588,47.38233]],[[8.51631,47.382],[8.51638,47.382],[8.51611,47.38217],[8.51631,47.382]]]}},{"type":"Feature","properties":{"fliesstiefe":"0.1 - 0.25 m"},"geometry":{"type":"Polygon","coordinates":[[[8.51785,47.38248],[8.51789,47.38239],[8.51778,47.38248],[8.51792,47.38254],[8.51785,47.38248]]]}},{"type":"Feature","properties":{"fliesstiefe":"0.1 - 0.25 m"},"geometry":{"type":"Polygon","coordinates":[[[8.5163,47.38249],[8.51617,47.38237],[8.51598,47.38256],[8.5163,47.38249]],[[8.51625,47.38244],[8.51612,47.38244],[8.51619,47.38238],[8.51625,47.38244]]]}},{"type":"Feature","properties":{"fliesstiefe":"0.1 - 0.25 m"},"geometry":{"type":"Polygon","coordinates":[[[8.5211,47.38258],[8.52113,47.38243],[8.52146,47.38216],[8.52158,47.38213],[8.52134,47.38224],[8.521,47.38255],[8.52107,47.38262],[8.52122,47.3825],[8.5211,47.38258]]]}},{"type":"Feature","properties":{"fliesstiefe":"0.1 - 0.25 m"},"geometry":{"type":"Polygon","coordinates":[[[8.51727,47.38447],[8.5174,47.3844],[8.51692,47.38451],[8.51688,47.38448],[8.51654,47.38461],[8.51727,47.38447]]]}},{"type":"Feature","properties":{"fliesstiefe":"0.1 - 0.25 m"},"geometry":{"type":"Polygon","coordinates":[[[8.52082,47.38511],[8.52086,47.38518],[8.52079,47.38502],[8.52082,47.38511]]]}},{"type":"Feature","properties":{"fliesstiefe":"0.1 - 0.25 m"},"geometry":{"type":"Polygon","coordinates":[[[8.51667,47.38418],[8.51665,47.38422],[8.51676,47.3842],[8.51667,47.38418]]]}},{"type":"Feature","properties":{"fliesstiefe":"0.1 - 0.25 m"},"geometry":{"type":"Polygon","coordinates":[[[8.51751,47.38429],[8.51755,47.38427],[8.5172,47.38437],[8.51751,47.38429]]]}},{"type":"Feature","properties":{"fliesstiefe":"0.1 - 0.25 m"},"geometry":{"type":"Polygon","coordinates":[[[8.51721,47.38297],[8.51744,47.38293],[8.51743,47.3828],[8.51767,47.38275],[8.5176,47.3827],[8.51731,47.38274],[8.51727,47.38267],[8.51679,47.38287],[8.51678,47.38298],[8.51698,47.3831],[8.51707,47.38311],[8.51721,47.38297]],[[8.51715,47.38285],[8.51723,47.38286],[8.51717,47.38281],[8.51722,47.38279],[8.5174,47.38284],[8.51742,47.3829],[8.51718,47.38294],[8.51704,47.38305],[8.51684,47.38299],[8.51708,47.38278],[8.51715,47.38285]]]}},{"type":"Feature","properties":{"fliesstiefe":"0.1 - 0.25 m"},"geometry":{"type":"Polygon","coordinates":[[[8.52173,47.38527],[8.52166,47.3852],[8.52169,47.38517],[8.52163,47.38508],[8.52168,47.38505],[8.52151,47.38502],[8.52161,47.38528],[8.5218,47.38535],[8.52173,47.38527]]]}},{"type":"Feature","properties":{"fliesstiefe":"0.1 - 0.25 m"},"geometry":{"type":"Polygon","coordinates":[[[8.51856,47.38539],[8.51846,47.38528],[8.51841,47.38537],[8.51851,47.3855],[8.51857,47.38548],[8.51856,47.38539]]]}},{"type":"Feature","properties":{"fliesstiefe":"0.1 - 0.25 m"},"geometry":{"type":"Polygon","coordinates":[[[8.51611,47.3852],[8.51588,47.38522],[8.51603,47.38522],[8.51554,47.38537],[8.51611,47.3852]]]}},{"type":"Feature","properties":{"fliesstiefe":"0.1 - 0.25 m"},"geometry":{"type":"Polygon","coordinates":[[[8.51806,47.38334],[8.51839,47.38325],[8.51883,47.38289],[8.51813,47.38323],[8.51788,47.38343],[8.51806,47.38334]],[[8.51851,47.38309],[8.51856,47.38307],[8.51833,47.38321],[8.51851,47.38309]]]}},{"type":"Feature","properties":{"fliesstiefe":"0.1 - 0.25 m"},"geometry":{"type":"Polygon","coordinates":[[[8.51702,47.38377],[8.51716,47.38372],[8.51651,47.3839],[8.51702,47.38377]]]}},{"type":"Feature","properties":{"fliesstiefe":"0.1 - 0.25 m"},"geometry":{"type":"Polygon","coordinates":[[[8.51582,47.38477],[8.51599,47.38469],[8.51538,47.38484],[8.51566,47.38481],[8.51556,47.38486],[8.51582,47.38477]]]}},{"type":"Feature","properties":{"fliesstiefe":"0.1 - 0.25 m"},"geometry":{"type":"Polygon","coordinates":[[[8.52075,47.38422],[8.52193,47.38391],[8.522,47.38388],[8.52149,47.384],[8.522,47.38384],[8.5201,47.38432],[8.52075,47.38422]]]}},{"type":"Feature","properties":{"fliesstiefe":"0.1 - 0.25 m"},"geometry":{"type":"Polygon","coordinates":[[[8.52012,47.38262],[8.51998,47.38273],[8.52008,47.38272],[8.52012,47.38262]]]}},{"type":"Feature","properties":{"fliesstiefe":"0.1 - 0.25 m"},"geometry":{"type":"Polygon","coordinates":[[[8.52149,47.38298],[8.52143,47.38295],[8.52178,47.38273],[8.52181,47.38265],[8.52108,47.38308],[8.52117,47.3831],[8.52149,47.38298]]]}},{"type":"Feature","properties":{"fliesstiefe":"0.1 - 0.25 m"},"geometry":{"type":"Polygon","coordinates":[[[8.52062,47.38348],[8.52054,47.38353],[8.52067,47.38349],[8.52064,47.38343],[8.52072,47.38349],[8.52116,47.38334],[8.52107,47.3833],[8.521,47.38339],[8.52074,47.3834],[8.52071,47.38333],[8.52018,47.38359],[8.52062,47.38348]]]}},{"type":"Feature","properties":{"fliesstiefe":"0.1 - 0.25 m"},"geometry":{"type":"Polygon","coordinates":[[[8.5213,47.38396],[8.52137,47.38392],[8.52075,47.38409],[8.5213,47.38396]]]}},{"type":"Feature","properties":{"fliesstiefe":"0.1 - 0.25 m"},"geometry":{"type":"Polygon","coordinates":[[[8.52184,47.38427],[8.52163,47.38433],[8.52193,47.38424],[8.52184,47.38427]]]}},{"type":"Feature","properties":{"fliesstiefe":"0.1 - 0.25 m"},"geometry":{"type":"Polygon","coordinates":[[[8.52194,47.38414],[8.5214,47.38432],[8.522,47.38412],[8.52194,47.38414]]]}},{"type":"Feature","properties":{"fliesstiefe":"0.1 - 0.25 m"},"geometry":{"type":"Polygon","coordinates":[[[8.51957,47.38393],[8.51968,47.38389],[8.51912,47.38408],[8.51957,47.38393]]]}},{"type":"Feature","properties":{"fliesstiefe":"0.1 - 0.25 m"},"geometry":{"type":"Polygon","coordinates":[[[8.52166,47.38379],[8.5216,47.38382],[8.522,47.38367],[8.52166,47.38379]]]}},{"type":"Feature","properties":{"fliesstiefe":"0.25 - 0.5 m"},"geometry":{"type":"Polygon","coordinates":[[[8.51873,47.38347],[8.51893,47.38335],[8.51873,47.38345],[8.51864,47.38341],[8.51879,47.38336],[8.51869,47.38336],[8.51811,47.38363],[8.51873,47.38347]]]}},{"type":"Feature","properties":{"fliesstiefe":"0.25 - 0.5 m"},"geometry":{"type":"Polygon","coordinates":[[[8.51614,47.38206],[8.516,47.38214],[8.51586,47.38234],[8.51614,47.38206]]]}},{"type":"Feature","properties":{"fliesstiefe":"0.25 - 0.5 m"},"geometry":{"type":"Polygon","coordinates":[[[8.51773,47.38563],[8.51761,47.38577],[8.5178,47.38569],[8.51773,47.38563]]]}},{"type":"Feature","properties":{"fliesstiefe":"0.25 - 0.5 m"},"geometry":{"type":"Polygon","coordinates":[[[8.51881,47.38524],[8.51877,47.38527],[8.51886,47.38538],[8.51881,47.38524]]]}},{"type":"Feature","properties":{"fliesstiefe":"0.25 - 0.5 m"},"geometry":{"type":"Polygon","coordinates":[[[8.51955,47.38221],[8.51949,47.38227],[8.51954,47.38232],[8.52004,47.382],[8.51988,47.382],[8.51955,47.38221]],[[8.51956,47.38225],[8.51993,47.382],[8.52004,47.382],[8.51959,47.38229],[8.51956,47.38225]]]}},{"type":"Feature","properties":{"fliesstiefe":"0.25 - 0.5 m"},"geometry":{"type":"Polygon","coordinates":[[[8.51638,47.382],[8.51623,47.38203],[8.51611,47.38217],[8.51638,47.382]]]}},{"type":"Feature","properties":{"fliesstiefe":"0 - 0.1 m"},"geometry":{"type":"Polygon","coordinates":[[[8.51068,47.3884],[8.5107,47.38835],[8.51063,47.38833],[8.51059,47.3884],[8.51067,47.38844],[8.51068,47.3884]]]}},{"type":"Feature","properties":{"fliesstiefe":"0 - 0.1 m"},"geometry":{"type":"Polygon","coordinates":[[[8.51405,47.38723],[8.51415,47.38718],[8.51394,47.38719],[8.51387,47.38727],[8.51405,47.38723]]]}},{"type":"Feature","properties":{"fliesstiefe":"0 - 0.1 m"},"geometry":{"type":"Polygon","coordinates":[[[8.51514,47.38775],[8.51504,47.38775],[8.5151,47.3878],[8.51514,47.38775]]]}},{"type":"Feature","properties":{"fliesstiefe":"0 - 0.1 m"},"geometry":{"type":"Polygon","coordinates":[[[8.51344,47.38751],[8.51352,47.38733],[8.51337,47.38734],[8.51329,47.38725],[8.51345,47.38719],[8.51354,47.38726],[8.51381,47.38699],[8.51391,47.387],[8.51387,47.38705],[8.51406,47.38704],[8.51402,47.38681],[8.51376,47.38683],[8.51326,47.38711],[8.51318,47.38726],[8.51324,47.38734],[8.51316,47.38738],[8.51325,47.38734],[8.51326,47.38726],[8.51337,47.38736],[8.51348,47.38734],[8.51331,47.38757],[8.51344,47.38751]],[[8.51399,47.38696],[8.51394,47.38702],[8.51375,47.387],[8.51375,47.38705],[8.51352,47.38714],[8.5135,47.38721],[8.51338,47.38719],[8.51347,47.38713],[8.5133,47.38714],[8.51378,47.38686],[8.51397,47.38685],[8.51399,47.38696]]]}},{"type":"Feature","properties":{"fliesstiefe":"0 - 0.1 m"},"geometry":{"type":"Polygon","coordinates":[[[8.51125,47.38902],[8.51103,47.38872],[8.51101,47.38881],[8.51109,47.38892],[8.51105,47.38896],[8.51123,47.38903],[8.51136,47.389],[8.51125,47.38902]]]}},{"type":"Feature","properties":{"fliesstiefe":"0 - 0.1 m"},"geometry":{"type":"Polygon","coordinates":[[[8.51189,47.38897],[8.51154,47.38852],[8.51144,47.38857],[8.51172,47.38896],[8.51155,47.38903],[8.51159,47.38908],[8.51189,47.38897]],[[8.51173,47.38889],[8.51164,47.38887],[8.51162,47.38879],[8.51173,47.38889]]]}},{"type":"Feature","properties":{"fliesstiefe":"0 - 0.1 m"},"geometry":{"type":"Polygon","coordinates":[[[8.51409,47.38833],[8.51387,47.38817],[8.51376,47.3882],[8.51397,47.3884],[8.51409,47.38833]]]}},{"type":"Feature","properties":{"fliesstiefe":"0 - 0.1 m"},"geometry":{"type":"Polygon","coordinates":[[[8.512,47.3826],[8.51221,47.38255],[8.51221,47.38248],[8.51244,47.38236],[8.51216,47.38245],[8.51215,47.38252],[8.512,47.3826]]]}},{"type":"Feature","properties":{"fliesstiefe":"0 - 0.1 m"},"geometry":{"type":"Polygon","coordinates":[[[8.51034,47.38212],[8.51065,47.382],[8.51,47.38226],[8.51034,47.38212]]]}},{"type":"Feature","properties":{"fliesstiefe":"0 - 0.1 m"},"geometry":{"type":"Polygon","coordinates":[[[8.51139,47.38459],[8.51148,47.3845],[8.51198,47.38429],[8.51191,47.3843],[8.51217,47.38411],[8.51248,47.38399],[8.51257,47.38398],[8.5125,47.3841],[8.51256,47.38418],[8.51278,47.38397],[8.51261,47.38407],[8.51265,47.38396],[8.5131,47.38371],[8.51191,47.38421],[8.51108,47.38472],[8.51139,47.38459]],[[8.51182,47.38431],[8.51197,47.38426],[8.51172,47.38433],[8.51207,47.38418],[8.51182,47.38431]]]}},{"type":"Feature","properties":{"fliesstiefe":"0 - 0.1 m"},"geometry":{"type":"Polygon","coordinates":[[[8.51292,47.38418],[8.51311,47.38398],[8.51321,47.38397],[8.51321,47.38387],[8.51297,47.38388],[8.51306,47.38395],[8.51291,47.38406],[8.51275,47.38403],[8.51263,47.38416],[8.51265,47.3842],[8.51269,47.3841],[8.51286,47.38412],[8.51271,47.38425],[8.51277,47.38431],[8.51292,47.38418]],[[8.51297,47.38409],[8.51294,47.38405],[8.51302,47.38402],[8.51297,47.38409]],[[8.51319,47.38394],[8.51308,47.38389],[8.51317,47.38387],[8.51319,47.38394]]]}},{"type":"Feature","properties":{"fliesstiefe":"0 - 0.1 m"},"geometry":{"type":"Polygon","coordinates":[[[8.51166,47.38342],[8.51157,47.38333],[8.51164,47.38343],[8.51147,47.38352],[8.51166,47.38342]]]}},{"type":"Feature","properties":{"fliesstiefe":"0 - 0.1 m"},"geometry":{"type":"Polygon","coordinates":[[[8.513,47.38271],[8.51275,47.38274],[8.51262,47.38287],[8.51244,47.38292],[8.51236,47.3829],[8.51244,47.38297],[8.513,47.38271]]]}},{"type":"Feature","properties":{"fliesstiefe":"0 - 0.1 m"},"geometry":{"type":"Polygon","coordinates":[[[8.51346,47.38284],[8.51329,47.38281],[8.51335,47.38291],[8.51346,47.38284]],[[8.51342,47.38287],[8.51338,47.38282],[8.51344,47.38284],[8.51342,47.38287]]]}},{"type":"Feature","properties":{"fliesstiefe":"0.1 - 0.25 m"},"geometry":{"type":"Polygon","coordinates":[[[8.51078,47.38777],[8.51026,47.38815],[8.51076,47.38787],[8.51113,47.38746],[8.51061,47.38786],[8.51,47.3882],[8.51078,47.38777]]]}},{"type":"Feature","properties":{"fliesstiefe":"0.1 - 0.25 m"},"geometry":{"type":"Polygon","coordinates":[[[8.51042,47.38307],[8.51096,47.38285],[8.5105,47.38303],[8.51051,47.38298],[8.51031,47.38313],[8.51047,47.38306],[8.51042,47.38307]]]}},{"type":"Feature","properties":{"fliesstiefe":"0.1 - 0.25 m"},"geometry":{"type":"Polygon","coordinates":[[[8.5113,47.38311],[8.51121,47.383],[8.51097,47.38297],[8.51122,47.383],[8.51129,47.38312],[8.51108,47.3833],[8.5113,47.38311]]]}},{"type":"Feature","properties":{"fliesstiefe":"0.1 - 0.25 m"},"geometry":{"type":"Polygon","coordinates":[[[8.51163,47.38373],[8.51177,47.38365],[8.51155,47.38368],[8.51163,47.38373]]]}},{"type":"Feature","properties":{"fliesstiefe":"0.1 - 0.25 m"},"geometry":{"type":"Polygon","coordinates":[[[8.51005,47.38695],[8.51001,47.38696],[8.51041,47.38681],[8.51026,47.3867],[8.51,47.38675],[8.51,47.38681],[8.51009,47.38679],[8.51013,47.38685],[8.51,47.38691],[8.51,47.38698],[8.51005,47.38695]],[[8.51034,47.3868],[8.51016,47.38684],[8.51011,47.38679],[8.5103,47.38674],[8.51034,47.3868]]]}},{"type":"Feature","properties":{"fliesstiefe":"0.1 - 0.25 m"},"geometry":{"type":"Polygon","coordinates":[[[8.51078,47.38818],[8.5107,47.38812],[8.51061,47.38823],[8.51078,47.38818]]]}},{"type":"Feature","properties":{"fliesstiefe":"0.1 - 0.25 m"},"geometry":{"type":"Polygon","coordinates":[[[8.51474,47.382],[8.51462,47.38205],[8.51472,47.38207],[8.51478,47.382],[8.51474,47.382]]]}},{"type":"Feature","properties":{"fliesstiefe":"0.1 - 0.25 m"},"geometry":{"type":"Polygon","coordinates":[[[8.51505,47.38346],[8.51492,47.3834],[8.51482,47.38347],[8.51495,47.38352],[8.51506,47.38352],[8.51505,47.38346]]]}},{"type":"Feature","properties":{"fliesstiefe":"0.1 - 0.25 m"},"geometry":{"type":"Polygon","coordinates":[[[8.51122,47.38716],[8.51117,47.38719],[8.51126,47.38719],[8.51122,47.38716]]]}},{"type":"Feature","properties":{"fliesstiefe":"0.1 - 0.25 m"},"geometry":{"type":"Polygon","coordinates":[[[8.51139,47.38378],[8.51131,47.38371],[8.51124,47.38379],[8.51133,47.38385],[8.51139,47.38378]],[[8.51131,47.38372],[8.51135,47.38377],[8.51126,47.38378],[8.51131,47.38372]]]}},{"type":"Feature","properties":{"fliesstiefe":"0.1 - 0.25 m"},"geometry":{"type":"Polygon","coordinates":[[[8.5143,47.38793],[8.5145,47.38787],[8.51433,47.38784],[8.51391,47.38809],[8.51399,47.3881],[8.5143,47.38793]]]}},{"type":"Feature","properties":{"fliesstiefe":"0.1 - 0.25 m"},"geometry":{"type":"Polygon","coordinates":[[[8.51456,47.38364],[8.51451,47.38363],[8.51448,47.38372],[8.51456,47.38364]]]}},{"type":"Feature","properties":{"fliesstiefe":"0.1 - 0.25 m"},"geometry":{"type":"Polygon","coordinates":[[[8.51387,47.38658],[8.51371,47.38656],[8.51359,47.38665],[8.51387,47.38658]]]}},{"type":"Feature","properties":{"fliesstiefe":"0.1 - 0.25 m"},"geometry":{"type":"Polygon","coordinates":[[[8.51106,47.38406],[8.51104,47.38411],[8.5111,47.38409],[8.51106,47.38406]]]}},{"type":"Feature","properties":{"fliesstiefe":"0.1 - 0.25 m"},"geometry":{"type":"Polygon","coordinates":[[[8.51075,47.38409],[8.51063,47.38403],[8.51051,47.38411],[8.51075,47.38409]],[[8.51067,47.38411],[8.5106,47.38413],[8.51073,47.3841],[8.51067,47.38411]]]}},{"type":"Feature","properties":{"fliesstiefe":"0.1 - 0.25 m"},"geometry":{"type":"Polygon","coordinates":[[[8.51234,47.38431],[8.51227,47.38437],[8.51235,47.38442],[8.51234,47.38431]]]}},{"type":"Feature","properties":{"fliesstiefe":"0.1 - 0.25 m"},"geometry":{"type":"Polygon","coordinates":[[[8.51409,47.38412],[8.51382,47.38435],[8.51388,47.38436],[8.51409,47.38412]]]}},{"type":"Feature","properties":{"fliesstiefe":"0.1 - 0.25 m"},"geometry":{"type":"Polygon","coordinates":[[[8.51232,47.38479],[8.51236,47.38468],[8.51227,47.38473],[8.51228,47.38466],[8.51214,47.38476],[8.5121,47.38488],[8.51229,47.38493],[8.51232,47.38479]]]}},{"type":"Feature","properties":{"fliesstiefe":"0.1 - 0.25 m"},"geometry":{"type":"Polygon","coordinates":[[[8.51312,47.38462],[8.51333,47.38437],[8.51283,47.38483],[8.51312,47.38462]]]}},{"type":"Feature","properties":{"fliesstiefe":"0.1 - 0.25 m"},"geometry":{"type":"Polygon","coordinates":[[[8.51406,47.38754],[8.51435,47.3874],[8.51429,47.38728],[8.51394,47.38733],[8.51376,47.38753],[8.51406,47.38754]],[[8.51391,47.38744],[8.51408,47.38737],[8.51413,47.38742],[8.51407,47.3875],[8.51387,47.38751],[8.51391,47.38744]]]}},{"type":"Feature","properties":{"fliesstiefe":"0.1 - 0.25 m"},"geometry":{"type":"Polygon","coordinates":[[[8.51473,47.38706],[8.51424,47.3864],[8.51418,47.38636],[8.51405,47.38642],[8.51469,47.38716],[8.5148,47.38719],[8.51495,47.38735],[8.51473,47.38706]]]}},{"type":"Feature","properties":{"fliesstiefe":"0.1 - 0.25 m"},"geometry":{"type":"Polygon","coordinates":[[[8.51172,47.38292],[8.51164,47.38291],[8.51174,47.38298],[8.51172,47.38292]]]}},{"type":"Feature","properties":{"fliesstiefe":"0.25 - 0.5 m"},"geometry":{"type":"Polygon","coordinates":[[[8.51313,47.38297],[8.51326,47.38294],[8.51317,47.38293],[8.51316,47.38287],[8.51323,47.3829],[8.51314,47.38284],[8.51261,47.38313],[8.51267,47.38319],[8.51313,47.38297]],[[8.51285,47.38308],[8.51265,47.38315],[8.51281,47.38304],[8.51285,47.38308]]]}},{"type":"Feature","properties":{"fliesstiefe":"0.25 - 0.5 m"},"geometry":{"type":"Polygon","coordinates":[[[8.51027,47.38267],[8.51053,47.38254],[8.51026,47.38261],[8.51,47.38278],[8.51027,47.38267]]]}},{"type":"Feature","properties":{"fliesstiefe":"0.25 - 0.5 m"},"geometry":{"type":"Polygon","coordinates":[[[8.51035,47.38679],[8.5103,47.38674],[8.51011,47.3868],[8.51016,47.38684],[8.51035,47.38679]],[[8.51013,47.38678],[8.51034,47.38678],[8.51015,47.38684],[8.51013,47.38678]]]}},{"type":"Feature","properties":{"fliesstiefe":"0.25 - 0.5 m"},"geometry":{"type":"Polygon","coordinates":[[[8.51295,47.38833],[8.51276,47.38821],[8.51286,47.38838],[8.51295,47.38833]],[[8.51284,47.38828],[8.51291,47.38835],[8.51285,47.38835],[8.51284,47.38828]]]}},{"type":"Feature","properties":{"fliesstiefe":"0.25 - 0.5 m"},"geometry":{"type":"Polygon","coordinates":[[[8.5112,47.3853],[8.51109,47.38524],[8.51093,47.38529],[8.51086,47.38538],[8.51106,47.3854],[8.5112,47.3853]]]}},{"type":"Feature","properties":{"fliesstiefe":"0.25 - 0.5 m"},"geometry":{"type":"Polygon","coordinates":[[[8.51242,47.3866],[8.51237,47.38661],[8.51252,47.38655],[8.51259,47.38659],[8.51361,47.38625],[8.51317,47.38634],[8.51324,47.38631],[8.51414,47.38605],[8.51331,47.38623],[8.51312,47.38636],[8.51236,47.38655],[8.5123,47.38664],[8.51242,47.3866]],[[8.51333,47.38624],[8.51397,47.3861],[8.51329,47.38628],[8.51333,47.38624]],[[8.51269,47.38646],[8.51278,47.3865],[8.51234,47.3866],[8.51269,47.38646]]]}},{"type":"Feature","properties":{"fliesstiefe":"0.25 - 0.5 m"},"geometry":{"type":"Polygon","coordinates":[[[8.51176,47.382],[8.51139,47.382],[8.51117,47.38209],[8.51107,47.382],[8.5109,47.382],[8.5108,47.38208],[8.51103,47.38231],[8.51176,47.382]],[[8.51106,47.38208],[8.51102,47.38214],[8.51089,47.3821],[8.51103,47.38203],[8.51106,47.38208]],[[8.51168,47.382],[8.51106,47.38226],[8.51101,47.38224],[8.51138,47.38204],[8.51168,47.382]]]}},{"type":"Feature","properties":{"fliesstiefe":"0.25 - 0.5 m"},"geometry":{"type":"Polygon","coordinates":[[[8.51086,47.38369],[8.5111,47.38355],[8.51083,47.38369],[8.51089,47.38378],[8.51086,47.38369]]]}},{"type":"Feature","properties":{"fliesstiefe":"0.25 - 0.5 m"},"geometry":{"type":"Polygon","coordinates":[[[8.51407,47.38429],[8.51409,47.38424],[8.51397,47.38436],[8.51402,47.38437],[8.51407,47.38429]]]}},{"type":"Feature","properties":{"fliesstiefe":"0.5 - 1.0 m"},"geometry":{"type":"Polygon","coordinates":[[[8.51026,47.38541],[8.51022,47.38545],[8.51029,47.38543],[8.51026,47.38541]]]}},{"type":"Feature","properties":{"fliesstiefe":"0.5 - 1.0 m"},"geometry":{"type":"Polygon","coordinates":[[[8.51124,47.38889],[8.5112,47.38889],[8.51125,47.38901],[8.5113,47.38898],[8.51124,47.38889]]]}},{"type":"Feature","properties":{"fliesstiefe":"0.5 - 1.0 m"},"geometry":{"type":"Polygon","coordinates":[[[8.51288,47.38828],[8.51283,47.3883],[8.51287,47.38836],[8.51288,47.38828]]]}},{"type":"Feature","properties":{"fliesstiefe":"0.5 - 1.0 m"},"geometry":{"type":"Polygon","coordinates":[[[8.5142,47.38269],[8.51439,47.38261],[8.51454,47.38274],[8.51434,47.38257],[8.51406,47.38269],[8.51444,47.38277],[8.5142,47.38269]]]}},{"type":"Feature","properties":{"fliesstiefe":"1.0 - 2.0 m"},"geometry":{"type":"Polygon","coordinates":[[[8.51026,47.38261],[8.51016,47.38264],[8.51021,47.38268],[8.51026,47.38261]]]}},{"type":"Feature","properties":{"fliesstiefe":"0.5 - 1.0 m"},"geometry":{"type":"Polygon","coordinates":[[[8.51109,47.38316],[8.51103,47.38316],[8.51113,47.38318],[8.51109,47.38316]]]}},{"type":"Feature","properties":{"fliesstiefe":"0.1 - 0.25 m"},"geometry":{"type":"Polygon","coordinates":[[[8.51773,47.38945],[8.51762,47.38945],[8.51776,47.38955],[8.51773,47.38945]]]}},{"type":"Feature","properties":{"fliesstiefe":"0.1 - 0.25 m"},"geometry":{"type":"Polygon","coordinates":[[[8.51516,47.38629],[8.51499,47.38636],[8.51486,47.38634],[8.51479,47.38622],[8.51493,47.38617],[8.51478,47.38622],[8.51483,47.38634],[8.51495,47.38638],[8.51516,47.38629]]]}},{"type":"Feature","properties":{"fliesstiefe":"0.1 - 0.25 m"},"geometry":{"type":"Polygon","coordinates":[[[8.51215,47.38291],[8.51195,47.38289],[8.51207,47.38299],[8.51215,47.38291]]]}},{"type":"Feature","properties":{"fliesstiefe":"0.25 - 0.5 m"},"geometry":{"type":"Polygon","coordinates":[[[8.51131,47.38372],[8.51126,47.38378],[8.51135,47.38377],[8.51131,47.38372]]]}},{"type":"Feature","properties":{"fliesstiefe":"0.25 - 0.5 m"},"geometry":{"type":"Polygon","coordinates":[[[8.51164,47.38391],[8.51199,47.38376],[8.51206,47.38363],[8.51199,47.38376],[8.51182,47.38384],[8.51118,47.38404],[8.51164,47.38391]]]}},{"type":"Feature","properties":{"fliesstiefe":"0.25 - 0.5 m"},"geometry":{"type":"Polygon","coordinates":[[[8.51935,47.38934],[8.51915,47.38938],[8.5192,47.38944],[8.51936,47.38938],[8.51935,47.38934]],[[8.51929,47.38937],[8.51924,47.38934],[8.51936,47.38936],[8.51929,47.38937]]]}},{"type":"Feature","properties":{"fliesstiefe":"0.25 - 0.5 m"},"geometry":{"type":"Polygon","coordinates":[[[8.5162,47.38238],[8.51612,47.38245],[8.51625,47.38244],[8.5162,47.38238]]]}},{"type":"Feature","properties":{"fliesstiefe":"0.5 - 1.0 m"},"geometry":{"type":"Polygon","coordinates":[[[8.51034,47.38678],[8.51012,47.3868],[8.51015,47.38684],[8.51034,47.38678]]]}},{"type":"Feature","properties":{"fliesstiefe":"0.5 - 1.0 m"},"geometry":{"type":"Polygon","coordinates":[[[8.51434,47.38937],[8.51444,47.38931],[8.51397,47.38941],[8.51434,47.38937]]]}},{"type":"Feature","properties":{"fliesstiefe":"0.5 - 1.0 m"},"geometry":{"type":"Polygon","coordinates":[[[8.51323,47.3829],[8.51316,47.38287],[8.51317,47.38293],[8.51326,47.38294],[8.51323,47.3829]]]}},{"type":"Feature","properties":{"fliesstiefe":"0.5 - 1.0 m"},"geometry":{"type":"Polygon","coordinates":[[[8.5119,47.3838],[8.51199,47.38376],[8.51205,47.38362],[8.51192,47.38363],[8.51199,47.38372],[8.51169,47.38387],[8.5119,47.3838]]]}},{"type":"Feature","properties":{"fliesstiefe":"1.0 - 2.0 m"},"geometry":{"type":"Polygon","coordinates":[[[8.51052,47.38253],[8.51047,47.38247],[8.5105,47.38253],[8.51039,47.38254],[8.51034,47.38241],[8.51028,47.38243],[8.51031,47.38234],[8.51019,47.38232],[8.51021,47.38226],[8.5103,47.38229],[8.51026,47.38221],[8.51008,47.38228],[8.51038,47.38261],[8.51052,47.38253]]]}},{"type":"Feature","properties":{"fliesstiefe":"1.0 - 2.0 m"},"geometry":{"type":"Polygon","coordinates":[[[8.51206,47.38994],[8.51203,47.3899],[8.5119,47.38996],[8.51206,47.38994]]]}},{"type":"Feature","properties":{"fliesstiefe":"1.0 - 2.0 m"},"geometry":{"type":"Polygon","coordinates":[[[8.51609,47.38929],[8.51605,47.38929],[8.5161,47.38937],[8.51618,47.38943],[8.51609,47.38929]]]}},{"type":"Feature","properties":{"fliesstiefe":"0 - 0.1 m"},"geometry":{"type":"Polygon","coordinates":[[[8.51423,47.38442],[8.51417,47.38444],[8.51427,47.38443],[8.51423,47.38442]]]}},{"type":"Feature","properties":{"fliesstiefe":"0 - 0.1 m"},"geometry":{"type":"Polygon","coordinates":[[[8.52152,47.3836],[8.5219,47.38347],[8.52128,47.38363],[8.52122,47.3837],[8.52152,47.3836]]]}},{"type":"Feature","properties":{"fliesstiefe":"0.1 - 0.25 m"},"geometry":{"type":"Polygon","coordinates":[[[8.5195,47.38229],[8.51955,47.38221],[8.51942,47.38239],[8.51961,47.38229],[8.5195,47.38229]]]}},{"type":"Feature","properties":{"fliesstiefe":"0.1 - 0.25 m"},"geometry":{"type":"Polygon","coordinates":[[[8.51337,47.38246],[8.51342,47.38239],[8.51335,47.38237],[8.51321,47.38246],[8.5133,47.38247],[8.5131,47.38255],[8.51274,47.38214],[8.5128,47.38215],[8.51272,47.38214],[8.51309,47.38256],[8.51337,47.38246]]]}},{"type":"Feature","properties":{"fliesstiefe":"0.1 - 0.25 m"},"geometry":{"type":"Polygon","coordinates":[[[8.52155,47.38462],[8.52127,47.3846],[8.52123,47.38465],[8.52146,47.38468],[8.52155,47.38462]]]}},{"type":"Feature","properties":{"fliesstiefe":"0.1 - 0.25 m"},"geometry":{"type":"Polygon","coordinates":[[[8.51798,47.3835],[8.51808,47.38348],[8.51791,47.38352],[8.51795,47.38357],[8.51798,47.3835]]]}},{"type":"Feature","properties":{"fliesstiefe":"0.1 - 0.25 m"},"geometry":{"type":"Polygon","coordinates":[[[8.51546,47.38364],[8.5159,47.38336],[8.51603,47.38335],[8.51654,47.38287],[8.51582,47.38319],[8.5157,47.38321],[8.51563,47.38314],[8.51572,47.38326],[8.51559,47.38338],[8.51562,47.38344],[8.51543,47.3835],[8.5152,47.38372],[8.51532,47.38372],[8.51546,47.38364]],[[8.51622,47.38308],[8.51579,47.38343],[8.51564,47.38341],[8.51583,47.3832],[8.51625,47.38302],[8.51622,47.38308]]]}},{"type":"Feature","properties":{"fliesstiefe":"0.1 - 0.25 m"},"geometry":{"type":"Polygon","coordinates":[[[8.51382,47.38284],[8.51411,47.38273],[8.514,47.3827],[8.51415,47.38259],[8.51433,47.38256],[8.51443,47.38264],[8.51431,47.38249],[8.51438,47.38245],[8.51436,47.38237],[8.51449,47.38237],[8.51411,47.382],[8.51407,47.382],[8.51408,47.38209],[8.5139,47.382],[8.51428,47.38247],[8.51373,47.38284],[8.51374,47.38298],[8.51382,47.38284]],[[8.51428,47.3822],[8.51424,47.38215],[8.51441,47.38231],[8.51428,47.3822]]]}},{"type":"Feature","properties":{"fliesstiefe":"0.1 - 0.25 m"},"geometry":{"type":"Polygon","coordinates":[[[8.51917,47.38271],[8.51942,47.38252],[8.51922,47.38256],[8.51898,47.38275],[8.51917,47.38271]]]}},{"type":"Feature","properties":{"fliesstiefe":"0.1 - 0.25 m"},"geometry":{"type":"Polygon","coordinates":[[[8.51702,47.38391],[8.51742,47.38376],[8.51709,47.38378],[8.51648,47.38407],[8.51702,47.38391]],[[8.51717,47.38385],[8.51675,47.38395],[8.51721,47.38381],[8.51717,47.38385]]]}},{"type":"Feature","properties":{"fliesstiefe":"0.1 - 0.25 m"},"geometry":{"type":"Polygon","coordinates":[[[8.51585,47.38465],[8.51615,47.38456],[8.51563,47.3847],[8.51585,47.38465]]]}},{"type":"Feature","properties":{"fliesstiefe":"0.1 - 0.25 m"},"geometry":{"type":"Polygon","coordinates":[[[8.51844,47.38255],[8.51801,47.38227],[8.51813,47.38241],[8.51878,47.3828],[8.51844,47.38255]]]}},{"type":"Feature","properties":{"fliesstiefe":"0.1 - 0.25 m"},"geometry":{"type":"Polygon","coordinates":[[[8.51285,47.38368],[8.51317,47.38351],[8.51271,47.38371],[8.51285,47.38368]]]}},{"type":"Feature","properties":{"fliesstiefe":"0.1 - 0.25 m"},"geometry":{"type":"Polygon","coordinates":[[[8.52087,47.38319],[8.52126,47.38318],[8.52097,47.3831],[8.52068,47.38323],[8.52087,47.38319]]]}},{"type":"Feature","properties":{"fliesstiefe":"0.1 - 0.25 m"},"geometry":{"type":"Polygon","coordinates":[[[8.52071,47.38447],[8.52126,47.3843],[8.5208,47.38439],[8.52063,47.38436],[8.5203,47.38451],[8.52071,47.38447]],[[8.52064,47.38442],[8.52049,47.38442],[8.52089,47.38439],[8.52051,47.38446],[8.52064,47.38442]]]}},{"type":"Feature","properties":{"fliesstiefe":"0.1 - 0.25 m"},"geometry":{"type":"Polygon","coordinates":[[[8.51215,47.38338],[8.51216,47.38331],[8.51198,47.38324],[8.51213,47.38344],[8.51219,47.38341],[8.51215,47.38338]]]}},{"type":"Feature","properties":{"fliesstiefe":"0.1 - 0.25 m"},"geometry":{"type":"Polygon","coordinates":[[[8.51104,47.38479],[8.51113,47.38477],[8.5112,47.38491],[8.51126,47.38491],[8.5113,47.38488],[8.51122,47.38489],[8.51121,47.38478],[8.51138,47.38465],[8.51142,47.38473],[8.51166,47.38444],[8.51109,47.38473],[8.5112,47.38462],[8.51113,47.38465],[8.51079,47.38497],[8.51104,47.38479]],[[8.51152,47.38456],[8.51144,47.3846],[8.5115,47.38452],[8.51152,47.38456]]]}},{"type":"Feature","properties":{"fliesstiefe":"1.0 - 2.0 m"},"geometry":{"type":"Polygon","coordinates":[[[8.51859,47.38445],[8.519,47.38422],[8.51801,47.38465],[8.51859,47.38445]]]}},{"type":"Feature","properties":{"fliesstiefe":"0.25 - 0.5 m"},"geometry":{"type":"Polygon","coordinates":[[[8.52089,47.38439],[8.52049,47.38442],[8.52066,47.38441],[8.52052,47.38446],[8.52089,47.38439]]]}},{"type":"Feature","properties":{"fliesstiefe":"0.25 - 0.5 m"},"geometry":{"type":"Polygon","coordinates":[[[8.52191,47.38866],[8.52188,47.38871],[8.52196,47.3887],[8.52191,47.38866]]]}},{"type":"Feature","properties":{"fliesstiefe":"0.25 - 0.5 m"},"geometry":{"type":"Polygon","coordinates":[[[8.52,47.38637],[8.52004,47.38631],[8.52014,47.38632],[8.52002,47.38627],[8.51997,47.38638],[8.52007,47.38636],[8.52,47.38637]]]}},{"type":"Feature","properties":{"fliesstiefe":"0.25 - 0.5 m"},"geometry":{"type":"Polygon","coordinates":[[[8.52151,47.38707],[8.5214,47.38703],[8.5215,47.38713],[8.52151,47.38707]]]}},{"type":"Feature","properties":{"fliesstiefe":"0.5 - 1.0 m"},"geometry":{"type":"Polygon","coordinates":[[[8.52186,47.38988],[8.52181,47.38985],[8.5219,47.38994],[8.52186,47.38988]]]}},{"type":"Feature","properties":{"fliesstiefe":"0 - 0.1 m"},"geometry":{"type":"Polygon","coordinates":[[[8.51514,47.38771],[8.51501,47.38763],[8.51484,47.38777],[8.51514,47.38771]]]}},{"type":"Feature","properties":{"fliesstiefe":"0 - 0.1 m"},"geometry":{"type":"Polygon","coordinates":[[[8.51326,47.38693],[8.51341,47.38671],[8.51394,47.38663],[8.51398,47.3865],[8.5137,47.38652],[8.51366,47.38659],[8.51328,47.38674],[8.51316,47.38664],[8.51347,47.38653],[8.51281,47.38674],[8.51318,47.38703],[8.51326,47.38705],[8.51326,47.38693]],[[8.51386,47.38659],[8.51359,47.38665],[8.51371,47.38656],[8.51386,47.38655],[8.51386,47.38659]],[[8.51324,47.38675],[8.51334,47.38674],[8.5132,47.387],[8.5129,47.38679],[8.51294,47.38672],[8.51313,47.38666],[8.51324,47.38675]]]}},{"type":"Feature","properties":{"fliesstiefe":"0 - 0.1 m"},"geometry":{"type":"Polygon","coordinates":[[[8.51438,47.38797],[8.51459,47.38794],[8.51468,47.38814],[8.51483,47.38807],[8.51477,47.38796],[8.51486,47.38794],[8.51495,47.38803],[8.51519,47.38795],[8.51509,47.38794],[8.51501,47.38784],[8.51475,47.3879],[8.51442,47.3878],[8.51428,47.38782],[8.51383,47.3881],[8.51396,47.38819],[8.51438,47.38797]],[[8.51503,47.38796],[8.51495,47.38798],[8.5149,47.3879],[8.515,47.38788],[8.51503,47.38796]],[[8.51475,47.38802],[8.51472,47.38806],[8.51463,47.38789],[8.51475,47.38802]],[[8.51448,47.38786],[8.51399,47.3881],[8.51391,47.38809],[8.51433,47.38784],[8.51448,47.38786]]]}},{"type":"Feature","properties":{"fliesstiefe":"0 - 0.1 m"},"geometry":{"type":"Polygon","coordinates":[[[8.51114,47.38781],[8.51102,47.38789],[8.51109,47.3879],[8.51114,47.38781]]]}},{"type":"Feature","properties":{"fliesstiefe":"0 - 0.1 m"},"geometry":{"type":"Polygon","coordinates":[[[8.51545,47.38683],[8.51539,47.38675],[8.51532,47.3868],[8.51545,47.38683]]]}},{"type":"Feature","properties":{"fliesstiefe":"0 - 0.1 m"},"geometry":{"type":"Polygon","coordinates":[[[8.51138,47.39],[8.51206,47.38979],[8.51118,47.38998],[8.51099,47.39],[8.51179,47.38977],[8.51088,47.39],[8.51053,47.39],[8.51172,47.3897],[8.51197,47.38956],[8.51174,47.38949],[8.51183,47.38955],[8.51147,47.38973],[8.51023,47.39],[8.51005,47.39],[8.51008,47.38996],[8.51,47.38991],[8.51,47.39],[8.51138,47.39]],[[8.51047,47.38999],[8.51029,47.39],[8.51068,47.3899],[8.51047,47.38999]]]}},{"type":"Feature","properties":{"fliesstiefe":"0 - 0.1 m"},"geometry":{"type":"Polygon","coordinates":[[[8.51402,47.38883],[8.51415,47.38877],[8.51369,47.38893],[8.51402,47.38883]]]}},{"type":"Feature","properties":{"fliesstiefe":"0 - 0.1 m"},"geometry":{"type":"Polygon","coordinates":[[[8.51033,47.38518],[8.51049,47.38495],[8.51025,47.38525],[8.51033,47.38518]]]}},{"type":"Feature","properties":{"fliesstiefe":"0 - 0.1 m"},"geometry":{"type":"Polygon","coordinates":[[[8.51225,47.38542],[8.51244,47.38535],[8.51203,47.38545],[8.51225,47.38542]]]}},{"type":"Feature","properties":{"fliesstiefe":"0 - 0.1 m"},"geometry":{"type":"Polygon","coordinates":[[[8.51299,47.38419],[8.51311,47.38404],[8.51287,47.38428],[8.51299,47.38419]]]}},{"type":"Feature","properties":{"fliesstiefe":"0.1 - 0.25 m"},"geometry":{"type":"Polygon","coordinates":[[[8.51073,47.38758],[8.51097,47.38745],[8.51087,47.38756],[8.51104,47.38741],[8.51092,47.38743],[8.51063,47.38763],[8.51073,47.38758]]]}},{"type":"Feature","properties":{"fliesstiefe":"0.1 - 0.25 m"},"geometry":{"type":"Polygon","coordinates":[[[8.51148,47.38661],[8.51141,47.38658],[8.51095,47.38679],[8.51148,47.38661]]]}},{"type":"Feature","properties":{"fliesstiefe":"0.1 - 0.25 m"},"geometry":{"type":"Polygon","coordinates":[[[8.51061,47.3871],[8.51071,47.38706],[8.51,47.38731],[8.51061,47.3871]]]}},{"type":"Feature","properties":{"fliesstiefe":"0.1 - 0.25 m"},"geometry":{"type":"Polygon","coordinates":[[[8.51131,47.38728],[8.51116,47.38736],[8.51134,47.38723],[8.51104,47.38736],[8.51118,47.38743],[8.51131,47.38728]]]}},{"type":"Feature","properties":{"fliesstiefe":"0.1 - 0.25 m"},"geometry":{"type":"Polygon","coordinates":[[[8.51315,47.38901],[8.51292,47.38872],[8.51325,47.3892],[8.51315,47.38901]]]}},{"type":"Feature","properties":{"fliesstiefe":"0.1 - 0.25 m"},"geometry":{"type":"Polygon","coordinates":[[[8.51293,47.38825],[8.51273,47.38817],[8.51278,47.38832],[8.51295,47.38847],[8.51293,47.38825]],[[8.51276,47.38821],[8.5129,47.38825],[8.51294,47.38837],[8.51286,47.38838],[8.51276,47.38821]]]}},{"type":"Feature","properties":{"fliesstiefe":"0.1 - 0.25 m"},"geometry":{"type":"Polygon","coordinates":[[[8.51057,47.38849],[8.51061,47.38846],[8.51016,47.38833],[8.51033,47.38863],[8.51057,47.38849]],[[8.51027,47.3884],[8.51047,47.38842],[8.51051,47.38848],[8.51034,47.38856],[8.51027,47.3884]]]}},{"type":"Feature","properties":{"fliesstiefe":"0.1 - 0.25 m"},"geometry":{"type":"Polygon","coordinates":[[[8.51045,47.39],[8.51068,47.3899],[8.51029,47.39],[8.51045,47.39]]]}},{"type":"Feature","properties":{"fliesstiefe":"0.1 - 0.25 m"},"geometry":{"type":"Polygon","coordinates":[[[8.51536,47.38478],[8.5154,47.38476],[8.51518,47.38483],[8.51536,47.38478]]]}},{"type":"Feature","properties":{"fliesstiefe":"0.1 - 0.25 m"},"geometry":{"type":"Polygon","coordinates":[[[8.51557,47.38522],[8.51549,47.38528],[8.51565,47.38526],[8.51557,47.38522]]]}},{"type":"Feature","properties":{"fliesstiefe":"0.1 - 0.25 m"},"geometry":{"type":"Polygon","coordinates":[[[8.51256,47.38424],[8.51286,47.38397],[8.51285,47.38392],[8.51256,47.38418],[8.5125,47.3841],[8.51257,47.38398],[8.5125,47.38399],[8.51217,47.38411],[8.51191,47.3843],[8.51217,47.38421],[8.51245,47.38432],[8.51256,47.38424]],[[8.51242,47.38417],[8.51242,47.38427],[8.51228,47.38421],[8.51235,47.38414],[8.51242,47.38417]]]}},{"type":"Feature","properties":{"fliesstiefe":"0.1 - 0.25 m"},"geometry":{"type":"Polygon","coordinates":[[[8.51317,47.38387],[8.51308,47.38392],[8.51318,47.38395],[8.51317,47.38387]]]}},{"type":"Feature","properties":{"fliesstiefe":"0.1 - 0.25 m"},"geometry":{"type":"Polygon","coordinates":[[[8.51272,47.38803],[8.51256,47.38788],[8.51254,47.38769],[8.51236,47.38744],[8.51223,47.3877],[8.51229,47.38784],[8.5125,47.3881],[8.51272,47.38813],[8.51272,47.38803]],[[8.51246,47.38796],[8.51234,47.3878],[8.51237,47.38766],[8.51244,47.3877],[8.51238,47.38774],[8.51253,47.38798],[8.51246,47.38796]]]}},{"type":"Feature","properties":{"fliesstiefe":"0.1 - 0.25 m"},"geometry":{"type":"Polygon","coordinates":[[[8.51191,47.38414],[8.5123,47.38395],[8.51155,47.38424],[8.51191,47.38414]]]}},{"type":"Feature","properties":{"fliesstiefe":"0.1 - 0.25 m"},"geometry":{"type":"Polygon","coordinates":[[[8.51,47.3864],[8.51014,47.38634],[8.51,47.38635],[8.51,47.38629],[8.51044,47.38618],[8.51078,47.3862],[8.51053,47.38617],[8.51094,47.38608],[8.51091,47.38603],[8.51127,47.38592],[8.5104,47.38613],[8.51054,47.38608],[8.51355,47.38527],[8.51358,47.38523],[8.51331,47.38527],[8.51354,47.38518],[8.51305,47.38529],[8.51376,47.38507],[8.51217,47.38548],[8.51221,47.38546],[8.51444,47.38482],[8.51327,47.38515],[8.5135,47.38506],[8.51323,47.38513],[8.51369,47.38496],[8.51287,47.38506],[8.51282,47.38512],[8.51281,47.38501],[8.51296,47.38502],[8.51307,47.38492],[8.51595,47.38417],[8.5158,47.38412],[8.51521,47.38434],[8.51523,47.3843],[8.51516,47.3843],[8.51548,47.38406],[8.51461,47.38447],[8.51465,47.38442],[8.51444,47.38445],[8.51449,47.3844],[8.51435,47.38442],[8.51435,47.38436],[8.51427,47.38437],[8.51461,47.38423],[8.51497,47.38394],[8.51496,47.38389],[8.51474,47.384],[8.51482,47.38384],[8.51431,47.38432],[8.51425,47.38425],[8.51415,47.38431],[8.51427,47.38412],[8.5142,47.38412],[8.51391,47.38435],[8.51388,47.38451],[8.5137,47.38444],[8.51351,47.38456],[8.51366,47.38443],[8.51357,47.38439],[8.51344,47.3846],[8.51321,47.38474],[8.51352,47.38439],[8.51347,47.38433],[8.51298,47.38479],[8.51236,47.38511],[8.51266,47.38505],[8.51258,47.38509],[8.51273,47.38514],[8.51175,47.38542],[8.51196,47.38524],[8.51214,47.38517],[8.51196,47.38525],[8.51201,47.38529],[8.51228,47.38518],[8.51233,47.38512],[8.51224,47.38514],[8.51238,47.38506],[8.5121,47.38514],[8.51166,47.38539],[8.51154,47.38527],[8.5115,47.38534],[8.51156,47.38542],[8.51101,47.38554],[8.5106,47.38577],[8.51051,47.38579],[8.51063,47.3857],[8.51055,47.38568],[8.51,47.38589],[8.51,47.38598],[8.51106,47.38575],[8.51,47.38608],[8.51,47.38641],[8.51005,47.3864],[8.51,47.3864]],[[8.51208,47.38557],[8.51202,47.38557],[8.51225,47.38551],[8.51208,47.38557]],[[8.51233,47.38549],[8.51228,47.3855],[8.51257,47.38542],[8.51233,47.38549]],[[8.51209,47.38518],[8.512,47.38521],[8.51238,47.38506],[8.51209,47.38518]],[[8.51407,47.3843],[8.51402,47.38437],[8.51397,47.38436],[8.51409,47.38424],[8.51407,47.3843]],[[8.51411,47.38453],[8.5141,47.38447],[8.51423,47.3845],[8.51402,47.38456],[8.51411,47.38453]],[[8.5123,47.38541],[8.51203,47.38545],[8.51244,47.38535],[8.5123,47.38541]],[[8.51097,47.38592],[8.51065,47.386],[8.51133,47.38581],[8.51097,47.38592]],[[8.51047,47.38603],[8.51,47.38618],[8.51,47.38609],[8.51085,47.38589],[8.51047,47.38603]]]}},{"type":"Feature","properties":{"fliesstiefe":"0.1 - 0.25 m"},"geometry":{"type":"Polygon","coordinates":[[[8.51538,47.38718],[8.51522,47.38711],[8.51534,47.38729],[8.51547,47.38728],[8.51538,47.38718]]]}},{"type":"Feature","properties":{"fliesstiefe":"0.1 - 0.25 m"},"geometry":{"type":"Polygon","coordinates":[[[8.5151,47.3857],[8.51501,47.38573],[8.51507,47.38576],[8.5151,47.3857]]]}},{"type":"Feature","properties":{"fliesstiefe":"0.1 - 0.25 m"},"geometry":{"type":"Polygon","coordinates":[[[8.5154,47.38526],[8.51538,47.38532],[8.51544,47.38531],[8.5154,47.38526]]]}},{"type":"Feature","properties":{"fliesstiefe":"0.1 - 0.25 m"},"geometry":{"type":"Polygon","coordinates":[[[8.51015,47.38551],[8.51019,47.38544],[8.51028,47.38546],[8.51029,47.38542],[8.51021,47.38542],[8.5109,47.38471],[8.51146,47.38429],[8.5108,47.38468],[8.51037,47.3852],[8.51,47.38551],[8.51,47.38563],[8.51015,47.38551]],[[8.51025,47.38546],[8.51021,47.38544],[8.51029,47.38542],[8.51025,47.38546]]]}},{"type":"Feature","properties":{"fliesstiefe":"0.25 - 0.5 m"},"geometry":{"type":"Polygon","coordinates":[[[8.51445,47.3895],[8.5144,47.38949],[8.51451,47.3896],[8.51445,47.3895]]]}},{"type":"Feature","properties":{"fliesstiefe":"0.25 - 0.5 m"},"geometry":{"type":"Polygon","coordinates":[[[8.5113,47.38894],[8.51108,47.38867],[8.51116,47.38885],[8.5113,47.38897],[8.51121,47.389],[8.51132,47.38899],[8.5113,47.38894]]]}},{"type":"Feature","properties":{"fliesstiefe":"0.25 - 0.5 m"},"geometry":{"type":"Polygon","coordinates":[[[8.51286,47.38904],[8.51251,47.38863],[8.51296,47.38921],[8.51286,47.38904]],[[8.51278,47.38898],[8.51273,47.38889],[8.5129,47.38912],[8.51278,47.38898]]]}},{"type":"Feature","properties":{"fliesstiefe":"0.25 - 0.5 m"},"geometry":{"type":"Polygon","coordinates":[[[8.51448,47.38892],[8.5143,47.38897],[8.51442,47.38899],[8.51448,47.38892]]]}},{"type":"Feature","properties":{"fliesstiefe":"0.25 - 0.5 m"},"geometry":{"type":"Polygon","coordinates":[[[8.5112,47.38947],[8.51115,47.38946],[8.51116,47.38929],[8.51128,47.38928],[8.51082,47.38922],[8.51074,47.38927],[8.51068,47.38918],[8.51059,47.38918],[8.51045,47.38935],[8.51069,47.38942],[8.51077,47.38955],[8.51097,47.38953],[8.51098,47.38962],[8.51105,47.38964],[8.51115,47.38964],[8.5112,47.38947]],[[8.51063,47.38921],[8.51068,47.38921],[8.51067,47.38929],[8.51058,47.38931],[8.51063,47.38921]],[[8.51105,47.38934],[8.51098,47.38943],[8.51102,47.38944],[8.51093,47.38947],[8.51098,47.38933],[8.51105,47.38934]],[[8.51104,47.38959],[8.511,47.38951],[8.51115,47.38931],[8.5111,47.38962],[8.51104,47.38959]]]}},{"type":"Feature","properties":{"fliesstiefe":"0.25 - 0.5 m"},"geometry":{"type":"Polygon","coordinates":[[[8.51008,47.38481],[8.5102,47.38469],[8.51038,47.38475],[8.51044,47.3847],[8.51022,47.38466],[8.51,47.38472],[8.51,47.3848],[8.51008,47.38481]]]}},{"type":"Feature","properties":{"fliesstiefe":"0.5 - 1.0 m"},"geometry":{"type":"Polygon","coordinates":[[[8.51515,47.38627],[8.51507,47.3862],[8.51488,47.38618],[8.5148,47.38624],[8.51488,47.38633],[8.51515,47.38627]]]}},{"type":"Feature","properties":{"fliesstiefe":"0.5 - 1.0 m"},"geometry":{"type":"Polygon","coordinates":[[[8.5151,47.38774],[8.51507,47.38778],[8.51514,47.38779],[8.5151,47.38774]]]}},{"type":"Feature","properties":{"fliesstiefe":"0.5 - 1.0 m"},"geometry":{"type":"Polygon","coordinates":[[[8.5111,47.38956],[8.51115,47.38931],[8.511,47.38951],[8.51104,47.38963],[8.5111,47.38956]],[[8.51109,47.38952],[8.51105,47.38947],[8.51114,47.38936],[8.51109,47.38952]]]}},{"type":"Feature","properties":{"fliesstiefe":"0.5 - 1.0 m"},"geometry":{"type":"Polygon","coordinates":[[[8.51065,47.38929],[8.51066,47.3892],[8.51058,47.38931],[8.51065,47.38929]]]}},{"type":"Feature","properties":{"fliesstiefe":"Gewässer"},"geometry":{"type":"Polygon","coordinates":[[[8.51264,47.38819],[8.51272,47.38816],[8.51261,47.38812],[8.51264,47.38819]]]}},{"type":"Feature","properties":{"fliesstiefe":"0 - 0.1 m"},"geometry":{"type":"Polygon","coordinates":[[[8.51116,47.38296],[8.51116,47.38287],[8.51109,47.38282],[8.51115,47.38289],[8.511,47.38296],[8.51126,47.38304],[8.51116,47.38296]]]}},{"type":"Feature","properties":{"fliesstiefe":"0 - 0.1 m"},"geometry":{"type":"Polygon","coordinates":[[[8.51456,47.38204],[8.51451,47.382],[8.51472,47.382],[8.5146,47.38205],[8.51467,47.38211],[8.51492,47.382],[8.5145,47.382],[8.51459,47.3821],[8.51452,47.38209],[8.51454,47.38214],[8.5146,47.38214],[8.51465,47.38212],[8.51456,47.38204]],[[8.51477,47.38201],[8.51472,47.38207],[8.51462,47.38205],[8.51477,47.38201]]]}},{"type":"Feature","properties":{"fliesstiefe":"0 - 0.1 m"},"geometry":{"type":"Polygon","coordinates":[[[8.51546,47.38258],[8.51526,47.38278],[8.51542,47.38269],[8.5155,47.38254],[8.51546,47.38258]]]}},{"type":"Feature","properties":{"fliesstiefe":"0.1 - 0.25 m"},"geometry":{"type":"Polygon","coordinates":[[[8.51078,47.38332],[8.51073,47.38311],[8.51093,47.3831],[8.51101,47.3832],[8.51092,47.38331],[8.51106,47.38331],[8.51099,47.38329],[8.51106,47.38324],[8.51104,47.38316],[8.51078,47.38308],[8.51052,47.38319],[8.51055,47.38323],[8.51068,47.38315],[8.51063,47.38324],[8.51075,47.38334],[8.51085,47.38333],[8.51078,47.38332]]]}},{"type":"Feature","properties":{"fliesstiefe":"0.1 - 0.25 m"},"geometry":{"type":"Polygon","coordinates":[[[8.51529,47.38251],[8.51498,47.3826],[8.51516,47.3826],[8.51529,47.38251]]]}},{"type":"Feature","properties":{"fliesstiefe":"0.1 - 0.25 m"},"geometry":{"type":"Polygon","coordinates":[[[8.51017,47.38272],[8.51038,47.38262],[8.51,47.38279],[8.51017,47.38272]]]}},{"type":"Feature","properties":{"fliesstiefe":"0.1 - 0.25 m"},"geometry":{"type":"Polygon","coordinates":[[[8.51497,47.38232],[8.51571,47.38222],[8.51481,47.38227],[8.51453,47.3824],[8.51473,47.38233],[8.51475,47.38243],[8.51497,47.38232]],[[8.51505,47.38227],[8.51547,47.38223],[8.51517,47.3823],[8.51505,47.38227]]]}},{"type":"Feature","properties":{"fliesstiefe":"0.25 - 0.5 m"},"geometry":{"type":"Polygon","coordinates":[[[8.51424,47.3823],[8.51417,47.38226],[8.51431,47.38241],[8.51424,47.3823]]]}},{"type":"Feature","properties":{"fliesstiefe":"0.5 - 1.0 m"},"geometry":{"type":"Polygon","coordinates":[[[8.51317,47.38248],[8.51275,47.38214],[8.51311,47.38254],[8.51323,47.38249],[8.51317,47.38248]]]}},{"type":"Feature","properties":{"fliesstiefe":"0 - 0.1 m"},"geometry":{"type":"Polygon","coordinates":[[[8.52,47.38625],[8.52015,47.38624],[8.51993,47.38627],[8.51996,47.38638],[8.51994,47.3863],[8.52,47.38625]]]}},{"type":"Feature","properties":{"fliesstiefe":"0 - 0.1 m"},"geometry":{"type":"Polygon","coordinates":[[[8.5218,47.38206],[8.52188,47.382],[8.52173,47.38205],[8.52164,47.3822],[8.5218,47.38206]]]}},{"type":"Feature","properties":{"fliesstiefe":"0 - 0.1 m"},"geometry":{"type":"Polygon","coordinates":[[[8.52182,47.38533],[8.52174,47.38524],[8.52177,47.38513],[8.5217,47.38509],[8.52199,47.38523],[8.522,47.38513],[8.52188,47.38513],[8.52154,47.38494],[8.52136,47.38496],[8.52148,47.38498],[8.52151,47.38505],[8.5216,47.38501],[8.52168,47.38505],[8.52163,47.38508],[8.52168,47.38525],[8.52191,47.38543],[8.52182,47.38533]]]}},{"type":"Feature","properties":{"fliesstiefe":"0.1 - 0.25 m"},"geometry":{"type":"Polygon","coordinates":[[[8.51833,47.38575],[8.51812,47.3858],[8.51834,47.38584],[8.51833,47.38575]]]}},{"type":"Feature","properties":{"fliesstiefe":"0.1 - 0.25 m"},"geometry":{"type":"Polygon","coordinates":[[[8.5163,47.38387],[8.51671,47.38358],[8.51679,47.38361],[8.51673,47.38356],[8.51753,47.38309],[8.51798,47.38271],[8.51705,47.38323],[8.51597,47.38399],[8.5163,47.38387]],[[8.51632,47.38382],[8.51625,47.38386],[8.5164,47.38375],[8.51632,47.38382]],[[8.51711,47.38331],[8.51642,47.38373],[8.51705,47.38324],[8.51711,47.38331]]]}},{"type":"Feature","properties":{"fliesstiefe":"0.1 - 0.25 m"},"geometry":{"type":"Polygon","coordinates":[[[8.51929,47.38288],[8.51911,47.38293],[8.51917,47.38297],[8.51929,47.38288]]]}},{"type":"Feature","properties":{"fliesstiefe":"0.1 - 0.25 m"},"geometry":{"type":"Polygon","coordinates":[[[8.51039,47.38543],[8.51058,47.3852],[8.51009,47.38562],[8.51039,47.38543]]]}},{"type":"Feature","properties":{"fliesstiefe":"0.1 - 0.25 m"},"geometry":{"type":"Polygon","coordinates":[[[8.51258,47.38563],[8.51415,47.38519],[8.51189,47.38579],[8.51183,47.38576],[8.51127,47.38597],[8.51258,47.38563]]]}},{"type":"Feature","properties":{"fliesstiefe":"0.1 - 0.25 m"},"geometry":{"type":"Polygon","coordinates":[[[8.51733,47.38733],[8.51718,47.38721],[8.51746,47.38746],[8.51733,47.38733]]]}},{"type":"Feature","properties":{"fliesstiefe":"0.1 - 0.25 m"},"geometry":{"type":"Polygon","coordinates":[[[8.5219,47.39],[8.52158,47.38992],[8.52158,47.38997],[8.52145,47.38988],[8.52052,47.38888],[8.52092,47.38914],[8.52088,47.38919],[8.521,47.38933],[8.52109,47.38935],[8.52105,47.38938],[8.52112,47.38946],[8.52126,47.3895],[8.52138,47.38945],[8.52112,47.38909],[8.522,47.3899],[8.52168,47.38954],[8.522,47.38935],[8.522,47.38908],[8.52148,47.38933],[8.52062,47.38854],[8.51977,47.38764],[8.51945,47.38743],[8.51943,47.38748],[8.51965,47.3876],[8.52008,47.38802],[8.52,47.38812],[8.52014,47.38812],[8.52013,47.38819],[8.52021,47.38819],[8.52004,47.3883],[8.52027,47.38825],[8.52091,47.38896],[8.52035,47.38871],[8.52058,47.38905],[8.52049,47.38908],[8.52052,47.38903],[8.52042,47.38894],[8.52037,47.38895],[8.52044,47.38894],[8.52049,47.38901],[8.52015,47.38913],[8.5201,47.38907],[8.51949,47.38937],[8.51935,47.38934],[8.51936,47.38938],[8.5192,47.38944],[8.51915,47.38936],[8.51913,47.38944],[8.51865,47.38952],[8.51835,47.38968],[8.51887,47.38952],[8.51802,47.38979],[8.51782,47.38958],[8.51788,47.38976],[8.5174,47.38995],[8.51795,47.38979],[8.51786,47.38986],[8.51809,47.38983],[8.51787,47.38992],[8.51816,47.38986],[8.51954,47.38942],[8.51948,47.38941],[8.51952,47.38938],[8.52014,47.38924],[8.52042,47.38945],[8.5205,47.38957],[8.52045,47.38966],[8.5206,47.38976],[8.52072,47.39],[8.52091,47.39],[8.52088,47.38995],[8.52099,47.38991],[8.5209,47.38973],[8.52098,47.38962],[8.5208,47.38968],[8.52042,47.38935],[8.52037,47.38919],[8.52059,47.38909],[8.52103,47.38948],[8.52106,47.38955],[8.52101,47.38958],[8.52115,47.38959],[8.52155,47.39],[8.5219,47.39]],[[8.52078,47.38977],[8.52081,47.38982],[8.5207,47.38977],[8.52078,47.38977]],[[8.51923,47.38948],[8.51896,47.38955],[8.5193,47.38944],[8.51923,47.38948]],[[8.52041,47.38913],[8.52034,47.38918],[8.52037,47.38933],[8.52021,47.38923],[8.52023,47.38918],[8.52041,47.38913]],[[8.52067,47.38961],[8.52075,47.38964],[8.52074,47.38973],[8.52053,47.38966],[8.52054,47.38956],[8.52067,47.38961]],[[8.52196,47.38925],[8.5219,47.38931],[8.522,47.38928],[8.522,47.38932],[8.52188,47.3894],[8.52167,47.38946],[8.52178,47.38937],[8.52156,47.38941],[8.52159,47.38931],[8.522,47.38911],[8.52196,47.38925]]]}},{"type":"Feature","properties":{"fliesstiefe":"0.1 - 0.25 m"},"geometry":{"type":"Polygon","coordinates":[[[8.51167,47.38881],[8.51162,47.38879],[8.51163,47.38886],[8.51172,47.38891],[8.51167,47.38881]]]}},{"type":"Feature","properties":{"fliesstiefe":"0.1 - 0.25 m"},"geometry":{"type":"Polygon","coordinates":[[[8.51516,47.38695],[8.51526,47.38696],[8.51496,47.38674],[8.51503,47.38669],[8.51489,47.38664],[8.51495,47.38652],[8.51478,47.38653],[8.5148,47.38645],[8.51465,47.38627],[8.51454,47.38627],[8.5152,47.38709],[8.51516,47.38695]]]}},{"type":"Feature","properties":{"fliesstiefe":"0.1 - 0.25 m"},"geometry":{"type":"Polygon","coordinates":[[[8.51618,47.38668],[8.51599,47.38641],[8.51592,47.3864],[8.51625,47.38677],[8.51618,47.38668]]]}},{"type":"Feature","properties":{"fliesstiefe":"0.1 - 0.25 m"},"geometry":{"type":"Polygon","coordinates":[[[8.5194,47.38362],[8.52021,47.3832],[8.52086,47.38268],[8.51986,47.38337],[8.51879,47.38384],[8.5194,47.38362]]]}},{"type":"Feature","properties":{"fliesstiefe":"0.1 - 0.25 m"},"geometry":{"type":"Polygon","coordinates":[[[8.51193,47.38308],[8.51178,47.38303],[8.51186,47.38316],[8.51192,47.38317],[8.51193,47.38308]]]}},{"type":"Feature","properties":{"fliesstiefe":"0.25 - 0.5 m"},"geometry":{"type":"Polygon","coordinates":[[[8.51589,47.38333],[8.51626,47.38303],[8.51583,47.3832],[8.51564,47.38341],[8.51575,47.38345],[8.51589,47.38333]]]}},{"type":"Feature","properties":{"fliesstiefe":"0.25 - 0.5 m"},"geometry":{"type":"Polygon","coordinates":[[[8.52187,47.38977],[8.52112,47.38909],[8.52138,47.38945],[8.52126,47.3895],[8.52112,47.38946],[8.52105,47.38938],[8.52109,47.38935],[8.521,47.38933],[8.52088,47.38919],[8.52092,47.38914],[8.52052,47.38888],[8.52157,47.38997],[8.52158,47.38992],[8.522,47.39],[8.522,47.3899],[8.52187,47.38977]],[[8.52174,47.3898],[8.52168,47.38972],[8.52182,47.38983],[8.52174,47.3898]]]}},{"type":"Feature","properties":{"fliesstiefe":"0.25 - 0.5 m"},"geometry":{"type":"Polygon","coordinates":[[[8.51923,47.38948],[8.5193,47.38944],[8.51896,47.38955],[8.51923,47.38948]]]}},{"type":"Feature","properties":{"fliesstiefe":"1.0 - 2.0 m"},"geometry":{"type":"Polygon","coordinates":[[[8.514,47.38238],[8.51385,47.38239],[8.5139,47.38244],[8.514,47.38238]]]}},{"type":"Feature","properties":{"fliesstiefe":"0.5 - 1.0 m"},"geometry":{"type":"Polygon","coordinates":[[[8.51112,47.38222],[8.51168,47.382],[8.51138,47.38204],[8.51101,47.38224],[8.51112,47.38222]]]}},{"type":"Feature","properties":{"fliesstiefe":"0.5 - 1.0 m"},"geometry":{"type":"Polygon","coordinates":[[[8.51102,47.38301],[8.511,47.38297],[8.51086,47.38303],[8.51102,47.38301]]]}},{"type":"Feature","properties":{"fliesstiefe":"0 - 0.1 m"},"geometry":{"type":"Polygon","coordinates":[[[8.52189,47.38571],[8.52153,47.38548],[8.52132,47.38507],[8.52135,47.38503],[8.52122,47.38501],[8.52122,47.38512],[8.52153,47.38551],[8.522,47.38584],[8.522,47.38858],[8.52184,47.38868],[8.52191,47.38876],[8.522,47.38872],[8.522,47.38576],[8.52189,47.38571]],[[8.52195,47.38872],[8.52186,47.38869],[8.522,47.38861],[8.52195,47.38872]]]}},{"type":"Feature","properties":{"fliesstiefe":"0.1 - 0.25 m"},"geometry":{"type":"Polygon","coordinates":[[[8.51679,47.38892],[8.5167,47.38889],[8.51684,47.38897],[8.51689,47.38891],[8.51679,47.38892]]]}},{"type":"Feature","properties":{"fliesstiefe":"0.1 - 0.25 m"},"geometry":{"type":"Polygon","coordinates":[[[8.5213,47.38621],[8.52142,47.38609],[8.52144,47.38599],[8.52141,47.38617],[8.52144,47.38615],[8.52148,47.38598],[8.52106,47.38563],[8.52071,47.38559],[8.52035,47.38574],[8.52096,47.38573],[8.52126,47.38605],[8.52096,47.3863],[8.5213,47.38621]],[[8.5211,47.38569],[8.52139,47.38603],[8.5212,47.38621],[8.52129,47.38599],[8.52107,47.38576],[8.52054,47.38569],[8.52083,47.38561],[8.5211,47.38569]]]}},{"type":"Feature","properties":{"fliesstiefe":"0.1 - 0.25 m"},"geometry":{"type":"Polygon","coordinates":[[[8.51472,47.38797],[8.51463,47.38789],[8.51474,47.38807],[8.51472,47.38797]]]}},{"type":"Feature","properties":{"fliesstiefe":"0.1 - 0.25 m"},"geometry":{"type":"Polygon","coordinates":[[[8.51895,47.38674],[8.51905,47.38678],[8.51895,47.3867],[8.51893,47.38663],[8.51901,47.38666],[8.51897,47.38662],[8.51872,47.38649],[8.51898,47.38684],[8.51832,47.38648],[8.51808,47.38632],[8.5181,47.38627],[8.51801,47.38629],[8.51798,47.3862],[8.51861,47.3859],[8.51908,47.38586],[8.519,47.38589],[8.51928,47.3858],[8.51871,47.38585],[8.51789,47.38616],[8.51814,47.38648],[8.51907,47.38693],[8.51895,47.38674]]]}},{"type":"Feature","properties":{"fliesstiefe":"0.1 - 0.25 m"},"geometry":{"type":"Polygon","coordinates":[[[8.51979,47.38552],[8.51977,47.38546],[8.51977,47.38555],[8.51983,47.3856],[8.51979,47.38552]]]}},{"type":"Feature","properties":{"fliesstiefe":"0.1 - 0.25 m"},"geometry":{"type":"Polygon","coordinates":[[[8.52123,47.38478],[8.52109,47.38479],[8.52125,47.38491],[8.52123,47.38478]]]}},{"type":"Feature","properties":{"fliesstiefe":"0.1 - 0.25 m"},"geometry":{"type":"Polygon","coordinates":[[[8.52127,47.38871],[8.52115,47.38863],[8.52132,47.38879],[8.52127,47.38871]]]}},{"type":"Feature","properties":{"fliesstiefe":"0.1 - 0.25 m"},"geometry":{"type":"Polygon","coordinates":[[[8.51259,47.38937],[8.51277,47.38933],[8.51272,47.38924],[8.51229,47.38943],[8.51259,47.38937]]]}},{"type":"Feature","properties":{"fliesstiefe":"0 - 0.1 m"},"geometry":{"type":"Polygon","coordinates":[[[8.51897,47.38511],[8.51893,47.38516],[8.51902,47.38517],[8.51897,47.38511]]]}},{"type":"Feature","properties":{"fliesstiefe":"0 - 0.1 m"},"geometry":{"type":"Polygon","coordinates":[[[8.52062,47.38682],[8.5205,47.38672],[8.52029,47.38683],[8.52039,47.38684],[8.5203,47.38682],[8.52042,47.38677],[8.52051,47.38681],[8.52042,47.38684],[8.52047,47.38687],[8.52063,47.38687],[8.52062,47.38682]]]}},{"type":"Feature","properties":{"fliesstiefe":"0 - 0.1 m"},"geometry":{"type":"Polygon","coordinates":[[[8.51727,47.3846],[8.51709,47.38459],[8.51723,47.38465],[8.51739,47.3846],[8.51727,47.3846]]]}},{"type":"Feature","properties":{"fliesstiefe":"0 - 0.1 m"},"geometry":{"type":"Polygon","coordinates":[[[8.51628,47.38282],[8.51604,47.38286],[8.51614,47.38292],[8.51628,47.38282]]]}},{"type":"Feature","properties":{"fliesstiefe":"0 - 0.1 m"},"geometry":{"type":"Polygon","coordinates":[[[8.51734,47.38249],[8.51719,47.38259],[8.51723,47.38263],[8.51734,47.38249]]]}},{"type":"Feature","properties":{"fliesstiefe":"0 - 0.1 m"},"geometry":{"type":"Polygon","coordinates":[[[8.51858,47.3883],[8.5185,47.38822],[8.51842,47.38832],[8.51858,47.3883]]]}},{"type":"Feature","properties":{"fliesstiefe":"0 - 0.1 m"},"geometry":{"type":"Polygon","coordinates":[[[8.51974,47.38735],[8.51967,47.38732],[8.51982,47.38747],[8.51974,47.38735]]]}},{"type":"Feature","properties":{"fliesstiefe":"0.1 - 0.25 m"},"geometry":{"type":"Polygon","coordinates":[[[8.52074,47.38792],[8.52135,47.38762],[8.52136,47.38756],[8.52162,47.38748],[8.52176,47.38735],[8.52024,47.38803],[8.52033,47.3881],[8.52074,47.38792]]]}},{"type":"Feature","properties":{"fliesstiefe":"0.1 - 0.25 m"},"geometry":{"type":"Polygon","coordinates":[[[8.5126,47.38659],[8.51429,47.38607],[8.51324,47.38631],[8.51317,47.38634],[8.51361,47.38625],[8.5123,47.38664],[8.51236,47.38655],[8.51312,47.38636],[8.51331,47.38623],[8.51499,47.38584],[8.51328,47.38623],[8.51225,47.3866],[8.51234,47.38667],[8.5126,47.38659]]]}},{"type":"Feature","properties":{"fliesstiefe":"0.1 - 0.25 m"},"geometry":{"type":"Polygon","coordinates":[[[8.52003,47.38752],[8.52002,47.38743],[8.51981,47.38725],[8.51955,47.38716],[8.51992,47.38755],[8.51987,47.38761],[8.52003,47.38752]],[[8.51995,47.38748],[8.51996,47.38757],[8.51983,47.38748],[8.51984,47.38741],[8.51995,47.38748]]]}},{"type":"Feature","properties":{"fliesstiefe":"0.1 - 0.25 m"},"geometry":{"type":"Polygon","coordinates":[[[8.5167,47.38554],[8.51717,47.38539],[8.51681,47.38546],[8.51705,47.38539],[8.51698,47.38539],[8.51523,47.38582],[8.51623,47.38561],[8.51525,47.38589],[8.5153,47.38589],[8.5167,47.38554]]]}},{"type":"Feature","properties":{"fliesstiefe":"1.0 - 2.0 m"},"geometry":{"type":"Polygon","coordinates":[[[8.51636,47.38822],[8.51604,47.3881],[8.51622,47.38824],[8.51634,47.38828],[8.51636,47.38822]]]}},{"type":"Feature","properties":{"fliesstiefe":"0 - 0.1 m"},"geometry":{"type":"Polygon","coordinates":[[[8.52186,47.38953],[8.52188,47.38958],[8.522,47.38948],[8.52186,47.38953]]]}},{"type":"Feature","properties":{"fliesstiefe":"0 - 0.1 m"},"geometry":{"type":"Polygon","coordinates":[[[8.52176,47.388],[8.522,47.38788],[8.522,47.38778],[8.52127,47.38816],[8.52138,47.38819],[8.52176,47.388]],[[8.52154,47.38809],[8.52135,47.38818],[8.52129,47.38813],[8.5215,47.38804],[8.52154,47.38809]],[[8.52194,47.3879],[8.5216,47.38806],[8.52153,47.38802],[8.52191,47.38784],[8.52194,47.3879]]]}},{"type":"Feature","properties":{"fliesstiefe":"0 - 0.1 m"},"geometry":{"type":"Polygon","coordinates":[[[8.51548,47.38987],[8.5154,47.38978],[8.51513,47.38987],[8.51523,47.38998],[8.51548,47.38987]],[[8.51529,47.38993],[8.51519,47.38989],[8.51527,47.38988],[8.51529,47.38993]]]}},{"type":"Feature","properties":{"fliesstiefe":"0 - 0.1 m"},"geometry":{"type":"Polygon","coordinates":[[[8.51599,47.3897],[8.5159,47.38961],[8.51565,47.3897],[8.51574,47.38981],[8.51599,47.3897]]]}},{"type":"Feature","properties":{"fliesstiefe":"0 - 0.1 m"},"geometry":{"type":"Polygon","coordinates":[[[8.51975,47.38899],[8.51968,47.3889],[8.51956,47.38894],[8.51964,47.38905],[8.51975,47.38899]]]}},{"type":"Feature","properties":{"fliesstiefe":"0 - 0.1 m"},"geometry":{"type":"Polygon","coordinates":[[[8.51717,47.3888],[8.51728,47.38873],[8.5171,47.38855],[8.51727,47.38863],[8.51716,47.38854],[8.51695,47.38854],[8.51705,47.38876],[8.51721,47.38873],[8.51718,47.38865],[8.51724,47.3887],[8.51713,47.3888],[8.51729,47.38894],[8.51717,47.3888]]]}},{"type":"Feature","properties":{"fliesstiefe":"0.1 - 0.25 m"},"geometry":{"type":"Polygon","coordinates":[[[8.52193,47.38785],[8.52153,47.38802],[8.5216,47.38806],[8.52194,47.3879],[8.52193,47.38785]],[[8.52193,47.38789],[8.52158,47.38803],[8.52188,47.38786],[8.52193,47.38789]]]}},{"type":"Feature","properties":{"fliesstiefe":"0.25 - 0.5 m"},"geometry":{"type":"Polygon","coordinates":[[[8.51784,47.38861],[8.51763,47.38866],[8.51741,47.38853],[8.51763,47.38874],[8.51784,47.38861]]]}},{"type":"Feature","properties":{"fliesstiefe":"0 - 0.1 m"},"geometry":{"type":"Polygon","coordinates":[[[8.514,47.38587],[8.5152,47.38553],[8.51349,47.38609],[8.515,47.38562],[8.51492,47.38567],[8.51683,47.38515],[8.5155,47.38548],[8.51681,47.38512],[8.51575,47.38539],[8.51673,47.38509],[8.51517,47.38551],[8.51262,47.38632],[8.514,47.38587]]]}},{"type":"Feature","properties":{"fliesstiefe":"0 - 0.1 m"},"geometry":{"type":"Polygon","coordinates":[[[8.51354,47.38361],[8.5132,47.38378],[8.5133,47.38373],[8.51329,47.3838],[8.51344,47.38369],[8.51335,47.38382],[8.51354,47.38361]]]}},{"type":"Feature","properties":{"fliesstiefe":"0 - 0.1 m"},"geometry":{"type":"Polygon","coordinates":[[[8.51653,47.38265],[8.51657,47.38271],[8.51664,47.38267],[8.51647,47.38261],[8.51658,47.38253],[8.51639,47.38254],[8.51655,47.38238],[8.51633,47.38248],[8.51625,47.3824],[8.51639,47.38237],[8.51634,47.3823],[8.51617,47.38237],[8.5163,47.38249],[8.51598,47.38256],[8.51611,47.38242],[8.51597,47.38255],[8.51599,47.38264],[8.51634,47.38254],[8.51642,47.38259],[8.51642,47.38274],[8.51653,47.38265]]]}},{"type":"Feature","properties":{"fliesstiefe":"0 - 0.1 m"},"geometry":{"type":"Polygon","coordinates":[[[8.51748,47.3834],[8.51748,47.38331],[8.51734,47.38345],[8.51748,47.3834]]]}},{"type":"Feature","properties":{"fliesstiefe":"0.1 - 0.25 m"},"geometry":{"type":"Polygon","coordinates":[[[8.51294,47.38332],[8.51349,47.38302],[8.51334,47.38305],[8.51348,47.38301],[8.51273,47.38342],[8.51244,47.38315],[8.51268,47.38343],[8.51294,47.38332]]]}},{"type":"Feature","properties":{"fliesstiefe":"0.1 - 0.25 m"},"geometry":{"type":"Polygon","coordinates":[[[8.51875,47.38638],[8.51866,47.38628],[8.51883,47.38617],[8.51912,47.38613],[8.51976,47.38588],[8.51912,47.386],[8.5194,47.38597],[8.51863,47.38627],[8.51871,47.38648],[8.51875,47.38638]]]}},{"type":"Feature","properties":{"fliesstiefe":"0.1 - 0.25 m"},"geometry":{"type":"Polygon","coordinates":[[[8.51735,47.38489],[8.51739,47.38487],[8.51709,47.38495],[8.51735,47.38489]]]}},{"type":"Feature","properties":{"fliesstiefe":"0.1 - 0.25 m"},"geometry":{"type":"Polygon","coordinates":[[[8.51799,47.38204],[8.51803,47.38207],[8.51815,47.382],[8.51799,47.38204]],[[8.51805,47.38206],[8.51799,47.38206],[8.51813,47.382],[8.51805,47.38206]]]}},{"type":"Feature","properties":{"fliesstiefe":"0.25 - 0.5 m"},"geometry":{"type":"Polygon","coordinates":[[[8.51712,47.383],[8.51742,47.38286],[8.51722,47.38279],[8.51718,47.38287],[8.51709,47.38278],[8.51684,47.38298],[8.517,47.38305],[8.51712,47.383]],[[8.51697,47.38292],[8.51708,47.3829],[8.51702,47.38295],[8.51697,47.38292]]]}},{"type":"Feature","properties":{"fliesstiefe":"0.25 - 0.5 m"},"geometry":{"type":"Polygon","coordinates":[[[8.51284,47.38334],[8.51348,47.38301],[8.51273,47.38332],[8.51247,47.38319],[8.51269,47.38342],[8.51284,47.38334]]]}},{"type":"Feature","properties":{"fliesstiefe":"0.25 - 0.5 m"},"geometry":{"type":"Polygon","coordinates":[[[8.51386,47.38226],[8.51375,47.38228],[8.51383,47.38239],[8.51376,47.38229],[8.51386,47.38226]]]}},{"type":"Feature","properties":{"fliesstiefe":"0.25 - 0.5 m"},"geometry":{"type":"Polygon","coordinates":[[[8.51315,47.38744],[8.51326,47.38748],[8.51326,47.38737],[8.51309,47.38744],[8.51319,47.38754],[8.51315,47.38744]]]}},{"type":"Feature","properties":{"fliesstiefe":"0.25 - 0.5 m"},"geometry":{"type":"Polygon","coordinates":[[[8.51637,47.38379],[8.5164,47.38375],[8.51625,47.38386],[8.51637,47.38379]]]}},{"type":"Feature","properties":{"fliesstiefe":"0.25 - 0.5 m"},"geometry":{"type":"Polygon","coordinates":[[[8.51403,47.3875],[8.51413,47.38743],[8.5141,47.38737],[8.51397,47.3874],[8.51386,47.3875],[8.51403,47.3875]]]}},{"type":"Feature","properties":{"fliesstiefe":"0.25 - 0.5 m"},"geometry":{"type":"Polygon","coordinates":[[[8.51379,47.38696],[8.51392,47.38697],[8.51393,47.38688],[8.51375,47.3869],[8.51361,47.387],[8.51371,47.38702],[8.51379,47.38696]]]}},{"type":"Feature","properties":{"fliesstiefe":"0.5 - 1.0 m"},"geometry":{"type":"Polygon","coordinates":[[[8.51388,47.38244],[8.51385,47.38237],[8.51402,47.38239],[8.51386,47.38226],[8.51377,47.38228],[8.51387,47.38244],[8.51396,47.38242],[8.51388,47.38244]]]}},{"type":"Feature","properties":{"fliesstiefe":"0.5 - 1.0 m"},"geometry":{"type":"Polygon","coordinates":[[[8.51518,47.38311],[8.51534,47.38307],[8.51542,47.38292],[8.51539,47.38278],[8.51505,47.38281],[8.5153,47.38284],[8.51528,47.38295],[8.51493,47.38317],[8.5144,47.38318],[8.51437,47.38303],[8.51458,47.38293],[8.51478,47.38301],[8.51501,47.38291],[8.51504,47.38282],[8.51499,47.38291],[8.51478,47.38299],[8.51458,47.38292],[8.51426,47.383],[8.51423,47.3831],[8.5141,47.38316],[8.5147,47.38321],[8.51518,47.38311]]]}},{"type":"Feature","properties":{"fliesstiefe":"0.5 - 1.0 m"},"geometry":{"type":"Polygon","coordinates":[[[8.51598,47.38321],[8.51602,47.38318],[8.51589,47.38324],[8.51598,47.38321]]]}},{"type":"Feature","properties":{"fliesstiefe":"1.0 - 2.0 m"},"geometry":{"type":"Polygon","coordinates":[[[8.51442,47.38263],[8.51419,47.38271],[8.51461,47.38283],[8.51442,47.38263]],[[8.51459,47.38282],[8.51434,47.38272],[8.51447,47.3827],[8.51459,47.38282]]]}},{"type":"Feature","properties":{"fliesstiefe":">= 2.0 m"},"geometry":{"type":"Polygon","coordinates":[[[8.51447,47.3827],[8.51434,47.38273],[8.51459,47.38282],[8.51447,47.3827]]]}},{"type":"Feature","properties":{"fliesstiefe":"1.0 - 2.0 m"},"geometry":{"type":"Polygon","coordinates":[[[8.51907,47.38672],[8.51899,47.3867],[8.5191,47.38678],[8.51907,47.38672]]]}},{"type":"Feature","properties":{"fliesstiefe":"0 - 0.1 m"},"geometry":{"type":"Polygon","coordinates":[[[8.51189,47.38934],[8.51168,47.38917],[8.51168,47.38911],[8.5116,47.38914],[8.51159,47.38931],[8.51188,47.38939],[8.51189,47.38934]],[[8.51173,47.38926],[8.51164,47.38927],[8.51164,47.38921],[8.51173,47.38926]]]}},{"type":"Feature","properties":{"fliesstiefe":"0 - 0.1 m"},"geometry":{"type":"Polygon","coordinates":[[[8.51855,47.38849],[8.51848,47.38849],[8.51869,47.38838],[8.51847,47.38834],[8.51847,47.38851],[8.51855,47.38849]]]}},{"type":"Feature","properties":{"fliesstiefe":"0 - 0.1 m"},"geometry":{"type":"Polygon","coordinates":[[[8.51933,47.3876],[8.51908,47.38749],[8.51926,47.38768],[8.51933,47.3876]]]}},{"type":"Feature","properties":{"fliesstiefe":"0.1 - 0.25 m"},"geometry":{"type":"Polygon","coordinates":[[[8.51518,47.38817],[8.51525,47.38814],[8.51513,47.38811],[8.51478,47.38827],[8.51518,47.38817]]]}},{"type":"Feature","properties":{"fliesstiefe":"0.1 - 0.25 m"},"geometry":{"type":"Polygon","coordinates":[[[8.51575,47.38837],[8.51566,47.38825],[8.51553,47.38827],[8.51558,47.38841],[8.51573,47.38849],[8.51575,47.38837]]]}},{"type":"Feature","properties":{"fliesstiefe":"0.1 - 0.25 m"},"geometry":{"type":"Polygon","coordinates":[[[8.51765,47.38852],[8.51753,47.3885],[8.5176,47.38851],[8.51758,47.38857],[8.51765,47.38852]]]}},{"type":"Feature","properties":{"fliesstiefe":"0.1 - 0.25 m"},"geometry":{"type":"Polygon","coordinates":[[[8.51783,47.3886],[8.51778,47.38857],[8.51763,47.38865],[8.51746,47.38854],[8.51763,47.38866],[8.51783,47.3886]]]}},{"type":"Feature","properties":{"fliesstiefe":"0.1 - 0.25 m"},"geometry":{"type":"Polygon","coordinates":[[[8.51527,47.38988],[8.51519,47.3899],[8.51527,47.38994],[8.51527,47.38988]]]}},{"type":"Feature","properties":{"fliesstiefe":"0.1 - 0.25 m"},"geometry":{"type":"Polygon","coordinates":[[[8.51343,47.38777],[8.51364,47.38763],[8.51354,47.38761],[8.51335,47.38772],[8.51337,47.38782],[8.51345,47.38785],[8.51343,47.38777]]]}},{"type":"Feature","properties":{"fliesstiefe":"0.25 - 0.5 m"},"geometry":{"type":"Polygon","coordinates":[[[8.52151,47.38805],[8.52131,47.38814],[8.52137,47.38817],[8.52151,47.38805]]]}},{"type":"Feature","properties":{"fliesstiefe":"0.25 - 0.5 m"},"geometry":{"type":"Polygon","coordinates":[[[8.51437,47.38915],[8.51499,47.3889],[8.51448,47.38901],[8.51413,47.38918],[8.51437,47.38915]]]}},{"type":"Feature","properties":{"fliesstiefe":"0.25 - 0.5 m"},"geometry":{"type":"Polygon","coordinates":[[[8.51385,47.38949],[8.51429,47.38944],[8.5149,47.38924],[8.51495,47.38919],[8.51486,47.38915],[8.51512,47.38905],[8.51345,47.3894],[8.51326,47.38949],[8.51385,47.38949]],[[8.51412,47.38937],[8.51407,47.38935],[8.51444,47.38932],[8.51432,47.38939],[8.51397,47.38941],[8.51412,47.38937]]]}},{"type":"Feature","properties":{"fliesstiefe":"0.5 - 1.0 m"},"geometry":{"type":"Polygon","coordinates":[[[8.51279,47.38896],[8.51273,47.38889],[8.51289,47.38912],[8.51279,47.38896]]]}},{"type":"Feature","properties":{"fliesstiefe":"0 - 0.1 m"},"geometry":{"type":"Polygon","coordinates":[[[8.51009,47.38616],[8.51085,47.38589],[8.51,47.38609],[8.51,47.38618],[8.51009,47.38616]]]}},{"type":"Feature","properties":{"fliesstiefe":"0 - 0.1 m"},"geometry":{"type":"Polygon","coordinates":[[[8.51174,47.38556],[8.5114,47.38566],[8.5118,47.38555],[8.51174,47.38556]]]}},{"type":"Feature","properties":{"fliesstiefe":"0 - 0.1 m"},"geometry":{"type":"Polygon","coordinates":[[[8.51423,47.3845],[8.5141,47.38447],[8.51411,47.38453],[8.51402,47.38456],[8.51423,47.3845]]]}},{"type":"Feature","properties":{"fliesstiefe":"0.1 - 0.25 m"},"geometry":{"type":"Polygon","coordinates":[[[8.5121,47.38766],[8.51208,47.38771],[8.51216,47.3877],[8.5121,47.38766]]]}},{"type":"Feature","properties":{"fliesstiefe":"0.1 - 0.25 m"},"geometry":{"type":"Polygon","coordinates":[[[8.51289,47.38606],[8.51303,47.386],[8.51258,47.38618],[8.51289,47.38606]]]}},{"type":"Feature","properties":{"fliesstiefe":"0.1 - 0.25 m"},"geometry":{"type":"Polygon","coordinates":[[[8.51325,47.38688],[8.51334,47.38674],[8.51324,47.38675],[8.51315,47.38667],[8.51291,47.38676],[8.51292,47.38683],[8.51319,47.38699],[8.51325,47.38688]],[[8.51305,47.38686],[8.51296,47.38681],[8.51298,47.38675],[8.51314,47.38671],[8.51323,47.38677],[8.51316,47.38692],[8.51305,47.38686]]]}},{"type":"Feature","properties":{"fliesstiefe":"0.1 - 0.25 m"},"geometry":{"type":"Polygon","coordinates":[[[8.51426,47.38373],[8.51405,47.38387],[8.51397,47.38402],[8.51426,47.38373]]]}},{"type":"Feature","properties":{"fliesstiefe":"0.1 - 0.25 m"},"geometry":{"type":"Polygon","coordinates":[[[8.51227,47.3826],[8.51218,47.38254],[8.512,47.3826],[8.5122,47.3827],[8.51227,47.3826]],[[8.51216,47.38259],[8.51227,47.38263],[8.51221,47.38266],[8.51216,47.38259]]]}},{"type":"Feature","properties":{"fliesstiefe":"0.1 - 0.25 m"},"geometry":{"type":"Polygon","coordinates":[[[8.51117,47.38535],[8.51134,47.38529],[8.5111,47.3852],[8.51087,47.38523],[8.51076,47.38532],[8.51075,47.38543],[8.51095,47.38545],[8.51117,47.38535]],[[8.51119,47.38531],[8.51106,47.3854],[8.51086,47.38538],[8.51093,47.38529],[8.51109,47.38524],[8.51119,47.38531]]]}},{"type":"Feature","properties":{"fliesstiefe":"0.1 - 0.25 m"},"geometry":{"type":"Polygon","coordinates":[[[8.51206,47.38645],[8.5137,47.38588],[8.5115,47.38659],[8.51206,47.38645]]]}},{"type":"Feature","properties":{"fliesstiefe":"0.1 - 0.25 m"},"geometry":{"type":"Polygon","coordinates":[[[8.51011,47.3843],[8.51049,47.38412],[8.51036,47.38409],[8.51,47.38422],[8.51,47.38431],[8.51011,47.3843]]]}},{"type":"Feature","properties":{"fliesstiefe":"0.1 - 0.25 m"},"geometry":{"type":"Polygon","coordinates":[[[8.51014,47.38458],[8.51153,47.38403],[8.51,47.38448],[8.51,47.38462],[8.51014,47.38458]],[[8.51013,47.38453],[8.51,47.38456],[8.51024,47.38446],[8.51013,47.38453]]]}},{"type":"Feature","properties":{"fliesstiefe":"0.1 - 0.25 m"},"geometry":{"type":"Polygon","coordinates":[[[8.51148,47.38399],[8.51172,47.38388],[8.51126,47.38404],[8.51106,47.38394],[8.51119,47.38405],[8.51148,47.38399]]]}},{"type":"Feature","properties":{"fliesstiefe":"0.1 - 0.25 m"},"geometry":{"type":"Polygon","coordinates":[[[8.51193,47.38493],[8.51232,47.38446],[8.51172,47.38503],[8.51175,47.38508],[8.51166,47.38517],[8.51193,47.38493]]]}},{"type":"Feature","properties":{"fliesstiefe":"0.5 - 1.0 m"},"geometry":{"type":"Polygon","coordinates":[[[8.51141,47.38476],[8.51139,47.38472],[8.51132,47.38476],[8.51127,47.38489],[8.51141,47.38476]]]}},{"type":"Feature","properties":{"fliesstiefe":"0.5 - 1.0 m"},"geometry":{"type":"Polygon","coordinates":[[[8.51108,47.38211],[8.51103,47.38203],[8.51089,47.3821],[8.51108,47.38211]]]}},{"type":"Feature","properties":{"fliesstiefe":">= 2.0 m"},"geometry":{"type":"Polygon","coordinates":[[[8.51039,47.38239],[8.51028,47.38227],[8.51019,47.38227],[8.51019,47.38232],[8.51031,47.38234],[8.51028,47.38243],[8.51034,47.38241],[8.51035,47.3825],[8.51048,47.38255],[8.51039,47.38239]]]}},{"type":"Feature","properties":{"fliesstiefe":"0.1 - 0.25 m"},"geometry":{"type":"Polygon","coordinates":[[[8.51145,47.38803],[8.51141,47.38812],[8.51149,47.38802],[8.51145,47.38803]]]}},{"type":"Feature","properties":{"fliesstiefe":"1.0 - 2.0 m"},"geometry":{"type":"Polygon","coordinates":[[[8.51111,47.38617],[8.51155,47.38608],[8.51157,47.38603],[8.51063,47.38618],[8.51111,47.38617]],[[8.51069,47.38616],[8.51157,47.38604],[8.51104,47.38617],[8.51069,47.38616]]]}},{"type":"Feature","properties":{"fliesstiefe":"0 - 0.1 m"},"geometry":{"type":"Polygon","coordinates":[[[8.51065,47.3859],[8.51106,47.38575],[8.51,47.38598],[8.51,47.38589],[8.5103,47.38581],[8.51031,47.38575],[8.51057,47.38568],[8.51063,47.3857],[8.51051,47.38579],[8.5106,47.38577],[8.51101,47.38554],[8.51156,47.38542],[8.5115,47.38534],[8.51154,47.38527],[8.51166,47.38539],[8.5121,47.38514],[8.51238,47.38506],[8.51224,47.38514],[8.51233,47.38512],[8.51228,47.38518],[8.51201,47.38529],[8.51196,47.38525],[8.51214,47.38517],[8.51196,47.38524],[8.51175,47.38542],[8.51273,47.38514],[8.51258,47.38509],[8.51266,47.38505],[8.51236,47.38511],[8.51298,47.38479],[8.51347,47.38433],[8.51352,47.38439],[8.51321,47.38474],[8.51344,47.3846],[8.51357,47.38439],[8.51366,47.38443],[8.51351,47.38456],[8.5137,47.38444],[8.51388,47.38451],[8.51391,47.38435],[8.5142,47.38412],[8.51427,47.38412],[8.51415,47.38431],[8.51425,47.38425],[8.51431,47.38432],[8.51482,47.38384],[8.51474,47.384],[8.51496,47.38389],[8.51497,47.38394],[8.51461,47.38423],[8.51427,47.38437],[8.51435,47.38436],[8.51435,47.38442],[8.51449,47.3844],[8.51444,47.38445],[8.51465,47.38442],[8.51461,47.38447],[8.51494,47.38427],[8.51533,47.38415],[8.51541,47.3841],[8.51531,47.38409],[8.51533,47.38415],[8.51515,47.38424],[8.51494,47.38426],[8.51538,47.38398],[8.51532,47.38398],[8.51535,47.38394],[8.5147,47.38433],[8.51451,47.38435],[8.51507,47.38387],[8.51601,47.38336],[8.5159,47.38336],[8.51532,47.38372],[8.5152,47.38372],[8.51543,47.3835],[8.51562,47.38344],[8.51559,47.38338],[8.51572,47.38326],[8.51563,47.38314],[8.5157,47.38321],[8.51582,47.38319],[8.51654,47.38287],[8.51603,47.38335],[8.51632,47.38307],[8.51795,47.38203],[8.51715,47.38248],[8.51774,47.382],[8.51697,47.38247],[8.51712,47.38232],[8.51704,47.38238],[8.51699,47.38232],[8.51696,47.38238],[8.51702,47.3824],[8.51666,47.38264],[8.5169,47.3825],[8.51651,47.38284],[8.51571,47.38319],[8.5155,47.38296],[8.51553,47.38279],[8.51576,47.38253],[8.51588,47.38252],[8.51597,47.3824],[8.5159,47.38247],[8.51584,47.3824],[8.51571,47.38255],[8.51577,47.38237],[8.51606,47.38207],[8.51619,47.382],[8.51641,47.382],[8.51621,47.38212],[8.51643,47.382],[8.51,47.382],[8.51,47.38608],[8.51065,47.3859]],[[8.51152,47.38543],[8.51149,47.38539],[8.51157,47.3854],[8.51152,47.38543]],[[8.51495,47.38226],[8.51491,47.38226],[8.51509,47.38224],[8.51495,47.38226]],[[8.51517,47.38379],[8.5151,47.38381],[8.5152,47.38375],[8.51517,47.38379]],[[8.51456,47.38364],[8.51448,47.38372],[8.51451,47.38363],[8.51456,47.38364]],[[8.51567,47.38324],[8.51556,47.38329],[8.51563,47.38321],[8.51567,47.38324]],[[8.51063,47.38587],[8.51036,47.38593],[8.51072,47.38583],[8.51063,47.38587]],[[8.51263,47.38357],[8.51246,47.38362],[8.51278,47.38347],[8.51263,47.38357]],[[8.51192,47.38523],[8.51178,47.38534],[8.51164,47.38531],[8.51192,47.38523]],[[8.51224,47.38297],[8.51234,47.38308],[8.5121,47.38298],[8.5122,47.38298],[8.51217,47.38291],[8.51224,47.38297]],[[8.51305,47.38215],[8.51289,47.38203],[8.51303,47.38207],[8.51305,47.38215]],[[8.51187,47.38307],[8.51193,47.38308],[8.51192,47.38317],[8.51182,47.38314],[8.51178,47.38303],[8.51187,47.38307]],[[8.51237,47.38366],[8.51173,47.38394],[8.51241,47.38364],[8.51237,47.38366]],[[8.5152,47.38258],[8.51498,47.3826],[8.51529,47.3825],[8.5152,47.38258]],[[8.51505,47.38346],[8.51506,47.38352],[8.51495,47.38352],[8.51482,47.38347],[8.51492,47.3834],[8.51505,47.38346]],[[8.51409,47.38412],[8.51388,47.38436],[8.51382,47.38435],[8.51409,47.38412]],[[8.51422,47.38379],[8.51397,47.38402],[8.51405,47.38387],[8.51426,47.38372],[8.51422,47.38379]],[[8.51466,47.38399],[8.51456,47.38397],[8.51432,47.38424],[8.51423,47.3842],[8.5143,47.38421],[8.51442,47.38399],[8.51457,47.38394],[8.51466,47.38399]],[[8.51252,47.38442],[8.51246,47.38441],[8.51246,47.38446],[8.51252,47.38455],[8.5122,47.3847],[8.51244,47.38441],[8.51252,47.38442]],[[8.51227,47.38472],[8.51236,47.38468],[8.51229,47.38477],[8.5123,47.38492],[8.51211,47.38489],[8.51214,47.38476],[8.51228,47.38466],[8.51227,47.38472]],[[8.51428,47.38359],[8.51358,47.38424],[8.5142,47.38357],[8.51428,47.38359]],[[8.51027,47.38574],[8.51,47.38587],[8.51,47.38574],[8.51006,47.3857],[8.51024,47.38569],[8.51027,47.38574]],[[8.51234,47.38312],[8.51273,47.38348],[8.51238,47.38363],[8.51234,47.38358],[8.51253,47.38349],[8.51222,47.38306],[8.51234,47.38312]],[[8.51215,47.38496],[8.51221,47.385],[8.51216,47.38511],[8.51202,47.38519],[8.51174,47.38527],[8.51164,47.38523],[8.51194,47.38494],[8.51204,47.3849],[8.51215,47.38496]],[[8.51149,47.38405],[8.51,47.38462],[8.51003,47.38447],[8.51153,47.38403],[8.51149,47.38405]],[[8.51571,47.38222],[8.5155,47.38227],[8.51556,47.38229],[8.51515,47.3825],[8.51492,47.38236],[8.51497,47.38232],[8.51475,47.38243],[8.51473,47.38233],[8.51453,47.3824],[8.51481,47.38227],[8.51571,47.38222]],[[8.51516,47.382],[8.51518,47.38209],[8.51512,47.38219],[8.51453,47.38232],[8.51414,47.382],[8.51516,47.382]],[[8.51605,47.38201],[8.51585,47.38216],[8.5156,47.38219],[8.51551,47.38216],[8.51544,47.38201],[8.51605,47.38201]],[[8.51006,47.38323],[8.51064,47.38366],[8.51106,47.38417],[8.51,47.38447],[8.51,47.38384],[8.51034,47.38372],[8.51,47.38379],[8.51,47.38322],[8.51006,47.38323]],[[8.51054,47.38476],[8.51048,47.3848],[8.51055,47.38484],[8.51051,47.38503],[8.51,47.38549],[8.51,47.38565],[8.51006,47.38564],[8.51,47.38569],[8.51,47.38509],[8.51007,47.38501],[8.51,47.385],[8.51,47.38472],[8.51022,47.38466],[8.51049,47.38469],[8.51081,47.38453],[8.51054,47.38476]],[[8.51396,47.382],[8.51408,47.38209],[8.51407,47.382],[8.51411,47.382],[8.51445,47.3823],[8.5145,47.38239],[8.51436,47.38237],[8.51438,47.38245],[8.51431,47.38249],[8.51437,47.38257],[8.51433,47.38251],[8.5144,47.38252],[8.51442,47.38243],[8.51467,47.38239],[8.51481,47.38261],[8.51498,47.38267],[8.51504,47.38276],[8.51493,47.38274],[8.51502,47.38281],[8.5151,47.38276],[8.51515,47.3828],[8.51519,47.38264],[8.51524,47.38271],[8.51523,47.38257],[8.5153,47.38251],[8.5156,47.38234],[8.51569,47.38236],[8.51568,47.38247],[8.51543,47.38272],[8.51557,47.3831],[8.51542,47.38308],[8.5155,47.38321],[8.51533,47.38313],[8.51514,47.38321],[8.51517,47.38317],[8.51508,47.38315],[8.51501,47.38317],[8.51512,47.38319],[8.51504,47.38328],[8.51473,47.38341],[8.51479,47.38352],[8.51492,47.38349],[8.51485,47.38354],[8.51489,47.38356],[8.51513,47.38358],[8.51515,47.3835],[8.51496,47.38334],[8.51533,47.38314],[8.51549,47.38325],[8.51532,47.38348],[8.51549,47.38342],[8.51501,47.38378],[8.51473,47.38385],[8.51469,47.38394],[8.51456,47.38391],[8.51473,47.38375],[8.51473,47.38369],[8.51463,47.38371],[8.51413,47.38412],[8.51457,47.38366],[8.5145,47.38363],[8.51375,47.38444],[8.51347,47.38432],[8.5132,47.38458],[8.51375,47.384],[8.5138,47.38398],[8.5135,47.3843],[8.51362,47.38427],[8.51398,47.3839],[8.51392,47.38401],[8.51404,47.38405],[8.51434,47.38369],[8.51425,47.38354],[8.51435,47.38356],[8.51435,47.38347],[8.51423,47.38351],[8.51397,47.3838],[8.51405,47.38366],[8.51394,47.3837],[8.51368,47.38361],[8.51389,47.38375],[8.51391,47.38384],[8.51375,47.38392],[8.51378,47.38388],[8.51287,47.38482],[8.51272,47.3848],[8.51262,47.38496],[8.51245,47.38504],[8.51236,47.38501],[8.51234,47.3849],[8.5124,47.38477],[8.51252,47.38472],[8.51244,47.38471],[8.51244,47.38463],[8.5126,47.38454],[8.51266,47.38442],[8.51248,47.38437],[8.51248,47.38429],[8.51256,47.38424],[8.51245,47.38432],[8.51233,47.38427],[8.51236,47.38441],[8.51218,47.38468],[8.51166,47.38517],[8.51191,47.38486],[8.51167,47.38508],[8.51145,47.38529],[8.51145,47.38536],[8.51136,47.38534],[8.5107,47.38568],[8.51053,47.38564],[8.51031,47.3857],[8.51029,47.38558],[8.51011,47.38568],[8.51106,47.38479],[8.51114,47.38479],[8.51118,47.38492],[8.51128,47.3849],[8.5112,47.38491],[8.51118,47.38481],[8.51109,47.38476],[8.51079,47.38497],[8.51095,47.3848],[8.51087,47.38486],[8.51026,47.38555],[8.51009,47.38562],[8.51048,47.38529],[8.51,47.38563],[8.51,47.38551],[8.51037,47.3852],[8.5108,47.38468],[8.51065,47.38483],[8.51055,47.38479],[8.51056,47.38474],[8.51116,47.38439],[8.51077,47.3845],[8.51051,47.38465],[8.51019,47.38459],[8.51264,47.3836],[8.51308,47.38334],[8.51276,47.38343],[8.51349,47.38306],[8.51349,47.38302],[8.51273,47.38343],[8.51244,47.38317],[8.51255,47.38308],[8.5126,47.38313],[8.5126,47.38304],[8.51303,47.38283],[8.51313,47.38281],[8.5132,47.38287],[8.51329,47.38273],[8.51348,47.38273],[8.51312,47.38257],[8.51337,47.38249],[8.51361,47.38255],[8.51343,47.38244],[8.51346,47.38236],[8.51331,47.38237],[8.51325,47.38232],[8.51351,47.38216],[8.51323,47.38221],[8.51309,47.38217],[8.51307,47.38206],[8.51294,47.382],[8.51352,47.382],[8.51372,47.38221],[8.51362,47.38228],[8.51371,47.38229],[8.51368,47.38233],[8.51376,47.38244],[8.51364,47.38245],[8.51371,47.38253],[8.51391,47.38244],[8.51373,47.38227],[8.51385,47.38224],[8.5136,47.382],[8.51387,47.382],[8.51413,47.38225],[8.51417,47.38234],[8.5141,47.38235],[8.51421,47.38242],[8.51416,47.38252],[8.51379,47.38274],[8.5136,47.38279],[8.51369,47.38303],[8.51382,47.38307],[8.51387,47.38319],[8.51333,47.38336],[8.5131,47.38352],[8.5116,47.3842],[8.5123,47.38395],[8.51225,47.38399],[8.51172,47.38422],[8.51155,47.38424],[8.51159,47.3842],[8.51088,47.38461],[8.51142,47.3843],[8.51146,47.38429],[8.51137,47.38436],[8.51148,47.38432],[8.5112,47.38449],[8.51295,47.38371],[8.5131,47.38359],[8.51317,47.38361],[8.51426,47.38298],[8.51408,47.38304],[8.51397,47.38298],[8.51398,47.38288],[8.51397,47.383],[8.51381,47.38293],[8.51389,47.3828],[8.51405,47.38273],[8.5139,47.38277],[8.51374,47.38298],[8.51373,47.38284],[8.51428,47.38247],[8.5139,47.382],[8.51396,47.382]],[[8.51286,47.38201],[8.51309,47.38229],[8.51307,47.38219],[8.51328,47.38225],[8.51318,47.38235],[8.5131,47.3823],[8.51326,47.3824],[8.51323,47.38245],[8.51342,47.38238],[8.51337,47.38248],[8.5131,47.38256],[8.51292,47.38238],[8.51306,47.38252],[8.51303,47.38258],[8.51323,47.38274],[8.51241,47.38311],[8.51219,47.38286],[8.51283,47.38256],[8.51224,47.38281],[8.51213,47.38279],[8.51215,47.3829],[8.51185,47.3826],[8.51207,47.38283],[8.51197,47.38288],[8.51215,47.38292],[8.51203,47.38298],[8.51205,47.38304],[8.5119,47.38307],[8.51184,47.38298],[8.51165,47.38292],[8.51172,47.38292],[8.51171,47.38284],[8.51146,47.38279],[8.51151,47.38275],[8.51142,47.38279],[8.51148,47.38282],[8.51143,47.38285],[8.51141,47.3828],[8.51136,47.38292],[8.51157,47.38282],[8.51179,47.38307],[8.51176,47.38314],[8.51166,47.3831],[8.51169,47.38319],[8.51185,47.38316],[8.51203,47.38331],[8.51185,47.38336],[8.51204,47.38336],[8.51211,47.38343],[8.51198,47.38324],[8.51216,47.38331],[8.51192,47.38312],[8.51212,47.38303],[8.51251,47.38349],[8.5123,47.38358],[8.51233,47.38365],[8.51126,47.38405],[8.51132,47.38404],[8.5113,47.38409],[8.51115,47.38411],[8.51057,47.38356],[8.51014,47.38323],[8.51,47.3832],[8.51,47.3828],[8.51012,47.38277],[8.51021,47.38282],[8.51016,47.38276],[8.51063,47.38255],[8.51196,47.38201],[8.51202,47.38203],[8.51197,47.38207],[8.51206,47.38203],[8.51176,47.382],[8.51103,47.38231],[8.51079,47.38205],[8.51103,47.38232],[8.51188,47.382],[8.51128,47.38228],[8.51052,47.38253],[8.51049,47.38256],[8.51062,47.38253],[8.51,47.38279],[8.51,47.382],[8.51286,47.38201]]]}},{"type":"Feature","properties":{"fliesstiefe":"0 - 0.1 m"},"geometry":{"type":"Polygon","coordinates":[[[8.51345,47.38783],[8.51344,47.38777],[8.51371,47.38767],[8.51366,47.38756],[8.5139,47.38761],[8.51416,47.38754],[8.51419,47.38747],[8.51403,47.38756],[8.51377,47.38754],[8.51394,47.38733],[8.51427,47.38727],[8.51435,47.3874],[8.51422,47.38746],[8.5144,47.38743],[8.51437,47.38724],[8.51389,47.38733],[8.51388,47.38741],[8.51348,47.38761],[8.51346,47.38767],[8.51354,47.38761],[8.51364,47.38763],[8.51341,47.38778],[8.51345,47.38785],[8.51335,47.38779],[8.5134,47.38769],[8.5133,47.38777],[8.51298,47.3874],[8.51316,47.38729],[8.51291,47.38732],[8.51323,47.38773],[8.51351,47.38795],[8.51345,47.38783]]]}},{"type":"Feature","properties":{"fliesstiefe":"0 - 0.1 m"},"geometry":{"type":"Polygon","coordinates":[[[8.51218,47.38764],[8.51206,47.38762],[8.51206,47.38773],[8.51215,47.38774],[8.51218,47.38764]]]}},{"type":"Feature","properties":{"fliesstiefe":"0 - 0.1 m"},"geometry":{"type":"Polygon","coordinates":[[[8.51606,47.3872],[8.51589,47.38705],[8.51602,47.38722],[8.51595,47.38733],[8.51609,47.38728],[8.51606,47.3872]]]}},{"type":"Feature","properties":{"fliesstiefe":"0 - 0.1 m"},"geometry":{"type":"Polygon","coordinates":[[[8.52115,47.39],[8.52095,47.38977],[8.52113,47.38963],[8.52155,47.39],[8.52115,47.38959],[8.52101,47.38958],[8.52106,47.38955],[8.52103,47.38948],[8.52067,47.38913],[8.52059,47.38909],[8.52047,47.38916],[8.52065,47.38914],[8.52102,47.38955],[8.52077,47.38962],[8.52042,47.38927],[8.52043,47.38918],[8.52037,47.38921],[8.52049,47.38945],[8.5208,47.38968],[8.52098,47.38962],[8.5209,47.38973],[8.52099,47.38991],[8.52088,47.38995],[8.52091,47.39],[8.52072,47.39],[8.5206,47.38976],[8.52045,47.38966],[8.5205,47.38957],[8.52042,47.38945],[8.52018,47.38928],[8.52045,47.38955],[8.52044,47.38964],[8.52057,47.38976],[8.5207,47.39],[8.52115,47.39]]]}},{"type":"Feature","properties":{"fliesstiefe":"0 - 0.1 m"},"geometry":{"type":"Polygon","coordinates":[[[8.52198,47.38898],[8.5217,47.38859],[8.52126,47.38821],[8.52119,47.38819],[8.52103,47.38829],[8.52128,47.38826],[8.522,47.38904],[8.52198,47.38898]]]}},{"type":"Feature","properties":{"fliesstiefe":"0 - 0.1 m"},"geometry":{"type":"Polygon","coordinates":[[[8.52121,47.38471],[8.52105,47.38477],[8.52111,47.38488],[8.52126,47.38494],[8.52121,47.38471]],[[8.52124,47.38481],[8.52125,47.38491],[8.52109,47.38479],[8.52114,47.38475],[8.52124,47.38481]]]}},{"type":"Feature","properties":{"fliesstiefe":"0 - 0.1 m"},"geometry":{"type":"Polygon","coordinates":[[[8.52175,47.38717],[8.52168,47.38718],[8.52179,47.38725],[8.52175,47.38717]]]}},{"type":"Feature","properties":{"fliesstiefe":"0 - 0.1 m"},"geometry":{"type":"Polygon","coordinates":[[[8.52025,47.38444],[8.52045,47.38439],[8.5202,47.38447],[8.52025,47.38444]]]}},{"type":"Feature","properties":{"fliesstiefe":"0.1 - 0.25 m"},"geometry":{"type":"Polygon","coordinates":[[[8.52011,47.38551],[8.52,47.38531],[8.52001,47.38537],[8.51988,47.38531],[8.51974,47.38535],[8.51967,47.38529],[8.51946,47.38534],[8.51944,47.38523],[8.51956,47.38517],[8.51965,47.38522],[8.51994,47.38516],[8.52,47.38526],[8.52023,47.38519],[8.51975,47.38516],[8.51961,47.38496],[8.51957,47.3851],[8.51936,47.38517],[8.51941,47.38537],[8.51959,47.38533],[8.51977,47.38543],[8.5199,47.38539],[8.52002,47.38554],[8.52011,47.38551]]]}},{"type":"Feature","properties":{"fliesstiefe":"0.1 - 0.25 m"},"geometry":{"type":"Polygon","coordinates":[[[8.51502,47.38767],[8.51497,47.3877],[8.51509,47.3877],[8.51502,47.38767]]]}},{"type":"Feature","properties":{"fliesstiefe":"0.1 - 0.25 m"},"geometry":{"type":"Polygon","coordinates":[[[8.51799,47.38253],[8.51816,47.38247],[8.51796,47.38252],[8.51796,47.38258],[8.51799,47.38253]]]}},{"type":"Feature","properties":{"fliesstiefe":"0.25 - 0.5 m"},"geometry":{"type":"Polygon","coordinates":[[[8.51852,47.38449],[8.51902,47.38423],[8.518,47.38466],[8.51852,47.38449]],[[8.51824,47.38454],[8.51901,47.38423],[8.51872,47.3844],[8.51801,47.38465],[8.51824,47.38454]]]}},{"type":"Feature","properties":{"fliesstiefe":"0.25 - 0.5 m"},"geometry":{"type":"Polygon","coordinates":[[[8.5169,47.38342],[8.5171,47.38334],[8.5171,47.38324],[8.51642,47.38373],[8.5169,47.38342]]]}},{"type":"Feature","properties":{"fliesstiefe":"0.25 - 0.5 m"},"geometry":{"type":"Polygon","coordinates":[[[8.5156,47.38912],[8.51562,47.38908],[8.51546,47.38915],[8.51555,47.38919],[8.5156,47.38912]]]}},{"type":"Feature","properties":{"fliesstiefe":"0.5 - 1.0 m"},"geometry":{"type":"Polygon","coordinates":[[[8.5164,47.3882],[8.51576,47.38787],[8.51584,47.38794],[8.51564,47.38797],[8.51572,47.38808],[8.51595,47.38816],[8.51613,47.38831],[8.51638,47.38832],[8.51644,47.38828],[8.5164,47.3882]],[[8.5162,47.38822],[8.51604,47.3881],[8.51637,47.38824],[8.5162,47.38822]]]}},{"type":"Feature","properties":{"fliesstiefe":"0.5 - 1.0 m"},"geometry":{"type":"Polygon","coordinates":[[[8.5199,47.38201],[8.51954,47.38224],[8.51956,47.3823],[8.52004,47.382],[8.5199,47.38201]]]}},{"type":"Feature","properties":{"fliesstiefe":"0.5 - 1.0 m"},"geometry":{"type":"Polygon","coordinates":[[[8.51707,47.38289],[8.51701,47.38287],[8.51697,47.38294],[8.51707,47.38289]]]}},{"type":"Feature","properties":{"fliesstiefe":"1.0 - 2.0 m"},"geometry":{"type":"Polygon","coordinates":[[[8.51732,47.38881],[8.51727,47.38876],[8.51718,47.38878],[8.51729,47.38891],[8.51736,47.38889],[8.51732,47.38881]],[[8.5172,47.38878],[8.51727,47.38876],[8.5173,47.38884],[8.5172,47.38878]]]}},{"type":"Feature","properties":{"fliesstiefe":"0 - 0.1 m"},"geometry":{"type":"Polygon","coordinates":[[[8.51074,47.38972],[8.51082,47.38969],[8.51051,47.38978],[8.51074,47.38972]]]}},{"type":"Feature","properties":{"fliesstiefe":"0 - 0.1 m"},"geometry":{"type":"Polygon","coordinates":[[[8.51014,47.3895],[8.51016,47.38942],[8.51,47.38943],[8.51006,47.38947],[8.51001,47.38954],[8.51012,47.38953],[8.51005,47.38958],[8.51018,47.38952],[8.51014,47.3895]]]}},{"type":"Feature","properties":{"fliesstiefe":"0 - 0.1 m"},"geometry":{"type":"Polygon","coordinates":[[[8.51106,47.38898],[8.51093,47.38906],[8.51102,47.38907],[8.51106,47.38898]]]}},{"type":"Feature","properties":{"fliesstiefe":"0 - 0.1 m"},"geometry":{"type":"Polygon","coordinates":[[[8.5103,47.38868],[8.5106,47.38853],[8.51062,47.38845],[8.51042,47.38839],[8.51061,47.38847],[8.51034,47.38863],[8.51025,47.38854],[8.51028,47.38865],[8.51,47.3887],[8.51,47.38875],[8.5103,47.38868]]]}},{"type":"Feature","properties":{"fliesstiefe":"0 - 0.1 m"},"geometry":{"type":"Polygon","coordinates":[[[8.5138,47.38812],[8.51373,47.38806],[8.5136,47.38809],[8.51371,47.38817],[8.5138,47.38812]]]}},{"type":"Feature","properties":{"fliesstiefe":"0 - 0.1 m"},"geometry":{"type":"Polygon","coordinates":[[[8.51175,47.38806],[8.5116,47.38817],[8.51174,47.38812],[8.51175,47.38806]]]}},{"type":"Feature","properties":{"fliesstiefe":"0 - 0.1 m"},"geometry":{"type":"Polygon","coordinates":[[[8.5108,47.38822],[8.51092,47.38812],[8.5109,47.388],[8.51097,47.38796],[8.51102,47.38803],[8.51108,47.38793],[8.51094,47.38794],[8.51052,47.38818],[8.51063,47.3883],[8.51072,47.38826],[8.51072,47.38831],[8.51078,47.38829],[8.5108,47.38822]],[[8.51078,47.38818],[8.51061,47.38823],[8.5107,47.38812],[8.51078,47.38818]]]}},{"type":"Feature","properties":{"fliesstiefe":"0 - 0.1 m"},"geometry":{"type":"Polygon","coordinates":[[[8.51037,47.3875],[8.51067,47.38739],[8.51063,47.38735],[8.51,47.38762],[8.51037,47.3875]]]}},{"type":"Feature","properties":{"fliesstiefe":"0 - 0.1 m"},"geometry":{"type":"Polygon","coordinates":[[[8.51027,47.38539],[8.51039,47.38523],[8.51021,47.38542],[8.51027,47.38539]]]}},{"type":"Feature","properties":{"fliesstiefe":"0 - 0.1 m"},"geometry":{"type":"Polygon","coordinates":[[[8.51082,47.38313],[8.51093,47.3831],[8.51096,47.38317],[8.51093,47.3831],[8.51077,47.38309],[8.5107,47.38313],[8.51072,47.38321],[8.51071,47.38314],[8.51082,47.38313]]]}},{"type":"Feature","properties":{"fliesstiefe":"0 - 0.1 m"},"geometry":{"type":"Polygon","coordinates":[[[8.51162,47.38374],[8.51156,47.38368],[8.51157,47.38374],[8.51152,47.38372],[8.51155,47.38359],[8.51149,47.38357],[8.51152,47.38375],[8.51145,47.38378],[8.51162,47.38374]]]}},{"type":"Feature","properties":{"fliesstiefe":"0.1 - 0.25 m"},"geometry":{"type":"Polygon","coordinates":[[[8.51087,47.3834],[8.51095,47.38333],[8.51076,47.38342],[8.51087,47.3834]]]}},{"type":"Feature","properties":{"fliesstiefe":"0.1 - 0.25 m"},"geometry":{"type":"Polygon","coordinates":[[[8.51099,47.38684],[8.51102,47.38681],[8.51038,47.38706],[8.51099,47.38684]]]}},{"type":"Feature","properties":{"fliesstiefe":"0 - 0.1 m"},"geometry":{"type":"Polygon","coordinates":[[[8.5216,47.3862],[8.5216,47.38615],[8.52132,47.38631],[8.5216,47.3862]]]}},{"type":"Feature","properties":{"fliesstiefe":"0 - 0.1 m"},"geometry":{"type":"Polygon","coordinates":[[[8.52158,47.38625],[8.52148,47.3863],[8.52165,47.38635],[8.52163,47.38624],[8.52158,47.38625]]]}},{"type":"Feature","properties":{"fliesstiefe":"0 - 0.1 m"},"geometry":{"type":"Polygon","coordinates":[[[8.52079,47.38977],[8.5207,47.38977],[8.52079,47.38983],[8.52079,47.38977]]]}},{"type":"Feature","properties":{"fliesstiefe":"0 - 0.1 m"},"geometry":{"type":"Polygon","coordinates":[[[8.5201,47.38888],[8.52004,47.38882],[8.51984,47.3889],[8.5199,47.38897],[8.5201,47.38888]]]}},{"type":"Feature","properties":{"fliesstiefe":"0 - 0.1 m"},"geometry":{"type":"Polygon","coordinates":[[[8.52095,47.38837],[8.52084,47.38834],[8.52067,47.38846],[8.52087,47.38843],[8.52091,47.38835],[8.52101,47.38851],[8.52108,47.38851],[8.52095,47.38837]]]}},{"type":"Feature","properties":{"fliesstiefe":"0 - 0.1 m"},"geometry":{"type":"Polygon","coordinates":[[[8.51761,47.38635],[8.51748,47.3864],[8.51742,47.38655],[8.51761,47.38635]]]}},{"type":"Feature","properties":{"fliesstiefe":"0 - 0.1 m"},"geometry":{"type":"Polygon","coordinates":[[[8.51881,47.38657],[8.51898,47.38663],[8.51891,47.38655],[8.51881,47.38657]]]}},{"type":"Feature","properties":{"fliesstiefe":"0 - 0.1 m"},"geometry":{"type":"Polygon","coordinates":[[[8.52009,47.38701],[8.52003,47.38706],[8.5201,47.38707],[8.52009,47.38701]]]}},{"type":"Feature","properties":{"fliesstiefe":"0 - 0.1 m"},"geometry":{"type":"Polygon","coordinates":[[[8.52053,47.38758],[8.52049,47.38757],[8.52052,47.38763],[8.52062,47.38768],[8.52053,47.38758]]]}},{"type":"Feature","properties":{"fliesstiefe":"0.1 - 0.25 m"},"geometry":{"type":"Polygon","coordinates":[[[8.51717,47.38631],[8.51709,47.38633],[8.51716,47.38637],[8.51717,47.38631]]]}},{"type":"Feature","properties":{"fliesstiefe":"0.1 - 0.25 m"},"geometry":{"type":"Polygon","coordinates":[[[8.51968,47.38702],[8.51928,47.38714],[8.51928,47.38719],[8.51968,47.38702]]]}},{"type":"Feature","properties":{"fliesstiefe":"0.1 - 0.25 m"},"geometry":{"type":"Polygon","coordinates":[[[8.52158,47.38857],[8.52147,47.38849],[8.52164,47.38864],[8.52158,47.38857]]]}},{"type":"Feature","properties":{"fliesstiefe":"0.1 - 0.25 m"},"geometry":{"type":"Polygon","coordinates":[[[8.52139,47.38892],[8.52126,47.38884],[8.52148,47.38907],[8.52139,47.38892]]]}},{"type":"Feature","properties":{"fliesstiefe":"0.1 - 0.25 m"},"geometry":{"type":"Polygon","coordinates":[[[8.52075,47.38823],[8.5206,47.38805],[8.52073,47.38823],[8.52079,47.38821],[8.52075,47.38823]]]}},{"type":"Feature","properties":{"fliesstiefe":"0.1 - 0.25 m"},"geometry":{"type":"Polygon","coordinates":[[[8.52108,47.38851],[8.52101,47.38851],[8.52093,47.38836],[8.52087,47.38835],[8.52102,47.38857],[8.52108,47.38851]]]}},{"type":"Feature","properties":{"fliesstiefe":"0.1 - 0.25 m"},"geometry":{"type":"Polygon","coordinates":[[[8.52154,47.38807],[8.52146,47.38805],[8.5213,47.38814],[8.52137,47.38817],[8.52154,47.38807]],[[8.5215,47.3881],[8.52131,47.38814],[8.5215,47.38805],[8.5215,47.3881]]]}},{"type":"Feature","properties":{"fliesstiefe":"0.1 - 0.25 m"},"geometry":{"type":"Polygon","coordinates":[[[8.5183,47.38722],[8.51819,47.38721],[8.51813,47.38728],[8.5183,47.38722]]]}},{"type":"Feature","properties":{"fliesstiefe":"0.1 - 0.25 m"},"geometry":{"type":"Polygon","coordinates":[[[8.51849,47.38695],[8.51795,47.38672],[8.51723,47.38655],[8.51801,47.38678],[8.51867,47.38707],[8.51849,47.38695]]]}},{"type":"Feature","properties":{"fliesstiefe":"0.1 - 0.25 m"},"geometry":{"type":"Polygon","coordinates":[[[8.52188,47.38867],[8.52187,47.38871],[8.52195,47.38872],[8.522,47.38861],[8.52188,47.38867]],[[8.52194,47.38871],[8.52187,47.38869],[8.52194,47.38867],[8.52194,47.38871]]]}},{"type":"Feature","properties":{"fliesstiefe":"0.1 - 0.25 m"},"geometry":{"type":"Polygon","coordinates":[[[8.52045,47.38678],[8.5203,47.38683],[8.52047,47.38686],[8.52051,47.38681],[8.52045,47.38678]]]}},{"type":"Feature","properties":{"fliesstiefe":"0.1 - 0.25 m"},"geometry":{"type":"Polygon","coordinates":[[[8.5216,47.38714],[8.52169,47.38711],[8.52111,47.38664],[8.52106,47.38674],[8.52127,47.38695],[8.52137,47.38716],[8.52147,47.38722],[8.5216,47.38714]],[[8.52141,47.38705],[8.52147,47.38702],[8.52152,47.38712],[8.52141,47.38705]]]}},{"type":"Feature","properties":{"fliesstiefe":"0.1 - 0.25 m"},"geometry":{"type":"Polygon","coordinates":[[[8.52136,47.38664],[8.52146,47.38664],[8.52156,47.38652],[8.52184,47.38642],[8.52186,47.38635],[8.52123,47.38642],[8.52109,47.38654],[8.52123,47.38666],[8.52136,47.38664]],[[8.52147,47.38645],[8.52163,47.38643],[8.52153,47.38648],[8.52147,47.38645]]]}},{"type":"Feature","properties":{"fliesstiefe":"0.1 - 0.25 m"},"geometry":{"type":"Polygon","coordinates":[[[8.52009,47.38722],[8.5199,47.3871],[8.52017,47.38736],[8.52009,47.38722]]]}},{"type":"Feature","properties":{"fliesstiefe":"0.1 - 0.25 m"},"geometry":{"type":"Polygon","coordinates":[[[8.521,47.38652],[8.52092,47.38655],[8.52101,47.38656],[8.521,47.38652]]]}},{"type":"Feature","properties":{"fliesstiefe":"0.1 - 0.25 m"},"geometry":{"type":"Polygon","coordinates":[[[8.52196,47.38951],[8.52186,47.38956],[8.522,47.38969],[8.522,47.38951],[8.52196,47.38951]]]}},{"type":"Feature","properties":{"fliesstiefe":"0.1 - 0.25 m"},"geometry":{"type":"Polygon","coordinates":[[[8.51659,47.38944],[8.51649,47.38947],[8.51655,47.38956],[8.51665,47.38953],[8.51659,47.38944]]]}},{"type":"Feature","properties":{"fliesstiefe":"0.1 - 0.25 m"},"geometry":{"type":"Polygon","coordinates":[[[8.51778,47.38779],[8.51783,47.38776],[8.51775,47.38778],[8.51778,47.38773],[8.5177,47.3877],[8.51752,47.38789],[8.51725,47.38799],[8.51703,47.38816],[8.51778,47.38779]],[[8.51736,47.38799],[8.51724,47.38803],[8.51745,47.38793],[8.51736,47.38799]]]}},{"type":"Feature","properties":{"fliesstiefe":"0.1 - 0.25 m"},"geometry":{"type":"Polygon","coordinates":[[[8.51738,47.38888],[8.51732,47.38879],[8.51749,47.38893],[8.51756,47.38891],[8.5171,47.38855],[8.51728,47.38873],[8.51718,47.38878],[8.51719,47.38883],[8.51735,47.38898],[8.51741,47.38896],[8.51738,47.38888]],[[8.51737,47.3889],[8.51731,47.38893],[8.51718,47.38878],[8.51727,47.38876],[8.51737,47.3889]]]}},{"type":"Feature","properties":{"fliesstiefe":"0.1 - 0.25 m"},"geometry":{"type":"Polygon","coordinates":[[[8.51796,47.38819],[8.51778,47.38814],[8.51796,47.38835],[8.51806,47.38827],[8.51796,47.38819]]]}},{"type":"Feature","properties":{"fliesstiefe":"0.1 - 0.25 m"},"geometry":{"type":"Polygon","coordinates":[[[8.51959,47.3886],[8.51999,47.38852],[8.5198,47.38843],[8.51936,47.3885],[8.5193,47.38858],[8.5194,47.38868],[8.51959,47.3886]]]}},{"type":"Feature","properties":{"fliesstiefe":"0.1 - 0.25 m"},"geometry":{"type":"Polygon","coordinates":[[[8.51789,47.38895],[8.51913,47.38857],[8.51929,47.38841],[8.51865,47.38859],[8.51844,47.38853],[8.51835,47.38864],[8.51799,47.38881],[8.51781,47.38882],[8.51744,47.38902],[8.51789,47.38895]],[[8.5191,47.38852],[8.51763,47.38901],[8.51851,47.38859],[8.5191,47.38852]]]}},{"type":"Feature","properties":{"fliesstiefe":"0.1 - 0.25 m"},"geometry":{"type":"Polygon","coordinates":[[[8.5191,47.3879],[8.51935,47.38787],[8.5191,47.38785],[8.51871,47.38805],[8.5191,47.3879]]]}},{"type":"Feature","properties":{"fliesstiefe":"0.1 - 0.25 m"},"geometry":{"type":"Polygon","coordinates":[[[8.51892,47.38919],[8.51889,47.38921],[8.519,47.38933],[8.51892,47.38919]]]}},{"type":"Feature","properties":{"fliesstiefe":"0.1 - 0.25 m"},"geometry":{"type":"Polygon","coordinates":[[[8.517,47.39],[8.51678,47.3897],[8.51667,47.3897],[8.51686,47.39],[8.517,47.39]],[[8.51687,47.39],[8.51668,47.3897],[8.51676,47.38969],[8.51699,47.39],[8.51687,47.39]]]}},{"type":"Feature","properties":{"fliesstiefe":"0.1 - 0.25 m"},"geometry":{"type":"Polygon","coordinates":[[[8.52032,47.38751],[8.52025,47.38743],[8.5201,47.38747],[8.52007,47.38756],[8.52025,47.38749],[8.52038,47.3876],[8.52046,47.3876],[8.52032,47.38751]]]}},{"type":"Feature","properties":{"fliesstiefe":"0.25 - 0.5 m"},"geometry":{"type":"Polygon","coordinates":[[[8.51665,47.3886],[8.51717,47.38831],[8.51721,47.38825],[8.51708,47.38827],[8.51724,47.38818],[8.51663,47.38842],[8.51636,47.38861],[8.51651,47.38857],[8.51624,47.38873],[8.51665,47.3886]]]}},{"type":"Feature","properties":{"fliesstiefe":"0.25 - 0.5 m"},"geometry":{"type":"Polygon","coordinates":[[[8.51741,47.38796],[8.51745,47.38793],[8.51724,47.38803],[8.51741,47.38796]]]}},{"type":"Feature","properties":{"fliesstiefe":"0.25 - 0.5 m"},"geometry":{"type":"Polygon","coordinates":[[[8.51995,47.38748],[8.51984,47.38741],[8.51983,47.38748],[8.51996,47.38757],[8.51995,47.38748]]]}},{"type":"Feature","properties":{"fliesstiefe":"0.25 - 0.5 m"},"geometry":{"type":"Polygon","coordinates":[[[8.51975,47.38852],[8.51982,47.38847],[8.51944,47.38858],[8.51975,47.38852]]]}},{"type":"Feature","properties":{"fliesstiefe":"0.25 - 0.5 m"},"geometry":{"type":"Polygon","coordinates":[[[8.52037,47.38923],[8.52034,47.38918],[8.52041,47.38913],[8.52021,47.38922],[8.52037,47.38933],[8.52037,47.38923]]]}},{"type":"Feature","properties":{"fliesstiefe":"0.25 - 0.5 m"},"geometry":{"type":"Polygon","coordinates":[[[8.52186,47.38793],[8.52195,47.38788],[8.52188,47.38786],[8.52158,47.38803],[8.52186,47.38793]]]}},{"type":"Feature","properties":{"fliesstiefe":"0.25 - 0.5 m"},"geometry":{"type":"Polygon","coordinates":[[[8.52196,47.38865],[8.522,47.38868],[8.522,47.38862],[8.52196,47.38865]]]}},{"type":"Feature","properties":{"fliesstiefe":"0.25 - 0.5 m"},"geometry":{"type":"Polygon","coordinates":[[[8.52196,47.38935],[8.522,47.38928],[8.5219,47.3893],[8.522,47.38924],[8.522,47.38911],[8.52159,47.38931],[8.52156,47.38939],[8.52178,47.38937],[8.52167,47.38946],[8.52196,47.38935]]]}},{"type":"Feature","properties":{"fliesstiefe":"0.25 - 0.5 m"},"geometry":{"type":"Polygon","coordinates":[[[8.51601,47.38924],[8.51611,47.38929],[8.51612,47.38923],[8.51597,47.38902],[8.51586,47.38897],[8.51571,47.38904],[8.51608,47.38935],[8.51601,47.38924]]]}},{"type":"Feature","properties":{"fliesstiefe":"0.5 - 1.0 m"},"geometry":{"type":"Polygon","coordinates":[[[8.51609,47.38929],[8.51615,47.38936],[8.516,47.38924],[8.5161,47.38937],[8.51605,47.38929],[8.51609,47.38929]]]}},{"type":"Feature","properties":{"fliesstiefe":"0.5 - 1.0 m"},"geometry":{"type":"Polygon","coordinates":[[[8.51768,47.3887],[8.51777,47.38865],[8.51763,47.38873],[8.51768,47.3887]]]}},{"type":"Feature","properties":{"fliesstiefe":"0.5 - 1.0 m"},"geometry":{"type":"Polygon","coordinates":[[[8.52073,47.38964],[8.52064,47.38964],[8.52068,47.38969],[8.52073,47.38964]]]}},{"type":"Feature","properties":{"fliesstiefe":"0.5 - 1.0 m"},"geometry":{"type":"Polygon","coordinates":[[[8.52013,47.38632],[8.52004,47.38631],[8.52,47.38637],[8.52013,47.38632]]]}},{"type":"Feature","properties":{"fliesstiefe":"0.5 - 1.0 m"},"geometry":{"type":"Polygon","coordinates":[[[8.51676,47.38969],[8.51668,47.38972],[8.51687,47.39],[8.51699,47.39],[8.51676,47.38969]],[[8.51669,47.38973],[8.51676,47.38971],[8.51697,47.39],[8.51689,47.39],[8.51669,47.38973]]]}},{"type":"Feature","properties":{"fliesstiefe":"1.0 - 2.0 m"},"geometry":{"type":"Polygon","coordinates":[[[8.51697,47.39],[8.51676,47.38971],[8.51669,47.38971],[8.51689,47.39],[8.51697,47.39]]]}},{"type":"Feature","properties":{"fliesstiefe":"1.0 - 2.0 m"},"geometry":{"type":"Polygon","coordinates":[[[8.52067,47.38812],[8.52072,47.38821],[8.52079,47.38821],[8.52067,47.38812]]]}},{"type":"Feature","properties":{"fliesstiefe":"0.25 - 0.5 m"},"geometry":{"type":"Polygon","coordinates":[[[8.51888,47.38327],[8.51879,47.38334],[8.51888,47.38333],[8.51888,47.38327]]]}},{"type":"Feature","properties":{"fliesstiefe":"0.25 - 0.5 m"},"geometry":{"type":"Polygon","coordinates":[[[8.51753,47.38209],[8.51767,47.382],[8.5172,47.38219],[8.51719,47.38224],[8.51731,47.38225],[8.51753,47.38209]]]}},{"type":"Feature","properties":{"fliesstiefe":"0.25 - 0.5 m"},"geometry":{"type":"Polygon","coordinates":[[[8.51177,47.38352],[8.51166,47.38349],[8.51149,47.38355],[8.51154,47.3836],[8.51165,47.38353],[8.51178,47.3836],[8.51177,47.38352]]]}},{"type":"Feature","properties":{"fliesstiefe":"0.25 - 0.5 m"},"geometry":{"type":"Polygon","coordinates":[[[8.5133,47.38244],[8.51311,47.38254],[8.51275,47.38214],[8.51281,47.38216],[8.51274,47.38214],[8.5131,47.38255],[8.5133,47.38244]]]}},{"type":"Feature","properties":{"fliesstiefe":"0.25 - 0.5 m"},"geometry":{"type":"Polygon","coordinates":[[[8.51547,47.38223],[8.51505,47.38227],[8.51517,47.3823],[8.51547,47.38223]]]}},{"type":"Feature","properties":{"fliesstiefe":"0.25 - 0.5 m"},"geometry":{"type":"Polygon","coordinates":[[[8.51406,47.38269],[8.51434,47.38257],[8.51447,47.38267],[8.51429,47.38256],[8.514,47.38271],[8.51424,47.38273],[8.51406,47.38269]]]}},{"type":"Feature","properties":{"fliesstiefe":"0.25 - 0.5 m"},"geometry":{"type":"Polygon","coordinates":[[[8.51322,47.38687],[8.51323,47.38677],[8.51316,47.38671],[8.51296,47.38677],[8.51313,47.38692],[8.51322,47.38687]]]}},{"type":"Feature","properties":{"fliesstiefe":"0.25 - 0.5 m"},"geometry":{"type":"Polygon","coordinates":[[[8.51064,47.3862],[8.51157,47.38603],[8.51155,47.38608],[8.51106,47.38617],[8.5113,47.38614],[8.51159,47.38604],[8.51152,47.38601],[8.5106,47.38619],[8.51088,47.38619],[8.51064,47.3862]]]}},{"type":"Feature","properties":{"fliesstiefe":"0.25 - 0.5 m"},"geometry":{"type":"Polygon","coordinates":[[[8.51911,47.38677],[8.51904,47.38677],[8.51899,47.3867],[8.51905,47.3867],[8.51893,47.38663],[8.51905,47.38678],[8.51911,47.38677]]]}},{"type":"Feature","properties":{"fliesstiefe":"0.25 - 0.5 m"},"geometry":{"type":"Polygon","coordinates":[[[8.51872,47.38649],[8.51863,47.38627],[8.5194,47.38597],[8.51898,47.38602],[8.51892,47.38593],[8.51908,47.38586],[8.51861,47.3859],[8.51798,47.3862],[8.51801,47.38629],[8.5181,47.38627],[8.51808,47.38632],[8.51832,47.38648],[8.51898,47.38684],[8.51872,47.38649]],[[8.51866,47.38653],[8.51846,47.38646],[8.51842,47.38635],[8.51829,47.38625],[8.51835,47.38621],[8.51834,47.38609],[8.51843,47.38611],[8.51842,47.38601],[8.51875,47.38593],[8.51864,47.38602],[8.51868,47.38611],[8.51881,47.38612],[8.51854,47.38618],[8.51852,47.38608],[8.51844,47.38608],[8.51852,47.38619],[8.5185,47.38631],[8.51872,47.38657],[8.51866,47.38653]]]}},{"type":"Feature","properties":{"fliesstiefe":"0.25 - 0.5 m"},"geometry":{"type":"Polygon","coordinates":[[[8.51516,47.38629],[8.51509,47.38619],[8.51479,47.38622],[8.51486,47.38634],[8.51499,47.38636],[8.51516,47.38629]],[[8.51481,47.38622],[8.51507,47.3862],[8.51515,47.38627],[8.51485,47.38632],[8.51481,47.38622]]]}},{"type":"Feature","properties":{"fliesstiefe":"0.25 - 0.5 m"},"geometry":{"type":"Polygon","coordinates":[[[8.52138,47.38606],[8.52133,47.38591],[8.52102,47.38564],[8.52079,47.38561],[8.52054,47.38569],[8.52095,47.38571],[8.52117,47.38584],[8.5213,47.38603],[8.52118,47.38621],[8.52138,47.38606]]]}},{"type":"Feature","properties":{"fliesstiefe":"0.25 - 0.5 m"},"geometry":{"type":"Polygon","coordinates":[[[8.51109,47.38326],[8.51129,47.38312],[8.51122,47.383],[8.511,47.38296],[8.51055,47.38316],[8.51092,47.38309],[8.51098,47.38318],[8.51098,47.38307],[8.51108,47.383],[8.51119,47.38302],[8.51123,47.38312],[8.5111,47.38319],[8.51103,47.38316],[8.51106,47.38324],[8.511,47.38324],[8.51099,47.38331],[8.51109,47.38326]],[[8.51102,47.38301],[8.51086,47.38303],[8.511,47.38297],[8.51102,47.38301]]]}},{"type":"Feature","properties":{"fliesstiefe":"0.25 - 0.5 m"},"geometry":{"type":"Polygon","coordinates":[[[8.52124,47.38248],[8.5212,47.38238],[8.52155,47.38213],[8.52113,47.38243],[8.52109,47.38257],[8.5213,47.38244],[8.52124,47.38248]]]}},{"type":"Feature","properties":{"fliesstiefe":"0.25 - 0.5 m"},"geometry":{"type":"Polygon","coordinates":[[[8.52071,47.38712],[8.52067,47.38709],[8.52084,47.38726],[8.52071,47.38712]]]}},{"type":"Feature","properties":{"fliesstiefe":"0.25 - 0.5 m"},"geometry":{"type":"Polygon","coordinates":[[[8.51798,47.38891],[8.51911,47.38853],[8.51851,47.38859],[8.51763,47.38901],[8.51798,47.38891]]]}},{"type":"Feature","properties":{"fliesstiefe":"0.25 - 0.5 m"},"geometry":{"type":"Polygon","coordinates":[[[8.52048,47.38899],[8.52042,47.38894],[8.52009,47.38905],[8.52015,47.38913],[8.52048,47.38899]],[[8.52032,47.38906],[8.52015,47.38912],[8.5201,47.38906],[8.52033,47.38898],[8.52041,47.38902],[8.52032,47.38906]]]}},{"type":"Feature","properties":{"fliesstiefe":"0.5 - 1.0 m"},"geometry":{"type":"Polygon","coordinates":[[[8.51732,47.38881],[8.51734,47.3889],[8.51724,47.38885],[8.51733,47.38894],[8.51737,47.3889],[8.51732,47.38881]]]}},{"type":"Feature","properties":{"fliesstiefe":"0.5 - 1.0 m"},"geometry":{"type":"Polygon","coordinates":[[[8.52071,47.38813],[8.52062,47.38809],[8.52069,47.38818],[8.52066,47.38813],[8.52071,47.38813]]]}},{"type":"Feature","properties":{"fliesstiefe":"0.5 - 1.0 m"},"geometry":{"type":"Polygon","coordinates":[[[8.52039,47.38899],[8.5201,47.38906],[8.52017,47.38911],[8.52039,47.38899]]]}},{"type":"Feature","properties":{"fliesstiefe":"0.5 - 1.0 m"},"geometry":{"type":"Polygon","coordinates":[[[8.51853,47.38448],[8.51894,47.38429],[8.51801,47.38465],[8.51853,47.38448]]]}},{"type":"Feature","properties":{"fliesstiefe":"0.5 - 1.0 m"},"geometry":{"type":"Polygon","coordinates":[[[8.51864,47.38645],[8.5185,47.38631],[8.51852,47.38619],[8.51844,47.38608],[8.51852,47.38608],[8.51854,47.38618],[8.51881,47.38612],[8.51868,47.38611],[8.51864,47.38602],[8.51875,47.38593],[8.51842,47.38601],[8.51843,47.38611],[8.51834,47.38609],[8.51835,47.38621],[8.51829,47.38625],[8.51842,47.38635],[8.51843,47.38644],[8.51871,47.38659],[8.51864,47.38645]]]}},{"type":"Feature","properties":{"fliesstiefe":"0.5 - 1.0 m"},"geometry":{"type":"Polygon","coordinates":[[[8.51261,47.38656],[8.51278,47.3865],[8.51269,47.38646],[8.51234,47.3866],[8.51261,47.38656]]]}},{"type":"Feature","properties":{"fliesstiefe":"0.5 - 1.0 m"},"geometry":{"type":"Polygon","coordinates":[[[8.51383,47.38612],[8.51329,47.38628],[8.51397,47.3861],[8.51383,47.38612]]]}},{"type":"Feature","properties":{"fliesstiefe":"1.0 - 2.0 m"},"geometry":{"type":"Polygon","coordinates":[[[8.51511,47.38309],[8.51528,47.38295],[8.5153,47.38284],[8.51509,47.38279],[8.51501,47.38291],[8.51477,47.38301],[8.51458,47.38293],[8.5144,47.383],[8.51436,47.38306],[8.51442,47.38311],[8.51436,47.38316],[8.51489,47.38318],[8.51511,47.38309]]]}},{"type":"Feature","properties":{"fliesstiefe":"1.0 - 2.0 m"},"geometry":{"type":"Polygon","coordinates":[[[8.52164,47.38218],[8.52152,47.38215],[8.52138,47.38236],[8.52164,47.38218]]]}},{"type":"Feature","properties":{"fliesstiefe":"1.0 - 2.0 m"},"geometry":{"type":"Polygon","coordinates":[[[8.51893,47.3892],[8.51889,47.38919],[8.51897,47.38929],[8.51893,47.3892]]]}},{"type":"Feature","properties":{"fliesstiefe":"0 - 0.1 m"},"geometry":{"type":"Polygon","coordinates":[[[8.5106,47.38714],[8.51053,47.38717],[8.51072,47.38711],[8.5106,47.38714]]]}},{"type":"Feature","properties":{"fliesstiefe":"0 - 0.1 m"},"geometry":{"type":"Polygon","coordinates":[[[8.51008,47.38336],[8.51,47.38327],[8.51,47.38342],[8.51008,47.38336]]]}},{"type":"Feature","properties":{"fliesstiefe":"0 - 0.1 m"},"geometry":{"type":"Polygon","coordinates":[[[8.51078,47.38342],[8.51106,47.38331],[8.5109,47.3833],[8.51096,47.38324],[8.51078,47.38331],[8.51072,47.38321],[8.51076,47.38331],[8.51085,47.38332],[8.51078,47.38335],[8.51063,47.38324],[8.51068,47.38315],[8.51055,47.38323],[8.51052,47.38319],[8.51057,47.38314],[8.51051,47.38318],[8.51067,47.38338],[8.5108,47.38338],[8.51077,47.38344],[8.51086,47.38341],[8.51078,47.38342]]]}},{"type":"Feature","properties":{"fliesstiefe":"0.1 - 0.25 m"},"geometry":{"type":"Polygon","coordinates":[[[8.51243,47.38334],[8.5121,47.38303],[8.51251,47.38349],[8.51243,47.38334]]]}},{"type":"Feature","properties":{"fliesstiefe":"0.1 - 0.25 m"},"geometry":{"type":"Polygon","coordinates":[[[8.51207,47.38368],[8.51206,47.38363],[8.512,47.38375],[8.51184,47.38383],[8.51207,47.38368]]]}},{"type":"Feature","properties":{"fliesstiefe":"0.1 - 0.25 m"},"geometry":{"type":"Polygon","coordinates":[[[8.51103,47.38662],[8.51176,47.38636],[8.51033,47.38667],[8.51048,47.3868],[8.51103,47.38662]]]}},{"type":"Feature","properties":{"fliesstiefe":"0.1 - 0.25 m"},"geometry":{"type":"Polygon","coordinates":[[[8.51115,47.38845],[8.5114,47.38821],[8.51129,47.38826],[8.51137,47.38816],[8.51086,47.38856],[8.51096,47.38861],[8.51115,47.38845]]]}},{"type":"Feature","properties":{"fliesstiefe":"0.1 - 0.25 m"},"geometry":{"type":"Polygon","coordinates":[[[8.51005,47.38775],[8.51,47.38768],[8.51,47.38779],[8.51005,47.38775]]]}},{"type":"Feature","properties":{"fliesstiefe":"0.1 - 0.25 m"},"geometry":{"type":"Polygon","coordinates":[[[8.51294,47.38923],[8.51298,47.3892],[8.51269,47.38875],[8.51257,47.3886],[8.5125,47.38862],[8.51279,47.38908],[8.51276,47.38916],[8.51284,47.38933],[8.51292,47.38932],[8.51294,47.38923]],[[8.51286,47.38904],[8.51296,47.38921],[8.51251,47.38863],[8.51286,47.38904]]]}},{"type":"Feature","properties":{"fliesstiefe":"0.1 - 0.25 m"},"geometry":{"type":"Polygon","coordinates":[[[8.51043,47.38831],[8.51037,47.38834],[8.51047,47.38835],[8.51043,47.38831]]]}},{"type":"Feature","properties":{"fliesstiefe":"0.1 - 0.25 m"},"geometry":{"type":"Polygon","coordinates":[[[8.51381,47.38391],[8.51391,47.38384],[8.5139,47.38377],[8.51375,47.38392],[8.51381,47.38391]]]}},{"type":"Feature","properties":{"fliesstiefe":"0.1 - 0.25 m"},"geometry":{"type":"Polygon","coordinates":[[[8.51373,47.38411],[8.51428,47.38357],[8.5142,47.38357],[8.51358,47.38424],[8.51373,47.38411]]]}},{"type":"Feature","properties":{"fliesstiefe":"0.1 - 0.25 m"},"geometry":{"type":"Polygon","coordinates":[[[8.51018,47.3828],[8.51202,47.38201],[8.51063,47.38255],[8.51019,47.38275],[8.51015,47.3828],[8.51025,47.38281],[8.51018,47.3828]]]}},{"type":"Feature","properties":{"fliesstiefe":"0.1 - 0.25 m"},"geometry":{"type":"Polygon","coordinates":[[[8.51224,47.38373],[8.51241,47.38364],[8.51173,47.38394],[8.51224,47.38373]]]}},{"type":"Feature","properties":{"fliesstiefe":"0.1 - 0.25 m"},"geometry":{"type":"Polygon","coordinates":[[[8.51076,47.38457],[8.51081,47.38453],[8.51049,47.38469],[8.51025,47.38466],[8.51043,47.38469],[8.51036,47.38475],[8.5105,47.3848],[8.51076,47.38457]]]}},{"type":"Feature","properties":{"fliesstiefe":"0.1 - 0.25 m"},"geometry":{"type":"Polygon","coordinates":[[[8.5117,47.38923],[8.51165,47.3892],[8.51163,47.38926],[8.51171,47.38929],[8.5117,47.38923]]]}},{"type":"Feature","properties":{"fliesstiefe":"0.1 - 0.25 m"},"geometry":{"type":"Polygon","coordinates":[[[8.51355,47.38714],[8.51379,47.38698],[8.51394,47.38702],[8.51398,47.38687],[8.51372,47.38687],[8.5133,47.38714],[8.51359,47.38704],[8.51361,47.38708],[8.51338,47.38719],[8.5135,47.38721],[8.51355,47.38714]],[[8.51364,47.38696],[8.51393,47.38688],[8.51392,47.38697],[8.51384,47.38694],[8.51367,47.38703],[8.51361,47.387],[8.51364,47.38696]]]}},{"type":"Feature","properties":{"fliesstiefe":"0.1 - 0.25 m"},"geometry":{"type":"Polygon","coordinates":[[[8.51191,47.38874],[8.5117,47.38843],[8.51207,47.3889],[8.51164,47.38835],[8.51171,47.38853],[8.51202,47.38893],[8.51191,47.38874]]]}},{"type":"Feature","properties":{"fliesstiefe":"0.25 - 0.5 m"},"geometry":{"type":"Polygon","coordinates":[[[8.51215,47.38664],[8.51207,47.3867],[8.5122,47.38665],[8.51215,47.38664]]]}},{"type":"Feature","properties":{"fliesstiefe":"0.25 - 0.5 m"},"geometry":{"type":"Polygon","coordinates":[[[8.51342,47.38737],[8.51332,47.38734],[8.51328,47.38744],[8.51335,47.38746],[8.51342,47.38737]]]}},{"type":"Feature","properties":{"fliesstiefe":"0.5 - 1.0 m"},"geometry":{"type":"Polygon","coordinates":[[[8.5127,47.38924],[8.51265,47.38926],[8.51271,47.3893],[8.5127,47.38924]]]}},{"type":"Feature","properties":{"fliesstiefe":"0.5 - 1.0 m"},"geometry":{"type":"Polygon","coordinates":[[[8.51102,47.38944],[8.51098,47.38943],[8.51105,47.38935],[8.51101,47.3893],[8.51093,47.38947],[8.51102,47.38944]]]}},{"type":"Feature","properties":{"fliesstiefe":"0.5 - 1.0 m"},"geometry":{"type":"Polygon","coordinates":[[[8.51632,47.3897],[8.51627,47.38969],[8.51637,47.38978],[8.51632,47.3897]]]}},{"type":"Feature","properties":{"fliesstiefe":"0 - 0.1 m"},"geometry":{"type":"Polygon","coordinates":[[[8.51625,47.38672],[8.51605,47.3865],[8.51603,47.38639],[8.51596,47.3864],[8.51625,47.38677],[8.51596,47.38648],[8.51589,47.38636],[8.51594,47.3863],[8.51583,47.3863],[8.5162,47.38677],[8.51628,47.38677],[8.51625,47.38672]]]}},{"type":"Feature","properties":{"fliesstiefe":"0 - 0.1 m"},"geometry":{"type":"Polygon","coordinates":[[[8.51778,47.39],[8.51794,47.38994],[8.51813,47.39],[8.51812,47.38994],[8.51806,47.38993],[8.51813,47.38991],[8.51821,47.38992],[8.51825,47.39],[8.51836,47.39],[8.51818,47.38988],[8.52009,47.38925],[8.51952,47.38938],[8.51948,47.38941],[8.51954,47.38942],[8.51816,47.38986],[8.51787,47.38992],[8.51809,47.38983],[8.51786,47.38986],[8.51795,47.38979],[8.5174,47.38995],[8.51788,47.38976],[8.51782,47.38958],[8.51802,47.38979],[8.51887,47.38952],[8.51835,47.38968],[8.51846,47.38958],[8.51802,47.38976],[8.51755,47.38909],[8.51927,47.38856],[8.51944,47.3888],[8.51886,47.38907],[8.51889,47.38921],[8.51891,47.38906],[8.51963,47.38875],[8.51955,47.38871],[8.51956,47.38865],[8.5197,47.3887],[8.51995,47.38855],[8.52008,47.38856],[8.51988,47.38843],[8.51992,47.3883],[8.52012,47.38836],[8.52008,47.38839],[8.52028,47.38833],[8.52009,47.38845],[8.52033,47.38836],[8.52026,47.38847],[8.52037,47.3884],[8.52032,47.38847],[8.52045,47.38848],[8.52036,47.38857],[8.52048,47.38853],[8.52035,47.38864],[8.52051,47.38855],[8.52056,47.38861],[8.52048,47.38866],[8.52062,47.38866],[8.52043,47.38872],[8.52022,47.38857],[8.52046,47.38894],[8.52011,47.38903],[8.52007,47.3891],[8.51945,47.38934],[8.51931,47.3893],[8.51917,47.38935],[8.51913,47.38942],[8.51901,47.38931],[8.51897,47.38932],[8.51903,47.3894],[8.51865,47.38952],[8.51913,47.38944],[8.51915,47.38936],[8.51931,47.38931],[8.51949,47.38937],[8.52042,47.38894],[8.52052,47.38903],[8.52049,47.38908],[8.52058,47.38905],[8.52035,47.38871],[8.52091,47.38896],[8.52027,47.38825],[8.52004,47.3883],[8.52021,47.38819],[8.52013,47.38819],[8.52014,47.38812],[8.52,47.38812],[8.52008,47.38802],[8.51943,47.38743],[8.51954,47.38744],[8.51977,47.38764],[8.52062,47.38854],[8.52114,47.38899],[8.52053,47.38839],[8.52068,47.3883],[8.52053,47.38829],[8.52059,47.38821],[8.52048,47.38809],[8.52062,47.38812],[8.52059,47.38806],[8.52083,47.3879],[8.522,47.38735],[8.522,47.38621],[8.52188,47.3862],[8.522,47.38627],[8.522,47.38722],[8.52181,47.38732],[8.52164,47.38729],[8.5216,47.38718],[8.52167,47.38721],[8.5217,47.38713],[8.52182,47.38714],[8.52155,47.38696],[8.5213,47.38669],[8.52188,47.38644],[8.52197,47.38649],[8.52186,47.38655],[8.52191,47.3866],[8.522,47.38657],[8.522,47.38645],[8.52191,47.38642],[8.52188,47.38632],[8.52175,47.38628],[8.52174,47.38635],[8.52155,47.38639],[8.52147,47.38634],[8.52107,47.38653],[8.52094,47.38653],[8.52106,47.38662],[8.52102,47.38678],[8.52156,47.38743],[8.52119,47.38759],[8.5205,47.38691],[8.52117,47.38759],[8.52024,47.38801],[8.51985,47.38766],[8.52025,47.38743],[8.52046,47.3876],[8.52036,47.38759],[8.52039,47.38762],[8.52048,47.38761],[8.52019,47.38737],[8.52016,47.38723],[8.52001,47.38708],[8.51993,47.38704],[8.51995,47.38709],[8.51988,47.38709],[8.52003,47.38716],[8.52017,47.38734],[8.5201,47.38732],[8.52014,47.38739],[8.5202,47.3874],[8.52001,47.38743],[8.52001,47.38756],[8.5199,47.38761],[8.51992,47.38755],[8.51984,47.3875],[8.5199,47.38756],[8.51983,47.38761],[8.51968,47.38754],[8.51939,47.38721],[8.51957,47.38715],[8.51981,47.38725],[8.51961,47.3871],[8.52105,47.38641],[8.51929,47.38711],[8.52078,47.3864],[8.52127,47.38624],[8.52141,47.38613],[8.52117,47.38631],[8.5212,47.38635],[8.5215,47.38611],[8.5215,47.38599],[8.52141,47.38587],[8.52097,47.38554],[8.52104,47.38541],[8.52091,47.38533],[8.52098,47.3853],[8.52076,47.38484],[8.52076,47.38475],[8.52086,47.3847],[8.51994,47.38472],[8.52045,47.38458],[8.52093,47.38454],[8.52101,47.38456],[8.52087,47.38462],[8.52105,47.38465],[8.52086,47.38473],[8.52115,47.38467],[8.52179,47.38477],[8.52183,47.3848],[8.52167,47.38485],[8.52183,47.38483],[8.522,47.38491],[8.522,47.38484],[8.52188,47.3848],[8.522,47.38481],[8.52194,47.3847],[8.522,47.38465],[8.52172,47.38465],[8.522,47.38463],[8.522,47.38457],[8.5217,47.3846],[8.522,47.38454],[8.522,47.38449],[8.52163,47.38457],[8.52133,47.38456],[8.52176,47.3845],[8.5214,47.38451],[8.52181,47.38439],[8.52126,47.38447],[8.52119,47.38455],[8.52111,47.3845],[8.52162,47.38423],[8.522,47.38412],[8.522,47.38421],[8.52163,47.38433],[8.52167,47.38436],[8.522,47.38422],[8.522,47.38295],[8.52179,47.38297],[8.52172,47.3829],[8.522,47.38281],[8.52172,47.38286],[8.522,47.38276],[8.522,47.38268],[8.52158,47.38287],[8.522,47.38264],[8.522,47.38247],[8.52147,47.38283],[8.52181,47.38265],[8.52178,47.38273],[8.52143,47.38295],[8.52149,47.38298],[8.52117,47.3831],[8.52108,47.38308],[8.52123,47.38301],[8.52107,47.38304],[8.52102,47.38293],[8.52122,47.38265],[8.52174,47.38221],[8.52163,47.38226],[8.52086,47.38295],[8.52085,47.38312],[8.52009,47.38352],[8.52005,47.38352],[8.52081,47.3829],[8.52006,47.38347],[8.51998,47.38348],[8.52022,47.38329],[8.51997,47.38345],[8.51996,47.38341],[8.52112,47.38258],[8.52105,47.38262],[8.521,47.38257],[8.52108,47.38247],[8.52036,47.38306],[8.5193,47.38364],[8.51832,47.38399],[8.51828,47.384],[8.51835,47.38396],[8.51782,47.38409],[8.51851,47.38381],[8.51727,47.3842],[8.51865,47.38376],[8.51876,47.38369],[8.51817,47.38386],[8.51944,47.3834],[8.51884,47.38367],[8.51897,47.38363],[8.51962,47.38335],[8.5206,47.38271],[8.52107,47.38218],[8.52113,47.38207],[8.52093,47.38232],[8.52099,47.38222],[8.52088,47.3823],[8.5211,47.382],[8.52124,47.382],[8.52113,47.38217],[8.52125,47.38204],[8.52136,47.38204],[8.52132,47.38207],[8.52147,47.382],[8.52098,47.382],[8.5206,47.38241],[8.52023,47.38269],[8.52021,47.38262],[8.52068,47.38221],[8.52083,47.382],[8.52074,47.382],[8.52049,47.3823],[8.51986,47.38279],[8.51892,47.38338],[8.51899,47.38341],[8.51925,47.38333],[8.51995,47.38297],[8.52045,47.3826],[8.52108,47.382],[8.52085,47.3823],[8.52031,47.3828],[8.52039,47.38271],[8.51953,47.3833],[8.51934,47.38339],[8.51944,47.38332],[8.51938,47.38331],[8.51914,47.38348],[8.51865,47.38367],[8.51819,47.38376],[8.51746,47.38401],[8.51732,47.38399],[8.51677,47.38417],[8.51666,47.38413],[8.518,47.38374],[8.51807,47.38368],[8.51696,47.38398],[8.51755,47.38373],[8.51764,47.38364],[8.51811,47.3835],[8.51887,47.38293],[8.51913,47.383],[8.5192,47.38296],[8.51911,47.38292],[8.51928,47.38287],[8.51924,47.38293],[8.51938,47.38276],[8.51945,47.38278],[8.51952,47.38267],[8.51969,47.38263],[8.51972,47.38252],[8.52,47.38235],[8.51997,47.38243],[8.52003,47.38233],[8.52053,47.382],[8.52038,47.382],[8.51988,47.38235],[8.52017,47.38222],[8.52013,47.38228],[8.51978,47.38246],[8.51982,47.38238],[8.51904,47.38287],[8.51888,47.38289],[8.51868,47.38279],[8.51864,47.38293],[8.51828,47.38316],[8.51796,47.38317],[8.51807,47.3832],[8.5179,47.38327],[8.518,47.38328],[8.51798,47.38333],[8.51739,47.38365],[8.51737,47.38371],[8.51713,47.38372],[8.51653,47.38391],[8.5166,47.38384],[8.5165,47.38387],[8.51645,47.38382],[8.51649,47.38372],[8.51634,47.38387],[8.51597,47.38399],[8.51705,47.38323],[8.51798,47.38271],[8.51753,47.38309],[8.51698,47.38339],[8.51717,47.38336],[8.51716,47.38331],[8.51734,47.38321],[8.51746,47.38327],[8.51736,47.38319],[8.51777,47.38291],[8.51782,47.38293],[8.51778,47.38299],[8.5179,47.38297],[8.51781,47.38289],[8.51826,47.38254],[8.51719,47.38319],[8.51714,47.38311],[8.51724,47.383],[8.51752,47.38288],[8.51753,47.38282],[8.51789,47.38266],[8.51789,47.38256],[8.518,47.38259],[8.51815,47.38248],[8.51815,47.38243],[8.51824,47.38244],[8.51814,47.38237],[8.51804,47.38243],[8.51796,47.38224],[8.51794,47.38233],[8.51774,47.38235],[8.51716,47.38272],[8.51698,47.38273],[8.51679,47.38282],[8.51677,47.383],[8.51712,47.38321],[8.51634,47.3837],[8.51561,47.384],[8.5159,47.3838],[8.51567,47.38391],[8.51516,47.3843],[8.51523,47.3843],[8.51521,47.38434],[8.51585,47.38411],[8.51595,47.38417],[8.5155,47.3843],[8.51608,47.38414],[8.51612,47.38418],[8.51334,47.385],[8.51318,47.385],[8.51319,47.38492],[8.51307,47.38492],[8.51296,47.38502],[8.51281,47.38501],[8.51282,47.38512],[8.51287,47.38506],[8.51369,47.38496],[8.51323,47.38513],[8.5135,47.38506],[8.51327,47.38515],[8.51444,47.38482],[8.51217,47.38548],[8.51376,47.38507],[8.51305,47.38529],[8.51354,47.38518],[8.51331,47.38527],[8.51358,47.38523],[8.51355,47.38527],[8.5104,47.38613],[8.51125,47.38592],[8.51091,47.38603],[8.51094,47.38608],[8.51053,47.38617],[8.51152,47.38599],[8.51159,47.38601],[8.51158,47.38608],[8.51068,47.38623],[8.51044,47.38618],[8.51,47.38629],[8.51,47.38635],[8.51014,47.38634],[8.51,47.38642],[8.51075,47.3864],[8.5106,47.38646],[8.51071,47.38648],[8.51063,47.3865],[8.51022,47.38652],[8.51056,47.38647],[8.51048,47.38645],[8.51,47.38651],[8.5101,47.38653],[8.51,47.38654],[8.51,47.38662],[8.51012,47.38661],[8.51017,47.38668],[8.51,47.38674],[8.51,47.38701],[8.51044,47.38681],[8.51108,47.38666],[8.51122,47.3866],[8.51122,47.38654],[8.51243,47.3861],[8.51118,47.38649],[8.51176,47.38636],[8.5105,47.3868],[8.51034,47.38667],[8.51037,47.38664],[8.51023,47.38667],[8.51016,47.38661],[8.51076,47.38657],[8.51046,47.38658],[8.5111,47.38646],[8.51,47.38656],[8.51119,47.38647],[8.51136,47.3864],[8.51125,47.38638],[8.51184,47.38624],[8.51126,47.38634],[8.51131,47.38632],[8.51223,47.3861],[8.51181,47.38618],[8.512,47.38611],[8.51264,47.38594],[8.51255,47.38601],[8.51276,47.38599],[8.51328,47.38582],[8.51342,47.38584],[8.5134,47.38579],[8.5138,47.38568],[8.51372,47.38577],[8.51151,47.38647],[8.51145,47.38651],[8.51169,47.38645],[8.51057,47.38697],[8.51102,47.38681],[8.51099,47.38684],[8.51004,47.38716],[8.51,47.38727],[8.51022,47.3872],[8.51004,47.38727],[8.51183,47.38659],[8.51095,47.38689],[8.51109,47.38677],[8.51156,47.38659],[8.51161,47.38658],[8.51153,47.38665],[8.51429,47.38572],[8.5167,47.38507],[8.51703,47.38492],[8.5169,47.38503],[8.51789,47.38474],[8.51792,47.38471],[8.51782,47.38471],[8.51796,47.38464],[8.51775,47.3847],[8.51862,47.38429],[8.51902,47.38423],[8.51912,47.38414],[8.51996,47.3838],[8.51895,47.38429],[8.51887,47.38436],[8.51893,47.38441],[8.51872,47.38442],[8.51795,47.3847],[8.51881,47.3845],[8.51873,47.38454],[8.51953,47.38441],[8.51717,47.38496],[8.51712,47.38507],[8.51897,47.38461],[8.51905,47.38464],[8.51795,47.38495],[8.5196,47.38457],[8.51799,47.38504],[8.51946,47.38466],[8.51948,47.3847],[8.51934,47.38475],[8.51943,47.38479],[8.51818,47.38511],[8.51925,47.38482],[8.51929,47.38476],[8.51715,47.38538],[8.51709,47.38538],[8.51713,47.3853],[8.51704,47.38535],[8.51699,47.38531],[8.51698,47.38539],[8.51705,47.38539],[8.51681,47.38546],[8.51716,47.38543],[8.51745,47.38533],[8.51802,47.3853],[8.51807,47.38548],[8.51804,47.38563],[8.51813,47.38571],[8.51798,47.38591],[8.51806,47.38589],[8.51785,47.38599],[8.51793,47.38577],[8.51775,47.38601],[8.51807,47.38646],[8.51809,47.38659],[8.51796,47.38667],[8.51725,47.38653],[8.5172,47.38635],[8.51713,47.38637],[8.51717,47.38651],[8.51646,47.38633],[8.51655,47.3862],[8.51718,47.38632],[8.51708,47.38622],[8.51703,47.38588],[8.51732,47.38581],[8.517,47.38589],[8.5171,47.38632],[8.51654,47.38619],[8.51638,47.38632],[8.5156,47.38614],[8.51501,47.38609],[8.51483,47.3861],[8.5152,47.38612],[8.51464,47.38624],[8.51444,47.3862],[8.51423,47.38628],[8.51446,47.38623],[8.51493,47.38679],[8.51453,47.38627],[8.51464,47.38626],[8.5148,47.38645],[8.51478,47.38653],[8.51495,47.38652],[8.51489,47.38664],[8.51503,47.38669],[8.51496,47.38674],[8.51509,47.38688],[8.51524,47.3869],[8.51526,47.38696],[8.51516,47.38695],[8.5152,47.38709],[8.51514,47.38704],[8.51535,47.3873],[8.5151,47.38744],[8.51425,47.38636],[8.51399,47.38644],[8.51419,47.38664],[8.51416,47.38675],[8.51429,47.38677],[8.51462,47.38719],[8.51475,47.38721],[8.51493,47.38747],[8.51506,47.38753],[8.51518,47.38769],[8.51524,47.38793],[8.5152,47.38808],[8.51443,47.38836],[8.5143,47.38851],[8.5152,47.38818],[8.51556,47.38855],[8.51543,47.38834],[8.51546,47.38831],[8.51526,47.3881],[8.51529,47.38801],[8.51552,47.38834],[8.51561,47.38858],[8.51556,47.38869],[8.51567,47.38851],[8.51592,47.38859],[8.51638,47.38844],[8.51644,47.38838],[8.5159,47.38858],[8.51578,47.38854],[8.51575,47.38844],[8.51588,47.38836],[8.51638,47.38832],[8.51675,47.38814],[8.51669,47.38803],[8.51675,47.38807],[8.51691,47.388],[8.51691,47.38794],[8.51649,47.38754],[8.51711,47.38723],[8.51747,47.38753],[8.51769,47.38762],[8.51745,47.38787],[8.51668,47.38832],[8.51691,47.38823],[8.51689,47.38826],[8.51594,47.38875],[8.51471,47.38911],[8.51545,47.38874],[8.51464,47.3889],[8.51443,47.38876],[8.51423,47.38851],[8.51408,47.38856],[8.51424,47.38858],[8.51433,47.38871],[8.51421,47.38862],[8.51439,47.38879],[8.51419,47.389],[8.5142,47.38909],[8.51379,47.38921],[8.51347,47.38923],[8.51376,47.38916],[8.51371,47.38916],[8.51332,47.38922],[8.51307,47.38881],[8.5132,47.38878],[8.51352,47.38891],[8.51346,47.38877],[8.51359,47.38872],[8.51351,47.38871],[8.5135,47.38862],[8.51337,47.38866],[8.51342,47.38876],[8.5133,47.38867],[8.51344,47.38881],[8.5134,47.38886],[8.51325,47.38877],[8.51306,47.38879],[8.5131,47.38873],[8.51299,47.38878],[8.51302,47.38869],[8.51295,47.38865],[8.51273,47.38817],[8.51291,47.38822],[8.51295,47.38847],[8.51288,47.38842],[8.51308,47.38857],[8.5132,47.38854],[8.51297,47.38842],[8.51294,47.38824],[8.51276,47.38813],[8.51278,47.38801],[8.51295,47.38803],[8.51285,47.38798],[8.51295,47.3879],[8.51311,47.38794],[8.51294,47.38794],[8.51297,47.38801],[8.51315,47.38794],[8.5135,47.38813],[8.51358,47.38831],[8.51358,47.38814],[8.5132,47.3879],[8.51297,47.38785],[8.51294,47.38775],[8.51292,47.38787],[8.51279,47.38793],[8.5126,47.38786],[8.51259,47.38776],[8.5128,47.38776],[8.5126,47.38773],[8.51261,47.38765],[8.51284,47.38758],[8.51255,47.38763],[8.51245,47.38738],[8.51252,47.38737],[8.51249,47.3873],[8.51256,47.38728],[8.51237,47.38726],[8.51234,47.38736],[8.51225,47.3877],[8.51236,47.38743],[8.51254,47.38769],[8.51256,47.38788],[8.51272,47.38803],[8.51272,47.38812],[8.51245,47.38806],[8.51225,47.38771],[8.51224,47.38784],[8.51252,47.38817],[8.51264,47.38811],[8.51271,47.38814],[8.51273,47.38829],[8.51244,47.38849],[8.51217,47.38821],[8.51242,47.38855],[8.51255,47.3884],[8.51272,47.38834],[8.51278,47.38838],[8.51294,47.38862],[8.51276,47.38845],[8.5127,47.38847],[8.51324,47.38927],[8.51297,47.38937],[8.51295,47.3893],[8.51306,47.38926],[8.51301,47.38924],[8.51304,47.3892],[8.51269,47.38868],[8.51251,47.38857],[8.51246,47.38861],[8.51264,47.3889],[8.51258,47.38886],[8.51283,47.38932],[8.51293,47.38938],[8.51242,47.38949],[8.5133,47.3894],[8.51306,47.38946],[8.51316,47.38954],[8.51287,47.38951],[8.51254,47.38961],[8.51251,47.38963],[8.51265,47.38963],[8.51239,47.38972],[8.51325,47.38959],[8.51318,47.38968],[8.5134,47.39],[8.51354,47.38998],[8.5135,47.38986],[8.51362,47.38981],[8.51349,47.38984],[8.51358,47.38975],[8.51348,47.38976],[8.5135,47.3897],[8.5136,47.38972],[8.51384,47.38995],[8.5137,47.38972],[8.51428,47.38953],[8.51465,47.39],[8.5147,47.39],[8.51428,47.38949],[8.51386,47.38961],[8.51418,47.38948],[8.5135,47.38955],[8.51317,47.3895],[8.51323,47.38943],[8.51434,47.38919],[8.51308,47.38938],[8.51332,47.38928],[8.5142,47.38912],[8.51435,47.38903],[8.51424,47.38901],[8.5144,47.38886],[8.5144,47.38878],[8.51463,47.38893],[8.51522,47.38882],[8.51449,47.38916],[8.51556,47.38893],[8.51528,47.38904],[8.51569,47.38891],[8.51662,47.38838],[8.51771,47.38795],[8.51744,47.3881],[8.51768,47.38803],[8.51742,47.38823],[8.51659,47.38867],[8.51587,47.38887],[8.51529,47.3891],[8.5156,47.38901],[8.51553,47.38906],[8.51503,47.3892],[8.51517,47.38914],[8.51509,47.38916],[8.515,47.38925],[8.51459,47.38932],[8.51438,47.38944],[8.51452,47.38944],[8.5148,47.38996],[8.51489,47.39],[8.51457,47.38946],[8.51449,47.38941],[8.51456,47.38935],[8.51476,47.38933],[8.51472,47.38937],[8.51484,47.38944],[8.51511,47.38935],[8.51509,47.38926],[8.5152,47.38922],[8.51513,47.38919],[8.51585,47.38894],[8.51595,47.38895],[8.51608,47.38908],[8.51617,47.38937],[8.51617,47.38919],[8.51593,47.38889],[8.51672,47.38863],[8.51652,47.38874],[8.51659,47.38884],[8.51644,47.38892],[8.5165,47.38894],[8.51629,47.38899],[8.51652,47.38895],[8.51664,47.38905],[8.51692,47.38896],[8.51686,47.38895],[8.51692,47.3889],[8.51674,47.38863],[8.51681,47.38856],[8.51861,47.3876],[8.5193,47.38737],[8.51923,47.38746],[8.51939,47.38741],[8.51929,47.38753],[8.51952,47.38754],[8.51966,47.38765],[8.52002,47.38805],[8.51989,47.38819],[8.52003,47.38824],[8.51996,47.38829],[8.51988,47.38822],[8.51985,47.38841],[8.51937,47.38845],[8.51981,47.3883],[8.51978,47.38818],[8.51946,47.38791],[8.51962,47.3881],[8.51964,47.38825],[8.51976,47.38826],[8.51889,47.38853],[8.51929,47.38841],[8.51913,47.38857],[8.5186,47.38876],[8.51769,47.38902],[8.51744,47.38902],[8.51781,47.38882],[8.51799,47.38881],[8.51835,47.38864],[8.51844,47.38853],[8.51861,47.38859],[8.51879,47.38856],[8.51876,47.38852],[8.51898,47.38839],[8.51898,47.38833],[8.51938,47.38818],[8.51926,47.38821],[8.5193,47.38816],[8.51893,47.38834],[8.51889,47.38837],[8.51893,47.3884],[8.51875,47.38846],[8.51863,47.38858],[8.51847,47.38855],[8.51825,47.38831],[8.519,47.38794],[8.51939,47.38788],[8.51916,47.3878],[8.51847,47.38815],[8.51818,47.38793],[8.51836,47.38814],[8.51815,47.38827],[8.51789,47.3881],[8.51767,47.38812],[8.51795,47.38833],[8.51776,47.38842],[8.51763,47.38835],[8.51737,47.38849],[8.51742,47.38855],[8.51763,47.38865],[8.51813,47.38841],[8.51823,47.38848],[8.51811,47.38839],[8.5178,47.38851],[8.51754,47.38848],[8.51753,47.38857],[8.51744,47.38849],[8.51765,47.38839],[8.51777,47.38849],[8.51809,47.38831],[8.51822,47.38832],[8.51838,47.38851],[8.51837,47.38857],[8.51799,47.38878],[8.51752,47.38894],[8.51732,47.38879],[8.51747,47.38896],[8.51631,47.38938],[8.51624,47.38936],[8.51667,47.39],[8.51659,47.39],[8.51616,47.38946],[8.51619,47.38943],[8.51609,47.38938],[8.51653,47.39],[8.51251,47.39],[8.51239,47.38983],[8.51246,47.39],[8.51231,47.39],[8.5122,47.38986],[8.51228,47.39],[8.51778,47.39]],[[8.51401,47.38927],[8.51389,47.38928],[8.51409,47.38924],[8.51401,47.38927]],[[8.51913,47.38425],[8.51904,47.3843],[8.51919,47.38423],[8.51913,47.38425]],[[8.51772,47.38247],[8.51767,47.38244],[8.51771,47.3824],[8.51772,47.38247]],[[8.51234,47.38573],[8.51229,47.38574],[8.51242,47.3857],[8.51234,47.38573]],[[8.52161,47.38387],[8.52156,47.38387],[8.52169,47.38384],[8.52161,47.38387]],[[8.52109,47.38425],[8.521,47.38425],[8.52112,47.38422],[8.52109,47.38425]],[[8.51626,47.38469],[8.5162,47.3847],[8.51636,47.38464],[8.51626,47.38469]],[[8.5154,47.38533],[8.51541,47.38526],[8.51544,47.38531],[8.5154,47.38533]],[[8.51932,47.38458],[8.51926,47.38458],[8.51941,47.38453],[8.51932,47.38458]],[[8.5196,47.38481],[8.51939,47.38483],[8.51963,47.38479],[8.5196,47.38481]],[[8.51759,47.38863],[8.51755,47.3886],[8.5176,47.38858],[8.51759,47.38863]],[[8.52173,47.38402],[8.52156,47.38407],[8.52184,47.38399],[8.52173,47.38402]],[[8.52125,47.38455],[8.52123,47.3845],[8.5213,47.38449],[8.52125,47.38455]],[[8.51176,47.38616],[8.51172,47.38613],[8.5118,47.38612],[8.51176,47.38616]],[[8.5201,47.3838],[8.51996,47.38385],[8.52019,47.38375],[8.5201,47.3838]],[[8.51976,47.38424],[8.51967,47.38424],[8.5198,47.38422],[8.51976,47.38424]],[[8.51667,47.38422],[8.51667,47.38418],[8.51676,47.3842],[8.51667,47.38422]],[[8.51817,47.38415],[8.51809,47.38416],[8.51829,47.38411],[8.51817,47.38415]],[[8.51732,47.38496],[8.5172,47.38499],[8.51754,47.3849],[8.51732,47.38496]],[[8.5206,47.38402],[8.52051,47.38402],[8.52062,47.38399],[8.5206,47.38402]],[[8.5191,47.38337],[8.51903,47.38338],[8.51914,47.38334],[8.5191,47.38337]],[[8.51752,47.38475],[8.51745,47.38476],[8.5177,47.38467],[8.51752,47.38475]],[[8.51789,47.38486],[8.51782,47.38486],[8.51802,47.38482],[8.51789,47.38486]],[[8.52082,47.38511],[8.52079,47.38502],[8.52086,47.38518],[8.52082,47.38511]],[[8.51365,47.3897],[8.51367,47.38975],[8.51354,47.38967],[8.51365,47.3897]],[[8.51506,47.38498],[8.51496,47.385],[8.51523,47.38493],[8.51506,47.38498]],[[8.51537,47.38478],[8.51518,47.38483],[8.51535,47.38475],[8.51537,47.38478]],[[8.51927,47.38422],[8.5192,47.3842],[8.51932,47.38419],[8.51927,47.38422]],[[8.5146,47.38552],[8.51451,47.38551],[8.51463,47.38547],[8.5146,47.38552]],[[8.5206,47.38365],[8.52056,47.38365],[8.52076,47.38358],[8.5206,47.38365]],[[8.51779,47.38242],[8.51771,47.38238],[8.51782,47.38238],[8.51779,47.38242]],[[8.51934,47.38367],[8.51929,47.38368],[8.51963,47.38354],[8.51934,47.38367]],[[8.51726,47.38485],[8.51711,47.38485],[8.51735,47.38482],[8.51726,47.38485]],[[8.52039,47.38211],[8.52026,47.38215],[8.52037,47.38206],[8.52039,47.38211]],[[8.52033,47.3841],[8.52021,47.38414],[8.52027,47.38408],[8.52033,47.3841]],[[8.51581,47.38461],[8.51561,47.38466],[8.51593,47.38457],[8.51581,47.38461]],[[8.52012,47.38328],[8.52004,47.38332],[8.5205,47.38302],[8.52012,47.38328]],[[8.5144,47.3854],[8.51421,47.38545],[8.51446,47.38538],[8.5144,47.3854]],[[8.51958,47.38358],[8.51954,47.38359],[8.51991,47.38341],[8.51958,47.38358]],[[8.52064,47.3822],[8.52058,47.38224],[8.5207,47.38211],[8.52064,47.3822]],[[8.51186,47.38587],[8.51162,47.38592],[8.51195,47.38584],[8.51186,47.38587]],[[8.51507,47.38931],[8.51496,47.38931],[8.51506,47.38927],[8.51507,47.38931]],[[8.51757,47.38531],[8.51749,47.38531],[8.51777,47.38525],[8.51757,47.38531]],[[8.52088,47.38336],[8.52082,47.38333],[8.52095,47.38329],[8.52088,47.38336]],[[8.52094,47.3841],[8.52081,47.3841],[8.52103,47.38406],[8.52094,47.3841]],[[8.51766,47.38854],[8.51758,47.38857],[8.5176,47.38851],[8.51753,47.3885],[8.51766,47.38854]],[[8.51555,47.38529],[8.51548,47.38526],[8.51565,47.38526],[8.51555,47.38529]],[[8.51488,47.38937],[8.51477,47.38938],[8.51488,47.38933],[8.51488,47.38937]],[[8.5194,47.38311],[8.51927,47.38318],[8.5195,47.38303],[8.5194,47.38311]],[[8.52108,47.38395],[8.5209,47.38398],[8.5212,47.3839],[8.52108,47.38395]],[[8.51759,47.38525],[8.51744,47.38528],[8.51787,47.38517],[8.51759,47.38525]],[[8.51758,47.3844],[8.51744,47.38439],[8.51755,47.38436],[8.51758,47.3844]],[[8.51436,47.38549],[8.51423,47.38552],[8.51453,47.38544],[8.51436,47.38549]],[[8.51689,47.38891],[8.51684,47.38897],[8.5167,47.38889],[8.51689,47.38891]],[[8.51578,47.38471],[8.51557,47.38476],[8.51588,47.38468],[8.51578,47.38471]],[[8.51781,47.38522],[8.51771,47.38523],[8.51801,47.38516],[8.51781,47.38522]],[[8.52174,47.3838],[8.5217,47.38381],[8.522,47.38369],[8.52174,47.3838]],[[8.51106,47.38644],[8.51097,47.38642],[8.51118,47.38639],[8.51106,47.38644]],[[8.51483,47.38464],[8.51473,47.38467],[8.51509,47.38456],[8.51483,47.38464]],[[8.52014,47.38402],[8.51997,47.38405],[8.52008,47.38399],[8.52014,47.38402]],[[8.52111,47.38562],[8.52114,47.38565],[8.52078,47.38556],[8.52111,47.38562]],[[8.5112,47.38627],[8.51097,47.38629],[8.51127,47.38626],[8.5112,47.38627]],[[8.51201,47.38604],[8.51191,47.38603],[8.51209,47.386],[8.51201,47.38604]],[[8.51495,47.3854],[8.51473,47.38544],[8.515,47.38537],[8.51495,47.3854]],[[8.52057,47.38451],[8.52047,47.3845],[8.52067,47.38447],[8.52057,47.38451]],[[8.51749,47.3843],[8.5172,47.38437],[8.51755,47.38427],[8.51749,47.3843]],[[8.51803,47.38352],[8.51798,47.3835],[8.51795,47.38357],[8.51791,47.38353],[8.51808,47.38347],[8.51803,47.38352]],[[8.51744,47.38268],[8.5175,47.38274],[8.51729,47.3827],[8.51744,47.38268]],[[8.51331,47.38975],[8.51322,47.38967],[8.51335,47.38966],[8.51331,47.38975]],[[8.51866,47.38424],[8.51849,47.38431],[8.51885,47.38415],[8.51866,47.38424]],[[8.51774,47.38948],[8.51776,47.38955],[8.51762,47.38944],[8.51774,47.38948]],[[8.51827,47.38655],[8.51816,47.38659],[8.51812,47.38654],[8.51827,47.38655]],[[8.52008,47.38272],[8.51998,47.38272],[8.52012,47.38261],[8.52008,47.38272]],[[8.51842,47.38718],[8.5183,47.38719],[8.5184,47.38713],[8.51842,47.38718]],[[8.52129,47.38427],[8.52117,47.38427],[8.52127,47.38421],[8.52129,47.38427]],[[8.52033,47.38419],[8.52022,47.3842],[8.5207,47.38409],[8.52033,47.38419]],[[8.51141,47.38618],[8.51113,47.38621],[8.51145,47.38615],[8.51141,47.38618]],[[8.51519,47.38544],[8.51483,47.38553],[8.51526,47.38541],[8.51519,47.38544]],[[8.51796,47.38422],[8.51775,47.38426],[8.51802,47.38419],[8.51796,47.38422]],[[8.51786,47.38247],[8.51792,47.38254],[8.51778,47.38248],[8.51789,47.38239],[8.51786,47.38247]],[[8.51526,47.38461],[8.51508,47.38466],[8.51521,47.38458],[8.51526,47.38461]],[[8.51008,47.38686],[8.51,47.38689],[8.51,47.38682],[8.51008,47.38686]],[[8.52082,47.38394],[8.52073,47.384],[8.52075,47.38404],[8.52068,47.38401],[8.52071,47.38394],[8.52082,47.38394]],[[8.51585,47.38465],[8.51563,47.3847],[8.51615,47.38456],[8.51585,47.38465]],[[8.51733,47.38733],[8.51746,47.38746],[8.51718,47.38721],[8.51733,47.38733]],[[8.5205,47.38819],[8.52042,47.38826],[8.52036,47.38819],[8.5205,47.38819]],[[8.51489,47.38482],[8.5145,47.38493],[8.51534,47.38467],[8.51489,47.38482]],[[8.52164,47.38381],[8.5216,47.38382],[8.522,47.38367],[8.52164,47.38381]],[[8.51547,47.38536],[8.51539,47.38538],[8.51586,47.38526],[8.51547,47.38536]],[[8.51699,47.38448],[8.51694,47.38448],[8.51738,47.38436],[8.51699,47.38448]],[[8.51937,47.38423],[8.51907,47.38431],[8.51947,47.38416],[8.51937,47.38423]],[[8.51849,47.38413],[8.51831,47.38415],[8.51853,47.38408],[8.51849,47.38413]],[[8.52099,47.38303],[8.52092,47.38306],[8.52089,47.38298],[8.52098,47.38289],[8.52099,47.38303]],[[8.5178,47.38263],[8.51764,47.38258],[8.51781,47.38255],[8.5178,47.38263]],[[8.51828,47.38726],[8.51813,47.38728],[8.51819,47.38721],[8.5183,47.38722],[8.51828,47.38726]],[[8.51735,47.38489],[8.51709,47.38495],[8.51739,47.38487],[8.51735,47.38489]],[[8.52168,47.38737],[8.52159,47.38741],[8.52154,47.38737],[8.52162,47.38731],[8.52168,47.38737]],[[8.51533,47.38426],[8.51528,47.38425],[8.51565,47.38411],[8.51533,47.38426]],[[8.51495,47.38508],[8.51475,47.38511],[8.51507,47.38503],[8.51495,47.38508]],[[8.52105,47.38325],[8.52084,47.38323],[8.52093,47.38319],[8.52105,47.38325]],[[8.51765,47.38416],[8.51771,47.38415],[8.51735,47.38425],[8.5178,47.38409],[8.51765,47.38416]],[[8.52124,47.38397],[8.52075,47.38409],[8.52137,47.38392],[8.52124,47.38397]],[[8.51429,47.38477],[8.51392,47.38489],[8.51458,47.38467],[8.51429,47.38477]],[[8.51565,47.38408],[8.51549,47.38412],[8.51578,47.384],[8.51565,47.38408]],[[8.51392,47.38504],[8.51386,47.38505],[8.51476,47.3848],[8.51392,47.38504]],[[8.51461,47.38838],[8.51439,47.38842],[8.51476,47.38829],[8.51461,47.38838]],[[8.52092,47.38436],[8.5208,47.38437],[8.52079,47.38432],[8.52093,47.38428],[8.52092,47.38436]],[[8.51815,47.38248],[8.51799,47.38253],[8.51798,47.38258],[8.51794,47.38255],[8.51809,47.38246],[8.51815,47.38248]],[[8.52002,47.38424],[8.51981,47.38428],[8.52032,47.38414],[8.52002,47.38424]],[[8.5182,47.38673],[8.51804,47.38666],[8.51815,47.38663],[8.5182,47.38673]],[[8.51649,47.38509],[8.51617,47.38515],[8.51653,47.38505],[8.51649,47.38509]],[[8.51374,47.38527],[8.51333,47.38539],[8.51405,47.38518],[8.51374,47.38527]],[[8.51739,47.38476],[8.51699,47.38485],[8.51768,47.38465],[8.51739,47.38476]],[[8.51665,47.38953],[8.51655,47.38956],[8.51649,47.38946],[8.51659,47.38944],[8.51665,47.38953]],[[8.51338,47.38979],[8.51345,47.39],[8.51329,47.38979],[8.51342,47.38975],[8.51338,47.38979]],[[8.51493,47.38499],[8.51425,47.38516],[8.51508,47.38492],[8.51493,47.38499]],[[8.51289,47.38606],[8.51258,47.38618],[8.51303,47.386],[8.51289,47.38606]],[[8.51607,47.38523],[8.51554,47.38537],[8.51603,47.38522],[8.51588,47.38522],[8.51613,47.38519],[8.51607,47.38523]],[[8.51254,47.38595],[8.51216,47.38605],[8.51223,47.38597],[8.51261,47.38591],[8.51254,47.38595]],[[8.52196,47.38256],[8.5219,47.38259],[8.522,47.38248],[8.52196,47.38256]],[[8.51471,47.38507],[8.51397,47.38526],[8.51491,47.38501],[8.51471,47.38507]],[[8.51211,47.38637],[8.51158,47.38654],[8.51236,47.38627],[8.51211,47.38637]],[[8.51755,47.38425],[8.51708,47.38436],[8.5178,47.38416],[8.51755,47.38425]],[[8.5213,47.38436],[8.52087,47.38446],[8.52134,47.38432],[8.5213,47.38436]],[[8.51117,47.38633],[8.51123,47.38635],[8.51086,47.38638],[8.51115,47.38633],[8.51102,47.38631],[8.51117,47.38633]],[[8.51835,47.38582],[8.51812,47.3858],[8.51832,47.38574],[8.51835,47.38582]],[[8.51573,47.38437],[8.51513,47.38454],[8.51606,47.38425],[8.51573,47.38437]],[[8.51367,47.3896],[8.51371,47.38962],[8.51347,47.38964],[8.51393,47.38953],[8.51367,47.3896]],[[8.51465,47.38517],[8.51479,47.38515],[8.51427,47.38524],[8.51465,47.38517]],[[8.51542,47.38702],[8.51543,47.38709],[8.51525,47.38688],[8.51532,47.38687],[8.51542,47.38702]],[[8.51523,47.38816],[8.51478,47.38827],[8.51513,47.38811],[8.51523,47.38816]],[[8.51431,47.3856],[8.51406,47.38563],[8.51443,47.38553],[8.51431,47.3856]],[[8.51191,47.38599],[8.5118,47.38604],[8.51161,47.38602],[8.51183,47.38594],[8.51191,47.38599]],[[8.51148,47.38661],[8.51095,47.38679],[8.51141,47.38658],[8.51148,47.38661]],[[8.51533,47.38716],[8.51547,47.38728],[8.51534,47.38729],[8.51522,47.38711],[8.51533,47.38716]],[[8.52156,47.38463],[8.52146,47.38468],[8.52123,47.38465],[8.52127,47.3846],[8.52156,47.38463]],[[8.51371,47.38525],[8.51336,47.38533],[8.51416,47.38513],[8.51371,47.38525]],[[8.5215,47.38384],[8.52081,47.38406],[8.52049,47.38409],[8.52164,47.38378],[8.5215,47.38384]],[[8.51597,47.38435],[8.516,47.38439],[8.51589,47.38444],[8.51563,47.38448],[8.51597,47.38435]],[[8.52066,47.38417],[8.51979,47.38431],[8.5207,47.38413],[8.52066,47.38417]],[[8.52148,47.38378],[8.5209,47.38395],[8.52117,47.38385],[8.52106,47.38384],[8.52148,47.38378]],[[8.52112,47.38318],[8.52126,47.38318],[8.52068,47.38323],[8.52097,47.3831],[8.52112,47.38318]],[[8.51935,47.38789],[8.51906,47.3879],[8.51871,47.38805],[8.5191,47.38785],[8.51935,47.38789]],[[8.51967,47.3839],[8.51912,47.38408],[8.51961,47.38387],[8.51967,47.3839]],[[8.5196,47.38708],[8.51932,47.3872],[8.51927,47.38715],[8.51969,47.38701],[8.5196,47.38708]],[[8.51796,47.38819],[8.51806,47.38827],[8.51796,47.38835],[8.51778,47.38814],[8.51796,47.38819]],[[8.51636,47.38439],[8.51624,47.38449],[8.51597,47.38456],[8.51621,47.38441],[8.51664,47.38428],[8.51636,47.38439]],[[8.51585,47.38475],[8.51596,47.38474],[8.51556,47.38486],[8.51566,47.38481],[8.51538,47.38484],[8.51599,47.38469],[8.51585,47.38475]],[[8.5131,47.38895],[8.51325,47.3892],[8.51292,47.38872],[8.5131,47.38895]],[[8.52102,47.38541],[8.52048,47.38548],[8.5209,47.38538],[8.52102,47.38541]],[[8.52165,47.38415],[8.52131,47.38426],[8.52133,47.3842],[8.5219,47.38404],[8.52165,47.38415]],[[8.5148,47.38632],[8.51492,47.38639],[8.51483,47.38654],[8.5147,47.38628],[8.51475,47.38624],[8.5148,47.38632]],[[8.51679,47.38875],[8.51684,47.38881],[8.51671,47.38887],[8.51656,47.38877],[8.51672,47.38869],[8.51679,47.38875]],[[8.51574,47.38486],[8.51554,47.38496],[8.51509,47.38503],[8.51574,47.38486]],[[8.51372,47.38585],[8.5126,47.3862],[8.51395,47.38578],[8.51372,47.38585]],[[8.51688,47.38431],[8.51629,47.3845],[8.51659,47.38432],[8.51688,47.38431]],[[8.51529,47.38536],[8.51424,47.38564],[8.51516,47.38535],[8.5153,47.38532],[8.51529,47.38536]],[[8.51739,47.38444],[8.51654,47.38461],[8.51688,47.38448],[8.51692,47.38451],[8.51738,47.3844],[8.51739,47.38444]],[[8.51574,47.38831],[8.5157,47.38833],[8.51575,47.38835],[8.51573,47.38849],[8.51558,47.38841],[8.51553,47.38827],[8.51566,47.38825],[8.51567,47.38832],[8.51572,47.38824],[8.51574,47.38831]],[[8.5164,47.38473],[8.51583,47.38488],[8.51578,47.38483],[8.51656,47.38464],[8.5164,47.38473]],[[8.51661,47.38422],[8.51613,47.38442],[8.51637,47.38428],[8.51605,47.38435],[8.51657,47.38415],[8.51661,47.38422]],[[8.52082,47.38238],[8.52035,47.38284],[8.5198,47.38319],[8.52087,47.38231],[8.52082,47.38238]],[[8.52114,47.38336],[8.52086,47.3834],[8.52072,47.38349],[8.52064,47.38343],[8.52067,47.38349],[8.52061,47.38352],[8.52054,47.38353],[8.52062,47.38347],[8.52018,47.38359],[8.52071,47.38333],[8.52074,47.3834],[8.521,47.38339],[8.52107,47.3833],[8.52114,47.38336]],[[8.52194,47.38732],[8.52181,47.38737],[8.522,47.38725],[8.52194,47.38732]],[[8.52174,47.383],[8.52135,47.38314],[8.52109,47.38315],[8.52166,47.38295],[8.52174,47.383]],[[8.51799,47.38679],[8.51773,47.38692],[8.51765,47.38685],[8.51769,47.38681],[8.51754,47.38669],[8.51799,47.38679]],[[8.51433,47.38528],[8.51326,47.38554],[8.51404,47.38529],[8.5144,47.38526],[8.51433,47.38528]],[[8.51813,47.38678],[8.51867,47.38707],[8.51801,47.38678],[8.51723,47.38655],[8.51813,47.38678]],[[8.51686,47.39],[8.51667,47.3897],[8.51678,47.3897],[8.517,47.39],[8.51686,47.39]],[[8.51398,47.38559],[8.51284,47.38589],[8.51322,47.38569],[8.51376,47.38557],[8.51371,47.38563],[8.51311,47.3858],[8.5142,47.38553],[8.51398,47.38559]],[[8.51634,47.38394],[8.51661,47.38395],[8.51592,47.38414],[8.51609,47.38402],[8.51594,47.38407],[8.51609,47.38396],[8.5163,47.38389],[8.51634,47.38394]],[[8.51512,47.3862],[8.51515,47.38631],[8.515,47.38638],[8.51483,47.38634],[8.51477,47.38623],[8.51488,47.38617],[8.51512,47.3862]],[[8.51653,47.38501],[8.51584,47.38524],[8.51573,47.38518],[8.51653,47.38501]],[[8.51362,47.38534],[8.51127,47.38597],[8.51183,47.38576],[8.51189,47.38579],[8.51415,47.38519],[8.51362,47.38534]],[[8.51742,47.38377],[8.51648,47.38407],[8.51709,47.38378],[8.51742,47.38377]],[[8.51775,47.38778],[8.51783,47.38776],[8.51703,47.38816],[8.51725,47.38799],[8.51752,47.38789],[8.51768,47.38771],[8.51778,47.38773],[8.51775,47.38778]],[[8.51346,47.38597],[8.51354,47.38596],[8.51247,47.38628],[8.51234,47.38637],[8.5115,47.38659],[8.5137,47.38588],[8.51346,47.38597]],[[8.52081,47.38275],[8.51997,47.38335],[8.51879,47.38384],[8.51986,47.38337],[8.52086,47.38268],[8.52081,47.38275]],[[8.52008,47.38283],[8.51999,47.38288],[8.51999,47.38282],[8.51994,47.38283],[8.51968,47.38307],[8.51921,47.38327],[8.5199,47.3828],[8.52002,47.38277],[8.52008,47.38283]],[[8.51881,47.38294],[8.51826,47.38332],[8.51819,47.38329],[8.51788,47.38343],[8.51813,47.38323],[8.51879,47.38288],[8.51881,47.38294]],[[8.51999,47.38851],[8.5194,47.38868],[8.5193,47.38858],[8.51936,47.3885],[8.5198,47.38843],[8.51999,47.38851]],[[8.51269,47.38875],[8.51298,47.3892],[8.51289,47.38934],[8.51283,47.38931],[8.51279,47.38908],[8.51249,47.38863],[8.51257,47.3886],[8.51269,47.38875]],[[8.51985,47.38438],[8.51944,47.38447],[8.52064,47.38426],[8.51838,47.38472],[8.51908,47.38454],[8.5189,47.38456],[8.51758,47.38489],[8.51874,47.38458],[8.52048,47.38426],[8.51985,47.38438]],[[8.51892,47.38407],[8.51819,47.38433],[8.51718,47.38451],[8.51884,47.38404],[8.51892,47.38407]],[[8.52173,47.38393],[8.52149,47.384],[8.522,47.38388],[8.52112,47.38414],[8.5201,47.38432],[8.522,47.38384],[8.52173,47.38393]],[[8.52122,47.3867],[8.52169,47.38712],[8.5216,47.38711],[8.52147,47.38722],[8.52137,47.38716],[8.52127,47.38695],[8.52106,47.38674],[8.52111,47.38664],[8.52122,47.3867]],[[8.52184,47.38642],[8.52156,47.38652],[8.52146,47.38664],[8.52123,47.38666],[8.52109,47.38655],[8.52123,47.38642],[8.52184,47.38634],[8.52184,47.38642]],[[8.51035,47.38675],[8.51041,47.38683],[8.51,47.38698],[8.51,47.38691],[8.51013,47.38685],[8.51009,47.38679],[8.51,47.38681],[8.51,47.38675],[8.51024,47.3867],[8.51035,47.38675]],[[8.51436,47.38655],[8.51495,47.38735],[8.5148,47.38719],[8.51469,47.38716],[8.51405,47.38642],[8.5142,47.38636],[8.51436,47.38655]],[[8.52167,47.38741],[8.5206,47.38799],[8.5203,47.38811],[8.52024,47.38803],[8.52176,47.38735],[8.52167,47.38741]],[[8.51891,47.38718],[8.51912,47.38709],[8.51889,47.38724],[8.51907,47.3872],[8.51862,47.38748],[8.51719,47.38814],[8.51876,47.38733],[8.51883,47.38726],[8.51866,47.38716],[8.51865,47.38709],[8.51891,47.38718]],[[8.52099,47.3844],[8.5203,47.38451],[8.52048,47.38441],[8.51984,47.38467],[8.51977,47.38468],[8.51986,47.38463],[8.51956,47.3847],[8.51981,47.38462],[8.51978,47.38457],[8.52017,47.38447],[8.51972,47.38455],[8.51975,47.38451],[8.52033,47.38436],[8.52063,47.3843],[8.5205,47.38438],[8.52069,47.38433],[8.52063,47.38436],[8.5208,47.38439],[8.52126,47.3843],[8.52099,47.3844]],[[8.51767,47.38965],[8.51772,47.38973],[8.51716,47.38993],[8.51715,47.38999],[8.517,47.38992],[8.51696,47.38979],[8.51707,47.38972],[8.51757,47.38957],[8.51767,47.38965]],[[8.5198,47.38355],[8.51969,47.38369],[8.51976,47.38368],[8.51915,47.38398],[8.51922,47.38389],[8.51884,47.38395],[8.51936,47.38379],[8.51914,47.38385],[8.51906,47.38381],[8.51783,47.38416],[8.5198,47.38355]],[[8.51849,47.38669],[8.51898,47.38695],[8.51874,47.38707],[8.51904,47.38699],[8.51908,47.38704],[8.51886,47.38713],[8.51903,47.38702],[8.51876,47.38709],[8.51826,47.38678],[8.51823,47.38666],[8.51832,47.38659],[8.51849,47.38669]],[[8.5207,47.38478],[8.52066,47.38485],[8.5209,47.38536],[8.52073,47.38541],[8.52041,47.38492],[8.5206,47.38487],[8.52078,47.38516],[8.52062,47.38485],[8.5204,47.38486],[8.52022,47.38475],[8.52067,47.3847],[8.5207,47.38478]],[[8.5173,47.38272],[8.51748,47.38276],[8.5176,47.3827],[8.51767,47.38275],[8.51743,47.3828],[8.51744,47.38293],[8.51721,47.38297],[8.51707,47.38311],[8.51678,47.38298],[8.51679,47.38287],[8.5169,47.38284],[8.51689,47.38278],[8.51727,47.38267],[8.5173,47.38272]],[[8.52106,47.38563],[8.52143,47.38597],[8.52134,47.38582],[8.52149,47.38603],[8.52142,47.38617],[8.52144,47.38599],[8.52142,47.38609],[8.5213,47.38621],[8.52099,47.3863],[8.52126,47.38605],[8.52098,47.38574],[8.52076,47.3857],[8.52035,47.38574],[8.52071,47.38559],[8.52106,47.38563]],[[8.51675,47.38468],[8.51515,47.38517],[8.51241,47.38584],[8.5132,47.3856],[8.51303,47.38565],[8.51296,47.38561],[8.51493,47.38518],[8.51688,47.38461],[8.51675,47.38468]],[[8.51855,47.3871],[8.51877,47.38727],[8.51795,47.38769],[8.51776,47.38768],[8.51774,47.38756],[8.51798,47.38742],[8.51804,47.3873],[8.51824,47.3873],[8.51846,47.38719],[8.51848,47.38706],[8.51855,47.3871]],[[8.52193,47.38313],[8.52135,47.38329],[8.522,47.38304],[8.522,47.38314],[8.52193,47.38313]],[[8.51832,47.38435],[8.51739,47.38472],[8.51722,47.38474],[8.51734,47.38466],[8.51715,47.38469],[8.51695,47.38476],[8.51709,47.38476],[8.51665,47.38491],[8.51676,47.38479],[8.51626,47.38498],[8.51456,47.38542],[8.51638,47.38492],[8.51517,47.38521],[8.51645,47.38486],[8.51641,47.38486],[8.51714,47.38456],[8.51707,47.38452],[8.51719,47.38456],[8.51762,47.38446],[8.51766,47.38451],[8.51767,47.38446],[8.51812,47.38437],[8.51802,47.38443],[8.51848,47.38427],[8.51832,47.38435]],[[8.52198,47.38356],[8.52117,47.3837],[8.5211,47.38377],[8.52099,47.38372],[8.52099,47.38378],[8.52047,47.38395],[8.52018,47.38398],[8.52062,47.38382],[8.51959,47.38414],[8.5195,47.38415],[8.51965,47.38409],[8.51945,47.38413],[8.52034,47.38385],[8.51996,47.38393],[8.52059,47.3837],[8.51991,47.38392],[8.52024,47.38377],[8.52075,47.3836],[8.52118,47.38354],[8.52167,47.38336],[8.52151,47.38338],[8.52172,47.38329],[8.522,47.38324],[8.522,47.38319],[8.52087,47.38358],[8.5202,47.38372],[8.52065,47.38351],[8.522,47.38316],[8.52198,47.38356]],[[8.51526,47.38621],[8.51553,47.38619],[8.51558,47.38623],[8.5165,47.38732],[8.51647,47.38739],[8.51572,47.38775],[8.51588,47.38773],[8.51664,47.38734],[8.51651,47.3873],[8.51567,47.38622],[8.51601,47.38626],[8.51629,47.38636],[8.51619,47.38638],[8.51631,47.38644],[8.51691,47.38652],[8.51731,47.38667],[8.5176,47.38692],[8.51737,47.38707],[8.51761,47.38699],[8.51774,47.38711],[8.51776,47.38705],[8.51766,47.38703],[8.51755,47.38682],[8.51723,47.38661],[8.51749,47.3867],[8.51776,47.38699],[8.51796,47.38693],[8.51786,47.38718],[8.51781,47.38718],[8.51785,47.38721],[8.51791,47.38707],[8.5181,47.38691],[8.51804,47.38682],[8.51833,47.38695],[8.51817,47.38689],[8.51837,47.387],[8.5184,47.38708],[8.51814,47.3872],[8.51767,47.38757],[8.51726,47.38718],[8.51705,47.38722],[8.51581,47.38783],[8.51593,47.38791],[8.5163,47.38773],[8.51594,47.3879],[8.51588,47.38784],[8.51627,47.38765],[8.51666,47.38799],[8.51669,47.3881],[8.51646,47.38823],[8.51578,47.38786],[8.51646,47.38827],[8.51604,47.38836],[8.51584,47.38831],[8.51588,47.38821],[8.51552,47.38812],[8.51557,47.38795],[8.51571,47.38784],[8.51534,47.38797],[8.51513,47.3875],[8.51561,47.38727],[8.51571,47.38732],[8.5156,47.3874],[8.51572,47.38735],[8.51571,47.38728],[8.51584,47.38726],[8.51547,47.38725],[8.51522,47.38706],[8.51518,47.38695],[8.51536,47.38712],[8.51554,47.38719],[8.51558,47.38712],[8.51575,47.38715],[8.51549,47.38705],[8.51547,47.38693],[8.51562,47.38701],[8.51562,47.38694],[8.51539,47.38688],[8.51543,47.38695],[8.51524,47.38685],[8.51525,47.38673],[8.51533,47.38675],[8.51529,47.38669],[8.51534,47.3867],[8.51537,47.38662],[8.51513,47.38664],[8.51508,47.38658],[8.51504,47.38665],[8.51523,47.38677],[8.51513,47.38688],[8.51511,47.38677],[8.51498,47.38674],[8.51508,47.38671],[8.5149,47.38663],[8.515,47.38649],[8.51508,47.38653],[8.51494,47.38649],[8.51494,47.38641],[8.51514,47.38645],[8.51504,47.38638],[8.51516,47.3863],[8.51515,47.38619],[8.51526,47.38621]],[[8.52016,47.38478],[8.52024,47.38478],[8.52036,47.3849],[8.52059,47.38542],[8.52046,47.38546],[8.5204,47.38535],[8.52052,47.38531],[8.52032,47.38526],[8.52045,47.38548],[8.52084,47.38547],[8.52088,47.38552],[8.51952,47.3859],[8.51976,47.38588],[8.51868,47.38626],[8.51991,47.38586],[8.52077,47.38572],[8.52094,47.38574],[8.52125,47.38605],[8.52107,47.38614],[8.52111,47.38621],[8.51913,47.38715],[8.51909,47.38706],[8.51914,47.38703],[8.51946,47.38695],[8.51913,47.387],[8.51901,47.3868],[8.51906,47.38679],[8.51895,47.38674],[8.51907,47.38693],[8.51897,47.38691],[8.51814,47.38648],[8.51797,47.38631],[8.5179,47.38615],[8.51835,47.38598],[8.518,47.38609],[8.51787,47.38601],[8.51812,47.38581],[8.51821,47.38592],[8.5184,47.38587],[8.51833,47.38572],[8.51816,47.38568],[8.51805,47.38529],[8.51834,47.38523],[8.51841,47.38537],[8.51844,47.38529],[8.51853,47.38532],[8.51856,47.38549],[8.51842,47.38542],[8.51853,47.38557],[8.51847,47.38565],[8.51855,47.38586],[8.51843,47.38591],[8.51854,47.38592],[8.51839,47.38595],[8.51882,47.38586],[8.51863,47.38586],[8.51857,47.3858],[8.51861,47.38568],[8.51854,47.38561],[8.51859,47.38545],[8.51853,47.38528],[8.51842,47.38521],[8.51851,47.38515],[8.518,47.38526],[8.51797,47.38522],[8.51945,47.38483],[8.51957,47.38489],[8.51954,47.38502],[8.51936,47.38504],[8.51935,47.3851],[8.51926,47.38504],[8.51941,47.38527],[8.51936,47.38517],[8.51957,47.3851],[8.51961,47.38496],[8.51979,47.38516],[8.51963,47.38495],[8.51964,47.38489],[8.51983,47.38484],[8.51978,47.38481],[8.52,47.38479],[8.52003,47.38473],[8.52018,47.38472],[8.52016,47.38478]]]}},{"type":"Feature","properties":{"fliesstiefe":"0 - 0.1 m"},"geometry":{"type":"Polygon","coordinates":[[[8.52157,47.38907],[8.52126,47.38869],[8.52132,47.38879],[8.5211,47.38866],[8.52146,47.38899],[8.52148,47.38907],[8.52134,47.38893],[8.52148,47.38912],[8.52157,47.38907]]]}},{"type":"Feature","properties":{"fliesstiefe":"0.1 - 0.25 m"},"geometry":{"type":"Polygon","coordinates":[[[8.51653,47.39],[8.5161,47.38942],[8.51609,47.38938],[8.5162,47.38942],[8.51612,47.3893],[8.51616,47.3892],[8.51595,47.38895],[8.51512,47.3892],[8.51534,47.38927],[8.51562,47.38917],[8.5156,47.38912],[8.51555,47.38919],[8.51547,47.38916],[8.5155,47.38911],[8.51592,47.38899],[8.51612,47.38921],[8.51609,47.38925],[8.51618,47.38943],[8.51581,47.38908],[8.51653,47.39]]]}},{"type":"Feature","properties":{"fliesstiefe":"0 - 0.1 m"},"geometry":{"type":"Polygon","coordinates":[[[8.51124,47.38874],[8.51116,47.38858],[8.51127,47.38847],[8.51106,47.38867],[8.51115,47.38864],[8.51132,47.38887],[8.51124,47.38874]]]}},{"type":"Feature","properties":{"fliesstiefe":"0 - 0.1 m"},"geometry":{"type":"Polygon","coordinates":[[[8.51045,47.38828],[8.51032,47.38832],[8.51056,47.38838],[8.51045,47.38828]]]}},{"type":"Feature","properties":{"fliesstiefe":"0 - 0.1 m"},"geometry":{"type":"Polygon","coordinates":[[[8.51437,47.39],[8.51423,47.38981],[8.51405,47.38986],[8.51414,47.39],[8.51437,47.39]],[[8.51429,47.39],[8.5142,47.39],[8.51414,47.38988],[8.51421,47.38987],[8.51429,47.39]]]}},{"type":"Feature","properties":{"fliesstiefe":"0 - 0.1 m"},"geometry":{"type":"Polygon","coordinates":[[[8.51106,47.38275],[8.51122,47.38269],[8.51116,47.38278],[8.51169,47.38259],[8.5116,47.38256],[8.51166,47.38248],[8.51255,47.38212],[8.51237,47.38215],[8.51271,47.382],[8.51106,47.38268],[8.51102,47.38279],[8.51106,47.38275]]]}},{"type":"Feature","properties":{"fliesstiefe":"0 - 0.1 m"},"geometry":{"type":"Polygon","coordinates":[[[8.51025,47.38309],[8.51031,47.38306],[8.51016,47.38311],[8.51015,47.38321],[8.51016,47.38314],[8.51025,47.38309]]]}},{"type":"Feature","properties":{"fliesstiefe":"0.1 - 0.25 m"},"geometry":{"type":"Polygon","coordinates":[[[8.51333,47.38755],[8.51348,47.38734],[8.51337,47.38736],[8.51326,47.38726],[8.51325,47.38734],[8.51302,47.38744],[8.51318,47.38761],[8.51333,47.38755]],[[8.51328,47.38738],[8.51332,47.38734],[8.51342,47.38737],[8.51335,47.38746],[8.51328,47.38738]],[[8.51309,47.38746],[8.51326,47.38737],[8.51326,47.38748],[8.51315,47.38744],[8.51319,47.38754],[8.51309,47.38746]]]}},{"type":"Feature","properties":{"fliesstiefe":"0.25 - 0.5 m"},"geometry":{"type":"Polygon","coordinates":[[[8.52002,47.38525],[8.51994,47.38516],[8.51965,47.38522],[8.51956,47.38517],[8.51944,47.38521],[8.51942,47.3853],[8.5195,47.38534],[8.51967,47.38529],[8.51976,47.38536],[8.51988,47.38531],[8.52001,47.38537],[8.52002,47.38525]]]}},{"type":"Feature","properties":{"fliesstiefe":"0.5 - 1.0 m"},"geometry":{"type":"Polygon","coordinates":[[[8.52177,47.38978],[8.52168,47.38973],[8.52182,47.38983],[8.52177,47.38978]]]}},{"type":"Feature","properties":{"fliesstiefe":">= 2.0 m"},"geometry":{"type":"Polygon","coordinates":[[[8.51116,47.38614],[8.51157,47.38604],[8.51066,47.38618],[8.51116,47.38614]]]}},{"type":"Feature","properties":{"fliesstiefe":">= 2.0 m"},"geometry":{"type":"Polygon","coordinates":[[[8.5173,47.38881],[8.51719,47.38879],[8.51725,47.38885],[8.5173,47.38881]]]}},{"type":"Feature","properties":{"fliesstiefe":"0.1 - 0.25 m"},"geometry":{"type":"Polygon","coordinates":[[[8.51344,47.38881],[8.5133,47.38867],[8.51304,47.38877],[8.51325,47.38877],[8.51339,47.38886],[8.51344,47.38881]],[[8.51339,47.3888],[8.51306,47.38876],[8.51329,47.38869],[8.51339,47.3888]]]}},{"type":"Feature","properties":{"fliesstiefe":"0.1 - 0.25 m"},"geometry":{"type":"Polygon","coordinates":[[[8.51815,47.38663],[8.51805,47.38668],[8.51819,47.38676],[8.51815,47.38663]]]}},{"type":"Feature","properties":{"fliesstiefe":"0.1 - 0.25 m"},"geometry":{"type":"Polygon","coordinates":[[[8.52094,47.38469],[8.52105,47.38465],[8.52088,47.38463],[8.52101,47.38456],[8.52091,47.38454],[8.52045,47.38458],[8.51994,47.38472],[8.52094,47.38469]]]}},{"type":"Feature","properties":{"fliesstiefe":"0.1 - 0.25 m"},"geometry":{"type":"Polygon","coordinates":[[[8.521,47.38544],[8.52096,47.38537],[8.52048,47.38548],[8.521,47.38544]]]}},{"type":"Feature","properties":{"fliesstiefe":"0.1 - 0.25 m"},"geometry":{"type":"Polygon","coordinates":[[[8.51883,47.38524],[8.51873,47.38526],[8.51881,47.38544],[8.51889,47.38539],[8.51883,47.38524]],[[8.51877,47.38527],[8.51882,47.38524],[8.51886,47.38538],[8.51877,47.38527]]]}},{"type":"Feature","properties":{"fliesstiefe":"0.1 - 0.25 m"},"geometry":{"type":"Polygon","coordinates":[[[8.51629,47.38831],[8.51607,47.38833],[8.51591,47.38818],[8.51561,47.38811],[8.5156,47.38796],[8.51574,47.3879],[8.51565,47.38787],[8.51576,47.38786],[8.5159,47.38797],[8.51578,47.38786],[8.51566,47.38786],[8.51555,47.38798],[8.51553,47.38814],[8.51588,47.38821],[8.51584,47.38831],[8.51604,47.38836],[8.51629,47.38831]]]}},{"type":"Feature","properties":{"fliesstiefe":"0.1 - 0.25 m"},"geometry":{"type":"Polygon","coordinates":[[[8.51996,47.38634],[8.52002,47.38627],[8.52014,47.38631],[8.52014,47.38625],[8.51995,47.38628],[8.51996,47.38638],[8.52003,47.38638],[8.51996,47.38634]]]}},{"type":"Feature","properties":{"fliesstiefe":"0.1 - 0.25 m"},"geometry":{"type":"Polygon","coordinates":[[[8.51506,47.38542],[8.51532,47.38534],[8.51424,47.38564],[8.51506,47.38542]]]}},{"type":"Feature","properties":{"fliesstiefe":"0.1 - 0.25 m"},"geometry":{"type":"Polygon","coordinates":[[[8.51813,47.38364],[8.51869,47.38336],[8.51879,47.38336],[8.51864,47.38341],[8.51873,47.38345],[8.51893,47.38335],[8.51873,47.38347],[8.51887,47.38342],[8.51898,47.3833],[8.51887,47.38326],[8.5181,47.38363],[8.51846,47.38356],[8.51813,47.38364]],[[8.51887,47.38334],[8.51878,47.38332],[8.51888,47.38327],[8.51887,47.38334]]]}},{"type":"Feature","properties":{"fliesstiefe":"0.1 - 0.25 m"},"geometry":{"type":"Polygon","coordinates":[[[8.51484,47.39],[8.51452,47.38944],[8.51438,47.38944],[8.51459,47.38932],[8.515,47.38925],[8.51506,47.38922],[8.51501,47.38921],[8.51504,47.38918],[8.51587,47.38887],[8.51659,47.38867],[8.51742,47.38823],[8.51768,47.38803],[8.51744,47.3881],[8.51771,47.38795],[8.51662,47.38838],[8.51569,47.38891],[8.51502,47.38912],[8.51497,47.38913],[8.51544,47.38894],[8.51449,47.38916],[8.51522,47.38882],[8.51463,47.38893],[8.5144,47.38878],[8.5144,47.38886],[8.51424,47.38901],[8.51435,47.38903],[8.5142,47.38912],[8.51332,47.38928],[8.51308,47.38938],[8.51434,47.38919],[8.51323,47.38943],[8.51317,47.3895],[8.5135,47.38955],[8.51418,47.38948],[8.51386,47.38961],[8.51428,47.38949],[8.5147,47.39],[8.51484,47.39]],[[8.51445,47.38955],[8.51441,47.38948],[8.51451,47.3896],[8.51445,47.38955]],[[8.51436,47.389],[8.51431,47.38896],[8.51448,47.38892],[8.51436,47.389]],[[8.51352,47.38932],[8.5132,47.38935],[8.51367,47.38927],[8.51352,47.38932]],[[8.51413,47.38918],[8.51448,47.38901],[8.51499,47.3889],[8.51458,47.3891],[8.51413,47.38918]],[[8.51708,47.38827],[8.51722,47.38826],[8.51654,47.38866],[8.51624,47.38873],[8.51651,47.38857],[8.51636,47.38861],[8.51663,47.38842],[8.51724,47.38818],[8.51708,47.38827]],[[8.51486,47.38915],[8.51495,47.38919],[8.51429,47.38944],[8.51326,47.38949],[8.51345,47.3894],[8.51512,47.38905],[8.51486,47.38915]]]}},{"type":"Feature","properties":{"fliesstiefe":"0.5 - 1.0 m"},"geometry":{"type":"Polygon","coordinates":[[[8.52165,47.38219],[8.52157,47.38213],[8.52148,47.38215],[8.5212,47.38238],[8.5212,47.38249],[8.52165,47.38219]],[[8.52141,47.38228],[8.52156,47.38213],[8.52164,47.38219],[8.52138,47.38236],[8.52141,47.38228]]]}},{"type":"Feature","properties":{"fliesstiefe":"0 - 0.1 m"},"geometry":{"type":"Polygon","coordinates":[[[8.51278,47.38937],[8.51276,47.3893],[8.51225,47.38945],[8.51278,47.38937]]]}},{"type":"Feature","properties":{"fliesstiefe":"0 - 0.1 m"},"geometry":{"type":"Polygon","coordinates":[[[8.51027,47.38965],[8.51032,47.38952],[8.51025,47.38946],[8.5101,47.38968],[8.51027,47.38965]]]}},{"type":"Feature","properties":{"fliesstiefe":"0.1 - 0.25 m"},"geometry":{"type":"Polygon","coordinates":[[[8.51429,47.39],[8.51421,47.38987],[8.51414,47.38988],[8.5142,47.39],[8.51429,47.39]]]}},{"type":"Feature","properties":{"fliesstiefe":"0.25 - 0.5 m"},"geometry":{"type":"Polygon","coordinates":[[[8.52075,47.38965],[8.52053,47.38956],[8.52053,47.38966],[8.52062,47.38972],[8.52074,47.38973],[8.52075,47.38965]]]}},{"type":"Feature","properties":{"fliesstiefe":"0.25 - 0.5 m"},"geometry":{"type":"Polygon","coordinates":[[[8.51632,47.38968],[8.51622,47.38961],[8.51637,47.38982],[8.51632,47.38968]]]}},{"type":"Feature","properties":{"fliesstiefe":"0.5 - 1.0 m"},"geometry":{"type":"Polygon","coordinates":[[[8.51934,47.38933],[8.51924,47.38934],[8.51925,47.38939],[8.51936,47.38937],[8.51934,47.38933]]]}},{"type":"Feature","properties":{"fliesstiefe":"1.0 - 2.0 m"},"geometry":{"type":"Polygon","coordinates":[[[8.51114,47.38936],[8.51106,47.38952],[8.51111,47.38951],[8.51114,47.38936]]]}},{"type":"Feature","properties":{"fliesstiefe":"0 - 0.1 m"},"geometry":{"type":"Polygon","coordinates":[[[8.51211,47.38893],[8.5117,47.38843],[8.51199,47.38891],[8.51171,47.38853],[8.51164,47.38835],[8.5117,47.38837],[8.51164,47.38829],[8.51161,47.38834],[8.51155,47.38829],[8.51164,47.38856],[8.51181,47.38881],[8.51188,47.3888],[8.51193,47.38896],[8.51211,47.38893]]]}},{"type":"Feature","properties":{"fliesstiefe":"0 - 0.1 m"},"geometry":{"type":"Polygon","coordinates":[[[8.51042,47.38976],[8.51049,47.38975],[8.51062,47.38957],[8.51072,47.38963],[8.51068,47.38965],[8.51108,47.38968],[8.51091,47.38965],[8.51096,47.38954],[8.51091,47.38963],[8.51074,47.3896],[8.51063,47.38943],[8.51039,47.38942],[8.51054,47.38918],[8.51073,47.38921],[8.51069,47.38916],[8.51041,47.38924],[8.51039,47.38918],[8.51051,47.38907],[8.51034,47.38911],[8.51031,47.38908],[8.51043,47.38903],[8.51024,47.38906],[8.51027,47.38902],[8.51,47.38914],[8.51013,47.38901],[8.51073,47.38877],[8.51059,47.38872],[8.51,47.38895],[8.51012,47.38894],[8.51,47.38909],[8.51,47.38924],[8.51024,47.38915],[8.51021,47.38922],[8.51031,47.38925],[8.51009,47.38929],[8.51,47.38937],[8.51029,47.38929],[8.51039,47.38943],[8.51062,47.38954],[8.51048,47.38957],[8.51049,47.38975],[8.51013,47.38981],[8.51,47.38965],[8.51,47.38976],[8.51011,47.38984],[8.51042,47.38976]],[[8.51021,47.38892],[8.51016,47.38893],[8.51035,47.38886],[8.51021,47.38892]],[[8.51022,47.3891],[8.51004,47.38922],[8.51027,47.38906],[8.51022,47.3891]],[[8.51035,47.38892],[8.51011,47.38898],[8.51044,47.38887],[8.51035,47.38892]]]}},{"type":"Feature","properties":{"fliesstiefe":"0 - 0.1 m"},"geometry":{"type":"Polygon","coordinates":[[[8.51098,47.38778],[8.51112,47.38779],[8.51099,47.38773],[8.51083,47.38787],[8.51098,47.38778]]]}},{"type":"Feature","properties":{"fliesstiefe":"0 - 0.1 m"},"geometry":{"type":"Polygon","coordinates":[[[8.5133,47.39],[8.51319,47.38977],[8.5132,47.38988],[8.51303,47.38982],[8.51315,47.3897],[8.51266,47.38975],[8.51251,47.38985],[8.51287,47.38973],[8.51299,47.38995],[8.51315,47.38991],[8.5133,47.39]]]}},{"type":"Feature","properties":{"fliesstiefe":"0 - 0.1 m"},"geometry":{"type":"Polygon","coordinates":[[[8.51229,47.38868],[8.51229,47.3886],[8.51219,47.38853],[8.51236,47.38876],[8.51229,47.38868]]]}},{"type":"Feature","properties":{"fliesstiefe":"0 - 0.1 m"},"geometry":{"type":"Polygon","coordinates":[[[8.51324,47.38839],[8.51304,47.38825],[8.51297,47.38827],[8.51321,47.38843],[8.51324,47.38839]]]}},{"type":"Feature","properties":{"fliesstiefe":"0 - 0.1 m"},"geometry":{"type":"Polygon","coordinates":[[[8.51351,47.38839],[8.51357,47.38834],[8.51326,47.38838],[8.51351,47.38839]]]}},{"type":"Feature","properties":{"fliesstiefe":"0 - 0.1 m"},"geometry":{"type":"Polygon","coordinates":[[[8.5118,47.39],[8.51207,47.38992],[8.51168,47.39],[8.5118,47.39]]]}},{"type":"Feature","properties":{"fliesstiefe":"0.1 - 0.25 m"},"geometry":{"type":"Polygon","coordinates":[[[8.51136,47.38894],[8.51138,47.3889],[8.51115,47.38864],[8.51106,47.38867],[8.51103,47.38876],[8.51116,47.38885],[8.51111,47.38868],[8.51132,47.38897],[8.51123,47.38901],[8.5112,47.3889],[8.51117,47.38896],[8.51121,47.38901],[8.51136,47.389],[8.51136,47.38894]]]}},{"type":"Feature","properties":{"fliesstiefe":"0.1 - 0.25 m"},"geometry":{"type":"Polygon","coordinates":[[[8.51372,47.38808],[8.51368,47.38809],[8.51373,47.38814],[8.51372,47.38808]]]}},{"type":"Feature","properties":{"fliesstiefe":"0.25 - 0.5 m"},"geometry":{"type":"Polygon","coordinates":[[[8.51051,47.38848],[8.51047,47.38842],[8.51028,47.38838],[8.51033,47.38856],[8.51051,47.38848]]]}},{"type":"Feature","properties":{"fliesstiefe":"0 - 0.1 m"},"geometry":{"type":"Polygon","coordinates":[[[8.51,47.38824],[8.51,47.38834],[8.51009,47.38831],[8.51021,47.38843],[8.51016,47.38833],[8.51035,47.38837],[8.51005,47.38829],[8.51081,47.38775],[8.51,47.38819],[8.51061,47.38786],[8.51113,47.38746],[8.51076,47.38787],[8.51115,47.38747],[8.51107,47.38741],[8.51121,47.38743],[8.51186,47.38694],[8.5114,47.38717],[8.51131,47.38715],[8.51164,47.38701],[8.51153,47.38698],[8.51212,47.38675],[8.51122,47.38708],[8.51128,47.38703],[8.51117,47.38704],[8.51123,47.38699],[8.51216,47.38662],[8.51224,47.38668],[8.51215,47.38674],[8.51228,47.38667],[8.51239,47.38673],[8.51264,47.38665],[8.51146,47.38741],[8.51171,47.38735],[8.51223,47.38692],[8.5118,47.38734],[8.51156,47.38784],[8.51131,47.38817],[8.51091,47.3885],[8.51087,47.38846],[8.51101,47.3883],[8.51097,47.38827],[8.51087,47.3884],[8.51073,47.38845],[8.51078,47.38855],[8.51096,47.38862],[8.51153,47.3881],[8.51167,47.3879],[8.51199,47.38783],[8.51193,47.38773],[8.51171,47.38778],[8.51184,47.38749],[8.51197,47.38772],[8.51195,47.38748],[8.51207,47.38719],[8.51229,47.38694],[8.51262,47.38671],[8.51362,47.38635],[8.51623,47.38561],[8.51523,47.38582],[8.51543,47.38576],[8.51518,47.38582],[8.51509,47.3858],[8.51511,47.3857],[8.51505,47.38576],[8.51497,47.38568],[8.51469,47.38576],[8.51498,47.38574],[8.51494,47.38583],[8.51406,47.38601],[8.51439,47.38585],[8.51404,47.38597],[8.51404,47.38603],[8.51303,47.3863],[8.51499,47.38584],[8.51368,47.3862],[8.51493,47.38592],[8.51311,47.38642],[8.51241,47.38669],[8.51237,47.38668],[8.5126,47.38659],[8.51234,47.38667],[8.51225,47.3866],[8.51231,47.38656],[8.5119,47.38671],[8.51227,47.38655],[8.51024,47.38744],[8.51011,47.38741],[8.51,47.38747],[8.51,47.38736],[8.51167,47.38676],[8.51,47.38731],[8.51,47.38753],[8.5111,47.38714],[8.51066,47.38737],[8.51104,47.38722],[8.51127,47.38723],[8.51046,47.38764],[8.51029,47.3877],[8.51039,47.38762],[8.51027,47.38763],[8.51025,47.38768],[8.51036,47.38764],[8.51005,47.38775],[8.51,47.38779],[8.51,47.38824]],[[8.51121,47.3872],[8.51117,47.38718],[8.51126,47.38719],[8.51121,47.3872]],[[8.51169,47.38735],[8.5116,47.38739],[8.51171,47.3873],[8.51169,47.38735]],[[8.51216,47.38704],[8.51208,47.38712],[8.5122,47.38702],[8.51216,47.38704]],[[8.51007,47.38786],[8.51,47.38789],[8.51018,47.38781],[8.51007,47.38786]],[[8.51474,47.38602],[8.51466,47.38603],[8.51494,47.38595],[8.51474,47.38602]],[[8.5103,47.38801],[8.51025,47.38802],[8.51052,47.38786],[8.5103,47.38801]],[[8.51304,47.38649],[8.51293,47.38652],[8.51316,47.38644],[8.51304,47.38649]],[[8.512,47.38725],[8.51188,47.38739],[8.51202,47.3872],[8.512,47.38725]],[[8.51024,47.38818],[8.51,47.38829],[8.5102,47.38813],[8.51024,47.38818]],[[8.51066,47.38781],[8.51045,47.38794],[8.51088,47.38763],[8.51066,47.38781]],[[8.51104,47.38743],[8.51063,47.38763],[8.51092,47.38743],[8.51104,47.38743]],[[8.51407,47.3862],[8.5132,47.38643],[8.51418,47.38616],[8.51407,47.3862]],[[8.51116,47.38736],[8.51132,47.38728],[8.51118,47.38743],[8.51104,47.38736],[8.51134,47.38723],[8.51116,47.38736]],[[8.51038,47.38781],[8.51,47.38802],[8.51045,47.38776],[8.51038,47.38781]],[[8.51129,47.38826],[8.51141,47.3882],[8.51096,47.38861],[8.51087,47.38857],[8.51137,47.38816],[8.51129,47.38826]]]}},{"type":"Feature","properties":{"fliesstiefe":"0.1 - 0.25 m"},"geometry":{"type":"Polygon","coordinates":[[[8.51159,47.38601],[8.5114,47.38603],[8.51156,47.38601],[8.51159,47.38606],[8.51152,47.38609],[8.5116,47.38606],[8.51159,47.38601]]]}},{"type":"Feature","properties":{"fliesstiefe":"0.1 - 0.25 m"},"geometry":{"type":"Polygon","coordinates":[[[8.51963,47.38691],[8.5198,47.38681],[8.51909,47.38706],[8.51915,47.38715],[8.51963,47.38691]]]}},{"type":"Feature","properties":{"fliesstiefe":"0.1 - 0.25 m"},"geometry":{"type":"Polygon","coordinates":[[[8.51543,47.38308],[8.51557,47.38311],[8.51543,47.38272],[8.51554,47.38249],[8.51542,47.38269],[8.51521,47.38281],[8.5151,47.38276],[8.51497,47.3829],[8.51478,47.38298],[8.51456,47.38292],[8.51478,47.38299],[8.51499,47.38291],[8.51508,47.38279],[8.51519,47.38282],[8.51536,47.38274],[8.51548,47.38288],[8.51547,47.38302],[8.51538,47.38313],[8.5147,47.38321],[8.51398,47.38318],[8.5143,47.38298],[8.51417,47.383],[8.51394,47.38318],[8.51472,47.38321],[8.51511,47.38314],[8.51517,47.38317],[8.51514,47.38321],[8.51533,47.38313],[8.5155,47.38321],[8.51543,47.38308]]]}},{"type":"Feature","properties":{"fliesstiefe":"0.1 - 0.25 m"},"geometry":{"type":"Polygon","coordinates":[[[8.52137,47.38469],[8.5213,47.3847],[8.52142,47.38472],[8.52137,47.38469]]]}},{"type":"Feature","properties":{"fliesstiefe":"0.1 - 0.25 m"},"geometry":{"type":"Polygon","coordinates":[[[8.51844,47.38714],[8.51835,47.38714],[8.51831,47.3872],[8.51844,47.38714]]]}},{"type":"Feature","properties":{"fliesstiefe":"0.1 - 0.25 m"},"geometry":{"type":"Polygon","coordinates":[[[8.51785,47.3871],[8.51796,47.38693],[8.51776,47.38699],[8.51749,47.3867],[8.51723,47.38661],[8.51755,47.38682],[8.51766,47.38703],[8.51775,47.38702],[8.51773,47.38708],[8.51784,47.3872],[8.51785,47.3871]]]}},{"type":"Feature","properties":{"fliesstiefe":"0.1 - 0.25 m"},"geometry":{"type":"Polygon","coordinates":[[[8.51769,47.3858],[8.51786,47.38572],[8.51761,47.38553],[8.51749,47.38564],[8.51757,47.38563],[8.51744,47.38573],[8.51752,47.38571],[8.51744,47.38582],[8.51751,47.38589],[8.51769,47.3858]],[[8.51766,47.38571],[8.51773,47.38563],[8.5178,47.38569],[8.51761,47.38577],[8.51766,47.38571]]]}},{"type":"Feature","properties":{"fliesstiefe":"0.25 - 0.5 m"},"geometry":{"type":"Polygon","coordinates":[[[8.51414,47.38315],[8.51426,47.383],[8.51447,47.38298],[8.51421,47.383],[8.51415,47.3831],[8.51398,47.38318],[8.5145,47.3832],[8.5141,47.38316],[8.51414,47.38315]]]}},{"type":"Feature","properties":{"fliesstiefe":"0.25 - 0.5 m"},"geometry":{"type":"Polygon","coordinates":[[[8.51634,47.38832],[8.51607,47.38829],[8.51595,47.38816],[8.51572,47.38808],[8.51564,47.38797],[8.51584,47.38794],[8.51576,47.38787],[8.5164,47.3882],[8.51644,47.38828],[8.51636,47.38832],[8.51646,47.38826],[8.51576,47.38786],[8.51564,47.38787],[8.51574,47.3879],[8.5156,47.38796],[8.51563,47.38812],[8.51591,47.38818],[8.51607,47.38833],[8.51634,47.38832]]]}},{"type":"Feature","properties":{"fliesstiefe":"0 - 0.1 m"},"geometry":{"type":"Polygon","coordinates":[[[8.51003,47.38431],[8.51,47.38422],[8.51006,47.38417],[8.51041,47.38408],[8.51053,47.38416],[8.51062,47.38413],[8.51051,47.38411],[8.51058,47.38404],[8.51074,47.38407],[8.51062,47.38396],[8.51052,47.38405],[8.51,47.38416],[8.51,47.38433],[8.51011,47.3843],[8.51003,47.38431]]]}},{"type":"Feature","properties":{"fliesstiefe":"0 - 0.1 m"},"geometry":{"type":"Polygon","coordinates":[[[8.51932,47.38354],[8.51984,47.38326],[8.51914,47.38362],[8.51932,47.38354]]]}},{"type":"Feature","properties":{"fliesstiefe":"0.1 - 0.25 m"},"geometry":{"type":"Polygon","coordinates":[[[8.51685,47.38203],[8.51679,47.38204],[8.51689,47.38208],[8.51685,47.38203]]]}},{"type":"Feature","properties":{"fliesstiefe":"0.1 - 0.25 m"},"geometry":{"type":"Polygon","coordinates":[[[8.5112,47.38348],[8.51111,47.38354],[8.51126,47.38349],[8.5112,47.38348]]]}},{"type":"Feature","properties":{"fliesstiefe":"0.1 - 0.25 m"},"geometry":{"type":"Polygon","coordinates":[[[8.515,47.38788],[8.5149,47.3879],[8.51497,47.38799],[8.51503,47.38796],[8.515,47.38788]]]}},{"type":"Feature","properties":{"fliesstiefe":"0.1 - 0.25 m"},"geometry":{"type":"Polygon","coordinates":[[[8.51455,47.38837],[8.51476,47.38829],[8.51439,47.38842],[8.51455,47.38837]]]}},{"type":"Feature","properties":{"fliesstiefe":"0.1 - 0.25 m"},"geometry":{"type":"Polygon","coordinates":[[[8.51291,47.38202],[8.51291,47.38209],[8.51304,47.38216],[8.51303,47.38207],[8.51291,47.38202]]]}},{"type":"Feature","properties":{"fliesstiefe":"0.1 - 0.25 m"},"geometry":{"type":"Polygon","coordinates":[[[8.51328,47.38225],[8.51306,47.3822],[8.51318,47.38235],[8.51328,47.38225]]]}},{"type":"Feature","properties":{"fliesstiefe":"0.1 - 0.25 m"},"geometry":{"type":"Polygon","coordinates":[[[8.51283,47.383],[8.51314,47.38284],[8.51321,47.38288],[8.51313,47.38281],[8.51303,47.38283],[8.5126,47.38304],[8.51262,47.38315],[8.51264,47.38308],[8.51283,47.383]]]}},{"type":"Feature","properties":{"fliesstiefe":"0.1 - 0.25 m"},"geometry":{"type":"Polygon","coordinates":[[[8.5138,47.38223],[8.51387,47.38226],[8.51378,47.38222],[8.51373,47.38227],[8.5138,47.38236],[8.51375,47.38228],[8.5138,47.38223]]]}},{"type":"Feature","properties":{"fliesstiefe":"0.25 - 0.5 m"},"geometry":{"type":"Polygon","coordinates":[[[8.51331,47.38869],[8.51306,47.38877],[8.51326,47.38874],[8.51339,47.3888],[8.51331,47.38869]]]}},{"type":"Feature","properties":{"fliesstiefe":"0.25 - 0.5 m"},"geometry":{"type":"Polygon","coordinates":[[[8.51013,47.38453],[8.51024,47.38446],[8.51,47.38456],[8.51013,47.38453]]]}},{"type":"Feature","properties":{"fliesstiefe":"0.25 - 0.5 m"},"geometry":{"type":"Polygon","coordinates":[[[8.51516,47.38313],[8.51538,47.38313],[8.51545,47.38306],[8.51548,47.38288],[8.51542,47.38275],[8.51522,47.38281],[8.51534,47.38276],[8.51542,47.38287],[8.51532,47.38309],[8.5149,47.38319],[8.51516,47.38313]]]}},{"type":"Feature","properties":{"fliesstiefe":"0.25 - 0.5 m"},"geometry":{"type":"Polygon","coordinates":[[[8.51127,47.38489],[8.51132,47.38476],[8.51142,47.38475],[8.51139,47.38465],[8.51121,47.38478],[8.51122,47.38489],[8.51132,47.38486],[8.51127,47.38489]]]}},{"type":"Feature","properties":{"fliesstiefe":"0 - 0.1 m"},"geometry":{"type":"Polygon","coordinates":[[[8.51121,47.38754],[8.51134,47.38753],[8.51129,47.38748],[8.51138,47.38747],[8.51137,47.38734],[8.51116,47.38753],[8.51129,47.38759],[8.51121,47.38754]]]}},{"type":"Feature","properties":{"fliesstiefe":"0 - 0.1 m"},"geometry":{"type":"Polygon","coordinates":[[[8.51093,47.38654],[8.51075,47.38658],[8.5111,47.3865],[8.51093,47.38654]]]}},{"type":"Feature","properties":{"fliesstiefe":"0 - 0.1 m"},"geometry":{"type":"Polygon","coordinates":[[[8.51115,47.38763],[8.51123,47.38763],[8.51112,47.38759],[8.51103,47.38764],[8.5112,47.38771],[8.51123,47.38767],[8.51115,47.38763]]]}},{"type":"Feature","properties":{"fliesstiefe":"0 - 0.1 m"},"geometry":{"type":"Polygon","coordinates":[[[8.51087,47.38548],[8.51136,47.38532],[8.51145,47.38518],[8.51131,47.38526],[8.51114,47.38516],[8.51093,47.38521],[8.51087,47.38515],[8.51098,47.38501],[8.51061,47.38552],[8.51087,47.38548]],[[8.51133,47.38528],[8.51102,47.38543],[8.51075,47.38543],[8.51076,47.38532],[8.51087,47.38523],[8.5111,47.3852],[8.51133,47.38528]]]}},{"type":"Feature","properties":{"fliesstiefe":"0 - 0.1 m"},"geometry":{"type":"Polygon","coordinates":[[[8.51028,47.38348],[8.51,47.38355],[8.51004,47.38359],[8.51028,47.38348]]]}},{"type":"Feature","properties":{"fliesstiefe":"0.1 - 0.25 m"},"geometry":{"type":"Polygon","coordinates":[[[8.5109,47.382],[8.51079,47.38205],[8.51081,47.3821],[8.5109,47.382]]]}},{"type":"Feature","properties":{"fliesstiefe":"0.1 - 0.25 m"},"geometry":{"type":"Polygon","coordinates":[[[8.51154,47.38696],[8.51224,47.38667],[8.51214,47.38663],[8.51117,47.38704],[8.51128,47.38703],[8.51122,47.38708],[8.51154,47.38696]]]}},{"type":"Feature","properties":{"fliesstiefe":"0.25 - 0.5 m"},"geometry":{"type":"Polygon","coordinates":[[[8.51226,47.38261],[8.51215,47.3826],[8.51221,47.38266],[8.51226,47.38261]]]}},{"type":"Feature","properties":{"fliesstiefe":"0.25 - 0.5 m"},"geometry":{"type":"Polygon","coordinates":[[[8.51713,47.38386],[8.51721,47.38381],[8.51675,47.38395],[8.51713,47.38386]]]}},{"type":"Feature","properties":{"fliesstiefe":"0.25 - 0.5 m"},"geometry":{"type":"Polygon","coordinates":[[[8.51155,47.38368],[8.5116,47.38367],[8.51151,47.38363],[8.51156,47.38375],[8.51155,47.38368]],[[8.51153,47.38369],[8.51155,47.38374],[8.51151,47.38369],[8.51156,47.38365],[8.51153,47.38369]]]}},{"type":"Feature","properties":{"fliesstiefe":"0.25 - 0.5 m"},"geometry":{"type":"Polygon","coordinates":[[[8.51242,47.38417],[8.51235,47.38414],[8.51228,47.38421],[8.51242,47.38427],[8.51242,47.38417]]]}},{"type":"Feature","properties":{"fliesstiefe":"0.25 - 0.5 m"},"geometry":{"type":"Polygon","coordinates":[[[8.51156,47.38224],[8.51197,47.38205],[8.51018,47.38279],[8.51025,47.38281],[8.51156,47.38224]]]}},{"type":"Feature","properties":{"fliesstiefe":"0.25 - 0.5 m"},"geometry":{"type":"Polygon","coordinates":[[[8.51249,47.38792],[8.51238,47.38774],[8.51244,47.3877],[8.51237,47.38766],[8.51238,47.38789],[8.51252,47.388],[8.51249,47.38792]]]}},{"type":"Feature","properties":{"fliesstiefe":"0.1 - 0.25 m"},"geometry":{"type":"Polygon","coordinates":[[[8.51087,47.38305],[8.51073,47.38308],[8.51094,47.38302],[8.51087,47.38305]]]}},{"type":"Feature","properties":{"fliesstiefe":"0.1 - 0.25 m"},"geometry":{"type":"Polygon","coordinates":[[[8.51775,47.38236],[8.51771,47.38239],[8.51779,47.38242],[8.51782,47.38238],[8.51775,47.38236]]]}},{"type":"Feature","properties":{"fliesstiefe":"0.1 - 0.25 m"},"geometry":{"type":"Polygon","coordinates":[[[8.522,47.38252],[8.522,47.38248],[8.5219,47.38259],[8.522,47.38252]]]}},{"type":"Feature","properties":{"fliesstiefe":"0.1 - 0.25 m"},"geometry":{"type":"Polygon","coordinates":[[[8.52,47.3824],[8.52,47.38235],[8.51972,47.38252],[8.51969,47.38263],[8.52,47.3824]]]}},{"type":"Feature","properties":{"fliesstiefe":"0.1 - 0.25 m"},"geometry":{"type":"Polygon","coordinates":[[[8.51121,47.38946],[8.51117,47.3893],[8.51129,47.38928],[8.51116,47.38929],[8.51115,47.38946],[8.5112,47.38947],[8.51114,47.38964],[8.51098,47.38962],[8.51097,47.38953],[8.51077,47.38955],[8.51063,47.38939],[8.51045,47.38939],[8.51059,47.38918],[8.5107,47.38919],[8.51074,47.38927],[8.51082,47.38922],[8.51068,47.38916],[8.51054,47.38918],[8.51038,47.38938],[8.5105,47.38945],[8.51063,47.38943],[8.51074,47.3896],[8.51091,47.38963],[8.51096,47.38954],[8.51091,47.38965],[8.51099,47.38969],[8.51115,47.38966],[8.51121,47.38946]]]}}]}